{
  "FileInfo": {
    "filename": "K4-00259-CL30463-CP32318-09-02-S4.json",
    "sessionLevel": "4"
  },
  "participantsInfo": {
    "numberOfParticipants": "2",
    "speaker1": {
      "participantID": "0097",
      "gender": "남성",
      "age": "20대",
      "occupation": "생산/노무직",
      "bPlace": "서울/경기/인천",
      "gPlace": "서울/경기/인천",
      "rPlace": "서울/경기/인천",
      "educationLevel": "대졸"
    },
    "speaker2": {
      "participantID": "0044",
      "gender": "여성",
      "age": "30대",
      "occupation": "교직",
      "bPlace": "서울/경기/인천",
      "gPlace": "서울/경기/인천",
      "rPlace": "서울/경기/인천",
      "educationLevel": "대졸"
    }
  },
  "multisessionInfo": {
    "multisessionID": "4-00259"
  },
  "personaInfo": {
    "clInfo": {
      "personaID": "30463",
      "personaFeatures": [
        "나는 남자이다.",
        "나는 30대이다.",
        "나는 가구 디자이너이다",
        "나는 자주 환멸을 느낀다",
        "나는 사과를 즐겨 먹는다"
      ],
      "speakerType": "speaker1"
    },
    "cpInfo": {
      "personaID": "32318",
      "personaFeatures": [
        "나는 여자이다.",
        "나는 30대이다.",
        "나는 부동산 정책에 관심이 많다",
        "나는 종교 여행을 가끔 간다",
        "나는 짜장면을 즐겨 먹는다"
      ],
      "speakerType": "speaker2"
    }
  },
  "topicInfo": {
    "topicID": "09-02",
    "topicType": "개인 및 관계>반려동물",
    "topicTitle": "고양이"
  },
  "sessionInfo": [
    {
      "prevSessionID": null,
      "prevTimeInfo": {
        "timeNum": null,
        "timeUnit": null
      },
      "nthSession": "1",
      "numberOfUtterances": "17",
      "numberOfTurns": "8",
      "sessionID": "4-00259-1",
      "dialog": [
        {
          "speaker": "speaker1",
          "personaID": "30463",
          "participantID": "0097",
          "utterance": "반가워요! 저는 30대 남자입니다",
          "summary": "나는 30대 남자이다.",
          "date": "2022-11-03",
          "time": "14:33:59",
          "terminate": "false"
        },
        {
          "speaker": "speaker2",
          "personaID": "32318",
          "participantID": "0044",
          "utterance": "너무 반갑습니다! ㅎㅎ 저는 30대 여성입니다~",
          "summary": "나는 30대 여성이다.",
          "date": "2022-11-03",
          "time": "14:34:19",
          "terminate": "false"
        },
        {
          "speaker": "speaker1",
          "personaID": "30463",
          "participantID": "0097",
          "utterance": "안녕하세요 ㅎㅎ 저는 가구 디자이너인데, 혹시 일을 하시나요?",
          "summary": "나는 가구 디자이너이다.",
          "date": "2022-11-03",
          "time": "14:34:46",
          "terminate": "false"
        },
        {
          "speaker": "speaker2",
          "personaID": "32318",
          "participantID": "0044",
          "utterance": "네 저도 일하고 있습니다~ 제가 부동산 정책에 관심이 많아서, 부동산에서 일하고 있어요! ㅎㅎ",
          "summary": "나는 부동산 정책에 관심이 많아서 일하고 있었다.",
          "date": "2022-11-03",
          "time": "14:35:03",
          "terminate": "false"
        },
        {
          "speaker": "speaker1",
          "personaID": "30463",
          "participantID": "0097",
          "utterance": "정말요? 그러면 돈이 좀 많으신 편일것 같아요! ㅎㅎ 저는 돈 많은 사람을 보면 자주 환멸이 느껴집니다 ㅠㅠ",
          "summary": "나는 돈 많은 사람을 보면 자주 환멸을 느낀다.",
          "date": "2022-11-03",
          "time": "14:35:32",
          "terminate": "false"
        },
        {
          "speaker": "speaker2",
          "personaID": "32318",
          "participantID": "0044",
          "utterance": "음 저도 월급 받는 입장이라서 그렇게 많이 벌지는 못해요. ㅎㅎ 월급이 좀 작은 편이세요??",
          "summary": "나는 월급 받는 입장이다.",
          "date": "2022-11-03",
          "time": "14:35:57",
          "terminate": "false"
        },
        {
          "speaker": "speaker1",
          "personaID": "30463",
          "participantID": "0097",
          "utterance": "월급은 그럭저럭이지만, 돈을 어떻게 버는지 잘 모르겠어요.. 팁이 있으띾요?",
          "summary": "",
          "date": "2022-11-03",
          "time": "14:36:28",
          "terminate": "false"
        },
        {
          "speaker": "speaker2",
          "personaID": "32318",
          "participantID": "0044",
          "utterance": "음.. 아무래도 부수입을 늘리려면 투자나 투잡을 뛰어야겠죠..? ㅎㅎ",
          "summary": "",
          "date": "2022-11-03",
          "time": "14:36:50",
          "terminate": "false"
        },
        {
          "speaker": "speaker1",
          "personaID": "30463",
          "participantID": "0097",
          "utterance": "그것도 좋은 생각이네요! 저는 슬슬 사과를 먹으려고 합니다! 원래 즐겨 먹는데, 사과 좋아하시나요?",
          "summary": "나는 사과를 즐겨 먹는다.",
          "date": "2022-11-03",
          "time": "14:37:32",
          "terminate": "false"
        },
        {
          "speaker": "speaker2",
          "personaID": "32318",
          "participantID": "0044",
          "utterance": "아 그러세요?? 사과 좋죠! ㅎㅎ 그럼 혹시 음식은 어떤 음식 좋아하세요??",
          "summary": "",
          "date": "2022-11-03",
          "time": "14:37:48",
          "terminate": "false"
        },
        {
          "speaker": "speaker1",
          "personaID": "30463",
          "participantID": "0097",
          "utterance": "저는 떡볶이 좋아합니다. 혹시 좋아하시나요?",
          "summary": "나는 떡볶이를 좋아한다.",
          "date": "2022-11-03",
          "time": "14:38:04",
          "terminate": "false"
        },
        {
          "speaker": "speaker2",
          "personaID": "32318",
          "participantID": "0044",
          "utterance": "네 떡볶이 저도 좋아해요. 근데 저는 짜장면을 즐겨 먹긴 합니다~ ㅎㅎ",
          "summary": "나는 떡볶이 좋아한다. 나는 짜장면을 즐겨 먹는다.",
          "date": "2022-11-03",
          "time": "14:38:18",
          "terminate": "false"
        },
        {
          "speaker": "speaker1",
          "personaID": "30463",
          "participantID": "0097",
          "utterance": "정말요? 그러면 어떤 짜장면을 좋아하시나요?",
          "summary": "",
          "date": "2022-11-03",
          "time": "14:38:29",
          "terminate": "false"
        },
        {
          "speaker": "speaker2",
          "personaID": "32318",
          "participantID": "0044",
          "utterance": "저는 간짜장을 좋아해요 ㅎㅎㅎ 제가 종교 여행을 가끔 가는데요. 마지막으로 다녀온 여행에서 먹었던 간짜장이 그렇게 맛있더라구요! ㅎㅎ",
          "summary": "나는 간짜장을 좋아한다. 나는 종교 여행을 가끔 간다.",
          "date": "2022-11-03",
          "time": "14:38:53",
          "terminate": "false"
        },
        {
          "speaker": "speaker1",
          "personaID": "30463",
          "participantID": "0097",
          "utterance": "종교 여행을 가끔 가는군요 ㅎㅎ 여행 좋죠!",
          "summary": "",
          "date": "2022-11-03",
          "time": "14:39:24",
          "terminate": "false"
        },
        {
          "speaker": "speaker2",
          "personaID": "32318",
          "participantID": "0044",
          "utterance": "ㅎㅎ 그러니까요~ 아 더 대화 나누면 좋을텐데 고객이 오셔서요.. ㅠㅎㅎ",
          "summary": "",
          "date": "2022-11-03",
          "time": "14:39:38",
          "terminate": "false"
        },
        {
          "speaker": "speaker1",
          "personaID": "30463",
          "participantID": "0097",
          "utterance": "그렇군요.. 그러면 다음에 다시 연락해요!",
          "summary": "",
          "date": "2022-11-03",
          "time": "14:40:08",
          "terminate": "true"
        }
      ],
      "sessionPersonaSummary": {
        "speaker1": [
          "나는 30대 남자이다.",
          "나는 가구 디자이너이다.",
          "나는 돈 많은 사람을 보면 자주 환멸을 느낀다.",
          "나는 사과를 즐겨 먹는다.",
          "나는 떡볶이를 좋아한다."
        ],
        "speaker2": [
          "나는 30대 여성이다.",
          "나는 부동산 정책에 관심이 많아서 일하고 있었다.",
          "나는 월급 받는 입장이다.",
          "나는 떡볶이 좋아한다. 나는 짜장면을 즐겨 먹는다.",
          "나는 간짜장을 좋아한다. 나는 종교 여행을 가끔 간다."
        ]
      },
      "prevAggregatedpersonaSummary": {
        "speaker1": [],
        "speaker2": []
      }
    },
    {
      "prevSessionID": "4-00259-1",
      "prevTimeInfo": {
        "timeNum": "2",
        "timeUnit": "일"
      },
      "nthSession": "2",
      "numberOfUtterances": "17",
      "numberOfTurns": "8",
      "sessionID": "4-00259-2",
      "dialog": [
        {
          "speaker": "speaker1",
          "personaID": "30463",
          "participantID": "0097",
          "utterance": "오래간만이네요~ 2일만인가요?",
          "summary": "",
          "date": "2022-11-03",
          "time": "14:40:54",
          "terminate": "false"
        },
        {
          "speaker": "speaker2",
          "personaID": "32318",
          "participantID": "0044",
          "utterance": "오 안녕하세요~ 가구 디자이너님! 네 맞네요~ ㅎ",
          "summary": "",
          "date": "2022-11-03",
          "time": "14:41:03",
          "terminate": "false"
        },
        {
          "speaker": "speaker1",
          "personaID": "30463",
          "participantID": "0097",
          "utterance": "맞습니다 ㅎㅎ 지금은 무엇을 하시나요?",
          "summary": "",
          "date": "2022-11-03",
          "time": "14:41:54",
          "terminate": "false"
        },
        {
          "speaker": "speaker2",
          "personaID": "32318",
          "participantID": "0044",
          "utterance": "저는 지금 부동산 정책 보고 있었어요~ ㅎㅎ 님은요??",
          "summary": "나는 부동산 정책 보고 있었다.",
          "date": "2022-11-03",
          "time": "14:42:05",
          "terminate": "false"
        },
        {
          "speaker": "speaker1",
          "personaID": "30463",
          "participantID": "0097",
          "utterance": "저는 고양이 보고 있었습니다! 제가 관심이 많아서요! 혹시 관심이 있나요?",
          "summary": "나는 고양이에 관심이 많다.",
          "date": "2022-11-03",
          "time": "14:42:27",
          "terminate": "false"
        },
        {
          "speaker": "speaker2",
          "personaID": "32318",
          "participantID": "0044",
          "utterance": "고양이요?? 그렇군요~ ㅎㅎ 관심이 없지는 않아요! 혹시 키우시나요?/",
          "summary": "나는 고양이에 관심이 없지는 않다.",
          "date": "2022-11-03",
          "time": "14:42:42",
          "terminate": "false"
        },
        {
          "speaker": "speaker1",
          "personaID": "30463",
          "participantID": "0097",
          "utterance": "키우는 건 아니고 유튜브로 보고 있었어요! 혹시 동물을 키우시나요?",
          "summary": "나는 고양이 유튜브를 보고 있었다.",
          "date": "2022-11-03",
          "time": "14:43:07",
          "terminate": "false"
        },
        {
          "speaker": "speaker2",
          "personaID": "32318",
          "participantID": "0044",
          "utterance": "아 그렇군요! ㅎㅎ 아 저도 따로 키우지는 않아요~ ㅎㅎ 아무래도 신경쓸게 많더라구요 ㅠ",
          "summary": "나는 동물을 따로 키우진 않는다.",
          "date": "2022-11-03",
          "time": "14:43:21",
          "terminate": "false"
        },
        {
          "speaker": "speaker1",
          "personaID": "30463",
          "participantID": "0097",
          "utterance": "그렇군요.. 신경쓸 거라고 하면 밥 주는 것이나 건강 관리 같은 케어 시스템을 이야기하는건가요?",
          "summary": "",
          "date": "2022-11-03",
          "time": "14:43:56",
          "terminate": "false"
        },
        {
          "speaker": "speaker2",
          "personaID": "32318",
          "participantID": "0044",
          "utterance": "네 그렇죠~ 그리고 돈도 꽤나 많이 들더라구요 ㅠㅠ",
          "summary": "",
          "date": "2022-11-03",
          "time": "14:44:11",
          "terminate": "false"
        },
        {
          "speaker": "speaker1",
          "personaID": "30463",
          "participantID": "0097",
          "utterance": "돈이 많이 들어가죠 ㅠㅠ 확실히 동물이 아니라 가족이라고 보면 그래도 돈이 아깝지 않을 것 같아요!",
          "summary": "",
          "date": "2022-11-03",
          "time": "14:44:26",
          "terminate": "false"
        },
        {
          "speaker": "speaker2",
          "personaID": "32318",
          "participantID": "0044",
          "utterance": "그렇긴 하네요~ ㅎㅎ 그럼 키우실 생각도 있으세요??",
          "summary": "",
          "date": "2022-11-03",
          "time": "14:44:56",
          "terminate": "false"
        },
        {
          "speaker": "speaker1",
          "personaID": "30463",
          "participantID": "0097",
          "utterance": "키울 생각이 있죠 ㅎㅎ 그래서 알아보는겁니다!",
          "summary": "나는 고양이를 키울 생각이 있다.",
          "date": "2022-11-03",
          "time": "14:45:05",
          "terminate": "false"
        },
        {
          "speaker": "speaker2",
          "personaID": "32318",
          "participantID": "0044",
          "utterance": "아하! 그러시군요~ ㅎㅎ 그럼 열심히 부수입도 만드셔야겠어요! ㅎㅎ",
          "summary": "나는 부수입을 만들어야 할 것 같다고 생각한다.",
          "date": "2022-11-03",
          "time": "14:45:28",
          "terminate": "false"
        },
        {
          "speaker": "speaker1",
          "personaID": "30463",
          "participantID": "0097",
          "utterance": "그래야죠 ㅎㅎ 부수입도 생각을 하고 있습니다!",
          "summary": "나는 부수입을 만들 생각을 하고 있다.",
          "date": "2022-11-03",
          "time": "14:45:49",
          "terminate": "false"
        },
        {
          "speaker": "speaker2",
          "personaID": "32318",
          "participantID": "0044",
          "utterance": "ㅎㅎ 좋네요~ 앗 저는 이제 가봐야겠네요. 다음에 대화해도 될까요~?",
          "summary": "나는 가야 한다.",
          "date": "2022-11-03",
          "time": "14:46:00",
          "terminate": "false"
        },
        {
          "speaker": "speaker1",
          "personaID": "30463",
          "participantID": "0097",
          "utterance": "알겠습니다! 다음에 다시 연락해요~ ",
          "summary": "",
          "date": "2022-11-03",
          "time": "14:46:06",
          "terminate": "true"
        }
      ],
      "sessionPersonaSummary": {
        "speaker1": [
          "나는 고양이에 관심이 많다.",
          "나는 고양이 유튜브를 보고 있었다.",
          "나는 고양이를 키울 생각이 있다.",
          "나는 부수입을 만들 생각을 하고 있다."
        ],
        "speaker2": [
          "나는 부동산 정책 보고 있었다.",
          "나는 고양이에 관심이 없지는 않다.",
          "나는 동물을 따로 키우진 않는다.",
          "나는 부수입을 만들어야 할 것 같다고 생각한다.",
          "나는 가야 한다."
        ]
      },
      "prevAggregatedpersonaSummary": {
        "speaker1": [
          "나는 30대 남자이다.",
          "나는 가구 디자이너이다.",
          "나는 돈 많은 사람을 보면 자주 환멸을 느낀다.",
          "나는 사과를 즐겨 먹는다.",
          "나는 떡볶이를 좋아한다."
        ],
        "speaker2": [
          "나는 30대 여성이다.",
          "나는 부동산 정책에 관심이 많아서 일하고 있었다.",
          "나는 월급 받는 입장이다.",
          "나는 떡볶이 좋아한다. 나는 짜장면을 즐겨 먹는다.",
          "나는 간짜장을 좋아한다. 나는 종교 여행을 가끔 간다."
        ]
      }
    },
    {
      "prevSessionID": "4-00259-2",
      "prevTimeInfo": {
        "timeNum": "7",
        "timeUnit": "일"
      },
      "nthSession": "3",
      "numberOfUtterances": "15",
      "numberOfTurns": "7",
      "sessionID": "4-00259-3",
      "dialog": [
        {
          "speaker": "speaker1",
          "personaID": "30463",
          "participantID": "0097",
          "utterance": "7일만입니다 ㅎㅎ 오늘은 무엇을 하시나요?",
          "summary": "",
          "date": "2022-11-03",
          "time": "14:47:33",
          "terminate": "false"
        },
        {
          "speaker": "speaker2",
          "personaID": "32318",
          "participantID": "0044",
          "utterance": "일주일만에 연락주시네요~ ㅎㅎ 저는 종교 여행을 좀 알아보고 있었어요~ ㅎㅎ",
          "summary": "나는 종교 여행을 알아보고 있었다.",
          "date": "2022-11-03",
          "time": "14:49:02",
          "terminate": "false"
        },
        {
          "speaker": "speaker1",
          "personaID": "30463",
          "participantID": "0097",
          "utterance": "종교 여행을 알아보고 있었군요! 어디로 가시게요?",
          "summary": "",
          "date": "2022-11-03",
          "time": "14:49:09",
          "terminate": "false"
        },
        {
          "speaker": "speaker2",
          "personaID": "32318",
          "participantID": "0044",
          "utterance": "아무래도 간단하게 국내가 나을까 싶어요~ ㅎㅎ 충청도쪽에 이쁜 성당이 있다고 해서 가보려구요!",
          "summary": "나는 국내가 좋을 것 같다. 나는 충청도에 이쁜 성당을 갈 것이다.",
          "date": "2022-11-03",
          "time": "14:49:42",
          "terminate": "false"
        },
        {
          "speaker": "speaker1",
          "personaID": "30463",
          "participantID": "0097",
          "utterance": "그렇군요 ㅎㅎ 저도 한 번 가보고 싶다는 생각이 드는걸요?",
          "summary": "나는 종교 여행을 한 번 가보고 싶다는 생각이 든다.",
          "date": "2022-11-03",
          "time": "14:50:09",
          "terminate": "false"
        },
        {
          "speaker": "speaker2",
          "personaID": "32318",
          "participantID": "0044",
          "utterance": "ㅎㅎ 다음에 그럼 제가 다녀와서 후기 말씀드릴게요~ ㅎㅎ",
          "summary": "",
          "date": "2022-11-03",
          "time": "14:50:31",
          "terminate": "false"
        },
        {
          "speaker": "speaker1",
          "personaID": "30463",
          "participantID": "0097",
          "utterance": "좋죠 ㅎㅎ 저는 이제 슬슬 사과를 먹으려고 합니다! ㅎㅎ",
          "summary": "나는 슬슬 사과를 먹으려 한다.",
          "date": "2022-11-03",
          "time": "14:50:52",
          "terminate": "false"
        },
        {
          "speaker": "speaker2",
          "personaID": "32318",
          "participantID": "0044",
          "utterance": "아 사과 즐겨드신다고 했죠? ㅎㅎ 그럼 사과는 매일 드세요??",
          "summary": "",
          "date": "2022-11-03",
          "time": "14:51:29",
          "terminate": "false"
        },
        {
          "speaker": "speaker1",
          "personaID": "30463",
          "participantID": "0097",
          "utterance": "저는 매일 먹는 편입니다 ㅎㅎ 저처럼 매일 먹는 과일이나 음식이 있으신가요?",
          "summary": "나는 사과를 매일 먹는 편이다.",
          "date": "2022-11-03",
          "time": "14:51:53",
          "terminate": "false"
        },
        {
          "speaker": "speaker2",
          "personaID": "32318",
          "participantID": "0044",
          "utterance": "와 그러시구나! ㅎㅎ 저는 아무래도 짜장면을 자주 먹긴 하네요 ㅎㅎ",
          "summary": "나는 짜장면을 자주 먹는다.",
          "date": "2022-11-03",
          "time": "14:52:22",
          "terminate": "false"
        },
        {
          "speaker": "speaker1",
          "personaID": "30463",
          "participantID": "0097",
          "utterance": "짜장면을 자주 먹는군요 ㅎㅎ 그러면 다른 좋아하는 음식도 있나요?",
          "summary": "",
          "date": "2022-11-03",
          "time": "14:52:38",
          "terminate": "false"
        },
        {
          "speaker": "speaker2",
          "personaID": "32318",
          "participantID": "0044",
          "utterance": "음 곁들여 먹는 탕수육도 좋아해요~ ㅎㅎ",
          "summary": "나는 곁들여 먹는 탕수육이 좋다.",
          "date": "2022-11-03",
          "time": "14:53:17",
          "terminate": "false"
        },
        {
          "speaker": "speaker1",
          "personaID": "30463",
          "participantID": "0097",
          "utterance": "탕수육 맛있죠 ㅎㅎ 혹시 찹쌀탕수육 드셔봤나요? 저는 그게 좋더라고요!",
          "summary": "나는 찹쌀 탕수육을 좋아한다.",
          "date": "2022-11-03",
          "time": "14:53:31",
          "terminate": "false"
        },
        {
          "speaker": "speaker2",
          "personaID": "32318",
          "participantID": "0044",
          "utterance": "아 저도 완전 좋아합니다! ㅎㅎㅎ 앗 저 근데 이만 가봐야겠어요.. ㅠ 다음에 대화 가능하실까요?",
          "summary": "",
          "date": "2022-11-03",
          "time": "14:54:15",
          "terminate": "false"
        },
        {
          "speaker": "speaker1",
          "personaID": "30463",
          "participantID": "0097",
          "utterance": "알겠습니다 ㅎㅎ 그러면 나중에 다시 연락해요!  ",
          "summary": "",
          "date": "2022-11-03",
          "time": "14:54:24",
          "terminate": "true"
        }
      ],
      "sessionPersonaSummary": {
        "speaker1": [
          "나는 종교 여행을 한 번 가보고 싶다는 생각이 든다.",
          "나는 슬슬 사과를 먹으려 한다.",
          "나는 사과를 매일 먹는 편이다.",
          "나는 찹쌀 탕수육을 좋아한다."
        ],
        "speaker2": [
          "나는 종교 여행을 알아보고 있었다.",
          "나는 국내가 좋을 것 같다. 나는 충청도에 이쁜 성당을 갈 것이다.",
          "나는 짜장면을 자주 먹는다.",
          "나는 곁들여 먹는 탕수육이 좋다."
        ]
      },
      "prevAggregatedpersonaSummary": {
        "speaker1": [
          "나는 30대 남자이다.",
          "나는 가구 디자이너이다.",
          "나는 돈 많은 사람을 보면 자주 환멸을 느낀다.",
          "나는 사과를 즐겨 먹는다.",
          "나는 떡볶이를 좋아한다.",
          "나는 고양이에 관심이 많다.",
          "나는 고양이 유튜브를 보고 있었다.",
          "나는 고양이를 키울 생각이 있다.",
          "나는 부수입을 만들 생각을 하고 있다."
        ],
        "speaker2": [
          "나는 30대 여성이다.",
          "나는 부동산 정책에 관심이 많아서 일하고 있었다.",
          "나는 월급 받는 입장이다.",
          "나는 떡볶이 좋아한다. 나는 짜장면을 즐겨 먹는다.",
          "나는 간짜장을 좋아한다. 나는 종교 여행을 가끔 간다.",
          "나는 부동산 정책 보고 있었다.",
          "나는 고양이에 관심이 없지는 않다.",
          "나는 동물을 따로 키우진 않는다.",
          "나는 부수입을 만들어야 할 것 같다고 생각한다.",
          "나는 가야 한다."
        ]
      }
    },
    {
      "prevSessionID": "4-00259-3",
      "prevTimeInfo": {
        "timeNum": "1",
        "timeUnit": "시간"
      },
      "nthSession": "4",
      "numberOfUtterances": "15",
      "numberOfTurns": "7",
      "sessionID": "4-00259-4",
      "dialog": [
        {
          "speaker": "speaker1",
          "personaID": "30463",
          "participantID": "0097",
          "utterance": "1시간만에 연락드리네요 ㅎㅎ 식사는 하셨나요?",
          "summary": "",
          "date": "2022-11-03",
          "time": "14:55:31",
          "terminate": "false"
        },
        {
          "speaker": "speaker2",
          "personaID": "32318",
          "participantID": "0044",
          "utterance": "아 ㅎㅎ 빨리 연락주셨네요! ㅎㅎ 네 짜장면에 탕수육 먹고 왔어요~ 디자이너님도 식사 하셨나요??ㅎㅎ",
          "summary": "나는 짜장면에 탕수육 먹고 왔다.",
          "date": "2022-11-03",
          "time": "14:56:18",
          "terminate": "false"
        },
        {
          "speaker": "speaker1",
          "personaID": "30463",
          "participantID": "0097",
          "utterance": "저는 식사 하고 왔습니다 ㅎㅎ 오늘은 마라탕 먹었는데, 혹시 좋아하시나요?",
          "summary": "나는 오늘 마라탕을 먹었다.",
          "date": "2022-11-03",
          "time": "14:56:44",
          "terminate": "false"
        },
        {
          "speaker": "speaker2",
          "personaID": "32318",
          "participantID": "0044",
          "utterance": "네 저는 마라탕에 마라샹궈도 좋아해요~ ㅎㅎ 맛있게 드시고 오셨어요~??ㅎㅎ",
          "summary": "나는 마라탕에 마라샹궈도 좋아한다.",
          "date": "2022-11-03",
          "time": "14:57:06",
          "terminate": "false"
        },
        {
          "speaker": "speaker1",
          "personaID": "30463",
          "participantID": "0097",
          "utterance": "맛있었습니다! 그런데 마라샹궈는 안 먹어봤는데, 어떤 맛인가요?",
          "summary": "나는 마라샹궈는 안 먹어봤다.",
          "date": "2022-11-03",
          "time": "14:57:17",
          "terminate": "false"
        },
        {
          "speaker": "speaker2",
          "personaID": "32318",
          "participantID": "0044",
          "utterance": "그것도 마라탕이랑 비슷한데요~ 볶음 버전이라고 생각하시면 돼요! ㅎㅎ",
          "summary": "",
          "date": "2022-11-03",
          "time": "14:57:32",
          "terminate": "false"
        },
        {
          "speaker": "speaker1",
          "personaID": "30463",
          "participantID": "0097",
          "utterance": "그렇군요! 나중에 저도 한 번 먹어보고 싶네요! 맵지는 않나요?",
          "summary": "",
          "date": "2022-11-03",
          "time": "14:57:44",
          "terminate": "false"
        },
        {
          "speaker": "speaker2",
          "personaID": "32318",
          "participantID": "0044",
          "utterance": "맵기도 마라탕처럼 조절할 수 있어서~ 본인 취향에 맞게 조절하면 돼요! ㅎㅎ",
          "summary": "나는 마라탕처럼 맵기가 조절 가능해서 본인 취향에 맞게 조절하면 된다고 생각한다.",
          "date": "2022-11-03",
          "time": "14:58:05",
          "terminate": "false"
        },
        {
          "speaker": "speaker1",
          "personaID": "30463",
          "participantID": "0097",
          "utterance": "그러면 좀 덜 맵게 해야겠네요! 저는 매운 걸 잘 못 먹어서요.. 혹시 잘 드시나요?",
          "summary": "나는 매운 걸 잘 못 먹는다.",
          "date": "2022-11-03",
          "time": "14:58:21",
          "terminate": "false"
        },
        {
          "speaker": "speaker2",
          "personaID": "32318",
          "participantID": "0044",
          "utterance": "아 그러시군요~ 사실 저도 너무 매운 건 잘 못 먹습니다. ㅠㅎㅎ",
          "summary": "나는 사실 너무 매운 건 잘 못 먹는다.",
          "date": "2022-11-03",
          "time": "14:58:53",
          "terminate": "false"
        },
        {
          "speaker": "speaker1",
          "personaID": "30463",
          "participantID": "0097",
          "utterance": "그렇군요.. 저만 맵찔이인줄 알았는데, 그런건 아니라서 다행입니다 ㅋㅋ",
          "summary": "",
          "date": "2022-11-03",
          "time": "14:59:13",
          "terminate": "false"
        },
        {
          "speaker": "speaker2",
          "personaID": "32318",
          "participantID": "0044",
          "utterance": "ㅎㅎㅎ 저도 꽤나 맵찔이랍니다! ㅎㅎㅎ 그럼 이제 식사하셨는데 뭐 하시나요~??",
          "summary": "나는 꽤나 맵 찔이다.",
          "date": "2022-11-03",
          "time": "14:59:29",
          "terminate": "false"
        },
        {
          "speaker": "speaker1",
          "personaID": "30463",
          "participantID": "0097",
          "utterance": "저는 배부르니 밖에서 슬슬 산책을 하려고요 ㅎㅎ",
          "summary": "나는 밖에서 산책을 하려 한다.",
          "date": "2022-11-03",
          "time": "14:59:39",
          "terminate": "false"
        },
        {
          "speaker": "speaker2",
          "personaID": "32318",
          "participantID": "0044",
          "utterance": "좋네요~ ㅎㅎ 저도 그럼 부동산 정책 좀 업데이트 된거 있나 알아보러 가봐야겠어요~ ㅎㅎ",
          "summary": "나는 부동산 정책 업데이트된 거 있나 알아보러 가려고 한다.",
          "date": "2022-11-03",
          "time": "15:00:07",
          "terminate": "false"
        },
        {
          "speaker": "speaker1",
          "personaID": "30463",
          "participantID": "0097",
          "utterance": "알겠습니다 ㅎㅎ 그러면 다음에 연락드릴게요! ",
          "summary": "",
          "date": "2022-11-03",
          "time": "15:00:13",
          "terminate": "true"
        }
      ],
      "sessionPersonaSummary": {
        "speaker1": [
          "나는 오늘 마라탕을 먹었다.",
          "나는 마라샹궈는 안 먹어봤다.",
          "나는 매운 걸 잘 못 먹는다.",
          "나는 밖에서 산책을 하려 한다."
        ],
        "speaker2": [
          "나는 짜장면에 탕수육 먹고 왔다.",
          "나는 마라탕에 마라샹궈도 좋아한다.",
          "나는 마라탕처럼 맵기가 조절 가능해서 본인 취향에 맞게 조절하면 된다고 생각한다.",
          "나는 사실 너무 매운 건 잘 못 먹는다.",
          "나는 꽤나 맵 찔이다.",
          "나는 부동산 정책 업데이트된 거 있나 알아보러 가려고 한다."
        ]
      },
      "prevAggregatedpersonaSummary": {
        "speaker1": [
          "나는 30대 남자이다.",
          "나는 가구 디자이너이다.",
          "나는 돈 많은 사람을 보면 자주 환멸을 느낀다.",
          "나는 사과를 즐겨 먹는다.",
          "나는 떡볶이를 좋아한다.",
          "나는 고양이에 관심이 많다.",
          "나는 고양이 유튜브를 보고 있었다.",
          "나는 고양이를 키울 생각이 있다.",
          "나는 부수입을 만들 생각을 하고 있다.",
          "나는 종교 여행을 한 번 가보고 싶다는 생각이 든다.",
          "나는 슬슬 사과를 먹으려 한다.",
          "나는 사과를 매일 먹는 편이다.",
          "나는 찹쌀 탕수육을 좋아한다."
        ],
        "speaker2": [
          "나는 30대 여성이다.",
          "나는 부동산 정책에 관심이 많아서 일하고 있었다.",
          "나는 월급 받는 입장이다.",
          "나는 떡볶이 좋아한다. 나는 짜장면을 즐겨 먹는다.",
          "나는 간짜장을 좋아한다. 나는 종교 여행을 가끔 간다.",
          "나는 부동산 정책 보고 있었다.",
          "나는 고양이에 관심이 없지는 않다.",
          "나는 동물을 따로 키우진 않는다.",
          "나는 부수입을 만들어야 할 것 같다고 생각한다.",
          "나는 가야 한다.",
          "나는 종교 여행을 알아보고 있었다.",
          "나는 국내가 좋을 것 같다. 나는 충청도에 이쁜 성당을 갈 것이다.",
          "나는 짜장면을 자주 먹는다.",
          "나는 곁들여 먹는 탕수육이 좋다."
        ]
      }
    }
  ]
}