{
  "FileInfo": {
    "filename": "K4-00101-CL25693-CP34396-08-07-S4.json",
    "sessionLevel": "4"
  },
  "participantsInfo": {
    "numberOfParticipants": "2",
    "speaker1": {
      "participantID": "4330",
      "gender": "여성",
      "age": "30대",
      "occupation": "무직",
      "bPlace": "광주/전라/제주",
      "gPlace": "광주/전라/제주",
      "rPlace": "광주/전라/제주",
      "educationLevel": "대졸"
    },
    "speaker2": {
      "participantID": "4287",
      "gender": "여성",
      "age": "30대",
      "occupation": "전문직",
      "bPlace": "서울/경기/인천",
      "gPlace": "서울/경기/인천",
      "rPlace": "서울/경기/인천",
      "educationLevel": "대졸"
    }
  },
  "multisessionInfo": {
    "multisessionID": "4-00101"
  },
  "personaInfo": {
    "clInfo": {
      "personaID": "25693",
      "personaFeatures": [
        "나는 여자이다.",
        "나는 20대이다.",
        "나는 빨간색을 좋아한다",
        "나는 인류학과 전공이다",
        "나는 트럼펫 연주를 배우고 싶다",
        "나는 한식을 안 먹는다",
        "나는 저녁에 친구를 만난다"
      ],
      "speakerType": "speaker1"
    },
    "cpInfo": {
      "personaID": "34396",
      "personaFeatures": [
        "나는 여자이다.",
        "나는 30대이다.",
        "나는 중국어에 관심 있지만 배울 시간이 없다",
        "나는 학원 수학 강사이다",
        "나는 혈액형이 B형이다"
      ],
      "speakerType": "speaker2"
    }
  },
  "topicInfo": {
    "topicID": "08-07",
    "topicType": "개인 및 관계>연애/결혼",
    "topicTitle": "소개팅/미팅"
  },
  "sessionInfo": [
    {
      "prevSessionID": null,
      "prevTimeInfo": {
        "timeNum": null,
        "timeUnit": null
      },
      "nthSession": "1",
      "numberOfUtterances": "14",
      "numberOfTurns": "7",
      "sessionID": "4-00101-1",
      "dialog": [
        {
          "speaker": "speaker1",
          "personaID": "25693",
          "participantID": "4330",
          "utterance": "안녕하세요. 저는 30대 여성입니다.",
          "summary": "나는 30대 여성이다.",
          "date": "2022-11-07",
          "time": "13:44:35",
          "terminate": "false"
        },
        {
          "speaker": "speaker2",
          "personaID": "34396",
          "participantID": "4287",
          "utterance": "반가워요 30대 여성이에요 혈액형은 어떻게 되세요",
          "summary": "나는 30대 여성이다.",
          "date": "2022-11-07",
          "time": "13:48:03",
          "terminate": "false"
        },
        {
          "speaker": "speaker1",
          "personaID": "25693",
          "participantID": "4330",
          "utterance": "반갑습니다~ 저는 AB형이에요. 혈액형에 관심이 많으신가요? 저는 인류학과 전공입니다. 인류에 관심 있으십니까?",
          "summary": "나는 AB형이다. 나는 인류학 전공이다.",
          "date": "2022-11-07",
          "time": "14:12:02",
          "terminate": "false"
        },
        {
          "speaker": "speaker2",
          "personaID": "34396",
          "participantID": "4287",
          "utterance": "저는 b형이에요 인류학은 어떤 걸 배우는 지 궁금해요 저는 학원 수학강사에요",
          "summary": "나는 혈액형이 B형이다. 나는 학원 수학강사이다.",
          "date": "2022-11-07",
          "time": "14:20:42",
          "terminate": "false"
        },
        {
          "speaker": "speaker1",
          "personaID": "25693",
          "participantID": "4330",
          "utterance": "우리는 어디서 오는가? 우리는 누구인가? 어디로 가는가? 인간에 대한 모든것을 연구 하는 학문이라고 생각하시면 됩니다! 수학강사 시군요! 그럼 항상 손에 빨간펜 들고 다시십니까??",
          "summary": "",
          "date": "2022-11-07",
          "time": "14:29:22",
          "terminate": "false"
        },
        {
          "speaker": "speaker2",
          "personaID": "34396",
          "participantID": "4287",
          "utterance": "심오한 과이군요 빨간 펜은 교실에 보통 있어요 하하 요즘에 많이 바빠서 중국어에 관심이 가는데 배울 시간이 없네요",
          "summary": "나는 중국어에 관심이 가는데 배울 시간이 없다.",
          "date": "2022-11-07",
          "time": "14:32:34",
          "terminate": "false"
        },
        {
          "speaker": "speaker1",
          "personaID": "25693",
          "participantID": "4330",
          "utterance": "제가 빨간색을 좋아해서 항상 들고 다니시나 물어봤습니다 하하 중국어 너무 좋은데요? 유튜브로 출퇴근 시간에 잠깐식 하는 건 어떠세요? 저는 트럼펫 배우고 싶은데 학원이 없네요",
          "summary": "나는 빨간색을 좋아한다. 나는 트럼펫을 배우고 싶다.",
          "date": "2022-11-07",
          "time": "14:39:36",
          "terminate": "false"
        },
        {
          "speaker": "speaker2",
          "personaID": "34396",
          "participantID": "4287",
          "utterance": "그렇군요 유튜브로 도전해봐야 겠어요 트럼펫은 많이 없죠 개인레슨을 알아보셔야 할 거 같아요 그럼 전 이만 일이 있어서 다음에 얘기 또 나눠요",
          "summary": "",
          "date": "2022-11-07",
          "time": "19:40:43",
          "terminate": "false"
        },
        {
          "speaker": "speaker1",
          "personaID": "25693",
          "participantID": "4330",
          "utterance": "네 트럼펫음 개인레슨 알아봐야하는데 그것도 쉽지 않네요. 식사는 하셨나요? 주로 어떤 음식 좋아하나요? 한식? 중식? 일식? 전 한식은 안먹어서.",
          "summary": "나는 한식을 안 먹는다.",
          "date": "2022-11-07",
          "time": "19:48:47",
          "terminate": "false"
        },
        {
          "speaker": "speaker2",
          "personaID": "34396",
          "participantID": "4287",
          "utterance": "저는 한식 좋아해서 김치볶음밥먹었어요 식사 하셨어요? 어떤 음식 좋아하세요?",
          "summary": "나는 한식 좋아해서 김치볶음밥 먹었다.",
          "date": "2022-11-07",
          "time": "20:07:35",
          "terminate": "false"
        },
        {
          "speaker": "speaker1",
          "personaID": "25693",
          "participantID": "4330",
          "utterance": "저는 한식 빼고는 다 좋아해요. 저녁에 친구 만나서 밥 먹기로 했어요~",
          "summary": "나는 한식 빼고 다 좋아한다. 나는 저녁에 친구 만나서 밥을 먹기로 했다.",
          "date": "2022-11-07",
          "time": "20:10:47",
          "terminate": "false"
        },
        {
          "speaker": "speaker2",
          "personaID": "34396",
          "participantID": "4287",
          "utterance": "우와 맛있는 거 드셨나요? 친구랑 좋으셨겠어요",
          "summary": "",
          "date": "2022-11-07",
          "time": "20:39:48",
          "terminate": "false"
        },
        {
          "speaker": "speaker1",
          "personaID": "25693",
          "participantID": "4330",
          "utterance": "네. 근처 골목 상가에 오픈 한곳이 있더라고요. 양식 먹었어요.",
          "summary": "나는 친구와 근처 골목 상가에 오픈한 양식집에서 저녁을 먹었다.",
          "date": "2022-11-08",
          "time": "09:28:46",
          "terminate": "false"
        },
        {
          "speaker": "speaker2",
          "personaID": "34396",
          "participantID": "4287",
          "utterance": "우와 새로 오픈한 곳이라 더 설레고 맛있고 신선했을 거 같아요 부러워요 저도 맛집 탐방 좀 해야겠어요 그럼 전 일하러 가야해서 담에 또 얘기나눠요 ",
          "summary": "나는 맛집 탐방 좀 해야겠다. 나는 일하러 가야 한다.",
          "date": "2022-11-08",
          "time": "10:58:22",
          "terminate": "true"
        }
      ],
      "sessionPersonaSummary": {
        "speaker1": [
          "나는 30대 여성이다.",
          "나는 AB형이다. 나는 인류학 전공이다.",
          "나는 빨간색을 좋아한다. 나는 트럼펫을 배우고 싶다.",
          "나는 한식을 안 먹는다.",
          "나는 한식 빼고 다 좋아한다. 나는 저녁에 친구 만나서 밥을 먹기로 했다.",
          "나는 친구와 근처 골목 상가에 오픈한 양식집에서 저녁을 먹었다."
        ],
        "speaker2": [
          "나는 30대 여성이다.",
          "나는 혈액형이 B형이다. 나는 학원 수학강사이다.",
          "나는 중국어에 관심이 가는데 배울 시간이 없다.",
          "나는 한식 좋아해서 김치볶음밥 먹었다.",
          "나는 맛집 탐방 좀 해야겠다. 나는 일하러 가야 한다."
        ]
      },
      "prevAggregatedpersonaSummary": {
        "speaker1": [],
        "speaker2": []
      }
    },
    {
      "prevSessionID": "4-00101-1",
      "prevTimeInfo": {
        "timeNum": "5",
        "timeUnit": "주"
      },
      "nthSession": "2",
      "numberOfUtterances": "14",
      "numberOfTurns": "7",
      "sessionID": "4-00101-2",
      "dialog": [
        {
          "speaker": "speaker1",
          "personaID": "25693",
          "participantID": "4330",
          "utterance": "안녕하세요~ 5주 만이죠?",
          "summary": "",
          "date": "2022-11-08",
          "time": "13:45:53",
          "terminate": "false"
        },
        {
          "speaker": "speaker2",
          "personaID": "34396",
          "participantID": "4287",
          "utterance": "네 벌써 5주나 흘렀네요 별 일 없으셨어요?",
          "summary": "",
          "date": "2022-11-08",
          "time": "13:46:25",
          "terminate": "false"
        },
        {
          "speaker": "speaker1",
          "personaID": "25693",
          "participantID": "4330",
          "utterance": "맞아요. 5주나 흘렀네요! 뭐 하세요?",
          "summary": "",
          "date": "2022-11-08",
          "time": "13:48:39",
          "terminate": "false"
        },
        {
          "speaker": "speaker2",
          "personaID": "34396",
          "participantID": "4287",
          "utterance": "저는 일하러 가고 있어요 뭐하시나요",
          "summary": "나는 일하러 가고 있다.",
          "date": "2022-11-08",
          "time": "13:49:31",
          "terminate": "false"
        },
        {
          "speaker": "speaker1",
          "personaID": "25693",
          "participantID": "4330",
          "utterance": "저는 점심 미팅 약속이 있어 나가고 준비 중이에요. 강사 분이라 출근이 늦으시군요.",
          "summary": "나는 점심 미팅 있어 준비 중이다.",
          "date": "2022-11-08",
          "time": "13:53:06",
          "terminate": "false"
        },
        {
          "speaker": "speaker2",
          "personaID": "34396",
          "participantID": "4287",
          "utterance": "그렇군요 미팅 잘 하시길 바래요 저는 내일 친한 분들 소개팅해줄 예정이라 설레요",
          "summary": "나는 내일 친한 분들을 소개팅해 줄 예정이라 설렌다.",
          "date": "2022-11-08",
          "time": "13:54:17",
          "terminate": "false"
        },
        {
          "speaker": "speaker1",
          "personaID": "25693",
          "participantID": "4330",
          "utterance": "와우 제가 더 설레네요. 소개팅은 주선자가 더 긴장되지 않나요?",
          "summary": "",
          "date": "2022-11-08",
          "time": "13:58:33",
          "terminate": "false"
        },
        {
          "speaker": "speaker2",
          "personaID": "34396",
          "participantID": "4287",
          "utterance": "맞아요 긴장되고 재밌을거 같아요 하하",
          "summary": "",
          "date": "2022-11-08",
          "time": "13:59:33",
          "terminate": "false"
        },
        {
          "speaker": "speaker1",
          "personaID": "25693",
          "participantID": "4330",
          "utterance": "잘 돼서 결혼까지 하면 좋겠네요~",
          "summary": "",
          "date": "2022-11-08",
          "time": "14:04:51",
          "terminate": "false"
        },
        {
          "speaker": "speaker2",
          "personaID": "34396",
          "participantID": "4287",
          "utterance": "맞아요 정말 그러기를 바래요 내일 분위기를 잘 살려봐야겠어요",
          "summary": "나는 내일 소개팅 분위기를 잘 살려 봐야겠다.",
          "date": "2022-11-08",
          "time": "14:05:52",
          "terminate": "false"
        },
        {
          "speaker": "speaker1",
          "personaID": "25693",
          "participantID": "4330",
          "utterance": "저는 미팅 서류 작성좀 하고 올게요!",
          "summary": "나는 미팅 서류를 작성하러 갈 것이다.",
          "date": "2022-11-08",
          "time": "14:15:24",
          "terminate": "false"
        },
        {
          "speaker": "speaker2",
          "personaID": "34396",
          "participantID": "4287",
          "utterance": "네 미팅은 잘 하셨나요? 궁금하네요",
          "summary": "나는 미팅 잘했는지 궁금하다.",
          "date": "2022-11-08",
          "time": "15:27:20",
          "terminate": "false"
        },
        {
          "speaker": "speaker1",
          "personaID": "25693",
          "participantID": "4330",
          "utterance": "네 잘 끝났어요. 사람을 많이 대했다 생각했는데 아직도 인간관계는 어렵네요.",
          "summary": "나는 미팅이 잘 끝났지만 인간관계는 어려운 것 같다.",
          "date": "2022-11-09",
          "time": "09:16:01",
          "terminate": "false"
        },
        {
          "speaker": "speaker2",
          "personaID": "34396",
          "participantID": "4287",
          "utterance": "그렇죠 제일 어려운 거 같아요 그래도 잘 끝내셨다니 다행입니다 전 이제 일하러가야해서 다음에 또 얘기해요",
          "summary": "나는 일하러 가야 한다.",
          "date": "2022-11-09",
          "time": "10:55:44",
          "terminate": "true"
        }
      ],
      "sessionPersonaSummary": {
        "speaker1": [
          "나는 점심 미팅 있어 준비 중이다.",
          "나는 미팅 서류를 작성하러 갈 것이다.",
          "나는 미팅이 잘 끝났지만 인간관계는 어려운 것 같다."
        ],
        "speaker2": [
          "나는 일하러 가고 있다.",
          "나는 내일 친한 분들을 소개팅해 줄 예정이라 설렌다.",
          "나는 내일 소개팅 분위기를 잘 살려 봐야겠다.",
          "나는 미팅 잘했는지 궁금하다.",
          "나는 일하러 가야 한다."
        ]
      },
      "prevAggregatedpersonaSummary": {
        "speaker1": [
          "나는 30대 여성이다.",
          "나는 AB형이다. 나는 인류학 전공이다.",
          "나는 빨간색을 좋아한다. 나는 트럼펫을 배우고 싶다.",
          "나는 한식을 안 먹는다.",
          "나는 한식 빼고 다 좋아한다. 나는 저녁에 친구 만나서 밥을 먹기로 했다.",
          "나는 친구와 근처 골목 상가에 오픈한 양식집에서 저녁을 먹었다."
        ],
        "speaker2": [
          "나는 30대 여성이다.",
          "나는 혈액형이 B형이다. 나는 학원 수학강사이다.",
          "나는 중국어에 관심이 가는데 배울 시간이 없다.",
          "나는 한식 좋아해서 김치볶음밥 먹었다.",
          "나는 맛집 탐방 좀 해야겠다. 나는 일하러 가야 한다."
        ]
      }
    },
    {
      "prevSessionID": "4-00101-2",
      "prevTimeInfo": {
        "timeNum": "5",
        "timeUnit": "주"
      },
      "nthSession": "3",
      "numberOfUtterances": "14",
      "numberOfTurns": "7",
      "sessionID": "4-00101-3",
      "dialog": [
        {
          "speaker": "speaker1",
          "personaID": "25693",
          "participantID": "4330",
          "utterance": "5주 만에 인사드리네요 그간 어떻게 지냈어요?",
          "summary": "",
          "date": "2022-11-09",
          "time": "15:44:02",
          "terminate": "false"
        },
        {
          "speaker": "speaker2",
          "personaID": "34396",
          "participantID": "4287",
          "utterance": "벌써 5주나 흘렀네요 엄청 바쁘게 지냈어요 잘 지내셨어요?",
          "summary": "나는 엄청 바쁘게 지냈다.",
          "date": "2022-11-09",
          "time": "16:46:57",
          "terminate": "false"
        },
        {
          "speaker": "speaker1",
          "personaID": "25693",
          "participantID": "4330",
          "utterance": "저는 잘 지냈어요~ 지인분들 소개팅은 잘 끝났나요?",
          "summary": "",
          "date": "2022-11-10",
          "time": "09:39:37",
          "terminate": "false"
        },
        {
          "speaker": "speaker2",
          "personaID": "34396",
          "participantID": "4287",
          "utterance": "네 너무 즐거운 시간이였는데 당사자들은 어떤 마음인지 잘 모르겠네요 ",
          "summary": "",
          "date": "2022-11-10",
          "time": "10:16:45",
          "terminate": "false"
        },
        {
          "speaker": "speaker1",
          "personaID": "25693",
          "participantID": "4330",
          "utterance": "오오. 제가 다 설레네요! 남들 연애 이야기가 왜 이렇게 재밌는지",
          "summary": "나는 남들 연애 이야기가 재미있다.",
          "date": "2022-11-10",
          "time": "10:22:53",
          "terminate": "false"
        },
        {
          "speaker": "speaker2",
          "personaID": "34396",
          "participantID": "4287",
          "utterance": "저도요 하하 결혼해서 그런가 봐요 ",
          "summary": "나는 결혼했다.",
          "date": "2022-11-10",
          "time": "10:35:18",
          "terminate": "false"
        },
        {
          "speaker": "speaker1",
          "personaID": "25693",
          "participantID": "4330",
          "utterance": "저는 아직 미혼이라. 하하. 남들 이야기가 더 좋아요. 먼가 더 두근두근해요.",
          "summary": "나는 미혼이고 남들 연애 이야기가 더 좋다.",
          "date": "2022-11-10",
          "time": "10:37:26",
          "terminate": "false"
        },
        {
          "speaker": "speaker2",
          "personaID": "34396",
          "participantID": "4287",
          "utterance": "아 그렇군요 저도 요즘 소개팅 미팅 티비 프로그램 너무 재밌더라구요",
          "summary": "나는 요즘 소개팅 미팅 티브이 프로그램 너무 재밌다.",
          "date": "2022-11-10",
          "time": "13:09:17",
          "terminate": "false"
        },
        {
          "speaker": "speaker1",
          "personaID": "25693",
          "participantID": "4330",
          "utterance": "맞아요! 요즘 연애 관련 프로그램 많이 하더라고요 흥미롭더라고요! 간질 거지고 나도 저러고 싶다~ 침 흘리면서 봐요.",
          "summary": "나는 연애 관련 프로그램이 흥미롭다.",
          "date": "2022-11-10",
          "time": "13:33:51",
          "terminate": "false"
        },
        {
          "speaker": "speaker2",
          "personaID": "34396",
          "participantID": "4287",
          "utterance": "맞아요 저도 미혼이면 나가보고 싶더라구요 나가면 어떨까 싶은 상상해요 하하",
          "summary": "나는 미혼이면 연애 프로그램에 나가보고 싶다.",
          "date": "2022-11-10",
          "time": "19:00:08",
          "terminate": "false"
        },
        {
          "speaker": "speaker1",
          "personaID": "25693",
          "participantID": "4330",
          "utterance": "저도 신청해 볼까? 생각도 만 해봐요 하하 예전 프로그램 우리 결혼했어요?라는 프로도 재밌게 봤었는데 보셨나요?",
          "summary": "",
          "date": "2022-11-10",
          "time": "19:08:25",
          "terminate": "false"
        },
        {
          "speaker": "speaker2",
          "personaID": "34396",
          "participantID": "4287",
          "utterance": "네 저도 그거 너무 재밌게 봤었어요 하하 ",
          "summary": "나는 우리 결혼했어요 프로그램을 너무 재밌게 봤다.",
          "date": "2022-11-11",
          "time": "10:48:57",
          "terminate": "false"
        },
        {
          "speaker": "speaker1",
          "personaID": "25693",
          "participantID": "4330",
          "utterance": "결혼생활에 기대감을 심어주는 그런 프로그램 있었으면 좋겠어요.",
          "summary": "나는 결혼생활에 기대감을 심어주는 프로그램이 있었으면 좋겠다.",
          "date": "2022-11-11",
          "time": "10:51:36",
          "terminate": "false"
        },
        {
          "speaker": "speaker2",
          "personaID": "34396",
          "participantID": "4287",
          "utterance": "맞아요 그런 거 나오면 너무 재밌을 거 같아요 전 이제 일하러 가야해서 나중에 또 얘기나눠요",
          "summary": "",
          "date": "2022-11-11",
          "time": "10:52:04",
          "terminate": "true"
        }
      ],
      "sessionPersonaSummary": {
        "speaker1": [
          "나는 남들 연애 이야기가 재미있다.",
          "나는 미혼이고 남들 연애 이야기가 더 좋다.",
          "나는 연애 관련 프로그램이 흥미롭다.",
          "나는 결혼생활에 기대감을 심어주는 프로그램이 있었으면 좋겠다."
        ],
        "speaker2": [
          "나는 엄청 바쁘게 지냈다.",
          "나는 결혼했다.",
          "나는 요즘 소개팅 미팅 티브이 프로그램 너무 재밌다.",
          "나는 미혼이면 연애 프로그램에 나가보고 싶다.",
          "나는 우리 결혼했어요 프로그램을 너무 재밌게 봤다."
        ]
      },
      "prevAggregatedpersonaSummary": {
        "speaker1": [
          "나는 30대 여성이다.",
          "나는 AB형이다. 나는 인류학 전공이다.",
          "나는 빨간색을 좋아한다. 나는 트럼펫을 배우고 싶다.",
          "나는 한식을 안 먹는다.",
          "나는 한식 빼고 다 좋아한다. 나는 저녁에 친구 만나서 밥을 먹기로 했다.",
          "나는 친구와 근처 골목 상가에 오픈한 양식집에서 저녁을 먹었다.",
          "나는 점심 미팅 있어 준비 중이다.",
          "나는 미팅 서류를 작성하러 갈 것이다.",
          "나는 미팅이 잘 끝났지만 인간관계는 어려운 것 같다."
        ],
        "speaker2": [
          "나는 30대 여성이다.",
          "나는 혈액형이 B형이다. 나는 학원 수학강사이다.",
          "나는 중국어에 관심이 가는데 배울 시간이 없다.",
          "나는 한식 좋아해서 김치볶음밥 먹었다.",
          "나는 맛집 탐방 좀 해야겠다. 나는 일하러 가야 한다.",
          "나는 일하러 가고 있다.",
          "나는 내일 친한 분들을 소개팅해 줄 예정이라 설렌다.",
          "나는 내일 소개팅 분위기를 잘 살려 봐야겠다.",
          "나는 미팅 잘했는지 궁금하다.",
          "나는 일하러 가야 한다."
        ]
      }
    },
    {
      "prevSessionID": "4-00101-3",
      "prevTimeInfo": {
        "timeNum": "4",
        "timeUnit": "주"
      },
      "nthSession": "4",
      "numberOfUtterances": "14",
      "numberOfTurns": "7",
      "sessionID": "4-00101-4",
      "dialog": [
        {
          "speaker": "speaker1",
          "personaID": "25693",
          "participantID": "4330",
          "utterance": "4주 만이네요. 뭐하고 지내 셨나요?",
          "summary": "",
          "date": "2022-11-11",
          "time": "12:09:20",
          "terminate": "false"
        },
        {
          "speaker": "speaker2",
          "personaID": "34396",
          "participantID": "4287",
          "utterance": "한달이나 지났네요 저는 바쁘게 재밌게 지냈어요 잘 지내셨어요? 아 트럼프 연주는 어떻게 하기로 하셨어요?",
          "summary": "나는 바쁘게 재밌게 지냈다.",
          "date": "2022-11-11",
          "time": "12:09:58",
          "terminate": "false"
        },
        {
          "speaker": "speaker1",
          "personaID": "25693",
          "participantID": "4330",
          "utterance": "아직도 학원 알아보는 중이에요. 그나저나 저는 아직도 개인 관계가 너무 어려워요.",
          "summary": "나는 아직도 트럼펫 학원을 알아보는 중이다. 나는 개인관계가 어렵다.",
          "date": "2022-11-11",
          "time": "12:18:38",
          "terminate": "false"
        },
        {
          "speaker": "speaker2",
          "personaID": "34396",
          "participantID": "4287",
          "utterance": "아고 왜 그러신가요 맞는 사람이 있고 아닌 사람이 있는 차이아닐까요",
          "summary": "",
          "date": "2022-11-12",
          "time": "09:06:04",
          "terminate": "false"
        },
        {
          "speaker": "speaker1",
          "personaID": "25693",
          "participantID": "4330",
          "utterance": "너무 어렵네요. 한 발짝씩 물러서면 되는데 알면서 그걸 못할까요. 자꾸 같은 실수를 반복하네요.",
          "summary": "나는 인간관계에서 같은 실수를 반복한다.",
          "date": "2022-11-12",
          "time": "14:22:15",
          "terminate": "false"
        },
        {
          "speaker": "speaker2",
          "personaID": "34396",
          "participantID": "4287",
          "utterance": "작은 변화가 큰 변화를 만들거에요 어렵게 생각하지말고 작은 시도라도 해보시길 추천드려요^^",
          "summary": "나는 작은 변화가 큰 변화를 만든다고 생각한다.",
          "date": "2022-11-12",
          "time": "14:52:53",
          "terminate": "false"
        },
        {
          "speaker": "speaker1",
          "personaID": "25693",
          "participantID": "4330",
          "utterance": "조언 감사합니다. 천천히 시도해 봐야겠어요 먼저 손 내밀어야겠어요 제가 윗사람이니. 하하",
          "summary": "",
          "date": "2022-11-12",
          "time": "14:54:09",
          "terminate": "false"
        },
        {
          "speaker": "speaker2",
          "personaID": "34396",
          "participantID": "4287",
          "utterance": "네 분명 잘 하실거에요 좋은 소식 기다릴게요 저도 얼마전 소개팅해준 분들 좋은 소식이 기대되어요",
          "summary": "나는 얼마 전 소개팅해준 분들 좋은 소식이 기대된다.",
          "date": "2022-11-12",
          "time": "14:55:04",
          "terminate": "false"
        },
        {
          "speaker": "speaker1",
          "personaID": "25693",
          "participantID": "4330",
          "utterance": "아 맞다! 소개팅하신 분들 아직도 잘 만나고 계시나 보네요. 좋은 소식이시라면 혹시.. 결혼인가요?",
          "summary": "",
          "date": "2022-11-12",
          "time": "14:57:33",
          "terminate": "false"
        },
        {
          "speaker": "speaker2",
          "personaID": "34396",
          "participantID": "4287",
          "utterance": "우선 사귀는 거라도 좋은 소식이 있었음 좋겠어요 하하",
          "summary": "",
          "date": "2022-11-12",
          "time": "14:58:09",
          "terminate": "false"
        },
        {
          "speaker": "speaker1",
          "personaID": "25693",
          "participantID": "4330",
          "utterance": "제가 너무 방정이 심했네요 하하 이번 주말에는 어디 안 가시나요? 저는 친구 결혼식 있어요.",
          "summary": "나는 주말에 친구 결혼식이 있다.",
          "date": "2022-11-12",
          "time": "15:10:47",
          "terminate": "false"
        },
        {
          "speaker": "speaker2",
          "personaID": "34396",
          "participantID": "4287",
          "utterance": "친구 결혼식 신나는 일정이네요 저는 회의있어서 다녀왔어요",
          "summary": "나는 회의 있어서 다녀왔다.",
          "date": "2022-11-13",
          "time": "00:22:49",
          "terminate": "false"
        },
        {
          "speaker": "speaker1",
          "personaID": "25693",
          "participantID": "4330",
          "utterance": "제가 부케 받기로 해서 긴장되네요. 회의 잘하고 오셨나요?",
          "summary": "나는 친구 결혼식에서 내가 부케 받기로 해서 긴장된다.",
          "date": "2022-11-13",
          "time": "10:47:49",
          "terminate": "false"
        },
        {
          "speaker": "speaker2",
          "personaID": "34396",
          "participantID": "4287",
          "utterance": "오 잘 받으셨나요 잘 마친거 같아요 저는 이만 자러가서 다음에 또 얘기나눠요",
          "summary": "나는 자러 갈 것이다.",
          "date": "2022-11-13",
          "time": "22:01:52",
          "terminate": "true"
        }
      ],
      "sessionPersonaSummary": {
        "speaker1": [
          "나는 아직도 트럼펫 학원을 알아보는 중이다. 나는 개인관계가 어렵다.",
          "나는 인간관계에서 같은 실수를 반복한다.",
          "나는 주말에 친구 결혼식이 있다.",
          "나는 친구 결혼식에서 내가 부케 받기로 해서 긴장된다."
        ],
        "speaker2": [
          "나는 바쁘게 재밌게 지냈다.",
          "나는 작은 변화가 큰 변화를 만든다고 생각한다.",
          "나는 얼마 전 소개팅해준 분들 좋은 소식이 기대된다.",
          "나는 회의 있어서 다녀왔다.",
          "나는 자러 갈 것이다."
        ]
      },
      "prevAggregatedpersonaSummary": {
        "speaker1": [
          "나는 30대 여성이다.",
          "나는 AB형이다. 나는 인류학 전공이다.",
          "나는 빨간색을 좋아한다. 나는 트럼펫을 배우고 싶다.",
          "나는 한식을 안 먹는다.",
          "나는 한식 빼고 다 좋아한다. 나는 저녁에 친구 만나서 밥을 먹기로 했다.",
          "나는 친구와 근처 골목 상가에 오픈한 양식집에서 저녁을 먹었다.",
          "나는 점심 미팅 있어 준비 중이다.",
          "나는 미팅 서류를 작성하러 갈 것이다.",
          "나는 미팅이 잘 끝났지만 인간관계는 어려운 것 같다.",
          "나는 남들 연애 이야기가 재미있다.",
          "나는 미혼이고 남들 연애 이야기가 더 좋다.",
          "나는 연애 관련 프로그램이 흥미롭다.",
          "나는 결혼생활에 기대감을 심어주는 프로그램이 있었으면 좋겠다."
        ],
        "speaker2": [
          "나는 30대 여성이다.",
          "나는 혈액형이 B형이다. 나는 학원 수학강사이다.",
          "나는 중국어에 관심이 가는데 배울 시간이 없다.",
          "나는 한식 좋아해서 김치볶음밥 먹었다.",
          "나는 맛집 탐방 좀 해야겠다. 나는 일하러 가야 한다.",
          "나는 일하러 가고 있다.",
          "나는 내일 친한 분들을 소개팅해 줄 예정이라 설렌다.",
          "나는 내일 소개팅 분위기를 잘 살려 봐야겠다.",
          "나는 미팅 잘했는지 궁금하다.",
          "나는 일하러 가야 한다.",
          "나는 엄청 바쁘게 지냈다.",
          "나는 결혼했다.",
          "나는 요즘 소개팅 미팅 티브이 프로그램 너무 재밌다.",
          "나는 미혼이면 연애 프로그램에 나가보고 싶다.",
          "나는 우리 결혼했어요 프로그램을 너무 재밌게 봤다."
        ]
      }
    }
  ]
}