{
  "FileInfo": {
    "filename": "K4-00234-CL94788-CP91955-12-01-S4.json",
    "sessionLevel": "4"
  },
  "participantsInfo": {
    "numberOfParticipants": "2",
    "speaker1": {
      "participantID": "31026",
      "gender": "여성",
      "age": "50대",
      "occupation": "주부",
      "bPlace": "부산/대구/울산/경상",
      "gPlace": "부산/대구/울산/경상",
      "rPlace": "부산/대구/울산/경상",
      "educationLevel": "대졸"
    },
    "speaker2": {
      "participantID": "30613",
      "gender": "남성",
      "age": "40대",
      "occupation": "기능직",
      "bPlace": "서울/경기/인천",
      "gPlace": "서울/경기/인천",
      "rPlace": "서울/경기/인천",
      "educationLevel": "고졸"
    }
  },
  "multisessionInfo": {
    "multisessionID": "4-00234"
  },
  "personaInfo": {
    "clInfo": {
      "personaID": "94788",
      "personaFeatures": [
        "나는 여자이다.",
        "나는 50대이다.",
        "나는 줄넘기를 좋아한다.",
        "나는 혈액형이 B형이다.",
        "나는 TV 애니메이션을 좋아한다.",
        "나는 동물을 좋아한다."
      ],
      "speakerType": "speaker1"
    },
    "cpInfo": {
      "personaID": "91955",
      "personaFeatures": [
        "나는 남자이다.",
        "나는 40대이다.",
        "나는 레게 음악을 가끔 듣는다.",
        "나는 뉴질랜드에 가 보고 싶다.",
        "나는 항상 편안하다.",
        "나는 키위를 안 먹는다.",
        "나는 혈액형이 AB형이다."
      ],
      "speakerType": "speaker2"
    }
  },
  "topicInfo": {
    "topicID": "12-01",
    "topicType": "여가와 오락>여행",
    "topicTitle": "휴양지"
  },
  "sessionInfo": [
    {
      "prevSessionID": null,
      "prevTimeInfo": {
        "timeNum": null,
        "timeUnit": null
      },
      "nthSession": "1",
      "numberOfUtterances": "14",
      "numberOfTurns": "7",
      "sessionID": "4-00234-1",
      "dialog": [
        {
          "speaker": "speaker1",
          "personaID": "94788",
          "participantID": "31026",
          "utterance": "안녕하세요 저는 50대 여자입니다. 반가워요~",
          "summary": "나는 50대 여자이다.",
          "date": "2022-11-29",
          "time": "22:15:03",
          "terminate": "false"
        },
        {
          "speaker": "speaker2",
          "personaID": "91955",
          "participantID": "30613",
          "utterance": "반갑습니다! 저는 40대 남자입니다. 잘 부탁드립니다~ㅎㅎ.",
          "summary": "나는 40대 남자이다.",
          "date": "2022-11-29",
          "time": "22:15:06",
          "terminate": "false"
        },
        {
          "speaker": "speaker1",
          "personaID": "94788",
          "participantID": "31026",
          "utterance": "그러시군요! 저는 B형인데 혈액형이 어떻게 되시나요?",
          "summary": "나는 혈액형이 B형이다.",
          "date": "2022-11-29",
          "time": "22:15:13",
          "terminate": "false"
        },
        {
          "speaker": "speaker2",
          "personaID": "91955",
          "participantID": "30613",
          "utterance": "저는 에이비형입니다. ㅎㅎ @금칙어1@와 천재중 천재에 해당이 되죠~^^",
          "summary": "나는 혈액형이 에이비형이다.",
          "date": "2022-11-29",
          "time": "22:15:27",
          "terminate": "false"
        },
        {
          "speaker": "speaker1",
          "personaID": "94788",
          "participantID": "31026",
          "utterance": "성격이 엄청 유쾌하신분이군요! 혹시 운동 같은거 하시나요? 저는 줄넘기를 좋아합니다.",
          "summary": "나는 줄넘기를 좋아한다.",
          "date": "2022-11-29",
          "time": "22:16:06",
          "terminate": "false"
        },
        {
          "speaker": "speaker2",
          "personaID": "91955",
          "participantID": "30613",
          "utterance": "하하하 칭찬 감사해요~ 저는 마음이 힘들때 운동을 하는데 요즘 항상 편안해서 운동을 안하고 있습니다.",
          "summary": "나는 항상 편안하다. 나는 마음이 좋지 않을 때 운동을 한다.",
          "date": "2022-11-29",
          "time": "22:16:24",
          "terminate": "false"
        },
        {
          "speaker": "speaker1",
          "personaID": "94788",
          "participantID": "31026",
          "utterance": "부럽네요! 그럼 TV는 자주 보시나요? 저는 TV 애니메이션을 좋아하거든요!",
          "summary": "나는 TV 애니메이션을 좋아한다.",
          "date": "2022-11-29",
          "time": "22:16:38",
          "terminate": "false"
        },
        {
          "speaker": "speaker2",
          "personaID": "91955",
          "participantID": "30613",
          "utterance": "그렇군요? 저는 티비보단 여행 가는걸 좋아해요~ 그리고 가끔 레게 음악도 듣고요~ 하하.",
          "summary": "나는 레게 음악을 가끔 듣는다. 나는 티브이보단 여행 가는 걸 좋아한다.",
          "date": "2022-11-29",
          "time": "22:17:01",
          "terminate": "false"
        },
        {
          "speaker": "speaker1",
          "personaID": "94788",
          "participantID": "31026",
          "utterance": "레게 음악이라니 엄청 독특하시네요! 근데 여행은 자주 다니시나요?",
          "summary": "",
          "date": "2022-11-29",
          "time": "22:17:09",
          "terminate": "false"
        },
        {
          "speaker": "speaker2",
          "personaID": "91955",
          "participantID": "30613",
          "utterance": "네~ 맞아요! 근데 요즘 뉴질랜드에 너무 가보고 싶은거 있죠? 가보신적 있나요?",
          "summary": "나는 뉴질랜드에 가보고 싶다.",
          "date": "2022-11-29",
          "time": "22:17:29",
          "terminate": "false"
        },
        {
          "speaker": "speaker1",
          "personaID": "94788",
          "participantID": "31026",
          "utterance": "저도 뉴질랜드는 한번도 안가봤네요! 저도 한번 가보고 싶네요!",
          "summary": "나는 뉴질랜드에 안 가봤다.",
          "date": "2022-11-29",
          "time": "22:17:41",
          "terminate": "false"
        },
        {
          "speaker": "speaker2",
          "personaID": "91955",
          "participantID": "30613",
          "utterance": "그렇군요! 선생님이랑 저중에 먼저 가본 사람이 후기 알려주는거 어떠세요?",
          "summary": "",
          "date": "2022-11-29",
          "time": "22:18:02",
          "terminate": "false"
        },
        {
          "speaker": "speaker1",
          "personaID": "94788",
          "participantID": "31026",
          "utterance": "그러시죠! 저는 오늘 일이 있어서 이만 나가볼게요!",
          "summary": "",
          "date": "2022-11-29",
          "time": "22:18:05",
          "terminate": "false"
        },
        {
          "speaker": "speaker2",
          "personaID": "91955",
          "participantID": "30613",
          "utterance": "네~ 그럼 저신경쓰지말고 천천히 일보고 연락주세요!",
          "summary": "",
          "date": "2022-11-29",
          "time": "22:18:14",
          "terminate": "true"
        }
      ],
      "sessionPersonaSummary": {
        "speaker1": [
          "나는 50대 여자이다.",
          "나는 혈액형이 B형이다.",
          "나는 줄넘기를 좋아한다.",
          "나는 TV 애니메이션을 좋아한다.",
          "나는 뉴질랜드에 안 가봤다."
        ],
        "speaker2": [
          "나는 40대 남자이다.",
          "나는 혈액형이 에이비형이다.",
          "나는 항상 편안하다. 나는 마음이 좋지 않을 때 운동을 한다.",
          "나는 레게 음악을 가끔 듣는다. 나는 티브이보단 여행 가는 걸 좋아한다.",
          "나는 뉴질랜드에 가보고 싶다."
        ]
      },
      "prevAggregatedpersonaSummary": {
        "speaker1": [],
        "speaker2": []
      }
    },
    {
      "prevSessionID": "4-00234-1",
      "prevTimeInfo": {
        "timeNum": "1",
        "timeUnit": "일"
      },
      "nthSession": "2",
      "numberOfUtterances": "14",
      "numberOfTurns": "7",
      "sessionID": "4-00234-2",
      "dialog": [
        {
          "speaker": "speaker1",
          "personaID": "94788",
          "participantID": "31026",
          "utterance": "어제는 정신이 없어서 연락을 못드렸네요! 혹시 레게 음악 듣고 계신가요?",
          "summary": "",
          "date": "2022-11-29",
          "time": "22:18:31",
          "terminate": "false"
        },
        {
          "speaker": "speaker2",
          "personaID": "91955",
          "participantID": "30613",
          "utterance": "네 요즘 레게음악을 자주 듣는것 같기도 하네요~원래는 가끔 듣는데 말이죠 하하.",
          "summary": "나는 요즘 레게 음악을 자주 듣는다.",
          "date": "2022-11-29",
          "time": "22:19:05",
          "terminate": "false"
        },
        {
          "speaker": "speaker1",
          "personaID": "94788",
          "participantID": "31026",
          "utterance": "그러시군요! 근데 여행 좋아한다고 하셨죠? 최근에 여행 다녀오셨나요?",
          "summary": "",
          "date": "2022-11-29",
          "time": "22:20:17",
          "terminate": "false"
        },
        {
          "speaker": "speaker2",
          "personaID": "91955",
          "participantID": "30613",
          "utterance": "음.. 저 최근에 일본을 다녀왔는데 너무 좋더라고요! 혹시 일본 가보신적있나요?",
          "summary": "나는 최근에 일본에 가봤다.",
          "date": "2022-11-29",
          "time": "22:20:54",
          "terminate": "false"
        },
        {
          "speaker": "speaker1",
          "personaID": "94788",
          "participantID": "31026",
          "utterance": "일본도 안가봤어요! 근데 일본은 어떤 여행으로 가신거에요?",
          "summary": "나는 일본을 안 가봤다.",
          "date": "2022-11-29",
          "time": "22:21:15",
          "terminate": "false"
        },
        {
          "speaker": "speaker2",
          "personaID": "91955",
          "participantID": "30613",
          "utterance": "저는 온천 여행을 갔어요~^^ 일본이 섬나라다보니 온천도 있고 너무 좋더라고요.",
          "summary": "나는 온천여행을 다녀왔다.",
          "date": "2022-11-29",
          "time": "22:21:42",
          "terminate": "false"
        },
        {
          "speaker": "speaker1",
          "personaID": "94788",
          "participantID": "31026",
          "utterance": "오! 저도 사우나를 좋아하는데 저도 온천 한번 가보고 싶네요.",
          "summary": "나는 사우나를 좋아한다.",
          "date": "2022-11-29",
          "time": "22:22:00",
          "terminate": "false"
        },
        {
          "speaker": "speaker2",
          "personaID": "91955",
          "participantID": "30613",
          "utterance": "진짜 좋아요^^ 특히 야외에서 온천하면 그렇게 힐링 될수가 없네요~^^",
          "summary": "",
          "date": "2022-11-29",
          "time": "22:22:19",
          "terminate": "false"
        },
        {
          "speaker": "speaker1",
          "personaID": "94788",
          "participantID": "31026",
          "utterance": "생각만해도 너무 좋네요! 온천 물도 좋은가요?",
          "summary": "",
          "date": "2022-11-29",
          "time": "22:22:20",
          "terminate": "false"
        },
        {
          "speaker": "speaker2",
          "personaID": "91955",
          "participantID": "30613",
          "utterance": "엄청 좋더라고요~^^ 진짜 일본여행 가게되면 꼭 온천 해보세요!",
          "summary": "",
          "date": "2022-11-29",
          "time": "22:22:58",
          "terminate": "false"
        },
        {
          "speaker": "speaker1",
          "personaID": "94788",
          "participantID": "31026",
          "utterance": "네 그래야겠네요! 근데 일본 방사능은 좀 괜찮은가요?",
          "summary": "",
          "date": "2022-11-29",
          "time": "22:23:13",
          "terminate": "false"
        },
        {
          "speaker": "speaker2",
          "personaID": "91955",
          "participantID": "30613",
          "utterance": "딱히 신경쓰진 않았는데 그런거에 민감하신 편인가요?",
          "summary": "",
          "date": "2022-11-29",
          "time": "22:23:24",
          "terminate": "false"
        },
        {
          "speaker": "speaker1",
          "personaID": "94788",
          "participantID": "31026",
          "utterance": "네 맞아요. 좀 예민한 편이네요! 저 식사를 안해서 밥 좀 먹고 올게요!",
          "summary": "",
          "date": "2022-11-29",
          "time": "22:23:38",
          "terminate": "false"
        },
        {
          "speaker": "speaker2",
          "personaID": "91955",
          "participantID": "30613",
          "utterance": "네~^^ 식사 맛있게 드시고 또 연락주세요~ ㅎㅎ.",
          "summary": "",
          "date": "2022-11-29",
          "time": "22:23:51",
          "terminate": "true"
        }
      ],
      "sessionPersonaSummary": {
        "speaker1": [
          "나는 일본을 안 가봤다.",
          "나는 사우나를 좋아한다."
        ],
        "speaker2": [
          "나는 요즘 레게 음악을 자주 듣는다.",
          "나는 최근에 일본에 가봤다.",
          "나는 온천여행을 다녀왔다."
        ]
      },
      "prevAggregatedpersonaSummary": {
        "speaker1": [
          "나는 50대 여자이다.",
          "나는 혈액형이 B형이다.",
          "나는 줄넘기를 좋아한다.",
          "나는 TV 애니메이션을 좋아한다.",
          "나는 뉴질랜드에 안 가봤다."
        ],
        "speaker2": [
          "나는 40대 남자이다.",
          "나는 혈액형이 에이비형이다.",
          "나는 항상 편안하다. 나는 마음이 좋지 않을 때 운동을 한다.",
          "나는 레게 음악을 가끔 듣는다. 나는 티브이보단 여행 가는 걸 좋아한다.",
          "나는 뉴질랜드에 가보고 싶다."
        ]
      }
    },
    {
      "prevSessionID": "4-00234-2",
      "prevTimeInfo": {
        "timeNum": "2",
        "timeUnit": "주"
      },
      "nthSession": "3",
      "numberOfUtterances": "14",
      "numberOfTurns": "7",
      "sessionID": "4-00234-3",
      "dialog": [
        {
          "speaker": "speaker1",
          "personaID": "94788",
          "participantID": "31026",
          "utterance": "벌써 2주가 지났네요! 저는 오늘 좋아하는 줄넘기를 아침에 했습니다.",
          "summary": "나는 오늘 아침에 줄넘기를 했다.",
          "date": "2022-11-29",
          "time": "22:24:22",
          "terminate": "false"
        },
        {
          "speaker": "speaker2",
          "personaID": "91955",
          "participantID": "30613",
          "utterance": "그렇군요~ 근데 줄넘기 한번하면 몇번까지 안걸리 하시나요? 갑자기 궁금하네요.",
          "summary": "",
          "date": "2022-11-29",
          "time": "22:24:43",
          "terminate": "false"
        },
        {
          "speaker": "speaker1",
          "personaID": "94788",
          "participantID": "31026",
          "utterance": "저는 2단뛰기를 잘해요! 그래서 한번에 2단뛰기를 100개 까지 합니다.",
          "summary": "나는 줄넘기 2단 뛰기를 잘한다.",
          "date": "2022-11-29",
          "time": "22:24:54",
          "terminate": "false"
        },
        {
          "speaker": "speaker2",
          "personaID": "91955",
          "participantID": "30613",
          "utterance": "그렇군요? 연배가 있으신편인데 2단뛰기를 한다니 정말 대단하시네요~평소에 건강관리를 잘하시나봐요?",
          "summary": "",
          "date": "2022-11-29",
          "time": "22:25:24",
          "terminate": "false"
        },
        {
          "speaker": "speaker1",
          "personaID": "94788",
          "participantID": "31026",
          "utterance": "어릴때 부터 줄넘기를 좋아해서요! 그나저나 저 살빼야 합니다.",
          "summary": "나는 어릴 때부터 줄넘기를 좋아했다.",
          "date": "2022-11-29",
          "time": "22:25:26",
          "terminate": "false"
        },
        {
          "speaker": "speaker2",
          "personaID": "91955",
          "participantID": "30613",
          "utterance": "왜 살빼려고 하시는지 물어봐도 될까요? 줄넘기를 꾸준히 하셔서 왠지 살 안빼셔도 될것같은 느낌이드는데!",
          "summary": "",
          "date": "2022-11-29",
          "time": "22:25:47",
          "terminate": "false"
        },
        {
          "speaker": "speaker1",
          "personaID": "94788",
          "participantID": "31026",
          "utterance": "남편이 다음달에 휴양지로 여행을 가자고 해서 급하게 다이어트를 해야 하네요.",
          "summary": "나는 다음 달에 휴양지로 여행을 간다. 나는 다이어트를 한다.",
          "date": "2022-11-29",
          "time": "22:25:52",
          "terminate": "false"
        },
        {
          "speaker": "speaker2",
          "personaID": "91955",
          "participantID": "30613",
          "utterance": "와우 그렇군요~ 휴양지라고 하면 해외여행을 다녀올 예정인가요?",
          "summary": "",
          "date": "2022-11-29",
          "time": "22:26:07",
          "terminate": "false"
        },
        {
          "speaker": "speaker1",
          "personaID": "94788",
          "participantID": "31026",
          "utterance": "네 맞아요. 베트남이 휴양지로 좋다고 해서 베트남에 가려고 합니다.",
          "summary": "나는 베트남에 갈 것이다.",
          "date": "2022-11-29",
          "time": "22:26:15",
          "terminate": "false"
        },
        {
          "speaker": "speaker2",
          "personaID": "91955",
          "participantID": "30613",
          "utterance": "너무 부럽네요. 거긴 물가도 싸고 휴양하기 참 좋다고 하더라고요.",
          "summary": "",
          "date": "2022-11-29",
          "time": "22:26:23",
          "terminate": "false"
        },
        {
          "speaker": "speaker1",
          "personaID": "94788",
          "participantID": "31026",
          "utterance": "아 그래요? 혹시 베트남도 가보셨나요? 저는 정보가 없어서 잘모르겠네요.",
          "summary": "",
          "date": "2022-11-29",
          "time": "22:26:42",
          "terminate": "false"
        },
        {
          "speaker": "speaker2",
          "personaID": "91955",
          "participantID": "30613",
          "utterance": "네~ 저는 일년에 한번은 꼭 베트남에 가요~^^ 하하하.",
          "summary": "나는 일 년에 한 번은 베트남에 간다.",
          "date": "2022-11-29",
          "time": "22:27:12",
          "terminate": "false"
        },
        {
          "speaker": "speaker1",
          "personaID": "94788",
          "participantID": "31026",
          "utterance": "대단하시네요! 저 잠시 여행사에서 전화가 와서 통화 좀 하고 올게요!",
          "summary": "",
          "date": "2022-11-29",
          "time": "22:27:15",
          "terminate": "false"
        },
        {
          "speaker": "speaker2",
          "personaID": "91955",
          "participantID": "30613",
          "utterance": "그렇군요~^^ 그럼 통화하시고 또 연락주세요~저도 일보고 있을게요!",
          "summary": "",
          "date": "2022-11-29",
          "time": "22:27:48",
          "terminate": "true"
        }
      ],
      "sessionPersonaSummary": {
        "speaker1": [
          "나는 오늘 아침에 줄넘기를 했다.",
          "나는 줄넘기 2단 뛰기를 잘한다.",
          "나는 어릴 때부터 줄넘기를 좋아했다.",
          "나는 다음 달에 휴양지로 여행을 간다. 나는 다이어트를 한다.",
          "나는 베트남에 갈 것이다."
        ],
        "speaker2": [
          "나는 일 년에 한 번은 베트남에 간다."
        ]
      },
      "prevAggregatedpersonaSummary": {
        "speaker1": [
          "나는 50대 여자이다.",
          "나는 혈액형이 B형이다.",
          "나는 줄넘기를 좋아한다.",
          "나는 TV 애니메이션을 좋아한다.",
          "나는 뉴질랜드에 안 가봤다.",
          "나는 일본을 안 가봤다.",
          "나는 사우나를 좋아한다."
        ],
        "speaker2": [
          "나는 40대 남자이다.",
          "나는 혈액형이 에이비형이다.",
          "나는 항상 편안하다. 나는 마음이 좋지 않을 때 운동을 한다.",
          "나는 레게 음악을 가끔 듣는다. 나는 티브이보단 여행 가는 걸 좋아한다.",
          "나는 뉴질랜드에 가보고 싶다.",
          "나는 요즘 레게 음악을 자주 듣는다.",
          "나는 최근에 일본에 가봤다.",
          "나는 온천여행을 다녀왔다."
        ]
      }
    },
    {
      "prevSessionID": "4-00234-3",
      "prevTimeInfo": {
        "timeNum": "3",
        "timeUnit": "시간"
      },
      "nthSession": "4",
      "numberOfUtterances": "14",
      "numberOfTurns": "7",
      "sessionID": "4-00234-4",
      "dialog": [
        {
          "speaker": "speaker1",
          "personaID": "94788",
          "participantID": "31026",
          "utterance": "3시간만에 연락드리네요! 저 베트남에 대해서 좀 알려주세요!",
          "summary": "",
          "date": "2022-11-29",
          "time": "22:27:56",
          "terminate": "false"
        },
        {
          "speaker": "speaker2",
          "personaID": "91955",
          "participantID": "30613",
          "utterance": "베트남을 처음가보시는건가요? 혹시 어느지역으로 가시는건가요?",
          "summary": "",
          "date": "2022-11-29",
          "time": "22:28:25",
          "terminate": "false"
        },
        {
          "speaker": "speaker1",
          "personaID": "94788",
          "participantID": "31026",
          "utterance": "네 맞아요. 나트랑인가? 거기로 가자고 하던데 혹시 아시나요?",
          "summary": "나는 냐짱을 간다.",
          "date": "2022-11-29",
          "time": "22:28:28",
          "terminate": "false"
        },
        {
          "speaker": "speaker2",
          "personaID": "91955",
          "participantID": "30613",
          "utterance": "오~ 베트남계의 제주도 아닌가요? 그리고 미국계의 하와이라고 하던데요?",
          "summary": "",
          "date": "2022-11-29",
          "time": "22:28:39",
          "terminate": "false"
        },
        {
          "speaker": "speaker1",
          "personaID": "94788",
          "participantID": "31026",
          "utterance": "아 그런가요? 나트랑은 휴양지로 괜찮은 곳인가요?",
          "summary": "",
          "date": "2022-11-29",
          "time": "22:28:59",
          "terminate": "false"
        },
        {
          "speaker": "speaker2",
          "personaID": "91955",
          "participantID": "30613",
          "utterance": "네 거기 너무 좋다고 하더라고요~^^ 베트남에 가시면 전통음식도 꼭 드셔보세요!",
          "summary": "",
          "date": "2022-11-29",
          "time": "22:29:08",
          "terminate": "false"
        },
        {
          "speaker": "speaker1",
          "personaID": "94788",
          "participantID": "31026",
          "utterance": "베트남 전통음식은 무엇인가요? 저도 궁굼하네요!",
          "summary": "",
          "date": "2022-11-29",
          "time": "22:29:25",
          "terminate": "false"
        },
        {
          "speaker": "speaker2",
          "personaID": "91955",
          "participantID": "30613",
          "utterance": "분짜랑 쌀국수 그리고 스프링롤 등이있는데 1일 1분짜 꼭 하셔야합니다.",
          "summary": "",
          "date": "2022-11-29",
          "time": "22:29:32",
          "terminate": "false"
        },
        {
          "speaker": "speaker1",
          "personaID": "94788",
          "participantID": "31026",
          "utterance": "분짜요? 이름은 무슨 짜장면 같은데 어떤 음식인가요?",
          "summary": "",
          "date": "2022-11-29",
          "time": "22:29:49",
          "terminate": "false"
        },
        {
          "speaker": "speaker2",
          "personaID": "91955",
          "participantID": "30613",
          "utterance": "하하하 국수류 맞아요~ 근데 약간 모밀처럼 면을 넣어서 먹는건데 진짜 맛있어요~",
          "summary": "",
          "date": "2022-11-29",
          "time": "22:30:03",
          "terminate": "false"
        },
        {
          "speaker": "speaker1",
          "personaID": "94788",
          "participantID": "31026",
          "utterance": "그렇군요! 메모해 놓을게요! 저는 휴양지가서 마사지 좀 받고 오려구요!",
          "summary": "나는 마사지를 받을 것이다.",
          "date": "2022-11-29",
          "time": "22:30:07",
          "terminate": "false"
        },
        {
          "speaker": "speaker2",
          "personaID": "91955",
          "participantID": "30613",
          "utterance": "오~ 맛사지도 너무 좋죠~^^ 가면 아로마 마사지 전신으로 꼭 받고 오세요!",
          "summary": "",
          "date": "2022-11-29",
          "time": "22:30:19",
          "terminate": "false"
        },
        {
          "speaker": "speaker1",
          "personaID": "94788",
          "participantID": "31026",
          "utterance": "그래야겠네요! 벌써 부터 설레이네요! 저 이제 남편이 온다고 해서 저녁 준비 하러 가볼게요!",
          "summary": "",
          "date": "2022-11-29",
          "time": "22:30:34",
          "terminate": "false"
        },
        {
          "speaker": "speaker2",
          "personaID": "91955",
          "participantID": "30613",
          "utterance": "하하하 부럽네요~ ㅎㅎ 그럼 여행도 다녀와서 편하실때 또 연락주세요!",
          "summary": "",
          "date": "2022-11-29",
          "time": "22:30:38",
          "terminate": "true"
        }
      ],
      "sessionPersonaSummary": {
        "speaker1": [
          "나는 냐짱을 간다.",
          "나는 마사지를 받을 것이다."
        ],
        "speaker2": []
      },
      "prevAggregatedpersonaSummary": {
        "speaker1": [
          "나는 50대 여자이다.",
          "나는 혈액형이 B형이다.",
          "나는 줄넘기를 좋아한다.",
          "나는 TV 애니메이션을 좋아한다.",
          "나는 뉴질랜드에 안 가봤다.",
          "나는 일본을 안 가봤다.",
          "나는 사우나를 좋아한다.",
          "나는 오늘 아침에 줄넘기를 했다.",
          "나는 줄넘기 2단 뛰기를 잘한다.",
          "나는 어릴 때부터 줄넘기를 좋아했다.",
          "나는 다음 달에 휴양지로 여행을 간다. 나는 다이어트를 한다.",
          "나는 베트남에 갈 것이다."
        ],
        "speaker2": [
          "나는 40대 남자이다.",
          "나는 혈액형이 에이비형이다.",
          "나는 항상 편안하다. 나는 마음이 좋지 않을 때 운동을 한다.",
          "나는 레게 음악을 가끔 듣는다. 나는 티브이보단 여행 가는 걸 좋아한다.",
          "나는 뉴질랜드에 가보고 싶다.",
          "나는 요즘 레게 음악을 자주 듣는다.",
          "나는 최근에 일본에 가봤다.",
          "나는 온천여행을 다녀왔다.",
          "나는 일 년에 한 번은 베트남에 간다."
        ]
      }
    }
  ]
}