{
  "FileInfo": {
    "filename": "K4-00335-CL27103-CP13792-09-02-S4.json",
    "sessionLevel": "4"
  },
  "participantsInfo": {
    "numberOfParticipants": "2",
    "speaker1": {
      "participantID": "4287",
      "gender": "여성",
      "age": "30대",
      "occupation": "전문직",
      "bPlace": "서울/경기/인천",
      "gPlace": "서울/경기/인천",
      "rPlace": "서울/경기/인천",
      "educationLevel": "대졸"
    },
    "speaker2": {
      "participantID": "4739",
      "gender": "여성",
      "age": "20대",
      "occupation": "관리직",
      "bPlace": "부산/대구/울산/경상",
      "gPlace": "부산/대구/울산/경상",
      "rPlace": "부산/대구/울산/경상",
      "educationLevel": "대졸"
    }
  },
  "multisessionInfo": {
    "multisessionID": "4-00335"
  },
  "personaInfo": {
    "clInfo": {
      "personaID": "27103",
      "personaFeatures": [
        "나는 여자이다.",
        "나는 20대이다.",
        "나는 대학생이다",
        "나는 철학이 부전공이다",
        "나는 국내 여행을 자주 한다",
        "나는 아이스 바닐라라떼를 자주 마신다",
        "나의 생일은 4월이다"
      ],
      "speakerType": "speaker1"
    },
    "cpInfo": {
      "personaID": "13792",
      "personaFeatures": [
        "나는 여자이다.",
        "나는 10대이다.",
        "나의 종교는 카톨릭이다",
        "나는 기말고사를 보는 게 힘들다",
        "나의 생일은 4월이다",
        "나는 매일 질투가 난다",
        "나는 물고기 한 마리를 키운다"
      ],
      "speakerType": "speaker2"
    }
  },
  "topicInfo": {
    "topicID": "09-02",
    "topicType": "개인 및 관계>반려동물",
    "topicTitle": "고양이"
  },
  "sessionInfo": [
    {
      "prevSessionID": null,
      "prevTimeInfo": {
        "timeNum": null,
        "timeUnit": null
      },
      "nthSession": "1",
      "numberOfUtterances": "14",
      "numberOfTurns": "7",
      "sessionID": "4-00335-1",
      "dialog": [
        {
          "speaker": "speaker1",
          "personaID": "27103",
          "participantID": "4287",
          "utterance": "안녕하세요 저는 20대 여성이에요",
          "summary": "나는 20대 여성이다.\n",
          "date": "2022-11-23",
          "time": "16:43:47",
          "terminate": "false"
        },
        {
          "speaker": "speaker2",
          "personaID": "13792",
          "participantID": "4739",
          "utterance": "안녕하세요. 저는 10대 여성입니다.",
          "summary": "나는 10대 여성입니다",
          "date": "2022-11-23",
          "time": "16:45:27",
          "terminate": "false"
        },
        {
          "speaker": "speaker1",
          "personaID": "27103",
          "participantID": "4287",
          "utterance": "반갑습니다 저는 의과대학생이고 부전공은 철학이에요 ",
          "summary": "나는 의과대학생이고, 부전공은 철학이다.",
          "date": "2022-11-23",
          "time": "17:02:45",
          "terminate": "false"
        },
        {
          "speaker": "speaker2",
          "personaID": "13792",
          "participantID": "4739",
          "utterance": "저는 학생이고 지금 기말고사 시험기간이에요. 기말고사를 보는게 힘드네요. ",
          "summary": "나는 학생이고 기말고사 시험기간이라 힘듭니다",
          "date": "2022-11-23",
          "time": "17:27:51",
          "terminate": "false"
        },
        {
          "speaker": "speaker1",
          "personaID": "27103",
          "participantID": "4287",
          "utterance": "기말고사 양도 많고 힘들죠 함께 힘내요 저는 방학에 국내 여행을 자주 하는데 여행 좋아하세요?",
          "summary": "나는 방학에 국내 여행을 자주 한다.",
          "date": "2022-11-23",
          "time": "19:25:48",
          "terminate": "false"
        },
        {
          "speaker": "speaker2",
          "personaID": "13792",
          "participantID": "4739",
          "utterance": "네 여행 좋아해요! 제 생일은 4월이라서 여행을 계획중이에요.",
          "summary": "나는 4월 생일이고 여행 좋아해서 계획 중입니다",
          "date": "2022-11-23",
          "time": "20:12:15",
          "terminate": "false"
        },
        {
          "speaker": "speaker1",
          "personaID": "27103",
          "participantID": "4287",
          "utterance": "저도 4월이 생일인데! 신기해라 어디로 갈 생각이세요? 저도 담달에 제주도가요",
          "summary": "나는 4월생이다. 그리고 다음 달에 제주도를 간다.",
          "date": "2022-11-23",
          "time": "23:49:19",
          "terminate": "false"
        },
        {
          "speaker": "speaker2",
          "personaID": "13792",
          "participantID": "4739",
          "utterance": "저는 가족들과 함께  싱가폴여행을 고민하고 있어요. 제 종교는 가톨릭인데 님은요?",
          "summary": "나는 가족과 싱가포르 여행을 고민하고 있고 가톨릭입니다",
          "date": "2022-11-24",
          "time": "09:09:48",
          "terminate": "false"
        },
        {
          "speaker": "speaker1",
          "personaID": "27103",
          "participantID": "4287",
          "utterance": "싱가폴 너무 좋을거 같아요 저는 교회다니고 있어요 좋아하는 음식은 뭐에요?",
          "summary": "나는 교회를 다니고 있다.",
          "date": "2022-11-24",
          "time": "10:25:22",
          "terminate": "false"
        },
        {
          "speaker": "speaker2",
          "personaID": "13792",
          "participantID": "4739",
          "utterance": "저는 떡복이를 좋아해요. 저는 지금 물고기 한 마리를 키우고 있는데 동물 키우시나요?",
          "summary": "나는 떡볶이를 좋아하고 물고기 한 마리를 키우고 있습니다",
          "date": "2022-11-24",
          "time": "11:07:51",
          "terminate": "false"
        },
        {
          "speaker": "speaker1",
          "personaID": "27103",
          "participantID": "4287",
          "utterance": "그렇군요 저는 아이스바닐라라떼를 좋아해서 자주 마시거든요 어떤 물고기 키우세요? 저는 시간이 없고 귀찮고 깔끔한 걸 좋아해서 못키워요 ",
          "summary": "나는 아이스 바닐라라테를 좋아한다.",
          "date": "2022-11-24",
          "time": "11:40:43",
          "terminate": "false"
        },
        {
          "speaker": "speaker2",
          "personaID": "13792",
          "participantID": "4739",
          "utterance": "구피 키우고 있어요. 부모님께서 손이 많이 가지 않는 동물이라서 예뻐하시니 매일 질투가 나요. 그리고 저는 강아지도 키우고 있어요.",
          "summary": "강아지와 구피를 키우고 부모님이 이뻐해서 질투가 납니다",
          "date": "2022-11-24",
          "time": "13:26:13",
          "terminate": "false"
        },
        {
          "speaker": "speaker1",
          "personaID": "27103",
          "participantID": "4287",
          "utterance": "그렇군요 엄청 귀여운가 봐요 저도 강아지 좋아하는데 너무 이쁘고 귀여워요",
          "summary": "나는 강아지를 좋아한다.",
          "date": "2022-11-24",
          "time": "14:13:45",
          "terminate": "false"
        },
        {
          "speaker": "speaker2",
          "personaID": "13792",
          "participantID": "4739",
          "utterance": "저에게는 친구이자 동생같은 존재이죠! ㅎㅎ 오늘은 이만 나가볼께요 !",
          "summary": "나는 친구이자 동생 같은 존재가 애완동물입니다",
          "date": "2022-11-24",
          "time": "14:24:33",
          "terminate": "true"
        }
      ],
      "sessionPersonaSummary": {
        "speaker1": [
          "나는 20대 여성이다.\n",
          "나는 의과대학생이고, 부전공은 철학이다.",
          "나는 방학에 국내 여행을 자주 한다.",
          "나는 4월생이다. 그리고 다음 달에 제주도를 간다.",
          "나는 교회를 다니고 있다.",
          "나는 아이스 바닐라라테를 좋아한다.",
          "나는 강아지를 좋아한다."
        ],
        "speaker2": [
          "나는 10대 여성입니다",
          "나는 학생이고 기말고사 시험기간이라 힘듭니다",
          "나는 4월 생일이고 여행 좋아해서 계획 중입니다",
          "나는 가족과 싱가포르 여행을 고민하고 있고 가톨릭입니다",
          "나는 떡볶이를 좋아하고 물고기 한 마리를 키우고 있습니다",
          "강아지와 구피를 키우고 부모님이 이뻐해서 질투가 납니다",
          "나는 친구이자 동생 같은 존재가 애완동물입니다"
        ]
      },
      "prevAggregatedpersonaSummary": {
        "speaker1": [],
        "speaker2": []
      }
    },
    {
      "prevSessionID": "4-00335-1",
      "prevTimeInfo": {
        "timeNum": "3",
        "timeUnit": "주"
      },
      "nthSession": "2",
      "numberOfUtterances": "14",
      "numberOfTurns": "7",
      "sessionID": "4-00335-2",
      "dialog": [
        {
          "speaker": "speaker1",
          "personaID": "27103",
          "participantID": "4287",
          "utterance": "안녕하세요 3주만인데 잘 지내셨어요?",
          "summary": "",
          "date": "2022-11-24",
          "time": "18:59:22",
          "terminate": "false"
        },
        {
          "speaker": "speaker2",
          "personaID": "13792",
          "participantID": "4739",
          "utterance": "오랜만이에요. 요즘 반려동물에 관심이 생겨서 가족들과 함께 분양을 고민하고 있어요!",
          "summary": "나는 요즘 반려동물에 관심이 생겨서 가족들과 함께 분양을 고민하고 있습니다",
          "date": "2022-11-24",
          "time": "23:32:13",
          "terminate": "false"
        },
        {
          "speaker": "speaker1",
          "personaID": "27103",
          "participantID": "4287",
          "utterance": "우아 어떤 반려동물을 입양 생각하세요? 부러워요",
          "summary": "",
          "date": "2022-11-25",
          "time": "12:29:17",
          "terminate": "false"
        },
        {
          "speaker": "speaker2",
          "personaID": "13792",
          "participantID": "4739",
          "utterance": "지금 강아지를 한 마리 키우고 있는데 외로워 보여서 한 마리를 더 분양받을까 고민중이에요.",
          "summary": "나는 강아지를 한 마리 더 분양할까 고민 중입니다",
          "date": "2022-11-25",
          "time": "20:22:25",
          "terminate": "false"
        },
        {
          "speaker": "speaker1",
          "personaID": "27103",
          "participantID": "4287",
          "utterance": "우와 한마리 더 분양받다니.. 부지런한 성향이신가봐요~ 저는 요새 고양이가 엄청 귀여워요",
          "summary": "나는 고양이가 엄청 귀엽다.",
          "date": "2022-11-26",
          "time": "10:48:00",
          "terminate": "false"
        },
        {
          "speaker": "speaker2",
          "personaID": "13792",
          "participantID": "4739",
          "utterance": "고양이 정말 귀여운것 같아요! 저는 그 초롱초롱한 눈매가 너무 예쁘더라구요.",
          "summary": "나는 고양이가 정말 귀엽습니다",
          "date": "2022-11-26",
          "time": "13:54:57",
          "terminate": "false"
        },
        {
          "speaker": "speaker1",
          "personaID": "27103",
          "participantID": "4287",
          "utterance": "맞아요 귀엽고 애교많은 고양이들은 정말 귀여운 거 같아요",
          "summary": "나는 귀엽고 애교 많은 고양이가 좋다.",
          "date": "2022-11-26",
          "time": "17:53:41",
          "terminate": "false"
        },
        {
          "speaker": "speaker2",
          "personaID": "13792",
          "participantID": "4739",
          "utterance": "고양이 중에 개냥이 스타일을 좋아하는데 님은요?",
          "summary": "나는 개냥이 스타일을 좋아합니다",
          "date": "2022-11-26",
          "time": "19:03:02",
          "terminate": "false"
        },
        {
          "speaker": "speaker1",
          "personaID": "27103",
          "participantID": "4287",
          "utterance": "저도 그런 애교있고 귀여운 고양이를 더 좋아해요 ",
          "summary": "나는 애교 있고 귀여운 고양이를 좋아한다.",
          "date": "2022-11-26",
          "time": "19:36:16",
          "terminate": "false"
        },
        {
          "speaker": "speaker2",
          "personaID": "13792",
          "participantID": "4739",
          "utterance": "고양이는 뭔가 강아지와 다르게 의사소통?이  잘 안되는 점이 다소 아쉬워요.",
          "summary": "나는 고양이가 의사소통이 잘 안 되어 아쉽습니다",
          "date": "2022-11-26",
          "time": "20:34:52",
          "terminate": "false"
        },
        {
          "speaker": "speaker1",
          "personaID": "27103",
          "participantID": "4287",
          "utterance": "아 의사소통이 안되는 군요 몰랐어요 ",
          "summary": "",
          "date": "2022-11-26",
          "time": "22:33:33",
          "terminate": "false"
        },
        {
          "speaker": "speaker2",
          "personaID": "13792",
          "participantID": "4739",
          "utterance": "그래서 강아지가 보통 고양이한테 때림을 당하죠 ㅋㅋ",
          "summary": "",
          "date": "2022-11-26",
          "time": "23:16:23",
          "terminate": "false"
        },
        {
          "speaker": "speaker1",
          "personaID": "27103",
          "participantID": "4287",
          "utterance": "아 그렇군요 하하 고양이는 대부분 도도한 거 같아요",
          "summary": "나는 고양이가 대부분 도도하다고 생각한다.",
          "date": "2022-11-27",
          "time": "14:53:37",
          "terminate": "false"
        },
        {
          "speaker": "speaker2",
          "personaID": "13792",
          "participantID": "4739",
          "utterance": "도도한 고양이가 많죠 ㅋㅋ 저는 이만 나가볼께요.",
          "summary": "나는 이만 나가겠습니다",
          "date": "2022-11-27",
          "time": "18:51:38",
          "terminate": "true"
        }
      ],
      "sessionPersonaSummary": {
        "speaker1": [
          "나는 고양이가 엄청 귀엽다.",
          "나는 귀엽고 애교 많은 고양이가 좋다.",
          "나는 애교 있고 귀여운 고양이를 좋아한다.",
          "나는 고양이가 대부분 도도하다고 생각한다."
        ],
        "speaker2": [
          "나는 요즘 반려동물에 관심이 생겨서 가족들과 함께 분양을 고민하고 있습니다",
          "나는 강아지를 한 마리 더 분양할까 고민 중입니다",
          "나는 고양이가 정말 귀엽습니다",
          "나는 개냥이 스타일을 좋아합니다",
          "나는 고양이가 의사소통이 잘 안 되어 아쉽습니다",
          "나는 이만 나가겠습니다"
        ]
      },
      "prevAggregatedpersonaSummary": {
        "speaker1": [
          "나는 20대 여성이다.\n",
          "나는 의과대학생이고, 부전공은 철학이다.",
          "나는 방학에 국내 여행을 자주 한다.",
          "나는 4월생이다. 그리고 다음 달에 제주도를 간다.",
          "나는 교회를 다니고 있다.",
          "나는 아이스 바닐라라테를 좋아한다.",
          "나는 강아지를 좋아한다."
        ],
        "speaker2": [
          "나는 10대 여성입니다",
          "나는 학생이고 기말고사 시험기간이라 힘듭니다",
          "나는 4월 생일이고 여행 좋아해서 계획 중입니다",
          "나는 가족과 싱가포르 여행을 고민하고 있고 가톨릭입니다",
          "나는 떡볶이를 좋아하고 물고기 한 마리를 키우고 있습니다",
          "강아지와 구피를 키우고 부모님이 이뻐해서 질투가 납니다",
          "나는 친구이자 동생 같은 존재가 애완동물입니다"
        ]
      }
    },
    {
      "prevSessionID": "4-00335-2",
      "prevTimeInfo": {
        "timeNum": "6",
        "timeUnit": "일"
      },
      "nthSession": "3",
      "numberOfUtterances": "14",
      "numberOfTurns": "7",
      "sessionID": "4-00335-3",
      "dialog": [
        {
          "speaker": "speaker1",
          "personaID": "27103",
          "participantID": "4287",
          "utterance": "잘 지내셨어요? 벌써 6일만이네요",
          "summary": "나는 6일 만에 연락한다",
          "date": "2022-11-29",
          "time": "11:40:22",
          "terminate": "false"
        },
        {
          "speaker": "speaker2",
          "personaID": "13792",
          "participantID": "4739",
          "utterance": "오랜만이에요. 저는 친구가 고양이를 분양받았다는 이야기를 듣고 놀러갔다왔어요.",
          "summary": "나는 친구가 고양이를 분양받아서 놀러 갔다 왔습니다",
          "date": "2022-11-29",
          "time": "11:52:54",
          "terminate": "false"
        },
        {
          "speaker": "speaker1",
          "personaID": "27103",
          "participantID": "4287",
          "utterance": "우아 그렇군요 새끼고양이인가요?",
          "summary": "",
          "date": "2022-11-29",
          "time": "12:03:25",
          "terminate": "false"
        },
        {
          "speaker": "speaker2",
          "personaID": "13792",
          "participantID": "4739",
          "utterance": "네! 품종은 모르겠으나 사진을 보니 엄청 귀엽더라구요.",
          "summary": "나는 품종은 모르나 사진 보니 엄청 귀엽습니다",
          "date": "2022-11-29",
          "time": "15:01:25",
          "terminate": "false"
        },
        {
          "speaker": "speaker1",
          "personaID": "27103",
          "participantID": "4287",
          "utterance": "우아 너무 귀여웠을 거 같아요~ 애교 많으면 좋겠어요",
          "summary": "나는 애교가 많은 고양이가 좋다",
          "date": "2022-11-29",
          "time": "17:16:05",
          "terminate": "false"
        },
        {
          "speaker": "speaker2",
          "personaID": "13792",
          "participantID": "4739",
          "utterance": "은근 개냥이 인것 같아요. 고양이들은 일단 손이 많이 안가서 키우기 편한것 같더라구요",
          "summary": "나는 고양이는 손이 많이 안 가서 키우기 편한 거 같습니다",
          "date": "2022-11-29",
          "time": "22:16:32",
          "terminate": "false"
        },
        {
          "speaker": "speaker1",
          "personaID": "27103",
          "participantID": "4287",
          "utterance": "맞아요 제 주변에도 보면 강아지보단 수월한 거 같아요",
          "summary": "",
          "date": "2022-11-30",
          "time": "11:32:19",
          "terminate": "false"
        },
        {
          "speaker": "speaker2",
          "personaID": "13792",
          "participantID": "4739",
          "utterance": "화장실 쓰는것도 편리하고 좋은 것 같아요.",
          "summary": "",
          "date": "2022-11-30",
          "time": "14:59:50",
          "terminate": "false"
        },
        {
          "speaker": "speaker1",
          "personaID": "27103",
          "participantID": "4287",
          "utterance": "맞아요 그게 가장 큰 장점같아요 하하",
          "summary": "",
          "date": "2022-11-30",
          "time": "18:43:44",
          "terminate": "false"
        },
        {
          "speaker": "speaker2",
          "personaID": "13792",
          "participantID": "4739",
          "utterance": "나중에 고양이 한번은 꼭 키워보고 싶어요 ㅋㅋ",
          "summary": "나는 고양이를 나중에 한번 꼭 키워보고 싶습니다",
          "date": "2022-11-30",
          "time": "20:09:59",
          "terminate": "false"
        },
        {
          "speaker": "speaker1",
          "personaID": "27103",
          "participantID": "4287",
          "utterance": "그러시군요 저도 마당이 있으면 키워보고 싶어요",
          "summary": "나도 마당이 있으면 애완동물을 키워보고 싶다",
          "date": "2022-12-01",
          "time": "12:46:26",
          "terminate": "false"
        },
        {
          "speaker": "speaker2",
          "personaID": "13792",
          "participantID": "4739",
          "utterance": "마당에서 고양이를 키워보신다고요?!",
          "summary": "",
          "date": "2022-12-01",
          "time": "14:44:13",
          "terminate": "false"
        },
        {
          "speaker": "speaker1",
          "personaID": "27103",
          "participantID": "4287",
          "utterance": "아 고양이는 마당에서 못 사나요?",
          "summary": "",
          "date": "2022-12-02",
          "time": "11:36:08",
          "terminate": "false"
        },
        {
          "speaker": "speaker2",
          "personaID": "13792",
          "participantID": "4739",
          "utterance": "외국에서는 애완고양이들도 야외에서 돌아다니다가 집에 돌아오는데 한국에서는 그런 경우를 못봤어요.ㅎㅎ 저는 이만 나가볼께요",
          "summary": "나는 외국에서는 애완 고양이가 야외 돌아다니다가 집에 돌아오는데 한국에서는 아직 그런 경우를 못 봤습니다",
          "date": "2022-12-02",
          "time": "18:11:12",
          "terminate": "true"
        }
      ],
      "sessionPersonaSummary": {
        "speaker1": [
          "나는 6일 만에 연락한다",
          "나는 애교가 많은 고양이가 좋다",
          "나도 마당이 있으면 애완동물을 키워보고 싶다"
        ],
        "speaker2": [
          "나는 친구가 고양이를 분양받아서 놀러 갔다 왔습니다",
          "나는 품종은 모르나 사진 보니 엄청 귀엽습니다",
          "나는 고양이는 손이 많이 안 가서 키우기 편한 거 같습니다",
          "나는 고양이를 나중에 한번 꼭 키워보고 싶습니다",
          "나는 외국에서는 애완 고양이가 야외 돌아다니다가 집에 돌아오는데 한국에서는 아직 그런 경우를 못 봤습니다"
        ]
      },
      "prevAggregatedpersonaSummary": {
        "speaker1": [
          "나는 20대 여성이다.\n",
          "나는 의과대학생이고, 부전공은 철학이다.",
          "나는 방학에 국내 여행을 자주 한다.",
          "나는 4월생이다. 그리고 다음 달에 제주도를 간다.",
          "나는 교회를 다니고 있다.",
          "나는 아이스 바닐라라테를 좋아한다.",
          "나는 강아지를 좋아한다.",
          "나는 고양이가 엄청 귀엽다.",
          "나는 귀엽고 애교 많은 고양이가 좋다.",
          "나는 애교 있고 귀여운 고양이를 좋아한다.",
          "나는 고양이가 대부분 도도하다고 생각한다."
        ],
        "speaker2": [
          "나는 10대 여성입니다",
          "나는 학생이고 기말고사 시험기간이라 힘듭니다",
          "나는 4월 생일이고 여행 좋아해서 계획 중입니다",
          "나는 가족과 싱가포르 여행을 고민하고 있고 가톨릭입니다",
          "나는 떡볶이를 좋아하고 물고기 한 마리를 키우고 있습니다",
          "강아지와 구피를 키우고 부모님이 이뻐해서 질투가 납니다",
          "나는 친구이자 동생 같은 존재가 애완동물입니다",
          "나는 요즘 반려동물에 관심이 생겨서 가족들과 함께 분양을 고민하고 있습니다",
          "나는 강아지를 한 마리 더 분양할까 고민 중입니다",
          "나는 고양이가 정말 귀엽습니다",
          "나는 개냥이 스타일을 좋아합니다",
          "나는 고양이가 의사소통이 잘 안 되어 아쉽습니다",
          "나는 이만 나가겠습니다"
        ]
      }
    },
    {
      "prevSessionID": "4-00335-3",
      "prevTimeInfo": {
        "timeNum": "19",
        "timeUnit": "시간"
      },
      "nthSession": "4",
      "numberOfUtterances": "14",
      "numberOfTurns": "7",
      "sessionID": "4-00335-4",
      "dialog": [
        {
          "speaker": "speaker1",
          "personaID": "27103",
          "participantID": "4287",
          "utterance": "잘 지내셨나요? 벌써 19시간이나 지났네요",
          "summary": "",
          "date": "2022-12-03",
          "time": "17:29:04",
          "terminate": "false"
        },
        {
          "speaker": "speaker2",
          "personaID": "13792",
          "participantID": "4739",
          "utterance": "시간 정말 빠르네요. 산책갔다가 귀여운 고양이를 보고 왔더니 기분이 좋아요",
          "summary": "나는 산책 가서 귀여운 고양이를 보고 와서 기분이 좋습니다",
          "date": "2022-12-04",
          "time": "17:13:54",
          "terminate": "false"
        },
        {
          "speaker": "speaker1",
          "personaID": "27103",
          "participantID": "4287",
          "utterance": "우아 길고양이였을까요? 저도 요새 고양이가 귀여워요",
          "summary": "나는 요새 고양이가 귀엽다",
          "date": "2022-12-04",
          "time": "18:57:50",
          "terminate": "false"
        },
        {
          "speaker": "speaker2",
          "personaID": "13792",
          "participantID": "4739",
          "utterance": "그쵸? 항상 작은 간식들을 들고 다니는데 오늘 만난 고양이들은 제가 준 간식을 안먹어서 섭섭하더라구요",
          "summary": "나는 항상 작은 간식을 들고 다니는데 오늘 만난 고양이들은 제가 준 간식을 안 먹어서 섭섭했습니다",
          "date": "2022-12-04",
          "time": "20:27:14",
          "terminate": "false"
        },
        {
          "speaker": "speaker1",
          "personaID": "27103",
          "participantID": "4287",
          "utterance": "아고 왜 안먹었을까요? 간식을 들고 다니시다니 다정하시네요",
          "summary": "",
          "date": "2022-12-04",
          "time": "22:01:51",
          "terminate": "false"
        },
        {
          "speaker": "speaker2",
          "personaID": "13792",
          "participantID": "4739",
          "utterance": "반려견이 있어서 더욱 신경이 쓰이는 것 같아요!",
          "summary": "나는 반려견이 있어서 더욱 신경이 쓰이는 거 같습니다",
          "date": "2022-12-05",
          "time": "08:58:24",
          "terminate": "false"
        },
        {
          "speaker": "speaker1",
          "personaID": "27103",
          "participantID": "4287",
          "utterance": "그렇군요~ 반려견있는 분들이 보통 강아지 고양이를 많이 귀여워하고 길냥이들도 챙기시더라구요",
          "summary": "나는 반려견 있는 분들이 보통 강아지, 고양이를 많이 귀여워하고 길냥이들도 챙기는 모습을 보았다",
          "date": "2022-12-05",
          "time": "10:12:44",
          "terminate": "false"
        },
        {
          "speaker": "speaker2",
          "personaID": "13792",
          "participantID": "4739",
          "utterance": "맞아요! 저희 집 주변에는 고양이사료를 별도로 챙겨주시는 분도 있으시더라구요",
          "summary": "",
          "date": "2022-12-05",
          "time": "10:45:36",
          "terminate": "false"
        },
        {
          "speaker": "speaker1",
          "personaID": "27103",
          "participantID": "4287",
          "utterance": "너무 다정한 이웃이네요 겨울이라 챙겨주면 좋을 거 같아요",
          "summary": "",
          "date": "2022-12-05",
          "time": "10:57:08",
          "terminate": "false"
        },
        {
          "speaker": "speaker2",
          "personaID": "13792",
          "participantID": "4739",
          "utterance": "맞아요. 그래서 스티로폼 박스 같은것을 고양이들을 위해 두시더라구요",
          "summary": "",
          "date": "2022-12-05",
          "time": "13:37:45",
          "terminate": "false"
        },
        {
          "speaker": "speaker1",
          "personaID": "27103",
          "participantID": "4287",
          "utterance": "너무 따뜻한 동물애호가들이시네요 ㅠㅠ",
          "summary": "",
          "date": "2022-12-05",
          "time": "13:53:04",
          "terminate": "false"
        },
        {
          "speaker": "speaker2",
          "personaID": "13792",
          "participantID": "4739",
          "utterance": "저도 그래서 겨울철에는 그런거 보면 안쓰는 담요를 깔아주게 되는거 같아요!",
          "summary": "나는 겨울철에 안 쓰는 담요를 깔아주기 됩니다",
          "date": "2022-12-05",
          "time": "20:02:19",
          "terminate": "false"
        },
        {
          "speaker": "speaker1",
          "personaID": "27103",
          "participantID": "4287",
          "utterance": "정말 좋은 생각이네요 ㅠㅠ 저도 보이면 힘 닿는대로 도와주고 싶어요",
          "summary": "나도 고양이들이 보이면 힘닿는 대로 도와주고 싶다",
          "date": "2022-12-05",
          "time": "20:25:06",
          "terminate": "false"
        },
        {
          "speaker": "speaker2",
          "personaID": "13792",
          "participantID": "4739",
          "utterance": "정말 좋은 생각이에요. 이 세상 고양이들 전부 행복하면 좋겠네요. 저는 이만 나가볼께요.",
          "summary": "나는 이 세상 고양이들이 전부 행복하면 좋겠습니다",
          "date": "2022-12-06",
          "time": "07:27:01",
          "terminate": "true"
        }
      ],
      "sessionPersonaSummary": {
        "speaker1": [
          "나는 요새 고양이가 귀엽다",
          "나는 반려견 있는 분들이 보통 강아지, 고양이를 많이 귀여워하고 길냥이들도 챙기는 모습을 보았다",
          "나도 고양이들이 보이면 힘닿는 대로 도와주고 싶다"
        ],
        "speaker2": [
          "나는 산책 가서 귀여운 고양이를 보고 와서 기분이 좋습니다",
          "나는 항상 작은 간식을 들고 다니는데 오늘 만난 고양이들은 제가 준 간식을 안 먹어서 섭섭했습니다",
          "나는 반려견이 있어서 더욱 신경이 쓰이는 거 같습니다",
          "나는 겨울철에 안 쓰는 담요를 깔아주기 됩니다",
          "나는 이 세상 고양이들이 전부 행복하면 좋겠습니다"
        ]
      },
      "prevAggregatedpersonaSummary": {
        "speaker1": [
          "나는 20대 여성이다.\n",
          "나는 의과대학생이고, 부전공은 철학이다.",
          "나는 방학에 국내 여행을 자주 한다.",
          "나는 4월생이다. 그리고 다음 달에 제주도를 간다.",
          "나는 교회를 다니고 있다.",
          "나는 아이스 바닐라라테를 좋아한다.",
          "나는 강아지를 좋아한다.",
          "나는 고양이가 엄청 귀엽다.",
          "나는 귀엽고 애교 많은 고양이가 좋다.",
          "나는 애교 있고 귀여운 고양이를 좋아한다.",
          "나는 고양이가 대부분 도도하다고 생각한다.",
          "나는 6일 만에 연락한다",
          "나는 애교가 많은 고양이가 좋다",
          "나도 마당이 있으면 애완동물을 키워보고 싶다"
        ],
        "speaker2": [
          "나는 10대 여성입니다",
          "나는 학생이고 기말고사 시험기간이라 힘듭니다",
          "나는 4월 생일이고 여행 좋아해서 계획 중입니다",
          "나는 가족과 싱가포르 여행을 고민하고 있고 가톨릭입니다",
          "나는 떡볶이를 좋아하고 물고기 한 마리를 키우고 있습니다",
          "강아지와 구피를 키우고 부모님이 이뻐해서 질투가 납니다",
          "나는 친구이자 동생 같은 존재가 애완동물입니다",
          "나는 요즘 반려동물에 관심이 생겨서 가족들과 함께 분양을 고민하고 있습니다",
          "나는 강아지를 한 마리 더 분양할까 고민 중입니다",
          "나는 고양이가 정말 귀엽습니다",
          "나는 개냥이 스타일을 좋아합니다",
          "나는 고양이가 의사소통이 잘 안 되어 아쉽습니다",
          "나는 이만 나가겠습니다",
          "나는 친구가 고양이를 분양받아서 놀러 갔다 왔습니다",
          "나는 품종은 모르나 사진 보니 엄청 귀엽습니다",
          "나는 고양이는 손이 많이 안 가서 키우기 편한 거 같습니다",
          "나는 고양이를 나중에 한번 꼭 키워보고 싶습니다",
          "나는 외국에서는 애완 고양이가 야외 돌아다니다가 집에 돌아오는데 한국에서는 아직 그런 경우를 못 봤습니다"
        ]
      }
    }
  ]
}