{
  "FileInfo": {
    "filename": "K4-00143-CL41532-CP35122-07-09-S4.json",
    "sessionLevel": "4"
  },
  "participantsInfo": {
    "numberOfParticipants": "2",
    "speaker1": {
      "participantID": "3364",
      "gender": "여성",
      "age": "40대",
      "occupation": "주부",
      "bPlace": "부산/대구/울산/경상",
      "gPlace": "부산/대구/울산/경상",
      "rPlace": "부산/대구/울산/경상",
      "educationLevel": "대졸"
    },
    "speaker2": {
      "participantID": "3616",
      "gender": "여성",
      "age": "30대",
      "occupation": "무직",
      "bPlace": "서울/경기/인천",
      "gPlace": "서울/경기/인천",
      "rPlace": "서울/경기/인천",
      "educationLevel": "대졸"
    }
  },
  "multisessionInfo": {
    "multisessionID": "4-00143"
  },
  "personaInfo": {
    "clInfo": {
      "personaID": "41532",
      "personaFeatures": [
        "나는 여자이다.",
        "나는 40대이다.",
        "나는 물리치료사이다",
        "나는 주말에 필요한 물건을 만든다",
        "나는 위스키를 싫어한다"
      ],
      "speakerType": "speaker1"
    },
    "cpInfo": {
      "personaID": "35122",
      "personaFeatures": [
        "나는 여자이다.",
        "나는 30대이다.",
        "나는 스포츠 영화를 자주 본다",
        "나는 중학교 과학 교사이다",
        "나는 중국에 가 보고 싶다",
        "나는 매우 활발하다",
        "나는 칼국수를 안 먹는다"
      ],
      "speakerType": "speaker2"
    }
  },
  "topicInfo": {
    "topicID": "07-09",
    "topicType": "개인 및 관계>가족",
    "topicTitle": "가족 형태"
  },
  "sessionInfo": [
    {
      "prevSessionID": null,
      "prevTimeInfo": {
        "timeNum": null,
        "timeUnit": null
      },
      "nthSession": "1",
      "numberOfUtterances": "14",
      "numberOfTurns": "7",
      "sessionID": "4-00143-1",
      "dialog": [
        {
          "speaker": "speaker1",
          "personaID": "41532",
          "participantID": "3364",
          "utterance": "안녕하세요 반갑습니다 저는 40대 여성입니다",
          "summary": "나는 40대 여성이다.",
          "date": "2022-11-16",
          "time": "13:44:32",
          "terminate": "false"
        },
        {
          "speaker": "speaker2",
          "personaID": "35122",
          "participantID": "3616",
          "utterance": "안녕하세요 저는 중학교 과학 교사로 일하고 있는 30대 여성입니다.",
          "summary": "나는 중학교 과학교사이며 30대 여성이다",
          "date": "2022-11-16",
          "time": "15:57:33",
          "terminate": "false"
        },
        {
          "speaker": "speaker1",
          "personaID": "41532",
          "participantID": "3364",
          "utterance": "반갑습니다 저는 물리치료사예요",
          "summary": "나는 물리치료사이다.",
          "date": "2022-11-16",
          "time": "18:00:23",
          "terminate": "false"
        },
        {
          "speaker": "speaker2",
          "personaID": "35122",
          "participantID": "3616",
          "utterance": "멋진 직업이네요! 혹시 취미가 어떻게 되세요?",
          "summary": "나는 상대방의 취미가 궁금하다",
          "date": "2022-11-16",
          "time": "22:34:14",
          "terminate": "false"
        },
        {
          "speaker": "speaker1",
          "personaID": "41532",
          "participantID": "3364",
          "utterance": "전 주말에 필요한 물건을 만들어요 취미가 어떻게되세요?",
          "summary": "나는 주말에 필요한 물건을 만든다.",
          "date": "2022-11-16",
          "time": "22:35:15",
          "terminate": "false"
        },
        {
          "speaker": "speaker2",
          "personaID": "35122",
          "participantID": "3616",
          "utterance": "저는 매우 활발해서 친구들을 자주 만나기도 하고, 스포츠 영화를 자주 봐요. 필요한 물건을 직접 만들다니 너무 멋진데요?",
          "summary": "나는 친구들을 만나고 스포츠 영화를 본다",
          "date": "2022-11-16",
          "time": "22:38:18",
          "terminate": "false"
        },
        {
          "speaker": "speaker1",
          "personaID": "41532",
          "participantID": "3364",
          "utterance": "남편과 술한잔하는것도 좋아하는데 위스키는 싫어해요",
          "summary": "나는 위스키를 싫어한다.",
          "date": "2022-11-16",
          "time": "23:03:32",
          "terminate": "false"
        },
        {
          "speaker": "speaker2",
          "personaID": "35122",
          "participantID": "3616",
          "utterance": "그렇군요. 저는 싫어하는 음식이 있는데. 저는 칼국수를 안먹어요. 편식하면 안되는데..",
          "summary": "나는 칼국수를 싫어한다",
          "date": "2022-11-16",
          "time": "23:05:25",
          "terminate": "false"
        },
        {
          "speaker": "speaker1",
          "personaID": "41532",
          "participantID": "3364",
          "utterance": "편식이 있으시군요 저는 편식하지 않는 편이예요",
          "summary": "나는 편식하지 않는 편이다.",
          "date": "2022-11-16",
          "time": "23:06:54",
          "terminate": "false"
        },
        {
          "speaker": "speaker2",
          "personaID": "35122",
          "participantID": "3616",
          "utterance": "부러워요! 입맛에 안맞으면 안먹게 되더라구요. 혹시 여행 좋아하시나요? 저는 중국에 가 보고 싶어요.",
          "summary": "나는 중국에 가고 싶다",
          "date": "2022-11-16",
          "time": "23:10:39",
          "terminate": "false"
        },
        {
          "speaker": "speaker1",
          "personaID": "41532",
          "participantID": "3364",
          "utterance": "중국도 좋아요 저는 예전부터 그리스에 대한 로망이 있어요",
          "summary": "나는 그리스에 대한 로망이 있다.",
          "date": "2022-11-16",
          "time": "23:11:33",
          "terminate": "false"
        },
        {
          "speaker": "speaker2",
          "personaID": "35122",
          "participantID": "3616",
          "utterance": "그리스 너무 아름다운 나라죠.. 저도 가고 싶은데 비용이 많이 들 것 같아서 엄두가 안나네요..",
          "summary": "나는 비용이 많이 들어 그리스 갈 엄두가 안 난다",
          "date": "2022-11-16",
          "time": "23:12:39",
          "terminate": "false"
        },
        {
          "speaker": "speaker1",
          "personaID": "41532",
          "participantID": "3364",
          "utterance": "맘마미아 라는 영화배경인데 정말 예쁘더라구요",
          "summary": "",
          "date": "2022-11-16",
          "time": "23:13:25",
          "terminate": "false"
        },
        {
          "speaker": "speaker2",
          "personaID": "35122",
          "participantID": "3616",
          "utterance": "아 참 맘마미아의 배경이죠? 맘마미아 생각난김에 한 번 더 봐야겠어요! 다음에 다시 이야기 나눠요~",
          "summary": "나는 맘마미아를 볼 것이다",
          "date": "2022-11-16",
          "time": "23:15:28",
          "terminate": "true"
        }
      ],
      "sessionPersonaSummary": {
        "speaker1": [
          "나는 40대 여성이다.",
          "나는 물리치료사이다.",
          "나는 주말에 필요한 물건을 만든다.",
          "나는 위스키를 싫어한다.",
          "나는 편식하지 않는 편이다.",
          "나는 그리스에 대한 로망이 있다."
        ],
        "speaker2": [
          "나는 중학교 과학교사이며 30대 여성이다",
          "나는 상대방의 취미가 궁금하다",
          "나는 친구들을 만나고 스포츠 영화를 본다",
          "나는 칼국수를 싫어한다",
          "나는 중국에 가고 싶다",
          "나는 비용이 많이 들어 그리스 갈 엄두가 안 난다",
          "나는 맘마미아를 볼 것이다"
        ]
      },
      "prevAggregatedpersonaSummary": {
        "speaker1": [],
        "speaker2": []
      }
    },
    {
      "prevSessionID": "4-00143-1",
      "prevTimeInfo": {
        "timeNum": "10",
        "timeUnit": "일"
      },
      "nthSession": "2",
      "numberOfUtterances": "14",
      "numberOfTurns": "7",
      "sessionID": "4-00143-2",
      "dialog": [
        {
          "speaker": "speaker1",
          "personaID": "41532",
          "participantID": "3364",
          "utterance": "선생님 안녕하세요 10일이 지났어요 잘 지내셨나요",
          "summary": "",
          "date": "2022-11-16",
          "time": "23:17:45",
          "terminate": "false"
        },
        {
          "speaker": "speaker2",
          "personaID": "35122",
          "participantID": "3616",
          "utterance": "시간이 벌써 그렇게 흘렀나요? 바빠서 연락을 못드려서 죄송합니다.",
          "summary": "나는 바빠서 연락을 못해 미안하다",
          "date": "2022-11-16",
          "time": "23:18:36",
          "terminate": "false"
        },
        {
          "speaker": "speaker1",
          "personaID": "41532",
          "participantID": "3364",
          "utterance": "괜찮습니다 혹시 결혼은 하셨나요 전 결혼했고 아이가 한명 있어요",
          "summary": "나는 결혼했고 아이가 한 명 있다.",
          "date": "2022-11-16",
          "time": "23:19:16",
          "terminate": "false"
        },
        {
          "speaker": "speaker2",
          "personaID": "35122",
          "participantID": "3616",
          "utterance": "저는 아직 미혼이에요~ 저는 부모님과 언니랑 함께 살고 있어요.",
          "summary": "나는 미혼이며 부모님 언니랑 살고 있다",
          "date": "2022-11-17",
          "time": "00:02:45",
          "terminate": "false"
        },
        {
          "speaker": "speaker1",
          "personaID": "41532",
          "participantID": "3364",
          "utterance": "네 그러시군요 결혼 안하고 싱글라이프 즐기는 분들도 멋있어보이더라구요",
          "summary": "나는 싱글라이프 즐기는 분들이 멋있어 보인다.",
          "date": "2022-11-17",
          "time": "07:46:32",
          "terminate": "false"
        },
        {
          "speaker": "speaker2",
          "personaID": "35122",
          "participantID": "3616",
          "utterance": "저도 얼른 결혼하고 싶어요. 저는 님 가정이 부러운데요? 하지만 저는 아직 금전적으로나 다른 부분들이 준비되지 않아 결혼은 꿈도 못꾸고있어요..",
          "summary": "나는 아직 금전적으로 준비되지 않아 결혼 못했다",
          "date": "2022-11-17",
          "time": "11:40:03",
          "terminate": "false"
        },
        {
          "speaker": "speaker1",
          "personaID": "41532",
          "participantID": "3364",
          "utterance": "제친구는 시부모님과 아이까지 3대가 사는 대가족이라 즐거워보였어요",
          "summary": "나의 친구는 시부모님과 아이까지 3대가 같이 사는 대가족이라 즐거워 보인다.",
          "date": "2022-11-17",
          "time": "12:34:19",
          "terminate": "false"
        },
        {
          "speaker": "speaker2",
          "personaID": "35122",
          "participantID": "3616",
          "utterance": "으악.. 저는 시부모님과 함께 살면 너무 힘들 것 같아요. 생각만해도..",
          "summary": "나는 시부모님과 살면 힘들 것 같은 생각이 든다",
          "date": "2022-11-17",
          "time": "14:04:54",
          "terminate": "false"
        },
        {
          "speaker": "speaker1",
          "personaID": "41532",
          "participantID": "3364",
          "utterance": "그럴수도있겠네요 저는 외동으로 자라서 대가족이라서 북적대는 모습이 좋아보이네요 ",
          "summary": "나는 외동으로 자라서 대가족이 좋아 보인다.",
          "date": "2022-11-17",
          "time": "16:12:08",
          "terminate": "false"
        },
        {
          "speaker": "speaker2",
          "personaID": "35122",
          "participantID": "3616",
          "utterance": "아 님 입장에서는 좋을 수도 있겠네요~ 님은 뭔가 다정하실 것 같아요.",
          "summary": "나는 상대가 다정할 것이라고 생각한다",
          "date": "2022-11-17",
          "time": "20:15:36",
          "terminate": "false"
        },
        {
          "speaker": "speaker1",
          "personaID": "41532",
          "participantID": "3364",
          "utterance": "좋게 생각해주셔서 감사합니다 님도 좋으신분같아요! 오늘은 돌싱친구와 약속이있어요",
          "summary": "나는 오늘 이혼한 친구와 약속이 있다.",
          "date": "2022-11-18",
          "time": "09:14:36",
          "terminate": "false"
        },
        {
          "speaker": "speaker2",
          "personaID": "35122",
          "participantID": "3616",
          "utterance": "돌싱이 돌아온싱글 이라죠? 요즘은 참 이혼가정도 많은 것 같아요.",
          "summary": "나는 이혼가정이 많다는 생각이 든다",
          "date": "2022-11-18",
          "time": "13:53:28",
          "terminate": "false"
        },
        {
          "speaker": "speaker1",
          "personaID": "41532",
          "participantID": "3364",
          "utterance": "네 돌아온 싱글 맞아요 친구가 힘들었는데 이혼후 더 행복해보여서 좋아요 ",
          "summary": "나는 친구가 힘들었는데 이혼 후 더 행복해 보여서 좋다.",
          "date": "2022-11-18",
          "time": "13:55:57",
          "terminate": "false"
        },
        {
          "speaker": "speaker2",
          "personaID": "35122",
          "participantID": "3616",
          "utterance": "행복한게 최고죠. 저는 이만 점심시간이 끝나서 일하러 가볼게요~",
          "summary": "나는 일하러 간다",
          "date": "2022-11-18",
          "time": "13:56:58",
          "terminate": "true"
        }
      ],
      "sessionPersonaSummary": {
        "speaker1": [
          "나는 결혼했고 아이가 한 명 있다.",
          "나는 싱글라이프 즐기는 분들이 멋있어 보인다.",
          "나의 친구는 시부모님과 아이까지 3대가 같이 사는 대가족이라 즐거워 보인다.",
          "나는 외동으로 자라서 대가족이 좋아 보인다.",
          "나는 오늘 이혼한 친구와 약속이 있다.",
          "나는 친구가 힘들었는데 이혼 후 더 행복해 보여서 좋다."
        ],
        "speaker2": [
          "나는 바빠서 연락을 못해 미안하다",
          "나는 미혼이며 부모님 언니랑 살고 있다",
          "나는 아직 금전적으로 준비되지 않아 결혼 못했다",
          "나는 시부모님과 살면 힘들 것 같은 생각이 든다",
          "나는 상대가 다정할 것이라고 생각한다",
          "나는 이혼가정이 많다는 생각이 든다",
          "나는 일하러 간다"
        ]
      },
      "prevAggregatedpersonaSummary": {
        "speaker1": [
          "나는 40대 여성이다.",
          "나는 물리치료사이다.",
          "나는 주말에 필요한 물건을 만든다.",
          "나는 위스키를 싫어한다.",
          "나는 편식하지 않는 편이다.",
          "나는 그리스에 대한 로망이 있다."
        ],
        "speaker2": [
          "나는 중학교 과학교사이며 30대 여성이다",
          "나는 상대방의 취미가 궁금하다",
          "나는 친구들을 만나고 스포츠 영화를 본다",
          "나는 칼국수를 싫어한다",
          "나는 중국에 가고 싶다",
          "나는 비용이 많이 들어 그리스 갈 엄두가 안 난다",
          "나는 맘마미아를 볼 것이다"
        ]
      }
    },
    {
      "prevSessionID": "4-00143-2",
      "prevTimeInfo": {
        "timeNum": "10",
        "timeUnit": "시간"
      },
      "nthSession": "3",
      "numberOfUtterances": "14",
      "numberOfTurns": "7",
      "sessionID": "4-00143-3",
      "dialog": [
        {
          "speaker": "speaker1",
          "personaID": "41532",
          "participantID": "3364",
          "utterance": "아까 일하러가시고 10시간이 지났네요! 식사는 하셨나요? ",
          "summary": "",
          "date": "2022-11-18",
          "time": "14:01:51",
          "terminate": "false"
        },
        {
          "speaker": "speaker2",
          "personaID": "35122",
          "participantID": "3616",
          "utterance": "네 점심 먹었습니다~ 친구분과는 즐겁게 만나고 오셨나요?",
          "summary": "나는 점심 먹었다",
          "date": "2022-11-18",
          "time": "14:02:49",
          "terminate": "false"
        },
        {
          "speaker": "speaker1",
          "personaID": "41532",
          "participantID": "3364",
          "utterance": "네 전 위스키를 싫어해서 간단히 치맥했습니다",
          "summary": "나는 위스키를 싫어해서 간단히 치맥 했다.",
          "date": "2022-11-18",
          "time": "14:05:01",
          "terminate": "false"
        },
        {
          "speaker": "speaker2",
          "personaID": "35122",
          "participantID": "3616",
          "utterance": "치맥 맛있겠네요.. 친구분은 지금 생활이 여전히 행복하다고 하시던가요?",
          "summary": "나는 당신의 친구가 행복한지 궁금하다",
          "date": "2022-11-18",
          "time": "14:05:35",
          "terminate": "false"
        },
        {
          "speaker": "speaker1",
          "personaID": "41532",
          "participantID": "3364",
          "utterance": "네 행복한데 아이를 위해서 재혼도 고민하고 있더라구요",
          "summary": "",
          "date": "2022-11-18",
          "time": "14:07:51",
          "terminate": "false"
        },
        {
          "speaker": "speaker2",
          "personaID": "35122",
          "participantID": "3616",
          "utterance": "아이가 있다면 그런 고민도 이해는 되네요.. 아이에게 아빠의 존재도 필요하니까요.",
          "summary": "나는 아이에게 아빠의 존재가 필요하다고 생각한다",
          "date": "2022-11-18",
          "time": "14:55:05",
          "terminate": "false"
        },
        {
          "speaker": "speaker1",
          "personaID": "41532",
          "participantID": "3364",
          "utterance": "그런것같아요 저희동네는 다문화가족도 많아요",
          "summary": "나의 동네에는 다문화 가족이 많다.",
          "date": "2022-11-18",
          "time": "15:11:02",
          "terminate": "false"
        },
        {
          "speaker": "speaker2",
          "personaID": "35122",
          "participantID": "3616",
          "utterance": "저는 주변에서 본 적이 없는 것 같아요. 어디 사시나요?",
          "summary": "나는 당신이 어디 사는지 궁금하다",
          "date": "2022-11-19",
          "time": "17:06:57",
          "terminate": "false"
        },
        {
          "speaker": "speaker1",
          "personaID": "41532",
          "participantID": "3364",
          "utterance": "저는 경북 구미에 살아요 친척들이 근처에 있어요",
          "summary": "나는 경북 구미에 살고 친척들이 근처에 있다.",
          "date": "2022-11-20",
          "time": "18:07:10",
          "terminate": "false"
        },
        {
          "speaker": "speaker2",
          "personaID": "35122",
          "participantID": "3616",
          "utterance": "그렇군요. 저는 다문화가족은 이태원이나 그 근처에서만 많이 볼 줄 알았는데 아니네요.",
          "summary": "나는 다문화가족이 이태원 근처에 많은 줄 알았으나 아닌 것을 알았다",
          "date": "2022-11-20",
          "time": "18:08:00",
          "terminate": "false"
        },
        {
          "speaker": "speaker1",
          "personaID": "41532",
          "participantID": "3364",
          "utterance": "제 아들 선생님도 외국인과 결혼하셨는데 참 이쁘게사세요",
          "summary": "나의 아들의 선생님도 외국인과 결혼했는데 참 예쁘게 사신다.",
          "date": "2022-11-20",
          "time": "18:08:50",
          "terminate": "false"
        },
        {
          "speaker": "speaker2",
          "personaID": "35122",
          "participantID": "3616",
          "utterance": "그렇군요. 다문화 가족도 보면 참 그 안에서 인종차별이 아직은 존재하는 것 같아요. 동남아 쪽이나 흑인과 결혼하면 편견의 시선으로 보고 백인은 또 다르고..",
          "summary": "나는 다문화가족에서도 인종차별이 있는 것 같다",
          "date": "2022-11-20",
          "time": "18:10:08",
          "terminate": "false"
        },
        {
          "speaker": "speaker1",
          "personaID": "41532",
          "participantID": "3364",
          "utterance": "맞아요 저는 물리치료사인데 외국인 가족을 치료한적도 있어요",
          "summary": "나는 외국인 가족을 치료한 적이 있다.",
          "date": "2022-11-20",
          "time": "18:15:44",
          "terminate": "false"
        },
        {
          "speaker": "speaker2",
          "personaID": "35122",
          "participantID": "3616",
          "utterance": "아 그렇군요~ 저는 약속이 있어서 이만 나가볼게요. 다음에 다시 이야기 나눠요.",
          "summary": "나는 약속이 있다",
          "date": "2022-11-20",
          "time": "18:34:53",
          "terminate": "true"
        }
      ],
      "sessionPersonaSummary": {
        "speaker1": [
          "나는 위스키를 싫어해서 간단히 치맥 했다.",
          "나의 동네에는 다문화 가족이 많다.",
          "나는 경북 구미에 살고 친척들이 근처에 있다.",
          "나의 아들의 선생님도 외국인과 결혼했는데 참 예쁘게 사신다.",
          "나는 외국인 가족을 치료한 적이 있다."
        ],
        "speaker2": [
          "나는 점심 먹었다",
          "나는 당신의 친구가 행복한지 궁금하다",
          "나는 아이에게 아빠의 존재가 필요하다고 생각한다",
          "나는 당신이 어디 사는지 궁금하다",
          "나는 다문화가족이 이태원 근처에 많은 줄 알았으나 아닌 것을 알았다",
          "나는 다문화가족에서도 인종차별이 있는 것 같다",
          "나는 약속이 있다"
        ]
      },
      "prevAggregatedpersonaSummary": {
        "speaker1": [
          "나는 40대 여성이다.",
          "나는 물리치료사이다.",
          "나는 주말에 필요한 물건을 만든다.",
          "나는 위스키를 싫어한다.",
          "나는 편식하지 않는 편이다.",
          "나는 그리스에 대한 로망이 있다.",
          "나는 결혼했고 아이가 한 명 있다.",
          "나는 싱글라이프 즐기는 분들이 멋있어 보인다.",
          "나의 친구는 시부모님과 아이까지 3대가 같이 사는 대가족이라 즐거워 보인다.",
          "나는 외동으로 자라서 대가족이 좋아 보인다.",
          "나는 오늘 이혼한 친구와 약속이 있다.",
          "나는 친구가 힘들었는데 이혼 후 더 행복해 보여서 좋다."
        ],
        "speaker2": [
          "나는 중학교 과학교사이며 30대 여성이다",
          "나는 상대방의 취미가 궁금하다",
          "나는 친구들을 만나고 스포츠 영화를 본다",
          "나는 칼국수를 싫어한다",
          "나는 중국에 가고 싶다",
          "나는 비용이 많이 들어 그리스 갈 엄두가 안 난다",
          "나는 맘마미아를 볼 것이다",
          "나는 바빠서 연락을 못해 미안하다",
          "나는 미혼이며 부모님 언니랑 살고 있다",
          "나는 아직 금전적으로 준비되지 않아 결혼 못했다",
          "나는 시부모님과 살면 힘들 것 같은 생각이 든다",
          "나는 상대가 다정할 것이라고 생각한다",
          "나는 이혼가정이 많다는 생각이 든다",
          "나는 일하러 간다"
        ]
      }
    },
    {
      "prevSessionID": "4-00143-3",
      "prevTimeInfo": {
        "timeNum": "6",
        "timeUnit": "주"
      },
      "nthSession": "4",
      "numberOfUtterances": "14",
      "numberOfTurns": "7",
      "sessionID": "4-00143-4",
      "dialog": [
        {
          "speaker": "speaker1",
          "personaID": "41532",
          "participantID": "3364",
          "utterance": "안녕하세요 저번에 약속가시고 6주가 지났어요!! 건강하셨지요?",
          "summary": "",
          "date": "2022-11-21",
          "time": "19:34:49",
          "terminate": "false"
        },
        {
          "speaker": "speaker2",
          "personaID": "35122",
          "participantID": "3616",
          "utterance": "네 전 잘 지냈습니다! 먼저 연락 드리려고 했는데 죄송해요~",
          "summary": "나는 먼저 연락 못해서 미안하다",
          "date": "2022-11-21",
          "time": "19:53:42",
          "terminate": "false"
        },
        {
          "speaker": "speaker1",
          "personaID": "41532",
          "participantID": "3364",
          "utterance": "괜찮습니다! 며칠전 물리치료받은 초등학생이 감사하다고 편지랑 간식을 주었어요",
          "summary": "나는 며칠 전 물리치료받은 초등학생이 감사하다고 편지랑 간식을 주었다.",
          "date": "2022-11-22",
          "time": "08:03:49",
          "terminate": "false"
        },
        {
          "speaker": "speaker2",
          "personaID": "35122",
          "participantID": "3616",
          "utterance": "어머나.. 감동이었겠어요~ 물리치료사로 일하면서 그럴 땐 보람이 있겠네요.",
          "summary": "나는 당신이 물리치료사로 일하면서 보람 있겠다고 생각한다",
          "date": "2022-11-22",
          "time": "14:22:10",
          "terminate": "false"
        },
        {
          "speaker": "speaker1",
          "personaID": "41532",
          "participantID": "3364",
          "utterance": "네 그 아이가 다문화가정 아이였는데 엄청 예의바르고 한국말도 잘했던 기억이나요",
          "summary": "나는 그 아이가 다문화 가정 아이였는데 예의가 바르고 한국말도 잘했던 기억이 난다.",
          "date": "2022-11-22",
          "time": "15:41:21",
          "terminate": "false"
        },
        {
          "speaker": "speaker2",
          "personaID": "35122",
          "participantID": "3616",
          "utterance": "아 그렇군요~ 정말 주변에 다문화 가정이 꽤 있나봐요.",
          "summary": "나는 당신의 주변에 다문화가정이 꽤 있다고 생각한다",
          "date": "2022-11-22",
          "time": "15:41:46",
          "terminate": "false"
        },
        {
          "speaker": "speaker1",
          "personaID": "41532",
          "participantID": "3364",
          "utterance": "겉으로 얼굴봐서 티 안나는 다문화가정 아이들도 많은것같아요",
          "summary": "",
          "date": "2022-11-22",
          "time": "15:42:48",
          "terminate": "false"
        },
        {
          "speaker": "speaker2",
          "personaID": "35122",
          "participantID": "3616",
          "utterance": "맞아요. 동양권이면 외모에서는 큰 차이가 없으니까요~ 이런 저런 이유 따지지 말고 누구든 다 어울려 사는 세상이 되었으면 좋겠어요.",
          "summary": "나는 누구든 다 어울려 사는 세상이 되면 좋겠다",
          "date": "2022-11-22",
          "time": "15:55:02",
          "terminate": "false"
        },
        {
          "speaker": "speaker1",
          "personaID": "41532",
          "participantID": "3364",
          "utterance": "좋은 말씀이셔요!! 그리고 누구보다 아이들이 소외되지 않았으면 좋겠어요",
          "summary": "나는 누구보다 아이들이 소외되지 않았으면 좋겠다.",
          "date": "2022-11-22",
          "time": "17:43:15",
          "terminate": "false"
        },
        {
          "speaker": "speaker2",
          "personaID": "35122",
          "participantID": "3616",
          "utterance": "요즘은 그래도 다문화 가정에 대한 시선이 많이 좋아진 것 같아요.",
          "summary": "나는 요즘 다문화가정에 대한 시선이 좋아졌다고 생각한다",
          "date": "2022-11-23",
          "time": "16:06:55",
          "terminate": "false"
        },
        {
          "speaker": "speaker1",
          "personaID": "41532",
          "participantID": "3364",
          "utterance": "네 맞아요 예전에비해 아이들교육에서도 다양한 가족형태을 다루고 있어 선입견,편견도 줄어드는것같구요",
          "summary": "나는 예전에 비해 가족 형태에 대한 선입견이 줄어드는 것 같다.",
          "date": "2022-11-24",
          "time": "12:43:46",
          "terminate": "false"
        },
        {
          "speaker": "speaker2",
          "personaID": "35122",
          "participantID": "3616",
          "utterance": "우리 다음 세대로 갈수록 그런 경계가 허물어지길 바랍니다.",
          "summary": "나는 우리 다음 세대로 갈수록 경계가 허물어지길 바란다",
          "date": "2022-11-24",
          "time": "14:40:49",
          "terminate": "false"
        },
        {
          "speaker": "speaker1",
          "personaID": "41532",
          "participantID": "3364",
          "utterance": "^^ 네 오늘도 님과의 대화는 즐거웠어요!! 위스키 싫어하는데 어쩔수없이 마셨더니 머리가 아파서 좀 쉬어야겠네요",
          "summary": "나는 위스키를 싫어하는데 어쩔 수 없이 마셨더니 머리가 아프다.",
          "date": "2022-11-25",
          "time": "08:40:27",
          "terminate": "false"
        },
        {
          "speaker": "speaker2",
          "personaID": "35122",
          "participantID": "3616",
          "utterance": "편히 쉬세요. 저는 이만 약속이 있어서 나가볼게요.",
          "summary": "나는 약속이 있다",
          "date": "2022-11-25",
          "time": "17:25:31",
          "terminate": "true"
        }
      ],
      "sessionPersonaSummary": {
        "speaker1": [
          "나는 며칠 전 물리치료받은 초등학생이 감사하다고 편지랑 간식을 주었다.",
          "나는 그 아이가 다문화 가정 아이였는데 예의가 바르고 한국말도 잘했던 기억이 난다.",
          "나는 누구보다 아이들이 소외되지 않았으면 좋겠다.",
          "나는 예전에 비해 가족 형태에 대한 선입견이 줄어드는 것 같다.",
          "나는 위스키를 싫어하는데 어쩔 수 없이 마셨더니 머리가 아프다."
        ],
        "speaker2": [
          "나는 먼저 연락 못해서 미안하다",
          "나는 당신이 물리치료사로 일하면서 보람 있겠다고 생각한다",
          "나는 당신의 주변에 다문화가정이 꽤 있다고 생각한다",
          "나는 누구든 다 어울려 사는 세상이 되면 좋겠다",
          "나는 요즘 다문화가정에 대한 시선이 좋아졌다고 생각한다",
          "나는 우리 다음 세대로 갈수록 경계가 허물어지길 바란다",
          "나는 약속이 있다"
        ]
      },
      "prevAggregatedpersonaSummary": {
        "speaker1": [
          "나는 40대 여성이다.",
          "나는 물리치료사이다.",
          "나는 주말에 필요한 물건을 만든다.",
          "나는 위스키를 싫어한다.",
          "나는 편식하지 않는 편이다.",
          "나는 그리스에 대한 로망이 있다.",
          "나는 결혼했고 아이가 한 명 있다.",
          "나는 싱글라이프 즐기는 분들이 멋있어 보인다.",
          "나의 친구는 시부모님과 아이까지 3대가 같이 사는 대가족이라 즐거워 보인다.",
          "나는 외동으로 자라서 대가족이 좋아 보인다.",
          "나는 오늘 이혼한 친구와 약속이 있다.",
          "나는 친구가 힘들었는데 이혼 후 더 행복해 보여서 좋다.",
          "나는 위스키를 싫어해서 간단히 치맥 했다.",
          "나의 동네에는 다문화 가족이 많다.",
          "나는 경북 구미에 살고 친척들이 근처에 있다.",
          "나의 아들의 선생님도 외국인과 결혼했는데 참 예쁘게 사신다.",
          "나는 외국인 가족을 치료한 적이 있다."
        ],
        "speaker2": [
          "나는 중학교 과학교사이며 30대 여성이다",
          "나는 상대방의 취미가 궁금하다",
          "나는 친구들을 만나고 스포츠 영화를 본다",
          "나는 칼국수를 싫어한다",
          "나는 중국에 가고 싶다",
          "나는 비용이 많이 들어 그리스 갈 엄두가 안 난다",
          "나는 맘마미아를 볼 것이다",
          "나는 바빠서 연락을 못해 미안하다",
          "나는 미혼이며 부모님 언니랑 살고 있다",
          "나는 아직 금전적으로 준비되지 않아 결혼 못했다",
          "나는 시부모님과 살면 힘들 것 같은 생각이 든다",
          "나는 상대가 다정할 것이라고 생각한다",
          "나는 이혼가정이 많다는 생각이 든다",
          "나는 일하러 간다",
          "나는 점심 먹었다",
          "나는 당신의 친구가 행복한지 궁금하다",
          "나는 아이에게 아빠의 존재가 필요하다고 생각한다",
          "나는 당신이 어디 사는지 궁금하다",
          "나는 다문화가족이 이태원 근처에 많은 줄 알았으나 아닌 것을 알았다",
          "나는 다문화가족에서도 인종차별이 있는 것 같다",
          "나는 약속이 있다"
        ]
      }
    }
  ]
}