{
  "FileInfo": {
    "filename": "K4-00396-CL42186-CP50905-13-05-S4.json",
    "sessionLevel": "4"
  },
  "participantsInfo": {
    "numberOfParticipants": "2",
    "speaker1": {
      "participantID": "3313",
      "gender": "여성",
      "age": "40대",
      "occupation": "주부",
      "bPlace": "대전/세종/충청/강원",
      "gPlace": "서울/경기/인천",
      "rPlace": "서울/경기/인천",
      "educationLevel": "고졸"
    },
    "speaker2": {
      "participantID": "3669",
      "gender": "남성",
      "age": "60대 이상",
      "occupation": "교직",
      "bPlace": "부산/대구/울산/경상",
      "gPlace": "부산/대구/울산/경상",
      "rPlace": "부산/대구/울산/경상",
      "educationLevel": "대학원졸"
    }
  },
  "multisessionInfo": {
    "multisessionID": "4-00396"
  },
  "personaInfo": {
    "clInfo": {
      "personaID": "42186",
      "personaFeatures": [
        "나는 여자이다.",
        "나는 40대이다.",
        "나는 요즘, 자주 남의 시선이 의식된다",
        "나는 배구를 자주 한다",
        "나는 혈액형이 B형이다"
      ],
      "speakerType": "speaker1"
    },
    "cpInfo": {
      "personaID": "50905",
      "personaFeatures": [
        "나는 남자이다.",
        "나는 50대이다.",
        "나는 다소 상냥하다",
        "나는 주말에 자원봉사를 한다",
        "나는 재즈 음악을 좋아한다"
      ],
      "speakerType": "speaker2"
    }
  },
  "topicInfo": {
    "topicID": "13-05",
    "topicType": "기후>계절/날씨",
    "topicTitle": "하늘"
  },
  "sessionInfo": [
    {
      "prevSessionID": null,
      "prevTimeInfo": {
        "timeNum": null,
        "timeUnit": null
      },
      "nthSession": "1",
      "numberOfUtterances": "14",
      "numberOfTurns": "7",
      "sessionID": "4-00396-1",
      "dialog": [
        {
          "speaker": "speaker1",
          "personaID": "42186",
          "participantID": "3313",
          "utterance": "안녕하세요? 40대 여성입니다",
          "summary": "나는 40대 여성이다",
          "date": "2022-11-02",
          "time": "14:04:04",
          "terminate": "false"
        },
        {
          "speaker": "speaker2",
          "personaID": "50905",
          "participantID": "3669",
          "utterance": "안녕하세요. 60대 남성입니다",
          "summary": "나는 60대 남성이다",
          "date": "2022-11-02",
          "time": "14:04:50",
          "terminate": "false"
        },
        {
          "speaker": "speaker1",
          "personaID": "42186",
          "participantID": "3313",
          "utterance": "아 그러시군요~ 혈액형은 어찌 되세요? 저는 B형이네요~",
          "summary": "나는 혈액형이 B형이다",
          "date": "2022-11-02",
          "time": "14:12:43",
          "terminate": "false"
        },
        {
          "speaker": "speaker2",
          "personaID": "50905",
          "participantID": "3669",
          "utterance": "네. 저는 에이형입니다만 성격은 조금은 급한편입니다",
          "summary": "나는 조금은 급한 A형이다",
          "date": "2022-11-02",
          "time": "14:14:12",
          "terminate": "false"
        },
        {
          "speaker": "speaker1",
          "personaID": "42186",
          "participantID": "3313",
          "utterance": "오오그러시군요 저는 B형인데 요즘 남의 시선이 의식되네요~",
          "summary": "",
          "date": "2022-11-02",
          "time": "14:51:51",
          "terminate": "false"
        },
        {
          "speaker": "speaker2",
          "personaID": "50905",
          "participantID": "3669",
          "utterance": "혹시 요즈음 관심사가 무엇인지 알려주실수 있나요",
          "summary": "",
          "date": "2022-11-02",
          "time": "15:25:52",
          "terminate": "false"
        },
        {
          "speaker": "speaker1",
          "personaID": "42186",
          "participantID": "3313",
          "utterance": "저는 요즘 배구를 좋아해요~ 그래서 배구를 자주 합니다... 배우기 시작해서인지 너무 재미있어요~ ",
          "summary": "나는 배구를 좋아한다",
          "date": "2022-11-02",
          "time": "16:15:31",
          "terminate": "false"
        },
        {
          "speaker": "speaker2",
          "personaID": "50905",
          "participantID": "3669",
          "utterance": "중단된 대화를 계속해도 되겠습니까",
          "summary": "",
          "date": "2022-11-07",
          "time": "09:30:31",
          "terminate": "false"
        },
        {
          "speaker": "speaker1",
          "personaID": "42186",
          "participantID": "3313",
          "utterance": "네죄송해요~ 계속 하셔도 됩니다  님은 어떤 운동을 좋아하시나요?",
          "summary": "",
          "date": "2022-11-07",
          "time": "13:05:21",
          "terminate": "false"
        },
        {
          "speaker": "speaker2",
          "personaID": "50905",
          "participantID": "3669",
          "utterance": "네 저는 걷기 운동외에는 별로 잘하지 못합니다",
          "summary": "나는 걷기 운동만 한다",
          "date": "2022-11-07",
          "time": "13:28:35",
          "terminate": "false"
        },
        {
          "speaker": "speaker1",
          "personaID": "42186",
          "participantID": "3313",
          "utterance": "아 그러시군요~ 저도 운동을 별로 안좋아 했는데 최근 배구를 배웠는데 생각보다 재미있더라구요 ",
          "summary": "나는 배구가 재미있다",
          "date": "2022-11-07",
          "time": "13:31:58",
          "terminate": "false"
        },
        {
          "speaker": "speaker2",
          "personaID": "50905",
          "participantID": "3669",
          "utterance": "그렇군요. 저도 과거에는 배드민턴을 좋아했습니다",
          "summary": "나는 과거에 배드민턴을 좋아했다",
          "date": "2022-11-07",
          "time": "13:33:01",
          "terminate": "false"
        },
        {
          "speaker": "speaker1",
          "personaID": "42186",
          "participantID": "3313",
          "utterance": "오  그러셨군요~  엄청 잘 치셨을것 같아요 지금은  안하시나요?  ",
          "summary": "",
          "date": "2022-11-07",
          "time": "13:34:35",
          "terminate": "false"
        },
        {
          "speaker": "speaker2",
          "personaID": "50905",
          "participantID": "3669",
          "utterance": "지금은 나이때문에 공을 쫓아가기 힘이듭니다",
          "summary": "나는 나이 때문에 공을 쫓아가기 힘이 든다",
          "date": "2022-11-07",
          "time": "13:35:54",
          "terminate": "true"
        }
      ],
      "sessionPersonaSummary": {
        "speaker1": [
          "나는 40대 여성이다",
          "나는 혈액형이 B형이다",
          "나는 배구를 좋아한다",
          "나는 배구가 재미있다"
        ],
        "speaker2": [
          "나는 60대 남성이다",
          "나는 조금은 급한 A형이다",
          "나는 걷기 운동만 한다",
          "나는 과거에 배드민턴을 좋아했다",
          "나는 나이 때문에 공을 쫓아가기 힘이 든다"
        ]
      },
      "prevAggregatedpersonaSummary": {
        "speaker1": [],
        "speaker2": []
      }
    },
    {
      "prevSessionID": "4-00396-1",
      "prevTimeInfo": {
        "timeNum": "9",
        "timeUnit": "일"
      },
      "nthSession": "2",
      "numberOfUtterances": "14",
      "numberOfTurns": "7",
      "sessionID": "4-00396-2",
      "dialog": [
        {
          "speaker": "speaker1",
          "personaID": "42186",
          "participantID": "3313",
          "utterance": "안녕하셨어요? 9일만인가요? 그동안 잘 계셨어요?",
          "summary": "",
          "date": "2022-11-10",
          "time": "16:20:25",
          "terminate": "false"
        },
        {
          "speaker": "speaker2",
          "personaID": "50905",
          "participantID": "3669",
          "utterance": "벌써 시간이 많이 지났네요. 요즘 아침 저녁으로 날씨가 제법 쌀쌀하지 않나요",
          "summary": "나는 요즘 아침저녁으로 날씨가 쌀쌀한 것 같다",
          "date": "2022-11-10",
          "time": "16:37:39",
          "terminate": "false"
        },
        {
          "speaker": "speaker1",
          "personaID": "42186",
          "participantID": "3313",
          "utterance": "네네 쌀쌀하더라구요 그렇지만 뭐 참을 만합니다 저는 추위를 못참거든요",
          "summary": "나는 추위를 못 참는다",
          "date": "2022-11-10",
          "time": "16:42:43",
          "terminate": "false"
        },
        {
          "speaker": "speaker2",
          "personaID": "50905",
          "participantID": "3669",
          "utterance": "그래도 계절의 변화에 맞게 건강도 관리가 필요하지 않을까요",
          "summary": "나는 계절의 변화에 맞게 건강관리가 필요하다",
          "date": "2022-11-10",
          "time": "16:44:22",
          "terminate": "false"
        },
        {
          "speaker": "speaker1",
          "personaID": "42186",
          "participantID": "3313",
          "utterance": "네네 건강관리필요한거 같아요 추워지니깐 자꾸 몸에 게을러 지더라구요 자꾸 안나가게  됩니다",
          "summary": "나는 추워지니까 게을러진다",
          "date": "2022-11-10",
          "time": "16:48:08",
          "terminate": "false"
        },
        {
          "speaker": "speaker2",
          "personaID": "50905",
          "participantID": "3669",
          "utterance": "혹시 계절중에서도 겨울을 그다지 좋아하지 않나 봅니다",
          "summary": "",
          "date": "2022-11-10",
          "time": "16:52:42",
          "terminate": "false"
        },
        {
          "speaker": "speaker1",
          "personaID": "42186",
          "participantID": "3313",
          "utterance": "네 20대땐 제일 좋아하는 계절이 겨울이었었는데 변했네요 ",
          "summary": "나는 좋아하는 계절이 겨울이다",
          "date": "2022-11-10",
          "time": "17:12:03",
          "terminate": "false"
        },
        {
          "speaker": "speaker2",
          "personaID": "50905",
          "participantID": "3669",
          "utterance": "그렇군요. 그럼 운동을 좋아하시는데 겨울에는 어떤 운동을 하실까요",
          "summary": "",
          "date": "2022-11-10",
          "time": "17:13:49",
          "terminate": "false"
        },
        {
          "speaker": "speaker1",
          "personaID": "42186",
          "participantID": "3313",
          "utterance": "겨울에도 센터가서 배구 합니다 추워도 몸을 위해서라면 어쩔수 없지요 ",
          "summary": "나는 겨울에도 센터에 가서 배구한다",
          "date": "2022-11-10",
          "time": "17:16:11",
          "terminate": "false"
        },
        {
          "speaker": "speaker2",
          "personaID": "50905",
          "participantID": "3669",
          "utterance": "오 그러시군요 역시 운동을 계속하시네요. 그리고 요즘 하늘 보시면 유난히 높아 보이지 않나요",
          "summary": "나는 요즘 하늘 보면 유난히 높아 보인다",
          "date": "2022-11-10",
          "time": "17:18:39",
          "terminate": "false"
        },
        {
          "speaker": "speaker1",
          "personaID": "42186",
          "participantID": "3313",
          "utterance": "네네 계속 꾸준히 하려고 노력중입니다 .... 네 요즘 하늘 너무 예쁜것 같아요 밤하늘도 너무 예쁘다러구요",
          "summary": "",
          "date": "2022-11-10",
          "time": "18:18:21",
          "terminate": "false"
        },
        {
          "speaker": "speaker2",
          "personaID": "50905",
          "participantID": "3669",
          "utterance": "그렇지요 이틀전에는 월식의 우주쇼를 하늘에서 보았는데 보셨는지요",
          "summary": "",
          "date": "2022-11-10",
          "time": "18:34:15",
          "terminate": "false"
        },
        {
          "speaker": "speaker1",
          "personaID": "42186",
          "participantID": "3313",
          "utterance": "네못보고 너무 피곤해서 잤어요 보셨는지요? 정말 빨간 달이 떴던데요",
          "summary": "나는 너무 피곤해서 잤다",
          "date": "2022-11-10",
          "time": "19:09:25",
          "terminate": "false"
        },
        {
          "speaker": "speaker2",
          "personaID": "50905",
          "participantID": "3669",
          "utterance": "그렇군요 그렇지만 인터넷에 올라온 자료가 있으니 참고하세요 그리고 다시 대화의 시간을 기대하며 종료합니다",
          "summary": "",
          "date": "2022-11-10",
          "time": "19:17:46",
          "terminate": "true"
        }
      ],
      "sessionPersonaSummary": {
        "speaker1": [
          "나는 추위를 못 참는다",
          "나는 추워지니까 게을러진다",
          "나는 좋아하는 계절이 겨울이다",
          "나는 겨울에도 센터에 가서 배구한다",
          "나는 너무 피곤해서 잤다"
        ],
        "speaker2": [
          "나는 요즘 아침저녁으로 날씨가 쌀쌀한 것 같다",
          "나는 계절의 변화에 맞게 건강관리가 필요하다",
          "나는 요즘 하늘 보면 유난히 높아 보인다"
        ]
      },
      "prevAggregatedpersonaSummary": {
        "speaker1": [
          "나는 40대 여성이다",
          "나는 혈액형이 B형이다",
          "나는 배구를 좋아한다",
          "나는 배구가 재미있다"
        ],
        "speaker2": [
          "나는 60대 남성이다",
          "나는 조금은 급한 A형이다",
          "나는 걷기 운동만 한다",
          "나는 과거에 배드민턴을 좋아했다",
          "나는 나이 때문에 공을 쫓아가기 힘이 든다"
        ]
      }
    },
    {
      "prevSessionID": "4-00396-2",
      "prevTimeInfo": {
        "timeNum": "40",
        "timeUnit": "시간"
      },
      "nthSession": "3",
      "numberOfUtterances": "14",
      "numberOfTurns": "7",
      "sessionID": "4-00396-3",
      "dialog": [
        {
          "speaker": "speaker1",
          "personaID": "42186",
          "participantID": "3313",
          "utterance": "안녕하셨어요?40시간만이예요 어떻게 지내셨어요?",
          "summary": "",
          "date": "2022-11-10",
          "time": "21:14:53",
          "terminate": "false"
        },
        {
          "speaker": "speaker2",
          "personaID": "50905",
          "participantID": "3669",
          "utterance": "벌써 시간이 그렇게 되었군요. 전에 말씀드린 추위 예방 운동은 어떤것이 좋을까요",
          "summary": "",
          "date": "2022-11-10",
          "time": "21:20:14",
          "terminate": "false"
        },
        {
          "speaker": "speaker1",
          "personaID": "42186",
          "participantID": "3313",
          "utterance": "그러게요 어떤 것이 있을까요? 저는 걷기 운동이 제일 좋은것같아요 걷기만큼 좋은 운동도 없는 듯하네요",
          "summary": "나는 걷기 운동을 제일 좋아합니다",
          "date": "2022-11-11",
          "time": "09:12:05",
          "terminate": "false"
        },
        {
          "speaker": "speaker2",
          "personaID": "50905",
          "participantID": "3669",
          "utterance": "그렇죠 가을에는 걷기에 적당한것 같습니다",
          "summary": "나는 가을에는 걷기에 적당한 것 같다",
          "date": "2022-11-11",
          "time": "09:16:33",
          "terminate": "false"
        },
        {
          "speaker": "speaker1",
          "personaID": "42186",
          "participantID": "3313",
          "utterance": "네네 하루에 이만보씩 거르니깐 살도 빠지고 좋더라구요 네네 하루에 이만보씩 걸으니깐 살도 빠지고 좋더라구요",
          "summary": "나는 하루에 이만보 걸\n으니 살도 빠지고 좋다",
          "date": "2022-11-11",
          "time": "10:49:02",
          "terminate": "false"
        },
        {
          "speaker": "speaker2",
          "personaID": "50905",
          "participantID": "3669",
          "utterance": "그렇지요 그런대 가을하면 억세가 생각나지 않나요",
          "summary": "나는 가을 하면 억새가 생각난다",
          "date": "2022-11-11",
          "time": "10:51:01",
          "terminate": "false"
        },
        {
          "speaker": "speaker1",
          "personaID": "42186",
          "participantID": "3313",
          "utterance": "네네 그렇죠 구경도 못해봤네요 요번에는 그냥 사진으로만 즐겨야 겠어요",
          "summary": "나는 구경을 못해봤다",
          "date": "2022-11-11",
          "time": "10:52:23",
          "terminate": "false"
        },
        {
          "speaker": "speaker2",
          "personaID": "50905",
          "participantID": "3669",
          "utterance": "무슨 말씀입니까 화왕산의 억세를 모르신가 봅니다",
          "summary": "",
          "date": "2022-11-11",
          "time": "10:54:41",
          "terminate": "false"
        },
        {
          "speaker": "speaker1",
          "personaID": "42186",
          "participantID": "3313",
          "utterance": "네네 몰라요 ~ 화왕산에 억세가 그렇게 유명한가 보군요 산을 좋아하시나봐요",
          "summary": "",
          "date": "2022-11-11",
          "time": "10:59:19",
          "terminate": "false"
        },
        {
          "speaker": "speaker2",
          "personaID": "50905",
          "participantID": "3669",
          "utterance": "네. 산을 좋아합니다. 그리고 가을에 화왕산 억세는 정말 대단합니다",
          "summary": "나는 산을 좋아한다 가을에 화왕산 억새는 정말 대단하다",
          "date": "2022-11-11",
          "time": "11:01:46",
          "terminate": "false"
        },
        {
          "speaker": "speaker1",
          "personaID": "42186",
          "participantID": "3313",
          "utterance": "오오 그렇쿤요 한번 가보고 싶네요 멋있을것같아요 ",
          "summary": "나는 한번 가 보고 싶다",
          "date": "2022-11-11",
          "time": "11:02:38",
          "terminate": "false"
        },
        {
          "speaker": "speaker2",
          "personaID": "50905",
          "participantID": "3669",
          "utterance": "그래요 더 늦기전에 가을의 혜택을 누리시기 바랍니다",
          "summary": "",
          "date": "2022-11-11",
          "time": "11:03:49",
          "terminate": "false"
        },
        {
          "speaker": "speaker1",
          "personaID": "42186",
          "participantID": "3313",
          "utterance": "오오 그래야 겠네요 ~  화왕산에서 바라보는 하늘도 정말 예쁘겠어요",
          "summary": "",
          "date": "2022-11-11",
          "time": "11:05:05",
          "terminate": "false"
        },
        {
          "speaker": "speaker2",
          "personaID": "50905",
          "participantID": "3669",
          "utterance": "가을의 이야기는 계속되어야 겠습니다 오늘은 이만 종료합시다",
          "summary": "",
          "date": "2022-11-11",
          "time": "11:06:41",
          "terminate": "true"
        }
      ],
      "sessionPersonaSummary": {
        "speaker1": [
          "나는 걷기 운동을 제일 좋아합니다",
          "나는 하루에 이만보 걸\n으니 살도 빠지고 좋다",
          "나는 구경을 못해봤다",
          "나는 한번 가 보고 싶다"
        ],
        "speaker2": [
          "나는 가을에는 걷기에 적당한 것 같다",
          "나는 가을 하면 억새가 생각난다",
          "나는 산을 좋아한다 가을에 화왕산 억새는 정말 대단하다"
        ]
      },
      "prevAggregatedpersonaSummary": {
        "speaker1": [
          "나는 40대 여성이다",
          "나는 혈액형이 B형이다",
          "나는 배구를 좋아한다",
          "나는 배구가 재미있다",
          "나는 추위를 못 참는다",
          "나는 추워지니까 게을러진다",
          "나는 좋아하는 계절이 겨울이다",
          "나는 겨울에도 센터에 가서 배구한다",
          "나는 너무 피곤해서 잤다"
        ],
        "speaker2": [
          "나는 60대 남성이다",
          "나는 조금은 급한 A형이다",
          "나는 걷기 운동만 한다",
          "나는 과거에 배드민턴을 좋아했다",
          "나는 나이 때문에 공을 쫓아가기 힘이 든다",
          "나는 요즘 아침저녁으로 날씨가 쌀쌀한 것 같다",
          "나는 계절의 변화에 맞게 건강관리가 필요하다",
          "나는 요즘 하늘 보면 유난히 높아 보인다"
        ]
      }
    },
    {
      "prevSessionID": "4-00396-3",
      "prevTimeInfo": {
        "timeNum": "3",
        "timeUnit": "일"
      },
      "nthSession": "4",
      "numberOfUtterances": "14",
      "numberOfTurns": "7",
      "sessionID": "4-00396-4",
      "dialog": [
        {
          "speaker": "speaker1",
          "personaID": "42186",
          "participantID": "3313",
          "utterance": "안녕하세요? 3일만이네요 별일없이 잘 지내셨나요?",
          "summary": "",
          "date": "2022-11-11",
          "time": "11:39:26",
          "terminate": "false"
        },
        {
          "speaker": "speaker2",
          "personaID": "50905",
          "participantID": "3669",
          "utterance": "벌써 3일이 지났군요. 그래서 그런지 기후가 좀 쌀쌀해 졌네요",
          "summary": "나는 조금 쌀쌀해졌다",
          "date": "2022-11-11",
          "time": "11:47:47",
          "terminate": "false"
        },
        {
          "speaker": "speaker1",
          "personaID": "42186",
          "participantID": "3313",
          "utterance": "네 그렇네요~ 쌀쌀해진거 같아요  저번에 말씀하셨던 화왕산 말고 어디 산을 자주 가보셨나요? 운동을 걷기말고 요즘도 산을 자주 다니시나요?",
          "summary": "",
          "date": "2022-11-11",
          "time": "12:58:08",
          "terminate": "false"
        },
        {
          "speaker": "speaker2",
          "personaID": "50905",
          "participantID": "3669",
          "utterance": "가을은 등산하기에 최고의 계절이 아닐까요. 저는 부산이라 금정산이 좋아요라",
          "summary": "나는 부산에 살아서 금정산이 좋다",
          "date": "2022-11-11",
          "time": "13:02:28",
          "terminate": "false"
        },
        {
          "speaker": "speaker1",
          "personaID": "42186",
          "participantID": "3313",
          "utterance": "아 네 저는 집 앞이 북한산이라 북한산 만 다니거든요 산을 잘 몰라요",
          "summary": "나는 북한산만 다녀왔다",
          "date": "2022-11-11",
          "time": "14:01:52",
          "terminate": "false"
        },
        {
          "speaker": "speaker2",
          "personaID": "50905",
          "participantID": "3669",
          "utterance": "그렇지 않네요. 북한산이 얼마나 좋은데요. 그리고 요즘 가을 날씨치고는 조금 기후가 높지 않나요는",
          "summary": "나는 요즘 가을 날씨 치고는 기후가 높다",
          "date": "2022-11-11",
          "time": "14:03:43",
          "terminate": "false"
        },
        {
          "speaker": "speaker1",
          "personaID": "42186",
          "participantID": "3313",
          "utterance": "내 북한산 좋은 거 알죠 내 요즘 가을 날씨 치고는 기후가 높은 것 같아요",
          "summary": "",
          "date": "2022-11-11",
          "time": "15:52:08",
          "terminate": "false"
        },
        {
          "speaker": "speaker2",
          "personaID": "50905",
          "participantID": "3669",
          "utterance": "원래가 가을은 천고마비의 계절이라 높지 않겠습니까",
          "summary": "",
          "date": "2022-11-11",
          "time": "16:25:36",
          "terminate": "false"
        },
        {
          "speaker": "speaker1",
          "personaID": "42186",
          "participantID": "3313",
          "utterance": "가을 하늘은 정말 예쁜 것 같아요 구름도 한 점 없고 진짜 이쁘더라고요 미세먼지도 없고 뿌연 먼지 없는 하늘이 정말 예쁜 것 같아요",
          "summary": "",
          "date": "2022-11-11",
          "time": "17:09:23",
          "terminate": "false"
        },
        {
          "speaker": "speaker2",
          "personaID": "50905",
          "participantID": "3669",
          "utterance": "그래서 가을을 예찬하는가 봅니다.높고 맑은 가을을..",
          "summary": "",
          "date": "2022-11-11",
          "time": "17:27:56",
          "terminate": "false"
        },
        {
          "speaker": "speaker1",
          "personaID": "42186",
          "participantID": "3313",
          "utterance": "가을이 될 때마다  감탄을 합니다....어느계절을 좋아하시나요?",
          "summary": "나는 가을이 될 때마다 감탄한다",
          "date": "2022-11-11",
          "time": "17:55:35",
          "terminate": "false"
        },
        {
          "speaker": "speaker2",
          "personaID": "50905",
          "participantID": "3669",
          "utterance": "저는 계절의 여왕 봄을 좋아하지만 등산은 가을이 좋아요",
          "summary": "나는 계절의 여왕 봄을 좋아하고 가을에 등산하는 것을 좋아한다",
          "date": "2022-11-11",
          "time": "18:00:26",
          "terminate": "false"
        },
        {
          "speaker": "speaker1",
          "personaID": "42186",
          "participantID": "3313",
          "utterance": "내 그러시군요 저도 봄 가을 좋아해요  가을이 등산하기 참 좋은 계절인가 봐요",
          "summary": "나도 봄가을을 좋아한다",
          "date": "2022-11-11",
          "time": "18:04:44",
          "terminate": "false"
        },
        {
          "speaker": "speaker2",
          "personaID": "50905",
          "participantID": "3669",
          "utterance": "공감대가 있어 좋은 대화를 나눌수 있어 즐거웠습니다 이만 종료하도록 하겠습니다",
          "summary": "",
          "date": "2022-11-11",
          "time": "18:08:34",
          "terminate": "true"
        }
      ],
      "sessionPersonaSummary": {
        "speaker1": [
          "나는 북한산만 다녀왔다",
          "나는 가을이 될 때마다 감탄한다",
          "나도 봄가을을 좋아한다"
        ],
        "speaker2": [
          "나는 조금 쌀쌀해졌다",
          "나는 부산에 살아서 금정산이 좋다",
          "나는 요즘 가을 날씨 치고는 기후가 높다",
          "나는 계절의 여왕 봄을 좋아하고 가을에 등산하는 것을 좋아한다"
        ]
      },
      "prevAggregatedpersonaSummary": {
        "speaker1": [
          "나는 40대 여성이다",
          "나는 혈액형이 B형이다",
          "나는 배구를 좋아한다",
          "나는 배구가 재미있다",
          "나는 추위를 못 참는다",
          "나는 추워지니까 게을러진다",
          "나는 좋아하는 계절이 겨울이다",
          "나는 겨울에도 센터에 가서 배구한다",
          "나는 너무 피곤해서 잤다",
          "나는 걷기 운동을 제일 좋아합니다",
          "나는 하루에 이만보 걸\n으니 살도 빠지고 좋다",
          "나는 구경을 못해봤다",
          "나는 한번 가 보고 싶다"
        ],
        "speaker2": [
          "나는 60대 남성이다",
          "나는 조금은 급한 A형이다",
          "나는 걷기 운동만 한다",
          "나는 과거에 배드민턴을 좋아했다",
          "나는 나이 때문에 공을 쫓아가기 힘이 든다",
          "나는 요즘 아침저녁으로 날씨가 쌀쌀한 것 같다",
          "나는 계절의 변화에 맞게 건강관리가 필요하다",
          "나는 요즘 하늘 보면 유난히 높아 보인다",
          "나는 가을에는 걷기에 적당한 것 같다",
          "나는 가을 하면 억새가 생각난다",
          "나는 산을 좋아한다 가을에 화왕산 억새는 정말 대단하다"
        ]
      }
    }
  ]
}