{
  "FileInfo": {
    "filename": "K4-00031-CL21854-CP32204-10-06-S4.json",
    "sessionLevel": "4"
  },
  "participantsInfo": {
    "numberOfParticipants": "2",
    "speaker1": {
      "participantID": "3082",
      "gender": "여성",
      "age": "20대",
      "occupation": "무직",
      "bPlace": "서울/경기/인천",
      "gPlace": "서울/경기/인천",
      "rPlace": "서울/경기/인천",
      "educationLevel": "대졸"
    },
    "speaker2": {
      "participantID": "3045",
      "gender": "여성",
      "age": "40대",
      "occupation": "주부",
      "bPlace": "대전/세종/충청/강원",
      "gPlace": "대전/세종/충청/강원",
      "rPlace": "서울/경기/인천",
      "educationLevel": "대졸"
    }
  },
  "multisessionInfo": {
    "multisessionID": "4-00031"
  },
  "personaInfo": {
    "clInfo": {
      "personaID": "21854",
      "personaFeatures": [
        "나는 여자이다.",
        "나는 20대이다.",
        "나는 새를 싫어한다",
        "나는 영어영문학 전공이다",
        "나는 달리기를 가끔 한다"
      ],
      "speakerType": "speaker1"
    },
    "cpInfo": {
      "personaID": "32204",
      "personaFeatures": [
        "나는 여자이다.",
        "나는 30대이다.",
        "나의 거주지는 전주이다",
        "나는 매우 조용하다",
        "나는 갈비를 즐겨 먹는다"
      ],
      "speakerType": "speaker2"
    }
  },
  "topicInfo": {
    "topicID": "10-06",
    "topicType": "여가와 오락>스포츠/레져",
    "topicTitle": "월드컵"
  },
  "sessionInfo": [
    {
      "prevSessionID": null,
      "prevTimeInfo": {
        "timeNum": null,
        "timeUnit": null
      },
      "nthSession": "1",
      "numberOfUtterances": "14",
      "numberOfTurns": "7",
      "sessionID": "4-00031-1",
      "dialog": [
        {
          "speaker": "speaker1",
          "personaID": "21854",
          "participantID": "3082",
          "utterance": "안녕하세요 저는 20대 여자에요",
          "summary": "나는 20대 여성이다",
          "date": "2022-10-08",
          "time": "23:11:39",
          "terminate": "false"
        },
        {
          "speaker": "speaker2",
          "personaID": "32204",
          "participantID": "3045",
          "utterance": "안녕하세요 저는 전주에 살고 있는 30대 여성입니다",
          "summary": "나는 전주에 살고 있는 30대 여성이다.",
          "date": "2022-10-08",
          "time": "23:23:35",
          "terminate": "false"
        },
        {
          "speaker": "speaker1",
          "personaID": "21854",
          "participantID": "3082",
          "utterance": "그렇군요 전주 비빔밥 좋아하시나요 ",
          "summary": "",
          "date": "2022-10-08",
          "time": "23:28:30",
          "terminate": "false"
        },
        {
          "speaker": "speaker2",
          "personaID": "32204",
          "participantID": "3045",
          "utterance": "ㅋㅋ 전주 하면 전주 비빔밥을 많이들 떠올리시더라구요 저는 비빔밥도 좋아하지만 갈비를 더 좋아해서 즐겨먹어요",
          "summary": "나는 갈비를 좋아해서 즐겨먹는다.",
          "date": "2022-10-08",
          "time": "23:53:23",
          "terminate": "false"
        },
        {
          "speaker": "speaker1",
          "personaID": "21854",
          "participantID": "3082",
          "utterance": "오 갈비 맛있지요 저는 돼지갈비랑 닭갈비 좋아하는데!",
          "summary": "나는 돼지갈비랑 닭갈비를 좋아한다",
          "date": "2022-10-10",
          "time": "20:53:14",
          "terminate": "false"
        },
        {
          "speaker": "speaker2",
          "personaID": "32204",
          "participantID": "3045",
          "utterance": "그러시구나 저는 소갈비 돼지갈비 닭갈비 모두 좋아해요 님은 어떤 성향이신가요 저는 매우 조용한 타입이에요",
          "summary": "나는 소갈비 돼지갈비 닭갈비 모두 좋아한다. 나는 매우 조용한 타입이다.",
          "date": "2022-10-11",
          "time": "05:00:55",
          "terminate": "false"
        },
        {
          "speaker": "speaker1",
          "personaID": "21854",
          "participantID": "3082",
          "utterance": "저는 활발하긴한데 혼자 있는 시간을 좋아해요 그래서 달리기 가끔해요 ",
          "summary": "나는 활발하다.\n 나는 혼자 있는 시간을 좋아한다.\n나는 달리기 가끔한다.",
          "date": "2022-10-11",
          "time": "14:03:34",
          "terminate": "false"
        },
        {
          "speaker": "speaker2",
          "personaID": "32204",
          "participantID": "3045",
          "utterance": "혼자 있는 시간에 달리기를 하신다고요? '달려라 하니'가 생각나네요ㅎㅎ 20대시면 하니를 모르시려나? 너무 오래 된 만화라..",
          "summary": "",
          "date": "2022-10-11",
          "time": "18:29:15",
          "terminate": "false"
        },
        {
          "speaker": "speaker1",
          "personaID": "21854",
          "participantID": "3082",
          "utterance": "하하 노래는 들어봤어요 본적은 없구요 좋아하는 동물있나요 저는 새를 싫어해요",
          "summary": "나는 노래는 들어봤지만 보지 못했다.\n나는 새를 싫어한다",
          "date": "2022-10-13",
          "time": "06:14:41",
          "terminate": "false"
        },
        {
          "speaker": "speaker2",
          "personaID": "32204",
          "participantID": "3045",
          "utterance": "저는 귀여운 동물은 다 좋아해요 개와 고양이는 당연하구요",
          "summary": "나는 귀여운 동물은 다 좋아한다.",
          "date": "2022-10-13",
          "time": "06:41:40",
          "terminate": "false"
        },
        {
          "speaker": "speaker1",
          "personaID": "21854",
          "participantID": "3082",
          "utterance": "그렇군요 아 저는 학교갑니다. 수업들으러 전공은 영어영문학이에요",
          "summary": "나는 수업을 들으러 학교에 간다.\n나는 영어 영문학 학생이다",
          "date": "2022-10-14",
          "time": "10:06:06",
          "terminate": "false"
        },
        {
          "speaker": "speaker2",
          "personaID": "32204",
          "participantID": "3045",
          "utterance": "영어를 잘 하실 것 같아요 저는 영어 잘 하는 사람 부러워요",
          "summary": "나는 영어 잘하는 사람 부럽다.",
          "date": "2022-10-14",
          "time": "16:22:02",
          "terminate": "false"
        },
        {
          "speaker": "speaker1",
          "personaID": "21854",
          "participantID": "3082",
          "utterance": "아하 ㅎㅎ 오 어떤게 부러우신가요",
          "summary": "",
          "date": "2022-10-15",
          "time": "16:44:53",
          "terminate": "false"
        },
        {
          "speaker": "speaker2",
          "personaID": "32204",
          "participantID": "3045",
          "utterance": "저도 리스닝과 스피키을 잘 하고 싶은데 마음 뿐이라서요 학창 시절엔 그래도 공부하는게 있어서 스피킹은 아니어도 리딩 라이팅은 그래도 돴는데 지금은 영어를 떠난지 10년이 넘다보니 그 조차도 자신이 없네요 저도 외국인과 영어로 소통하고 싶어요",
          "summary": "나는 영어 리스닝과 스피킹을 잘하고 싶은데 마음뿐이다. 나는 영어를 떠난 지 10년이 넘는다. 나는 외국인과 영어로 소통하고 싶다.",
          "date": "2022-10-15",
          "time": "23:55:13",
          "terminate": "true"
        }
      ],
      "sessionPersonaSummary": {
        "speaker1": [
          "나는 20대 여성이다",
          "나는 돼지갈비랑 닭갈비를 좋아한다",
          "나는 활발하다.\n 나는 혼자 있는 시간을 좋아한다.\n나는 달리기 가끔한다.",
          "나는 노래는 들어봤지만 보지 못했다.\n나는 새를 싫어한다",
          "나는 수업을 들으러 학교에 간다.\n나는 영어 영문학 학생이다"
        ],
        "speaker2": [
          "나는 전주에 살고 있는 30대 여성이다.",
          "나는 갈비를 좋아해서 즐겨먹는다.",
          "나는 소갈비 돼지갈비 닭갈비 모두 좋아한다. 나는 매우 조용한 타입이다.",
          "나는 귀여운 동물은 다 좋아한다.",
          "나는 영어 잘하는 사람 부럽다.",
          "나는 영어 리스닝과 스피킹을 잘하고 싶은데 마음뿐이다.",
          "나는 영어를 떠난 지 10년이 넘는다. 나는 외국인과 영어로 소통하고 싶다."
        ]
      },
      "prevAggregatedpersonaSummary": {
        "speaker1": [],
        "speaker2": []
      }
    },
    {
      "prevSessionID": "4-00031-1",
      "prevTimeInfo": {
        "timeNum": "9",
        "timeUnit": "일"
      },
      "nthSession": "2",
      "numberOfUtterances": "16",
      "numberOfTurns": "8",
      "sessionID": "4-00031-2",
      "dialog": [
        {
          "speaker": "speaker1",
          "personaID": "21854",
          "participantID": "3082",
          "utterance": "벌써 9일이나 지냈나요 잘 계셨나요?",
          "summary": "나는 9일 만에 연락한다",
          "date": "2022-10-18",
          "time": "21:53:16",
          "terminate": "false"
        },
        {
          "speaker": "speaker2",
          "personaID": "32204",
          "participantID": "3045",
          "utterance": "잘 지냈어요? 그 사이 벌써 쌀쌀한 가을이 되었네요",
          "summary": "나는 요즘 가을이 된 거 같다",
          "date": "2022-10-18",
          "time": "21:58:26",
          "terminate": "false"
        },
        {
          "speaker": "speaker1",
          "personaID": "21854",
          "participantID": "3082",
          "utterance": "그러게요 저는 월드컵 일정보고 있어요 벌써 다음달이네요",
          "summary": "나는 월드컵 일정을 보고 있다",
          "date": "2022-10-19",
          "time": "21:17:16",
          "terminate": "false"
        },
        {
          "speaker": "speaker2",
          "personaID": "32204",
          "participantID": "3045",
          "utterance": "우와 벌써 그렇게 됐나요? 저는 2002년 월드컵때만 열정적으로 응원했고 그 담은 점점 시들..",
          "summary": "나는 2002년 월드컵 때만 열정적으로 응원했다.",
          "date": "2022-10-19",
          "time": "22:37:46",
          "terminate": "false"
        },
        {
          "speaker": "speaker1",
          "personaID": "21854",
          "participantID": "3082",
          "utterance": "와 그러게요 저는 그때 잘 기억은 안나지만 그 월드컵때 다 빨간옷있고 재밌었던건 기억나네요",
          "summary": "나는 월드컵 때 모두 빨간 옷을 입고 재밌어했던 기억이 있다",
          "date": "2022-10-20",
          "time": "07:47:43",
          "terminate": "false"
        },
        {
          "speaker": "speaker2",
          "personaID": "32204",
          "participantID": "3045",
          "utterance": "저는 고등학생 때였는데 공부는 해야겠고 축구는 보고 싶고ㅎㅎ 결국은 결과랑 하이라이트 장면만 봤지만  그 때의 열기는 잊기 힘들지요",
          "summary": "나는 결과랑 하이라이트 장면만 봤다.",
          "date": "2022-10-20",
          "time": "09:30:19",
          "terminate": "false"
        },
        {
          "speaker": "speaker1",
          "personaID": "21854",
          "participantID": "3082",
          "utterance": "오 그렇군요 그쵸 월드컵으로 한국이 하나로 뭉치는거 같네요",
          "summary": "나는 월드컵으로 한국이 하나가 되는 것 같다",
          "date": "2022-10-20",
          "time": "13:06:45",
          "terminate": "false"
        },
        {
          "speaker": "speaker2",
          "personaID": "32204",
          "participantID": "3045",
          "utterance": "아파트 여기저기서 대~한민국 짝짝짝 짝짝 소리가 막 울리고 그랬었죠",
          "summary": "나는 아파트에서 함성소리가 기억난다.",
          "date": "2022-10-20",
          "time": "21:59:27",
          "terminate": "false"
        },
        {
          "speaker": "speaker1",
          "personaID": "21854",
          "participantID": "3082",
          "utterance": "그러게요 그 이후 월드컵들은 쭉 보셨나요?",
          "summary": "",
          "date": "2022-10-20",
          "time": "22:07:12",
          "terminate": "false"
        },
        {
          "speaker": "speaker2",
          "personaID": "32204",
          "participantID": "3045",
          "utterance": "그 후로는 우리나라에서 하는게 아니라서 그런지 점점 시들해져서 거의 보지 않았어요 지금도 별관심이 없고요",
          "summary": "나는 우리나라에서 하지 않는 월드컵은 관심이 덜하다.",
          "date": "2022-10-23",
          "time": "03:56:17",
          "terminate": "false"
        },
        {
          "speaker": "speaker1",
          "personaID": "21854",
          "participantID": "3082",
          "utterance": "그렇군요 저는 그 유소년월드컵인가 그 준우승한게 너무 재밌었어요",
          "summary": "나는 유소년 월드컵이 너무 재미있다",
          "date": "2022-10-25",
          "time": "06:17:10",
          "terminate": "false"
        },
        {
          "speaker": "speaker2",
          "personaID": "32204",
          "participantID": "3045",
          "utterance": "정말요? 유소년 월드컵은 20세 이하인 선수들이 하는 월드컵인가요?",
          "summary": "나는 유소년 월드컵은 20세 이하인 선수들이 하는 월드컵인가 싶다.",
          "date": "2022-10-25",
          "time": "08:15:43",
          "terminate": "false"
        },
        {
          "speaker": "speaker1",
          "personaID": "21854",
          "participantID": "3082",
          "utterance": "글쎄요 그런거같아요 너무 멋있더라구요 다들 잘하고",
          "summary": "나는 유소년 축구팀이 너무 잘하고 멋있게 느껴진다",
          "date": "2022-10-25",
          "time": "11:35:34",
          "terminate": "false"
        },
        {
          "speaker": "speaker2",
          "personaID": "32204",
          "participantID": "3045",
          "utterance": "저도 한번 봐야겠네요 저는 축구선수는 2002년 태극 전사들 이름만 아는 정도거든요 유소년 축구선수들이 나중에 국가대표 선수가 될테니 관심을 좀 가져야겠어요",
          "summary": "나는 유소년 축구선수들이 나중에 국가대표 선수가 될 테니 관심 가져야겠다.",
          "date": "2022-10-25",
          "time": "13:36:18",
          "terminate": "false"
        },
        {
          "speaker": "speaker1",
          "personaID": "21854",
          "participantID": "3082",
          "utterance": "그래야겠네요 무슨 볼일 있다고 하지않으셨나요 ",
          "summary": "",
          "date": "2022-10-26",
          "time": "03:47:11",
          "terminate": "false"
        },
        {
          "speaker": "speaker2",
          "personaID": "32204",
          "participantID": "3045",
          "utterance": "네 맞아요 약속이 있어요 우리 다음에 또 얘기 나눠용",
          "summary": "나는 약속이 있다.",
          "date": "2022-10-26",
          "time": "07:36:25",
          "terminate": "true"
        }
      ],
      "sessionPersonaSummary": {
        "speaker1": [
          "나는 9일 만에 연락한다",
          "나는 월드컵 일정을 보고 있다",
          "나는 월드컵 때 모두 빨간 옷을 입고 재밌어했던 기억이 있다",
          "나는 월드컵으로 한국이 하나가 되는 것 같다",
          "나는 유소년 월드컵이 너무 재미있다",
          "나는 유소년 축구팀이 너무 잘하고 멋있게 느껴진다"
        ],
        "speaker2": [
          "나는 요즘 가을이 된 거 같다",
          "나는 2002년 월드컵 때만 열정적으로 응원했다.",
          "나는 결과랑 하이라이트 장면만 봤다.",
          "나는 아파트에서 함성소리가 기억난다.",
          "나는 우리나라에서 하지 않는 월드컵은 관심이 덜하다.",
          "나는 유소년 월드컵은 20세 이하인 선수들이 하는 월드컵인가 싶다.",
          "나는 유소년 축구선수들이 나중에 국가대표 선수가 될 테니 관심 가져야겠다.",
          "나는 약속이 있다."
        ]
      },
      "prevAggregatedpersonaSummary": {
        "speaker1": [
          "나는 20대 여성이다",
          "나는 돼지갈비랑 닭갈비를 좋아한다",
          "나는 활발하다.\n 나는 혼자 있는 시간을 좋아한다.\n나는 달리기 가끔한다.",
          "나는 노래는 들어봤지만 보지 못했다.\n나는 새를 싫어한다",
          "나는 수업을 들으러 학교에 간다.\n나는 영어 영문학 학생이다"
        ],
        "speaker2": [
          "나는 전주에 살고 있는 30대 여성이다.",
          "나는 갈비를 좋아해서 즐겨먹는다.",
          "나는 소갈비 돼지갈비 닭갈비 모두 좋아한다. 나는 매우 조용한 타입이다.",
          "나는 귀여운 동물은 다 좋아한다.",
          "나는 영어 잘하는 사람 부럽다.",
          "나는 영어 리스닝과 스피킹을 잘하고 싶은데 마음뿐이다.",
          "나는 영어를 떠난 지 10년이 넘는다. 나는 외국인과 영어로 소통하고 싶다."
        ]
      }
    },
    {
      "prevSessionID": "4-00031-2",
      "prevTimeInfo": {
        "timeNum": "9",
        "timeUnit": "시간"
      },
      "nthSession": "3",
      "numberOfUtterances": "14",
      "numberOfTurns": "7",
      "sessionID": "4-00031-3",
      "dialog": [
        {
          "speaker": "speaker1",
          "personaID": "21854",
          "participantID": "3082",
          "utterance": "굿모닝입니다 어제 약속 잘  다녀오셨나요",
          "summary": "",
          "date": "2022-10-27",
          "time": "09:56:37",
          "terminate": "false"
        },
        {
          "speaker": "speaker2",
          "personaID": "32204",
          "participantID": "3045",
          "utterance": "네 간단한 알바였는데 잘 하고  왔어요",
          "summary": "나는 간단한 알바를 하였고 잘했다",
          "date": "2022-10-27",
          "time": "11:11:31",
          "terminate": "false"
        },
        {
          "speaker": "speaker1",
          "personaID": "21854",
          "participantID": "3082",
          "utterance": "그렇군요 저는 월드컵경기장갔었어요",
          "summary": "나는 월드컵 경기장에 갔었다",
          "date": "2022-10-27",
          "time": "11:23:16",
          "terminate": "false"
        },
        {
          "speaker": "speaker2",
          "personaID": "32204",
          "participantID": "3045",
          "utterance": "우와 전주에도 월드컵 경기장이 있군요? 저는 제주 월드컵 경기장에 오래전에 가봤었어요 경기장 멋지던가요?",
          "summary": "나는 제주 월드컵 경기장에 오래전에 가봤다",
          "date": "2022-10-27",
          "time": "12:05:26",
          "terminate": "false"
        },
        {
          "speaker": "speaker1",
          "personaID": "21854",
          "participantID": "3082",
          "utterance": "오 저 전주에 안살아요 서울에 있는 월드컵경기장갔었어요",
          "summary": "나는 전주에 안 산다.\n나는  서울에 있는 월드컵 경기장에 갔었다.",
          "date": "2022-10-27",
          "time": "12:27:08",
          "terminate": "false"
        },
        {
          "speaker": "speaker2",
          "personaID": "32204",
          "participantID": "3045",
          "utterance": "앗! 그러시구나ㅎㅎ 전주든 서울이든 전국에 있는 월드컵 경기장에서 축구 경기를 요즘도 하나요?",
          "summary": "",
          "date": "2022-10-27",
          "time": "12:30:48",
          "terminate": "false"
        },
        {
          "speaker": "speaker1",
          "personaID": "21854",
          "participantID": "3082",
          "utterance": "네 친선경기하는거 같더라구요 저는 그 주변에 공원에 갔었어요",
          "summary": "나는 월드컵 경기장 주변 공원에 갔었다",
          "date": "2022-10-27",
          "time": "12:32:56",
          "terminate": "false"
        },
        {
          "speaker": "speaker2",
          "personaID": "32204",
          "participantID": "3045",
          "utterance": "주변 공원도 산책하기 좋게 조성되어 있나요?",
          "summary": "",
          "date": "2022-10-27",
          "time": "12:38:58",
          "terminate": "false"
        },
        {
          "speaker": "speaker1",
          "personaID": "21854",
          "participantID": "3082",
          "utterance": "네 맞아요 그 옆에 수산시장있어서 가끔가서 회나 대게사오고 공원도 너무 잘 되어있어요",
          "summary": "나는 공원 옆 수산시장에 가끔 가서 회나 대게를 사 온다.",
          "date": "2022-10-27",
          "time": "12:40:17",
          "terminate": "false"
        },
        {
          "speaker": "speaker2",
          "personaID": "32204",
          "participantID": "3045",
          "utterance": "그러시군요. 경기  있을 때는  경기 보고 돌아오는 길에 회나 매운탕거리 사가지고 가면 좋겠네요",
          "summary": "",
          "date": "2022-11-05",
          "time": "08:29:04",
          "terminate": "false"
        },
        {
          "speaker": "speaker1",
          "personaID": "21854",
          "participantID": "3082",
          "utterance": "그러게 말이에요 매운탕도 좋죠 경기장가서고 뭐 먹으면 좋죠",
          "summary": "나는 매운탕을 좋아한다.",
          "date": "2022-11-06",
          "time": "06:15:11",
          "terminate": "false"
        },
        {
          "speaker": "speaker2",
          "personaID": "32204",
          "participantID": "3045",
          "utterance": "야구 경기장에선 보통 맥주와 안주를 마시잖아요? 축구도 비슷할 것 같은데요?",
          "summary": "",
          "date": "2022-11-06",
          "time": "14:42:01",
          "terminate": "false"
        },
        {
          "speaker": "speaker1",
          "personaID": "21854",
          "participantID": "3082",
          "utterance": "그러게요 근데 저는 축구볼때는 좀 좁았던 기억이 나요",
          "summary": "나는 축구 경기장이 좀 좁았던 기억이 있다",
          "date": "2022-11-07",
          "time": "09:23:24",
          "terminate": "false"
        },
        {
          "speaker": "speaker2",
          "personaID": "32204",
          "participantID": "3045",
          "utterance": "그랬군요 저는 직접 축구를 관람한 적이 없어서 잘 모르겠네요. 저도 경기장에서 볼 기회가 있으면 좋겠어요. 이야기 즐거웠습니다. 제가 외출을 해야해서요",
          "summary": "나는 직접 축구를 관람한 적이 없어서 잘 모르겠다 나는 외출을 해야 된다",
          "date": "2022-11-07",
          "time": "12:01:53",
          "terminate": "true"
        }
      ],
      "sessionPersonaSummary": {
        "speaker1": [
          "나는 월드컵 경기장에 갔었다",
          "나는 전주에 안 산다.\n나는  서울에 있는 월드컵 경기장에 갔었다.",
          "나는 월드컵 경기장 주변 공원에 갔었다",
          "나는 공원 옆 수산시장에 가끔 가서 회나 대게를 사 온다.",
          "나는 매운탕을 좋아한다.",
          "나는 축구 경기장이 좀 좁았던 기억이 있다"
        ],
        "speaker2": [
          "나는 간단한 알바를 하였고 잘했다",
          "나는 제주 월드컵 경기장에 오래전에 가봤다",
          "나는 직접 축구를 관람한 적이 없어서 잘 모르겠다",
          "나는 외출을 해야 된다"
        ]
      },
      "prevAggregatedpersonaSummary": {
        "speaker1": [
          "나는 20대 여성이다",
          "나는 돼지갈비랑 닭갈비를 좋아한다",
          "나는 활발하다.\n 나는 혼자 있는 시간을 좋아한다.\n나는 달리기 가끔한다.",
          "나는 노래는 들어봤지만 보지 못했다.\n나는 새를 싫어한다",
          "나는 수업을 들으러 학교에 간다.\n나는 영어 영문학 학생이다",
          "나는 9일 만에 연락한다",
          "나는 월드컵 일정을 보고 있다",
          "나는 월드컵 때 모두 빨간 옷을 입고 재밌어했던 기억이 있다",
          "나는 월드컵으로 한국이 하나가 되는 것 같다",
          "나는 유소년 월드컵이 너무 재미있다",
          "나는 유소년 축구팀이 너무 잘하고 멋있게 느껴진다"
        ],
        "speaker2": [
          "나는 전주에 살고 있는 30대 여성이다.",
          "나는 갈비를 좋아해서 즐겨먹는다.",
          "나는 소갈비 돼지갈비 닭갈비 모두 좋아한다. 나는 매우 조용한 타입이다.",
          "나는 귀여운 동물은 다 좋아한다.",
          "나는 영어 잘하는 사람 부럽다.",
          "나는 영어 리스닝과 스피킹을 잘하고 싶은데 마음뿐이다.",
          "나는 영어를 떠난 지 10년이 넘는다. 나는 외국인과 영어로 소통하고 싶다.",
          "나는 요즘 가을이 된 거 같다",
          "나는 2002년 월드컵 때만 열정적으로 응원했다.",
          "나는 결과랑 하이라이트 장면만 봤다.",
          "나는 아파트에서 함성소리가 기억난다.",
          "나는 우리나라에서 하지 않는 월드컵은 관심이 덜하다.",
          "나는 유소년 월드컵은 20세 이하인 선수들이 하는 월드컵인가 싶다.",
          "나는 유소년 축구선수들이 나중에 국가대표 선수가 될 테니 관심 가져야겠다.",
          "나는 약속이 있다."
        ]
      }
    },
    {
      "prevSessionID": "4-00031-3",
      "prevTimeInfo": {
        "timeNum": "1",
        "timeUnit": "주"
      },
      "nthSession": "4",
      "numberOfUtterances": "14",
      "numberOfTurns": "7",
      "sessionID": "4-00031-4",
      "dialog": [
        {
          "speaker": "speaker1",
          "personaID": "21854",
          "participantID": "3082",
          "utterance": "벌써 일주일이 되었네요 잘 지내셨나요?",
          "summary": "나는 일주일 만에 연락한다.",
          "date": "2022-11-08",
          "time": "14:40:23",
          "terminate": "false"
        },
        {
          "speaker": "speaker2",
          "personaID": "32204",
          "participantID": "3045",
          "utterance": "네  잘 지냈어요. 단풍이 이제 떨어져가고 있네요",
          "summary": "나는 단풍이 이제 떨어져 가고 있는 걸 보았다.",
          "date": "2022-11-08",
          "time": "14:59:28",
          "terminate": "false"
        },
        {
          "speaker": "speaker1",
          "personaID": "21854",
          "participantID": "3082",
          "utterance": "그러게 말입니다 이번 월드컵이 늦은게 카타르 날씨때문이라네요",
          "summary": "나는 이번 월드컵이 늦은 게 카타르 날씨 때문이라고 안다",
          "date": "2022-11-08",
          "time": "18:15:21",
          "terminate": "false"
        },
        {
          "speaker": "speaker2",
          "personaID": "32204",
          "participantID": "3045",
          "utterance": "정말요? 날씨가 어땠길래요? 저는 첨 듣는 내용이에요",
          "summary": "",
          "date": "2022-11-09",
          "time": "06:28:21",
          "terminate": "false"
        },
        {
          "speaker": "speaker1",
          "personaID": "21854",
          "participantID": "3082",
          "utterance": "카타르가 평균 날씨가 너무 더워서 선수들 안전을 위해 월드컵을 좀 덜 더울때하는거라네요 난생처음있는일이래요",
          "summary": "",
          "date": "2022-11-09",
          "time": "11:10:24",
          "terminate": "false"
        },
        {
          "speaker": "speaker2",
          "personaID": "32204",
          "participantID": "3045",
          "utterance": "아 그렇군요..카타르가 더운 나란가 보네요..에구 더운데 뛰려면 체력소모가 어마어마 하겠네요",
          "summary": "나는 카타르가 더운 나란히 이제 알았다.",
          "date": "2022-11-09",
          "time": "12:02:52",
          "terminate": "false"
        },
        {
          "speaker": "speaker1",
          "personaID": "21854",
          "participantID": "3082",
          "utterance": "맞아요 그리고 이번 월드컵은 원래 축구리그 바쁠때랑 겹쳐서 축구선수들이 일주일에 왓다갔다 할정도로 바쁘게 될꺼라고 하네요",
          "summary": "",
          "date": "2022-11-09",
          "time": "18:58:44",
          "terminate": "false"
        },
        {
          "speaker": "speaker2",
          "personaID": "32204",
          "participantID": "3045",
          "utterance": "아..저런. 월드컵  출전 선수는 월드컵만 뛰면 안되는건가요? 둘 다 참가하는건 무리일 것 같은데...잘 하는 선수를 어느쪽도 포기할 수 없는건가.' ",
          "summary": "나는 월드컵 출전 선수가 다른 리그를 둘 다 참가하는 건 무리일 것 같다.",
          "date": "2022-11-09",
          "time": "19:03:17",
          "terminate": "false"
        },
        {
          "speaker": "speaker1",
          "personaID": "21854",
          "participantID": "3082",
          "utterance": "그래서 팀마다 조절을 한다고는 봤어요 어떤 선수는 이번에 일주일에 세번은 왕복해야된다는 뉴스봤어요",
          "summary": "나는 어떤 선수는 이번에 일주일에 세 번은 왕복해야 된다는 뉴스를 봤다",
          "date": "2022-11-09",
          "time": "21:52:28",
          "terminate": "false"
        },
        {
          "speaker": "speaker2",
          "personaID": "32204",
          "participantID": "3045",
          "utterance": "제가 너무 몰라서 그러는데요 축구리그도 카타르에서 하는 거겠죠? 도시간 이동이라면 이해가 되는데 다른 일주일에 세번을 다른 나라를 왕복하며 경기하는건 무리일 것 같은데요.",
          "summary": "나는 도시 간 이동이라면 이해가 되는데 일주일에 세 번을 다른 나라를 왕복하며 경기하는 건 무리일 것 같다.",
          "date": "2022-11-10",
          "time": "03:59:11",
          "terminate": "false"
        },
        {
          "speaker": "speaker1",
          "personaID": "21854",
          "participantID": "3082",
          "utterance": "아니요 축구리그는 각자 영국리그나 이렇게 하는걸로 알고 있어요",
          "summary": "나는 축구 리그는 각자 하는 걸로 알고 있다",
          "date": "2022-11-10",
          "time": "06:40:08",
          "terminate": "false"
        },
        {
          "speaker": "speaker2",
          "personaID": "32204",
          "participantID": "3045",
          "utterance": "그러면 우리 선수들은 한국과 카타르를 왔다갔다 한다는 거라구요?",
          "summary": "",
          "date": "2022-11-10",
          "time": "12:23:21",
          "terminate": "false"
        },
        {
          "speaker": "speaker1",
          "personaID": "21854",
          "participantID": "3082",
          "utterance": "우리나라보다는 영국리그같은 큰 그런거 말하는거 같아요 손흥민같이 유명구단에 있는 사람들이요",
          "summary": "",
          "date": "2022-11-10",
          "time": "20:24:12",
          "terminate": "false"
        },
        {
          "speaker": "speaker2",
          "personaID": "32204",
          "participantID": "3045",
          "utterance": "아하  그렇군요 아까 축구 뉴스 자막을 봤는데  손흥민이 속한 팀 경기 결과가 안좋더라구요 아무래도 @이름@의 빈자리가 클 수밖에 없겠지요.벌써 잠 잘 시간이네요. 굿나잇 하세요~",
          "summary": "나는 축구 뉴스 자막을 봤는데 @이름@이 속한 팀 경기 결과가 안 좋았는데 아무래도 @이름@의 빈자리가 클 수밖에 없겠다고 생각한다.",
          "date": "2022-11-10",
          "time": "22:32:01",
          "terminate": "true"
        }
      ],
      "sessionPersonaSummary": {
        "speaker1": [
          "나는 일주일 만에 연락한다.",
          "나는 이번 월드컵이 늦은 게 카타르 날씨 때문이라고 안다",
          "나는 어떤 선수는 이번에 일주일에 세 번은 왕복해야 된다는 뉴스를 봤다",
          "나는 축구 리그는 각자 하는 걸로 알고 있다"
        ],
        "speaker2": [
          "나는 단풍이 이제 떨어져 가고 있는 걸 보았다.",
          "나는 카타르가 더운 나란히 이제 알았다.",
          "나는 월드컵 출전 선수가 다른 리그를 둘 다 참가하는 건 무리일 것 같다.",
          "나는 도시 간 이동이라면 이해가 되는데 일주일에 세 번을 다른 나라를 왕복하며 경기하는 건 무리일 것 같다.",
          "나는 축구 뉴스 자막을 봤는데 @이름@이 속한 팀 경기 결과가 안 좋았는데 아무래도 @이름@의 빈자리가 클 수밖에 없겠다고 생각한다."
        ]
      },
      "prevAggregatedpersonaSummary": {
        "speaker1": [
          "나는 20대 여성이다",
          "나는 돼지갈비랑 닭갈비를 좋아한다",
          "나는 활발하다.\n 나는 혼자 있는 시간을 좋아한다.\n나는 달리기 가끔한다.",
          "나는 노래는 들어봤지만 보지 못했다.\n나는 새를 싫어한다",
          "나는 수업을 들으러 학교에 간다.\n나는 영어 영문학 학생이다",
          "나는 9일 만에 연락한다",
          "나는 월드컵 일정을 보고 있다",
          "나는 월드컵 때 모두 빨간 옷을 입고 재밌어했던 기억이 있다",
          "나는 월드컵으로 한국이 하나가 되는 것 같다",
          "나는 유소년 월드컵이 너무 재미있다",
          "나는 유소년 축구팀이 너무 잘하고 멋있게 느껴진다",
          "나는 월드컵 경기장에 갔었다",
          "나는 전주에 안 산다.\n나는  서울에 있는 월드컵 경기장에 갔었다.",
          "나는 월드컵 경기장 주변 공원에 갔었다",
          "나는 공원 옆 수산시장에 가끔 가서 회나 대게를 사 온다.",
          "나는 매운탕을 좋아한다.",
          "나는 축구 경기장이 좀 좁았던 기억이 있다"
        ],
        "speaker2": [
          "나는 전주에 살고 있는 30대 여성이다.",
          "나는 갈비를 좋아해서 즐겨먹는다.",
          "나는 소갈비 돼지갈비 닭갈비 모두 좋아한다. 나는 매우 조용한 타입이다.",
          "나는 귀여운 동물은 다 좋아한다.",
          "나는 영어 잘하는 사람 부럽다.",
          "나는 영어 리스닝과 스피킹을 잘하고 싶은데 마음뿐이다.",
          "나는 영어를 떠난 지 10년이 넘는다. 나는 외국인과 영어로 소통하고 싶다.",
          "나는 요즘 가을이 된 거 같다",
          "나는 2002년 월드컵 때만 열정적으로 응원했다.",
          "나는 결과랑 하이라이트 장면만 봤다.",
          "나는 아파트에서 함성소리가 기억난다.",
          "나는 우리나라에서 하지 않는 월드컵은 관심이 덜하다.",
          "나는 유소년 월드컵은 20세 이하인 선수들이 하는 월드컵인가 싶다.",
          "나는 유소년 축구선수들이 나중에 국가대표 선수가 될 테니 관심 가져야겠다.",
          "나는 약속이 있다.",
          "나는 간단한 알바를 하였고 잘했다",
          "나는 제주 월드컵 경기장에 오래전에 가봤다",
          "나는 직접 축구를 관람한 적이 없어서 잘 모르겠다",
          "나는 외출을 해야 된다"
        ]
      }
    }
  ]
}