{
  "FileInfo": {
    "filename": "K4-00205-CL02711-CP03854-06-04-S4.json",
    "sessionLevel": "4"
  },
  "participantsInfo": {
    "numberOfParticipants": "2",
    "speaker1": {
      "participantID": "0279",
      "gender": "여성",
      "age": "30대",
      "occupation": "자영업",
      "bPlace": "서울/경기/인천",
      "gPlace": "서울/경기/인천",
      "rPlace": "서울/경기/인천",
      "educationLevel": "대졸"
    },
    "speaker2": {
      "participantID": "0414",
      "gender": "여성",
      "age": "30대",
      "occupation": "판매직",
      "bPlace": "서울/경기/인천",
      "gPlace": "서울/경기/인천",
      "rPlace": "서울/경기/인천",
      "educationLevel": "대졸"
    }
  },
  "multisessionInfo": {
    "multisessionID": "4-00205"
  },
  "personaInfo": {
    "clInfo": {
      "personaID": "02711",
      "personaFeatures": [
        "나는 여자이다.",
        "나는 30대이다.",
        "나는 종교가 없다.",
        "나는 아침에 오늘의 운세를 읽는다.",
        "나는 농구 선수이다."
      ],
      "speakerType": "speaker1"
    },
    "cpInfo": {
      "personaID": "03854",
      "personaFeatures": [
        "나는 여자이다.",
        "나는 40대이다.",
        "나는 형제와 갈등이 있다.",
        "나는 반려동물 훈련사이다.",
        "나는 국악인이다."
      ],
      "speakerType": "speaker2"
    }
  },
  "topicInfo": {
    "topicID": "06-04",
    "topicType": "교육",
    "topicTitle": "학원"
  },
  "sessionInfo": [
    {
      "prevSessionID": null,
      "prevTimeInfo": {
        "timeNum": null,
        "timeUnit": null
      },
      "nthSession": "1",
      "numberOfUtterances": "16",
      "numberOfTurns": "8",
      "sessionID": "4-00205-1",
      "dialog": [
        {
          "speaker": "speaker1",
          "personaID": "02711",
          "participantID": "0279",
          "utterance": "안녕하세요. 저는 30대 여자입니다.",
          "summary": "나는 30대 여성이다.",
          "date": "2022-09-21",
          "time": "10:07:00",
          "terminate": "false"
        },
        {
          "speaker": "speaker2",
          "personaID": "03854",
          "participantID": "0414",
          "utterance": "안녕하세요. 저는 40대 여자입니다.",
          "summary": "나는 40대 여성이다.",
          "date": "2022-09-21",
          "time": "10:07:05",
          "terminate": "false"
        },
        {
          "speaker": "speaker1",
          "personaID": "02711",
          "participantID": "0279",
          "utterance": "뭐하고 계세요? 저는 아침에 오늘의 운세를 읽는 습관이 있어요.",
          "summary": "나는 아침에 오늘의 운세를 읽는 습관이 있다.",
          "date": "2022-09-21",
          "time": "10:07:16",
          "terminate": "false"
        },
        {
          "speaker": "speaker2",
          "personaID": "03854",
          "participantID": "0414",
          "utterance": "오늘의 운세 오랜만이네요~ 저는 형제와 갈등이 있어서 속상해서 카페에 왔어요.",
          "summary": "나는 형제와 갈등 때문에 카페에 왔다.",
          "date": "2022-09-21",
          "time": "10:07:19",
          "terminate": "false"
        },
        {
          "speaker": "speaker1",
          "personaID": "02711",
          "participantID": "0279",
          "utterance": "형제와 왜 싸우셨나요? 종교가 있는 분들은 기도를 많이 하시더라고요.",
          "summary": "나는 종교가 있는 사람들을 기도를 많이 한다고 말했다.",
          "date": "2022-09-21",
          "time": "10:07:30",
          "terminate": "false"
        },
        {
          "speaker": "speaker2",
          "personaID": "03854",
          "participantID": "0414",
          "utterance": "저는 따로 종교가 없어서요. 종교가 있으신 건가요?",
          "summary": "나는 따로 종교가 없다.",
          "date": "2022-09-21",
          "time": "10:07:31",
          "terminate": "false"
        },
        {
          "speaker": "speaker1",
          "personaID": "02711",
          "participantID": "0279",
          "utterance": "저도 종교가 없어요. 그래도 도움이 된다고 하네요.",
          "summary": "나는 종교가 없다.",
          "date": "2022-09-21",
          "time": "10:07:43",
          "terminate": "false"
        },
        {
          "speaker": "speaker2",
          "personaID": "03854",
          "participantID": "0414",
          "utterance": "그렇군요. 감사합니다. 혹시 직업이 어떻게 되세요?",
          "summary": "",
          "date": "2022-09-21",
          "time": "10:07:45",
          "terminate": "false"
        },
        {
          "speaker": "speaker1",
          "personaID": "02711",
          "participantID": "0279",
          "utterance": "저는 농구선수입니다. 직업이 어떻게 되세요?",
          "summary": "나는 농구선수이다.",
          "date": "2022-09-21",
          "time": "10:08:07",
          "terminate": "false"
        },
        {
          "speaker": "speaker2",
          "personaID": "03854",
          "participantID": "0414",
          "utterance": "농구선수셨나요? 저는 영적인 일을 하시는줄 알았어요.",
          "summary": "나는 상대방이 영적인 일을 하는 줄 알았다.",
          "date": "2022-09-21",
          "time": "10:08:14",
          "terminate": "false"
        },
        {
          "speaker": "speaker1",
          "personaID": "02711",
          "participantID": "0279",
          "utterance": "그런가요? 제가 그렇게 보였나 보네요. 신기해요.",
          "summary": "나는 내가 그렇게 보인 것이 신기하다.",
          "date": "2022-09-21",
          "time": "10:08:34",
          "terminate": "false"
        },
        {
          "speaker": "speaker2",
          "personaID": "03854",
          "participantID": "0414",
          "utterance": "저는 직업이 두가지에요. 하나는 반려동물 훈련사에요.",
          "summary": "나는 직업이 두 가지다. 나는 반려동물 훈련사다.",
          "date": "2022-09-21",
          "time": "10:08:39",
          "terminate": "false"
        },
        {
          "speaker": "speaker1",
          "personaID": "02711",
          "participantID": "0279",
          "utterance": "반려동물 훈련사라니~ 요즘 유망한 직업 아닌가요?",
          "summary": "나는 반려동물 훈련사가 유망한 직업이라고 생각한다.",
          "date": "2022-09-21",
          "time": "10:08:55",
          "terminate": "false"
        },
        {
          "speaker": "speaker2",
          "personaID": "03854",
          "participantID": "0414",
          "utterance": "그런가요? 감사합니다. 그리고 또 하나는 국악인이에요.-",
          "summary": "나는 국악인이다.",
          "date": "2022-09-21",
          "time": "10:09:05",
          "terminate": "false"
        },
        {
          "speaker": "speaker1",
          "personaID": "02711",
          "participantID": "0279",
          "utterance": "정말 다재다능 하시네요. 그럼 저는 훈련하러 가볼게요!",
          "summary": "나는 훈련하러 갈 것이다.",
          "date": "2022-09-21",
          "time": "10:09:18",
          "terminate": "false"
        },
        {
          "speaker": "speaker2",
          "personaID": "03854",
          "participantID": "0414",
          "utterance": "네. 그럼 저희 다음에 또 연락하기로 해요~",
          "summary": "",
          "date": "2022-09-21",
          "time": "10:09:30",
          "terminate": "true"
        }
      ],
      "sessionPersonaSummary": {
        "speaker1": [
          "나는 30대 여성이다.",
          "나는 아침에 오늘의 운세를 읽는 습관이 있다.",
          "나는 종교가 있는 사람들을 기도를 많이 한다고 말했다.",
          "나는 종교가 없다.",
          "나는 농구선수이다.",
          "나는 내가 그렇게 보인 것이 신기하다.",
          "나는 반려동물 훈련사가 유망한 직업이라고 생각한다.",
          "나는 훈련하러 갈 것이다."
        ],
        "speaker2": [
          "나는 40대 여성이다.",
          "나는 형제와 갈등 때문에 카페에 왔다.",
          "나는 따로 종교가 없다.",
          "나는 상대방이 영적인 일을 하는 줄 알았다.",
          "나는 직업이 두 가지다. 나는 반려동물 훈련사다.",
          "나는 국악인이다."
        ]
      },
      "prevAggregatedpersonaSummary": {
        "speaker1": [],
        "speaker2": []
      }
    },
    {
      "prevSessionID": "4-00205-1",
      "prevTimeInfo": {
        "timeNum": "3",
        "timeUnit": "일"
      },
      "nthSession": "2",
      "numberOfUtterances": "16",
      "numberOfTurns": "8",
      "sessionID": "4-00205-2",
      "dialog": [
        {
          "speaker": "speaker1",
          "personaID": "02711",
          "participantID": "0279",
          "utterance": "저는 지금 영어 학원을 알아보고있어요. 영어 잘 하세요?",
          "summary": "나는 영어 학원을 알아보고 있다.",
          "date": "2022-09-21",
          "time": "10:09:40",
          "terminate": "false"
        },
        {
          "speaker": "speaker2",
          "personaID": "03854",
          "participantID": "0414",
          "utterance": "영어에 관심이 많으신가 봐요! 저는 영어를 보통으로 해요.",
          "summary": "나는 영어를 보통으로 한다.",
          "date": "2022-09-21",
          "time": "10:10:01",
          "terminate": "false"
        },
        {
          "speaker": "speaker1",
          "personaID": "02711",
          "participantID": "0279",
          "utterance": "네. 영어를 유창하게 하고싶어서요. 그래서 학원을 알아보고있어요.",
          "summary": "나는 영어를 유창하게 하고 싶어서 학원을 알아보고 있다.",
          "date": "2022-09-21",
          "time": "10:10:01",
          "terminate": "false"
        },
        {
          "speaker": "speaker2",
          "personaID": "03854",
          "participantID": "0414",
          "utterance": "그러시군요. 학원에 다니니면 도움이 많이 된다고 하네요.",
          "summary": "나는 학원에 다니면 도움이 많이 된다고 했다.",
          "date": "2022-09-21",
          "time": "10:10:06",
          "terminate": "false"
        },
        {
          "speaker": "speaker1",
          "personaID": "02711",
          "participantID": "0279",
          "utterance": "학원을 안다닌지 15년이 된거같아서 괜히 떨려요.",
          "summary": "나는 학원을 안 다닌 지 15년이 돼서 떨린다.",
          "date": "2022-09-21",
          "time": "10:10:06",
          "terminate": "false"
        },
        {
          "speaker": "speaker2",
          "personaID": "03854",
          "participantID": "0414",
          "utterance": "요즘에는 직장인들도 배우려고 많이 다니까 걱정마세요.",
          "summary": "나는 걱정마라고 말했다.",
          "date": "2022-09-21",
          "time": "10:10:21",
          "terminate": "false"
        },
        {
          "speaker": "speaker1",
          "personaID": "02711",
          "participantID": "0279",
          "utterance": "그렇군요. 가면 성인반으로 꼭 들어가야겠어요.",
          "summary": "나는 성인반으로 다닐 것이다.",
          "date": "2022-09-21",
          "time": "10:10:24",
          "terminate": "false"
        },
        {
          "speaker": "speaker2",
          "personaID": "03854",
          "participantID": "0414",
          "utterance": "네. 성인반으로 넣어줄거에요. 초급수준이신가요?",
          "summary": "",
          "date": "2022-09-21",
          "time": "10:10:47",
          "terminate": "false"
        },
        {
          "speaker": "speaker1",
          "personaID": "02711",
          "participantID": "0279",
          "utterance": "네. 완전 기본 문법 하나만 알고있어요.",
          "summary": "나는 기본 문법 하나만 안다.",
          "date": "2022-09-21",
          "time": "10:10:52",
          "terminate": "false"
        },
        {
          "speaker": "speaker2",
          "personaID": "03854",
          "participantID": "0414",
          "utterance": "그정도면 금방 늘거에요~ 걱정하지 마세요!",
          "summary": "나는 상대방에게 금방 늘 거라고 말했다.",
          "date": "2022-09-21",
          "time": "10:11:04",
          "terminate": "false"
        },
        {
          "speaker": "speaker1",
          "personaID": "02711",
          "participantID": "0279",
          "utterance": "감사합니다. 그리고 또 태권도 학원도 다니고싶어요.",
          "summary": "나는 태권도를 배우고 싶다.",
          "date": "2022-09-21",
          "time": "10:11:12",
          "terminate": "false"
        },
        {
          "speaker": "speaker2",
          "personaID": "03854",
          "participantID": "0414",
          "utterance": "저도 태권도 학원을 다니고 싶더라고요! 통했네요.",
          "summary": "나는 태권도 학원을 다니고 싶다.",
          "date": "2022-09-21",
          "time": "10:11:20",
          "terminate": "false"
        },
        {
          "speaker": "speaker1",
          "personaID": "02711",
          "participantID": "0279",
          "utterance": "그러게요. 태권도 잘 하는 사람 보면 멋져요.",
          "summary": "나는 태권도 잘하는 사람을 보면 멋있다고 생각한다.",
          "date": "2022-09-21",
          "time": "10:11:33",
          "terminate": "false"
        },
        {
          "speaker": "speaker2",
          "personaID": "03854",
          "participantID": "0414",
          "utterance": "저도요. 저도 발차기도 잘하고 싶고 주먹도 잘 날리고 싶어요.",
          "summary": "나는 발차기도 잘하고 싶고 주먹도 잘 날리고 싶다.",
          "date": "2022-09-21",
          "time": "10:11:42",
          "terminate": "false"
        },
        {
          "speaker": "speaker1",
          "personaID": "02711",
          "participantID": "0279",
          "utterance": "그러게요. 저는 이만 학원에 전화를 하고 올게요.",
          "summary": "나는 학원에 전화를 하고 올 것이다.",
          "date": "2022-09-21",
          "time": "10:11:52",
          "terminate": "false"
        },
        {
          "speaker": "speaker2",
          "personaID": "03854",
          "participantID": "0414",
          "utterance": "네. 그럼 학원 좋은 곳으로 가시기를 바래요!",
          "summary": "",
          "date": "2022-09-21",
          "time": "10:12:00",
          "terminate": "true"
        }
      ],
      "sessionPersonaSummary": {
        "speaker1": [
          "나는 영어 학원을 알아보고 있다.",
          "나는 영어를 유창하게 하고 싶어서 학원을 알아보고 있다.",
          "나는 학원을 안 다닌 지 15년이 돼서 떨린다.",
          "나는 성인반으로 다닐 것이다.",
          "나는 기본 문법 하나만 안다.",
          "나는 태권도를 배우고 싶다.",
          "나는 태권도 잘하는 사람을 보면 멋있다고 생각한다.",
          "나는 학원에 전화를 하고 올 것이다."
        ],
        "speaker2": [
          "나는 영어를 보통으로 한다.",
          "나는 학원에 다니면 도움이 많이 된다고 했다.",
          "나는 걱정마라고 말했다.",
          "나는 상대방에게 금방 늘 거라고 말했다.",
          "나는 태권도 학원을 다니고 싶다.",
          "나는 발차기도 잘하고 싶고 주먹도 잘 날리고 싶다."
        ]
      },
      "prevAggregatedpersonaSummary": {
        "speaker1": [
          "나는 30대 여성이다.",
          "나는 아침에 오늘의 운세를 읽는 습관이 있다.",
          "나는 종교가 있는 사람들을 기도를 많이 한다고 말했다.",
          "나는 종교가 없다.",
          "나는 농구선수이다.",
          "나는 내가 그렇게 보인 것이 신기하다.",
          "나는 반려동물 훈련사가 유망한 직업이라고 생각한다.",
          "나는 훈련하러 갈 것이다."
        ],
        "speaker2": [
          "나는 40대 여성이다.",
          "나는 형제와 갈등 때문에 카페에 왔다.",
          "나는 따로 종교가 없다.",
          "나는 상대방이 영적인 일을 하는 줄 알았다.",
          "나는 직업이 두 가지다. 나는 반려동물 훈련사다.",
          "나는 국악인이다."
        ]
      }
    },
    {
      "prevSessionID": "4-00205-2",
      "prevTimeInfo": {
        "timeNum": "3",
        "timeUnit": "일"
      },
      "nthSession": "3",
      "numberOfUtterances": "16",
      "numberOfTurns": "8",
      "sessionID": "4-00205-3",
      "dialog": [
        {
          "speaker": "speaker1",
          "personaID": "02711",
          "participantID": "0279",
          "utterance": "저는 오늘부터 학원에 다니기로했어요. 태권도 학원이요.",
          "summary": "나는 태권도 학원을 다니기로 했다.",
          "date": "2022-09-21",
          "time": "10:12:08",
          "terminate": "false"
        },
        {
          "speaker": "speaker2",
          "personaID": "03854",
          "participantID": "0414",
          "utterance": "다니시기로 했군요~ 영어학원은 아직 결정 못하신거죠?",
          "summary": "",
          "date": "2022-09-21",
          "time": "10:12:16",
          "terminate": "false"
        },
        {
          "speaker": "speaker1",
          "personaID": "02711",
          "participantID": "0279",
          "utterance": "네. 그냥 독학으로 배우려구요. 곧 학원 갈 시간이에요.",
          "summary": "나는 영어는 독학으로 할 것이다.",
          "date": "2022-09-21",
          "time": "10:12:26",
          "terminate": "false"
        },
        {
          "speaker": "speaker2",
          "personaID": "03854",
          "participantID": "0414",
          "utterance": "잘하셨어요. 영어는 독학으로도 충분히 가능하다고 들었어요.",
          "summary": "나는 영어는 독학으로도 충분히 가능하다고 들었다.",
          "date": "2022-09-21",
          "time": "10:12:37",
          "terminate": "false"
        },
        {
          "speaker": "speaker1",
          "personaID": "02711",
          "participantID": "0279",
          "utterance": "그랬으면 좋겠네요. 태권도 학원은 다닐 생각 없으세요?",
          "summary": "나는 독학으로 잘하고 싶다.",
          "date": "2022-09-21",
          "time": "10:12:45",
          "terminate": "false"
        },
        {
          "speaker": "speaker2",
          "personaID": "03854",
          "participantID": "0414",
          "utterance": "태권도 학원은 저는 생각만 했지 진짜 다니고 싶지는 않나봐요..",
          "summary": "나는 태권도 학원을 진짜 다니고 싶지는 않았다고 생각한다.",
          "date": "2022-09-21",
          "time": "10:12:57",
          "terminate": "false"
        },
        {
          "speaker": "speaker1",
          "personaID": "02711",
          "participantID": "0279",
          "utterance": "그렇군요. 저는 검은띠가 목표에요.",
          "summary": "나는 검은띠가 목표다.",
          "date": "2022-09-21",
          "time": "10:13:05",
          "terminate": "false"
        },
        {
          "speaker": "speaker2",
          "personaID": "03854",
          "participantID": "0414",
          "utterance": "멋있어요. 저는 예전에 태권도 학원에서 초록띠까지만 다녀봤어요.",
          "summary": "나는 태권도 학원을 초록띠까지 다녀봤다.",
          "date": "2022-09-21",
          "time": "10:13:21",
          "terminate": "false"
        },
        {
          "speaker": "speaker1",
          "personaID": "02711",
          "participantID": "0279",
          "utterance": "대단하신대요? 예전이면 언제인가요?",
          "summary": "나는 상대방이 대단한 거 같다.",
          "date": "2022-09-21",
          "time": "10:13:27",
          "terminate": "false"
        },
        {
          "speaker": "speaker2",
          "personaID": "03854",
          "participantID": "0414",
          "utterance": "초등학생때요. 정말 까마득하게 옛날이네요.",
          "summary": "나는 초등학생대 태권도 학원에 다녔다.",
          "date": "2022-09-21",
          "time": "10:13:43",
          "terminate": "false"
        },
        {
          "speaker": "speaker1",
          "personaID": "02711",
          "participantID": "0279",
          "utterance": "오래전이군요. 태권도 다닐때 뭔가 도움이 된거같나요?",
          "summary": "",
          "date": "2022-09-21",
          "time": "10:13:45",
          "terminate": "false"
        },
        {
          "speaker": "speaker2",
          "personaID": "03854",
          "participantID": "0414",
          "utterance": "그덕분에 다리가 많이 길어진것 같기는 해요.",
          "summary": "나는 태권도를 다녀서 다리가 많이 길어진 것 같다.",
          "date": "2022-09-21",
          "time": "10:14:01",
          "terminate": "false"
        },
        {
          "speaker": "speaker1",
          "personaID": "02711",
          "participantID": "0279",
          "utterance": "도움이 많이 됐군요. 저도 초등학생때 태권도 다닐걸 그랬나봐요.",
          "summary": "나는 초등학생 때 태권도 다닐걸 그랬다.",
          "date": "2022-09-21",
          "time": "10:14:16",
          "terminate": "false"
        },
        {
          "speaker": "speaker2",
          "personaID": "03854",
          "participantID": "0414",
          "utterance": "그래도 다리가 길 사람들은 다리가 길더라고요.",
          "summary": "나는 다리가 긴 사람들은 다리가 길다고 말했다.",
          "date": "2022-09-21",
          "time": "10:14:23",
          "terminate": "false"
        },
        {
          "speaker": "speaker1",
          "personaID": "02711",
          "participantID": "0279",
          "utterance": "타고난거죠. 저는 학원에 갈 시간이라 가볼게요.",
          "summary": "나는 학원에 갈 것이다.",
          "date": "2022-09-21",
          "time": "10:14:32",
          "terminate": "false"
        },
        {
          "speaker": "speaker2",
          "personaID": "03854",
          "participantID": "0414",
          "utterance": "네~ 학원 잘다녀 오세요. 다음에 연락해요!",
          "summary": "",
          "date": "2022-09-21",
          "time": "10:14:40",
          "terminate": "true"
        }
      ],
      "sessionPersonaSummary": {
        "speaker1": [
          "나는 태권도 학원을 다니기로 했다.",
          "나는 영어는 독학으로 할 것이다.",
          "나는 독학으로 잘하고 싶다.",
          "나는 검은띠가 목표다.",
          "나는 상대방이 대단한 거 같다.",
          "나는 초등학생 때 태권도 다닐걸 그랬다.",
          "나는 학원에 갈 것이다."
        ],
        "speaker2": [
          "나는 영어는 독학으로도 충분히 가능하다고 들었다.",
          "나는 태권도 학원을 진짜 다니고 싶지는 않았다고 생각한다.",
          "나는 태권도 학원을 초록띠까지 다녀봤다.",
          "나는 초등학생대 태권도 학원에 다녔다.",
          "나는 태권도를 다녀서 다리가 많이 길어진 것 같다.",
          "나는 다리가 긴 사람들은 다리가 길다고 말했다."
        ]
      },
      "prevAggregatedpersonaSummary": {
        "speaker1": [
          "나는 30대 여성이다.",
          "나는 아침에 오늘의 운세를 읽는 습관이 있다.",
          "나는 종교가 있는 사람들을 기도를 많이 한다고 말했다.",
          "나는 종교가 없다.",
          "나는 농구선수이다.",
          "나는 내가 그렇게 보인 것이 신기하다.",
          "나는 반려동물 훈련사가 유망한 직업이라고 생각한다.",
          "나는 훈련하러 갈 것이다.",
          "나는 영어 학원을 알아보고 있다.",
          "나는 영어를 유창하게 하고 싶어서 학원을 알아보고 있다.",
          "나는 학원을 안 다닌 지 15년이 돼서 떨린다.",
          "나는 성인반으로 다닐 것이다.",
          "나는 기본 문법 하나만 안다.",
          "나는 태권도를 배우고 싶다.",
          "나는 태권도 잘하는 사람을 보면 멋있다고 생각한다.",
          "나는 학원에 전화를 하고 올 것이다."
        ],
        "speaker2": [
          "나는 40대 여성이다.",
          "나는 형제와 갈등 때문에 카페에 왔다.",
          "나는 따로 종교가 없다.",
          "나는 상대방이 영적인 일을 하는 줄 알았다.",
          "나는 직업이 두 가지다. 나는 반려동물 훈련사다.",
          "나는 국악인이다.",
          "나는 영어를 보통으로 한다.",
          "나는 학원에 다니면 도움이 많이 된다고 했다.",
          "나는 걱정마라고 말했다.",
          "나는 상대방에게 금방 늘 거라고 말했다.",
          "나는 태권도 학원을 다니고 싶다.",
          "나는 발차기도 잘하고 싶고 주먹도 잘 날리고 싶다."
        ]
      }
    },
    {
      "prevSessionID": "4-00205-3",
      "prevTimeInfo": {
        "timeNum": "1",
        "timeUnit": "일"
      },
      "nthSession": "4",
      "numberOfUtterances": "16",
      "numberOfTurns": "8",
      "sessionID": "4-00205-4",
      "dialog": [
        {
          "speaker": "speaker1",
          "personaID": "02711",
          "participantID": "0279",
          "utterance": "태권도 배우고 나니 온 삭신이 다 쑤시네요.",
          "summary": "나는 삭신이 쑤신다.",
          "date": "2022-09-21",
          "time": "10:14:50",
          "terminate": "false"
        },
        {
          "speaker": "speaker2",
          "personaID": "03854",
          "participantID": "0414",
          "utterance": "그러신가요? 그래도 기분은 좋은것 같아요.",
          "summary": "나는 상대방이 기분은 좋을 것 같다.",
          "date": "2022-09-21",
          "time": "10:14:58",
          "terminate": "false"
        },
        {
          "speaker": "speaker1",
          "personaID": "02711",
          "participantID": "0279",
          "utterance": "맞아요. 새로운 분야를 도전하는 거 같아요.",
          "summary": "나는 새로운 분야에 도전하는 거 같다.",
          "date": "2022-09-21",
          "time": "10:15:10",
          "terminate": "false"
        },
        {
          "speaker": "speaker2",
          "personaID": "03854",
          "participantID": "0414",
          "utterance": "그러게요. 너무 멋있으시네요~ 본받아야 할 것 같아요.",
          "summary": "나는 상대방이 멋있다.",
          "date": "2022-09-21",
          "time": "10:15:20",
          "terminate": "false"
        },
        {
          "speaker": "speaker1",
          "personaID": "02711",
          "participantID": "0279",
          "utterance": "감사합니다. 지금 뭐 하시고 계셨나요?",
          "summary": "",
          "date": "2022-09-21",
          "time": "10:15:24",
          "terminate": "false"
        },
        {
          "speaker": "speaker2",
          "personaID": "03854",
          "participantID": "0414",
          "utterance": "저는 어묵을 볶고 있었어요. 저녁 준비를 하고 있었죠.",
          "summary": "나는 저녁 준비를 하고 있다.",
          "date": "2022-09-21",
          "time": "10:15:40",
          "terminate": "false"
        },
        {
          "speaker": "speaker1",
          "personaID": "02711",
          "participantID": "0279",
          "utterance": "맛있겠네요. 저는 저녁에 뭐 먹으면 좋을까요?",
          "summary": "",
          "date": "2022-09-21",
          "time": "10:15:45",
          "terminate": "false"
        },
        {
          "speaker": "speaker2",
          "personaID": "03854",
          "participantID": "0414",
          "utterance": "어묵 볶음 싫으세요? 저도 오늘 많이 고민했었어요.",
          "summary": "나는 오늘 많이 고민했다.",
          "date": "2022-09-21",
          "time": "10:16:17",
          "terminate": "false"
        },
        {
          "speaker": "speaker1",
          "personaID": "02711",
          "participantID": "0279",
          "utterance": "좋지만 집에 어묵이 없네요. 그럼 마트에 가야겠어요.",
          "summary": "나는 집에 어묵이 없어서 마트에 갈 것이다.",
          "date": "2022-09-21",
          "time": "10:16:19",
          "terminate": "false"
        },
        {
          "speaker": "speaker2",
          "personaID": "03854",
          "participantID": "0414",
          "utterance": "마트에 한 번 다녀오세요. 반찬 거리가 많이 있잖아요.",
          "summary": "나는 마트에 다녀오라고 말했다.",
          "date": "2022-09-21",
          "time": "10:16:38",
          "terminate": "false"
        },
        {
          "speaker": "speaker1",
          "personaID": "02711",
          "participantID": "0279",
          "utterance": "매운 어묵 볶음을 하고 계신가요? 매운거 먹고싶네요.",
          "summary": "나는 매운 게 먹고 싶다.",
          "date": "2022-09-21",
          "time": "10:16:45",
          "terminate": "false"
        },
        {
          "speaker": "speaker2",
          "personaID": "03854",
          "participantID": "0414",
          "utterance": "저는 간장조림으로 만들었어요. 저도 매운게 갑자기 땡기네요.",
          "summary": "나는 매운 게 당긴다.",
          "date": "2022-09-21",
          "time": "10:17:06",
          "terminate": "false"
        },
        {
          "speaker": "speaker1",
          "personaID": "02711",
          "participantID": "0279",
          "utterance": "그렇군요. 매운게 밥이랑 찰떡이지않나요?",
          "summary": "나는 매운 게 밥이랑 찰떡인 거 같다.",
          "date": "2022-09-21",
          "time": "10:17:18",
          "terminate": "false"
        },
        {
          "speaker": "speaker2",
          "personaID": "03854",
          "participantID": "0414",
          "utterance": "맞아요. 국은 매콤한걸로 끓여야 겠어요. 저는 이제 국을 만들게요.",
          "summary": "나는 국은 매콤한 걸로 끓일 것이다.",
          "date": "2022-09-21",
          "time": "10:17:26",
          "terminate": "false"
        },
        {
          "speaker": "speaker1",
          "personaID": "02711",
          "participantID": "0279",
          "utterance": "그럼 저는 이만 마트에 장 보고 올게요! 나중에 봐요~!",
          "summary": "나는 마트에 장 보고 올 것이다.",
          "date": "2022-09-21",
          "time": "10:17:42",
          "terminate": "false"
        },
        {
          "speaker": "speaker2",
          "personaID": "03854",
          "participantID": "0414",
          "utterance": "네. 그럼 장보고 오세요~ 이만 저는 요리하러 갈게요!",
          "summary": "",
          "date": "2022-09-21",
          "time": "10:17:47",
          "terminate": "true"
        }
      ],
      "sessionPersonaSummary": {
        "speaker1": [
          "나는 삭신이 쑤신다.",
          "나는 새로운 분야에 도전하는 거 같다.",
          "나는 집에 어묵이 없어서 마트에 갈 것이다.",
          "나는 매운 게 먹고 싶다.",
          "나는 매운 게 밥이랑 찰떡인 거 같다.",
          "나는 마트에 장 보고 올 것이다."
        ],
        "speaker2": [
          "나는 상대방이 기분은 좋을 것 같다.",
          "나는 상대방이 멋있다.",
          "나는 저녁 준비를 하고 있다.",
          "나는 오늘 많이 고민했다.",
          "나는 마트에 다녀오라고 말했다.",
          "나는 매운 게 당긴다.",
          "나는 국은 매콤한 걸로 끓일 것이다."
        ]
      },
      "prevAggregatedpersonaSummary": {
        "speaker1": [
          "나는 30대 여성이다.",
          "나는 아침에 오늘의 운세를 읽는 습관이 있다.",
          "나는 종교가 있는 사람들을 기도를 많이 한다고 말했다.",
          "나는 종교가 없다.",
          "나는 농구선수이다.",
          "나는 내가 그렇게 보인 것이 신기하다.",
          "나는 반려동물 훈련사가 유망한 직업이라고 생각한다.",
          "나는 훈련하러 갈 것이다.",
          "나는 영어 학원을 알아보고 있다.",
          "나는 영어를 유창하게 하고 싶어서 학원을 알아보고 있다.",
          "나는 학원을 안 다닌 지 15년이 돼서 떨린다.",
          "나는 성인반으로 다닐 것이다.",
          "나는 기본 문법 하나만 안다.",
          "나는 태권도를 배우고 싶다.",
          "나는 태권도 잘하는 사람을 보면 멋있다고 생각한다.",
          "나는 학원에 전화를 하고 올 것이다.",
          "나는 태권도 학원을 다니기로 했다.",
          "나는 영어는 독학으로 할 것이다.",
          "나는 독학으로 잘하고 싶다.",
          "나는 검은띠가 목표다.",
          "나는 상대방이 대단한 거 같다.",
          "나는 초등학생 때 태권도 다닐걸 그랬다.",
          "나는 학원에 갈 것이다."
        ],
        "speaker2": [
          "나는 40대 여성이다.",
          "나는 형제와 갈등 때문에 카페에 왔다.",
          "나는 따로 종교가 없다.",
          "나는 상대방이 영적인 일을 하는 줄 알았다.",
          "나는 직업이 두 가지다. 나는 반려동물 훈련사다.",
          "나는 국악인이다.",
          "나는 영어를 보통으로 한다.",
          "나는 학원에 다니면 도움이 많이 된다고 했다.",
          "나는 걱정마라고 말했다.",
          "나는 상대방에게 금방 늘 거라고 말했다.",
          "나는 태권도 학원을 다니고 싶다.",
          "나는 발차기도 잘하고 싶고 주먹도 잘 날리고 싶다.",
          "나는 영어는 독학으로도 충분히 가능하다고 들었다.",
          "나는 태권도 학원을 진짜 다니고 싶지는 않았다고 생각한다.",
          "나는 태권도 학원을 초록띠까지 다녀봤다.",
          "나는 초등학생대 태권도 학원에 다녔다.",
          "나는 태권도를 다녀서 다리가 많이 길어진 것 같다.",
          "나는 다리가 긴 사람들은 다리가 길다고 말했다."
        ]
      }
    }
  ]
}