{
  "FileInfo": {
    "filename": "K4-00317-CL35336-CP13448-17-11-S4.json",
    "sessionLevel": "4"
  },
  "participantsInfo": {
    "numberOfParticipants": "2",
    "speaker1": {
      "participantID": "4373",
      "gender": "여성",
      "age": "20대",
      "occupation": "사무직",
      "bPlace": "서울/경기/인천",
      "gPlace": "서울/경기/인천",
      "rPlace": "서울/경기/인천",
      "educationLevel": "대졸"
    },
    "speaker2": {
      "participantID": "4692",
      "gender": "여성",
      "age": "20대",
      "occupation": "무직",
      "bPlace": "서울/경기/인천",
      "gPlace": "서울/경기/인천",
      "rPlace": "서울/경기/인천",
      "educationLevel": "대졸"
    }
  },
  "multisessionInfo": {
    "multisessionID": "4-00317"
  },
  "personaInfo": {
    "clInfo": {
      "personaID": "35336",
      "personaFeatures": [
        "나는 여자이다.",
        "나는 30대이다.",
        "나의 거주지는 서울이다",
        "나는 다소 긍정적이다",
        "나는 병원에 가는 게 괴롭다",
        "나의 생일은 10월이다"
      ],
      "speakerType": "speaker1"
    },
    "cpInfo": {
      "personaID": "13448",
      "personaFeatures": [
        "나는 여자이다.",
        "나는 10대이다.",
        "나의 어머니는 영양사이다",
        "나는 변리사가 되고 싶다",
        "나는 배를 싫어한다",
        "나는 매일 괴롭다",
        "나는 댄스 음악을 싫어한다"
      ],
      "speakerType": "speaker2"
    }
  },
  "topicInfo": {
    "topicID": "17-11",
    "topicType": "미용과 건강>건강",
    "topicTitle": "건강검진"
  },
  "sessionInfo": [
    {
      "prevSessionID": null,
      "prevTimeInfo": {
        "timeNum": null,
        "timeUnit": null
      },
      "nthSession": "1",
      "numberOfUtterances": "14",
      "numberOfTurns": "7",
      "sessionID": "4-00317-1",
      "dialog": [
        {
          "speaker": "speaker1",
          "personaID": "35336",
          "participantID": "4373",
          "utterance": "안녕하세요 저는 30대 여자에요",
          "summary": "나는 30대 여자다.",
          "date": "2022-11-22",
          "time": "18:31:52",
          "terminate": "false"
        },
        {
          "speaker": "speaker2",
          "personaID": "13448",
          "participantID": "4692",
          "utterance": "안녕하세요. 저는 10대 여자입니다.",
          "summary": "나는 10대 여자다",
          "date": "2022-11-22",
          "time": "18:32:19",
          "terminate": "false"
        },
        {
          "speaker": "speaker1",
          "personaID": "35336",
          "participantID": "4373",
          "utterance": "반가워요 저는 서울에 거주하고잇어요!",
          "summary": "나는 서울에 산다.",
          "date": "2022-11-22",
          "time": "18:32:36",
          "terminate": "false"
        },
        {
          "speaker": "speaker2",
          "personaID": "13448",
          "participantID": "4692",
          "utterance": "저도 서울에 살아요! 매일 버스타고 등교하는데 길이 매번 막혀서 매일 괴로워요.",
          "summary": "나는 서울에 거주하고 매일 버스 타고 등교하는데 길이 막혀 괴롭다",
          "date": "2022-11-22",
          "time": "18:33:32",
          "terminate": "false"
        },
        {
          "speaker": "speaker1",
          "personaID": "35336",
          "participantID": "4373",
          "utterance": "아 그렇겟네요 저도 서울로 학교다닐때지옥이였어요. 저는 긍정적인 성격이에요 님은요?",
          "summary": "나는 서울로 학교 다닐 때 힘들었다. 나는 긍정적인 성격이다.",
          "date": "2022-11-22",
          "time": "18:34:18",
          "terminate": "false"
        },
        {
          "speaker": "speaker2",
          "personaID": "13448",
          "participantID": "4692",
          "utterance": "저는 차분한 성격이에요. 음악도 댄스 음악은 좋아하지 않아요. 좋아하는 음식은 뭐세요?",
          "summary": "나는 차분한 성격이다. 난 댄스음악을 싫어한다",
          "date": "2022-11-22",
          "time": "18:39:56",
          "terminate": "false"
        },
        {
          "speaker": "speaker1",
          "personaID": "35336",
          "participantID": "4373",
          "utterance": "저는 다 잘먹는 편이에요. 근데 아무거나 잘먹어서 탈이죠 요즘 장염때문에 병원을 자주갔는데요. 저는 병원가는게 너무너무너무 괴로워요",
          "summary": "나는 다 잘 먹는다. 나는 요즘 장염 때문에 병원을 자주 갔는데 너무 괴롭다.",
          "date": "2022-11-22",
          "time": "21:12:38",
          "terminate": "false"
        },
        {
          "speaker": "speaker2",
          "personaID": "13448",
          "participantID": "4692",
          "utterance": "병원 괴롭죠.. 저는 어머니가 영양사여서 집에서 먹을 때는 탈이 난 적이 없는 것 같아요. 저도 다 잘 먹는 편인데 배는 싫더라구요. @이름@님은 평일에 주로 뭐하세요?",
          "summary": "나의 어머니는 영양사다.",
          "date": "2022-11-22",
          "time": "22:41:03",
          "terminate": "false"
        },
        {
          "speaker": "speaker1",
          "personaID": "35336",
          "participantID": "4373",
          "utterance": "저는 블로거라서 포스팅하거나 데이터라벨링 알바를해요. 10월은 제 생일인데 그달에도 열일만 했어요",
          "summary": "나는 블로거로 포스팅하거나 데이터 라벨링 알바라를 한다. 나는 10월 생일인 달에도 열심히 일했다.",
          "date": "2022-11-22",
          "time": "23:23:31",
          "terminate": "false"
        },
        {
          "speaker": "speaker2",
          "personaID": "13448",
          "participantID": "4692",
          "utterance": "와 프리랜서시군요! 10월에도 열일하셨군요. 그래도 통장은 두둑해지셨을테니 위안을! 저는 변리사를 목표로 공부하고 있어요.",
          "summary": "나의 꿈은 변리사다",
          "date": "2022-11-22",
          "time": "23:29:15",
          "terminate": "false"
        },
        {
          "speaker": "speaker1",
          "personaID": "35336",
          "participantID": "4373",
          "utterance": "변리사라니 멋지시네요. 공부할게 너무 많은데 안힘드신가요?",
          "summary": "",
          "date": "2022-11-23",
          "time": "07:36:10",
          "terminate": "false"
        },
        {
          "speaker": "speaker2",
          "personaID": "13448",
          "participantID": "4692",
          "utterance": "일단은 대학 입시에 집중하는 중이에요! 주말에는 어떻게 보내세요?",
          "summary": "",
          "date": "2022-11-23",
          "time": "10:05:17",
          "terminate": "false"
        },
        {
          "speaker": "speaker1",
          "personaID": "35336",
          "participantID": "4373",
          "utterance": "저는 주말에 푹쉬는편이에요! 맛집도 자주가구요, 포스팅해야해서..ㅎㅎ",
          "summary": "나는 주말에 포스팅하기 위해 맛집을 자주 가고 푹 쉰다.",
          "date": "2022-11-23",
          "time": "11:10:53",
          "terminate": "false"
        },
        {
          "speaker": "speaker2",
          "personaID": "13448",
          "participantID": "4692",
          "utterance": "오 맛집 궁금한거 있음 나중에 여쭤보고싶은걸요! 저는 밥 먹으러 들어가볼게요!",
          "summary": "",
          "date": "2022-11-23",
          "time": "12:44:32",
          "terminate": "true"
        }
      ],
      "sessionPersonaSummary": {
        "speaker1": [
          "나는 30대 여자다.",
          "나는 서울에 산다.",
          "나는 서울로 학교 다닐 때 힘들었다. 나는 긍정적인 성격이다.",
          "나는 다 잘 먹는다. 나는 요즘 장염 때문에 병원을 자주 갔는데 너무 괴롭다.",
          "나는 블로거로 포스팅하거나 데이터 라벨링 알바라를 한다. 나는 10월 생일인 달에도 열심히 일했다.",
          "나는 주말에 포스팅하기 위해 맛집을 자주 가고 푹 쉰다."
        ],
        "speaker2": [
          "나는 10대 여자다",
          "나는 서울에 거주하고 매일 버스 타고 등교하는데 길이 막혀 괴롭다",
          "나는 차분한 성격이다. 난 댄스음악을 싫어한다",
          "나의 어머니는 영양사다.",
          "나의 꿈은 변리사다"
        ]
      },
      "prevAggregatedpersonaSummary": {
        "speaker1": [],
        "speaker2": []
      }
    },
    {
      "prevSessionID": "4-00317-1",
      "prevTimeInfo": {
        "timeNum": "48",
        "timeUnit": "시간"
      },
      "nthSession": "2",
      "numberOfUtterances": "14",
      "numberOfTurns": "7",
      "sessionID": "4-00317-2",
      "dialog": [
        {
          "speaker": "speaker1",
          "personaID": "35336",
          "participantID": "4373",
          "utterance": "2일만이네요. 어제 뭐하셨나요?",
          "summary": "",
          "date": "2022-11-23",
          "time": "23:58:36",
          "terminate": "false"
        },
        {
          "speaker": "speaker2",
          "personaID": "13448",
          "participantID": "4692",
          "utterance": "부모님 건강검진을 같이 가드렸어요~",
          "summary": "나는 부모님 건강검진을 같이 가드렸다",
          "date": "2022-11-24",
          "time": "09:07:35",
          "terminate": "false"
        },
        {
          "speaker": "speaker1",
          "personaID": "35336",
          "participantID": "4373",
          "utterance": "아 정말 효심이 깊으시네요. 저도 지난번에 건강검진 하셨을때 일하느라 같이 못갔거든요",
          "summary": "나는 일하느라 부모님 건강검진에 같이 가지 못했다.",
          "date": "2022-11-24",
          "time": "10:25:11",
          "terminate": "false"
        },
        {
          "speaker": "speaker2",
          "personaID": "13448",
          "participantID": "4692",
          "utterance": "전 학생이라 시간이 되었어요! 수면 내시경할 때 옆에 사람이 있는게 좋다해서 갔었어요. 수면 내시경해보셨나요?",
          "summary": "난 부모님이 수면내시경 한다 해서 따라갔다",
          "date": "2022-11-24",
          "time": "10:29:33",
          "terminate": "false"
        },
        {
          "speaker": "speaker1",
          "personaID": "35336",
          "participantID": "4373",
          "utterance": "네. 저 몇달전에 대장내시경 했었는데 종양나와서 놀랐네요 ㅠ",
          "summary": "나는 몇 달 전에 대장내시경 했고 종양이 나와 놀랐다.",
          "date": "2022-11-24",
          "time": "11:21:52",
          "terminate": "false"
        },
        {
          "speaker": "speaker2",
          "personaID": "13448",
          "participantID": "4692",
          "utterance": "아.. 많이 심하신건 아니죠?",
          "summary": "",
          "date": "2022-11-24",
          "time": "11:27:39",
          "terminate": "false"
        },
        {
          "speaker": "speaker1",
          "personaID": "35336",
          "participantID": "4373",
          "utterance": "네 다행히도 별게아니였더라구요, 요즘은 식단관리 잘 하고있어요",
          "summary": "나는 종양이 별 게 아니었다. 나는 요즘 식단관리를 잘하고 있다.",
          "date": "2022-11-24",
          "time": "11:28:38",
          "terminate": "false"
        },
        {
          "speaker": "speaker2",
          "personaID": "13448",
          "participantID": "4692",
          "utterance": "다행이에요. 대장 내시경은 하기 며칠 전부터 고생하시죠? 저희 부모님도 며칠 동안 음식 조절하시느라 저도 같이 했거든요.",
          "summary": "",
          "date": "2022-11-24",
          "time": "11:34:04",
          "terminate": "false"
        },
        {
          "speaker": "speaker1",
          "personaID": "35336",
          "participantID": "4373",
          "utterance": "네 전날 물 계속먹느라 죽는줄알았어요. 내년에 또 해야되는데 걱정이네요",
          "summary": "나는 대장내시경 위해 전날 물 먹느라 힘들었다. 나는 내년 대장내시경이 걱정된다.",
          "date": "2022-11-24",
          "time": "11:35:32",
          "terminate": "false"
        },
        {
          "speaker": "speaker2",
          "personaID": "13448",
          "participantID": "4692",
          "utterance": "인바디도 재셨나요? 저는 근력이 부족하다고 하더라구요.",
          "summary": "나는 인바디를 쟀더니 근력부족이라고 떴다",
          "date": "2022-11-24",
          "time": "11:40:47",
          "terminate": "false"
        },
        {
          "speaker": "speaker1",
          "personaID": "35336",
          "participantID": "4373",
          "utterance": "네. 요즘 안움직여서 내장지방이 많이늘었어요",
          "summary": "나는 인바디 결과 요즘 안 움직여서 내장지방이 많이 나왔다.",
          "date": "2022-11-24",
          "time": "11:41:09",
          "terminate": "false"
        },
        {
          "speaker": "speaker2",
          "personaID": "13448",
          "participantID": "4692",
          "utterance": "저는 주사 맞는게 전혀 무섭지 않은데 님은 어떠세요?",
          "summary": "나는 주사 맞는 게 무섭지 않다",
          "date": "2022-11-24",
          "time": "11:42:23",
          "terminate": "false"
        },
        {
          "speaker": "speaker1",
          "personaID": "35336",
          "participantID": "4373",
          "utterance": "저도 주사맞는게 너무무서워요. 낯선 자극에 예민한편이에요 ㅠㅠ",
          "summary": "나는 낯선 자극에 예민해서 주사 맞는 게 무섭다.",
          "date": "2022-11-24",
          "time": "11:50:34",
          "terminate": "false"
        },
        {
          "speaker": "speaker2",
          "personaID": "13448",
          "participantID": "4692",
          "utterance": "그렇군요. 저는 이만 밥 먹으러 들어가볼게요.",
          "summary": "",
          "date": "2022-11-24",
          "time": "11:52:36",
          "terminate": "true"
        }
      ],
      "sessionPersonaSummary": {
        "speaker1": [
          "나는 일하느라 부모님 건강검진에 같이 가지 못했다.",
          "나는 몇 달 전에 대장내시경 했고 종양이 나와 놀랐다.",
          "나는 종양이 별 게 아니었다. 나는 요즘 식단관리를 잘하고 있다.",
          "나는 대장내시경 위해 전날 물 먹느라 힘들었다. 나는 내년 대장내시경이 걱정된다.",
          "나는 인바디 결과 요즘 안 움직여서 내장지방이 많이 나왔다.",
          "나는 낯선 자극에 예민해서 주사 맞는 게 무섭다."
        ],
        "speaker2": [
          "나는 부모님 건강검진을 같이 가드렸다",
          "난 부모님이 수면내시경 한다 해서 따라갔다",
          "나는 인바디를 쟀더니 근력부족이라고 떴다",
          "나는 주사 맞는 게 무섭지 않다"
        ]
      },
      "prevAggregatedpersonaSummary": {
        "speaker1": [
          "나는 30대 여자다.",
          "나는 서울에 산다.",
          "나는 서울로 학교 다닐 때 힘들었다. 나는 긍정적인 성격이다.",
          "나는 다 잘 먹는다. 나는 요즘 장염 때문에 병원을 자주 갔는데 너무 괴롭다.",
          "나는 블로거로 포스팅하거나 데이터 라벨링 알바라를 한다. 나는 10월 생일인 달에도 열심히 일했다.",
          "나는 주말에 포스팅하기 위해 맛집을 자주 가고 푹 쉰다."
        ],
        "speaker2": [
          "나는 10대 여자다",
          "나는 서울에 거주하고 매일 버스 타고 등교하는데 길이 막혀 괴롭다",
          "나는 차분한 성격이다. 난 댄스음악을 싫어한다",
          "나의 어머니는 영양사다.",
          "나의 꿈은 변리사다"
        ]
      }
    },
    {
      "prevSessionID": "4-00317-2",
      "prevTimeInfo": {
        "timeNum": "7",
        "timeUnit": "주"
      },
      "nthSession": "3",
      "numberOfUtterances": "14",
      "numberOfTurns": "7",
      "sessionID": "4-00317-3",
      "dialog": [
        {
          "speaker": "speaker1",
          "personaID": "35336",
          "participantID": "4373",
          "utterance": "7주가 지났어요 어떻게 지내고계신가요",
          "summary": "",
          "date": "2022-11-24",
          "time": "11:55:44",
          "terminate": "false"
        },
        {
          "speaker": "speaker2",
          "personaID": "13448",
          "participantID": "4692",
          "utterance": "저는 얼마전에 학교에서 단체 건강검진을 했어요. 간단한 거 밖에 안 하긴 했지만요.",
          "summary": "나는 학교에서 단체 건강검진을 했다.",
          "date": "2022-11-24",
          "time": "11:59:15",
          "terminate": "false"
        },
        {
          "speaker": "speaker1",
          "personaID": "35336",
          "participantID": "4373",
          "utterance": "아 그래요? 검진결과가 어떻데요?",
          "summary": "",
          "date": "2022-11-24",
          "time": "12:01:07",
          "terminate": "false"
        },
        {
          "speaker": "speaker2",
          "personaID": "13448",
          "participantID": "4692",
          "utterance": "빈혈이 조금 있다네요. 그런데 이건 제 여자 친구들도 다 비슷했어요. 근데 눈은 많이 나빠졌더라구요. @이름@님은 시력 좋으세요?\n",
          "summary": "나는 빈혈이 조금 있다",
          "date": "2022-11-24",
          "time": "13:06:44",
          "terminate": "false"
        },
        {
          "speaker": "speaker1",
          "personaID": "35336",
          "participantID": "4373",
          "utterance": "아 네 저는 시력만좋아요. 저는 몇달전에 대장내시경 했는데 종양있다그래서 엄청 놀랐어요ㅠ",
          "summary": "나는 시력이 좋다. 나는 대장 내시 경해서 종양 있다 해서 놀랐다.",
          "date": "2022-11-24",
          "time": "13:34:52",
          "terminate": "false"
        },
        {
          "speaker": "speaker2",
          "personaID": "13448",
          "participantID": "4692",
          "utterance": "네. 그래도 종양이 큰 게 아니라하셔서 안심했어요. 빈혈은 없으세요?",
          "summary": "",
          "date": "2022-11-24",
          "time": "16:08:40",
          "terminate": "false"
        },
        {
          "speaker": "speaker1",
          "personaID": "35336",
          "participantID": "4373",
          "utterance": "네 빈혈은 딱히없어요. 영양제는 꾸준히 먹는게 좋은거같아요",
          "summary": "나는 빈혈이 없다.",
          "date": "2022-11-24",
          "time": "16:17:39",
          "terminate": "false"
        },
        {
          "speaker": "speaker2",
          "personaID": "13448",
          "participantID": "4692",
          "utterance": "네. 저도 이제부터는 하나씩 챙겨먹어 보려구요. 술은 드시는 편이세요?",
          "summary": "",
          "date": "2022-11-24",
          "time": "20:32:28",
          "terminate": "false"
        },
        {
          "speaker": "speaker1",
          "personaID": "35336",
          "participantID": "4373",
          "utterance": "네 가끔 맥주 한잔정도 마시는데 살찌는게 피하는 편이에요. 빈혈이면 철분 챙겨드셔야겟네요",
          "summary": "나는 가끔 맥주 한 잔 하고 살찌는 건 피한다.",
          "date": "2022-11-24",
          "time": "23:32:02",
          "terminate": "false"
        },
        {
          "speaker": "speaker2",
          "personaID": "13448",
          "participantID": "4692",
          "utterance": "네! 저희 친척 오빠는 건강검진하기 1,2주 전부터 담배 안 피고 술 안 마신다더라구요. 결과에 별 차이는 없겠지만요.",
          "summary": "나의 친척오빠는 건강 검진하기 1-2주 전부터 건강관리를 한다",
          "date": "2022-11-24",
          "time": "23:59:32",
          "terminate": "false"
        },
        {
          "speaker": "speaker1",
          "personaID": "35336",
          "participantID": "4373",
          "utterance": "아 그렇게 관리하시는군요, 건강검진이 진짜 매년 받아야 마땅한거같아요",
          "summary": "나는 건강검진은 매년 받아야 한다고 생각한다.",
          "date": "2022-11-25",
          "time": "11:01:47",
          "terminate": "false"
        },
        {
          "speaker": "speaker2",
          "personaID": "13448",
          "participantID": "4692",
          "utterance": "부지런히 다니는 게 최고죠. 건강검진 한 번 하고 오면 힘이 다 빠지나 봐요. 저희 아버지는 하고 온 날 저녁을 엄청 많이 드시더라구요.",
          "summary": "나의 아버지는 건강 검진하고 온날 저녁을 많이 드신다",
          "date": "2022-11-25",
          "time": "12:33:09",
          "terminate": "false"
        },
        {
          "speaker": "speaker1",
          "personaID": "35336",
          "participantID": "4373",
          "utterance": "정말요, 저는 그때 너무 피곤해서 하루종일 잠만잤어요",
          "summary": "나는 건강검진 후 피곤해서 잠만 잤다.",
          "date": "2022-11-25",
          "time": "17:32:56",
          "terminate": "false"
        },
        {
          "speaker": "speaker2",
          "personaID": "13448",
          "participantID": "4692",
          "utterance": "그런거군요! 저녁 맛있게 드시고 전 쉬러갈게요.",
          "summary": "",
          "date": "2022-11-25",
          "time": "18:26:34",
          "terminate": "true"
        }
      ],
      "sessionPersonaSummary": {
        "speaker1": [
          "나는 시력이 좋다. 나는 대장 내시 경해서 종양 있다 해서 놀랐다.",
          "나는 빈혈이 없다.",
          "나는 가끔 맥주 한 잔 하고 살찌는 건 피한다.",
          "나는 건강검진은 매년 받아야 한다고 생각한다.",
          "나는 건강검진 후 피곤해서 잠만 잤다."
        ],
        "speaker2": [
          "나는 학교에서 단체 건강검진을 했다.",
          "나는 빈혈이 조금 있다",
          "나의 친척오빠는 건강 검진하기 1-2주 전부터 건강관리를 한다",
          "나의 아버지는 건강 검진하고 온날 저녁을 많이 드신다"
        ]
      },
      "prevAggregatedpersonaSummary": {
        "speaker1": [
          "나는 30대 여자다.",
          "나는 서울에 산다.",
          "나는 서울로 학교 다닐 때 힘들었다. 나는 긍정적인 성격이다.",
          "나는 다 잘 먹는다. 나는 요즘 장염 때문에 병원을 자주 갔는데 너무 괴롭다.",
          "나는 블로거로 포스팅하거나 데이터 라벨링 알바라를 한다. 나는 10월 생일인 달에도 열심히 일했다.",
          "나는 주말에 포스팅하기 위해 맛집을 자주 가고 푹 쉰다.",
          "나는 일하느라 부모님 건강검진에 같이 가지 못했다.",
          "나는 몇 달 전에 대장내시경 했고 종양이 나와 놀랐다.",
          "나는 종양이 별 게 아니었다. 나는 요즘 식단관리를 잘하고 있다.",
          "나는 대장내시경 위해 전날 물 먹느라 힘들었다. 나는 내년 대장내시경이 걱정된다.",
          "나는 인바디 결과 요즘 안 움직여서 내장지방이 많이 나왔다.",
          "나는 낯선 자극에 예민해서 주사 맞는 게 무섭다."
        ],
        "speaker2": [
          "나는 10대 여자다",
          "나는 서울에 거주하고 매일 버스 타고 등교하는데 길이 막혀 괴롭다",
          "나는 차분한 성격이다. 난 댄스음악을 싫어한다",
          "나의 어머니는 영양사다.",
          "나의 꿈은 변리사다",
          "나는 부모님 건강검진을 같이 가드렸다",
          "난 부모님이 수면내시경 한다 해서 따라갔다",
          "나는 인바디를 쟀더니 근력부족이라고 떴다",
          "나는 주사 맞는 게 무섭지 않다"
        ]
      }
    },
    {
      "prevSessionID": "4-00317-3",
      "prevTimeInfo": {
        "timeNum": "41",
        "timeUnit": "시간"
      },
      "nthSession": "4",
      "numberOfUtterances": "14",
      "numberOfTurns": "7",
      "sessionID": "4-00317-4",
      "dialog": [
        {
          "speaker": "speaker1",
          "personaID": "35336",
          "participantID": "4373",
          "utterance": "41시간 만입니다. 잘 지내고계시나요?",
          "summary": "",
          "date": "2022-11-25",
          "time": "19:21:02",
          "terminate": "false"
        },
        {
          "speaker": "speaker2",
          "personaID": "13448",
          "participantID": "4692",
          "utterance": "네. 부모님 건강검진 결과 나와서 보고있었어요.",
          "summary": "나는 부모님 건강검진 결과를 보고 있다",
          "date": "2022-11-25",
          "time": "20:50:15",
          "terminate": "false"
        },
        {
          "speaker": "speaker1",
          "personaID": "35336",
          "participantID": "4373",
          "utterance": "검진결과 괜찮은가요? 건강하셔야 할텐데요!",
          "summary": "",
          "date": "2022-11-25",
          "time": "22:12:33",
          "terminate": "false"
        },
        {
          "speaker": "speaker2",
          "personaID": "13448",
          "participantID": "4692",
          "utterance": "두 분 다 별 이상은 없으시고 6개월마다 추적검사 몇 개만 하면 되세요. @이름@님은 스스로 정기검진 받는 게 있으신가요?",
          "summary": "나의 부모님 검진 결과는 별 이상이 없다",
          "date": "2022-11-26",
          "time": "09:14:55",
          "terminate": "false"
        },
        {
          "speaker": "speaker1",
          "personaID": "35336",
          "participantID": "4373",
          "utterance": "저는 매년 건강검진 받고있어요. 이번에 대장에서 용종 몇개나와서 놀랐네요",
          "summary": "나는 매년 건강검진받고 이번에 용종이 나와서 놀랐다",
          "date": "2022-11-26",
          "time": "11:26:23",
          "terminate": "false"
        },
        {
          "speaker": "speaker2",
          "personaID": "13448",
          "participantID": "4692",
          "utterance": "정말 놀랬겠어요. 저는 부인과에 정기검진 다녀요! ",
          "summary": "나는 부인과 정기검진을 다닌다",
          "date": "2022-11-26",
          "time": "11:42:48",
          "terminate": "false"
        },
        {
          "speaker": "speaker1",
          "personaID": "35336",
          "participantID": "4373",
          "utterance": "얼마나 자주 다니시나요? 불편하시겠네요",
          "summary": "",
          "date": "2022-11-26",
          "time": "11:43:18",
          "terminate": "false"
        },
        {
          "speaker": "speaker2",
          "personaID": "13448",
          "participantID": "4692",
          "utterance": "일년에 한 번씩 다녀요! 치과는 6개월에 한 번은 가려고 해요. 이번년도 스케일링은 하셨어요?",
          "summary": "나는 정기검진은 일 년에 한 번가고 치과는 반년에 한번 간다",
          "date": "2022-11-26",
          "time": "12:18:32",
          "terminate": "false"
        },
        {
          "speaker": "speaker1",
          "personaID": "35336",
          "participantID": "4373",
          "utterance": "네 지난달에 했어요 앞니만 스케일링 했는데 아프더라구요ㅠ",
          "summary": "나는 지난달에 앞니 스케일링했고 아프다",
          "date": "2022-11-26",
          "time": "18:16:51",
          "terminate": "false"
        },
        {
          "speaker": "speaker2",
          "personaID": "13448",
          "participantID": "4692",
          "utterance": "유독 아프게 되는 날이 있죠. 건강검진때 알레르기 검사도 할 수 있던데 해보셨나요?",
          "summary": "나는 유독 아픈 날이 있다",
          "date": "2022-11-26",
          "time": "19:27:59",
          "terminate": "false"
        },
        {
          "speaker": "speaker1",
          "personaID": "35336",
          "participantID": "4373",
          "utterance": "네 32종 알레르기 검사인가? 해봤는데 딱히 검출된게 없다더라고요. 저는 실제로 오미자랑 무화과 알러지가 있어요",
          "summary": "나는 알레르기 검사에서 검출된 게 없지만 실제로 오미자랑 무화과 알레르기가 있다",
          "date": "2022-11-27",
          "time": "09:36:56",
          "terminate": "false"
        },
        {
          "speaker": "speaker2",
          "personaID": "13448",
          "participantID": "4692",
          "utterance": "오.. 검사만으로는 모든 알레르기를 찾아내기 힘들군요. 저도 참고해야겠어요.",
          "summary": "",
          "date": "2022-11-27",
          "time": "09:47:52",
          "terminate": "false"
        },
        {
          "speaker": "speaker1",
          "personaID": "35336",
          "participantID": "4373",
          "utterance": "네 전 오히려 먹어보면서 알레르기를 찾는 편인듯해요. 옻닭도 알러지 있어요",
          "summary": "나는 옻닭 알레르기가 있다",
          "date": "2022-11-27",
          "time": "09:48:51",
          "terminate": "false"
        },
        {
          "speaker": "speaker2",
          "personaID": "13448",
          "participantID": "4692",
          "utterance": "저도 새로운 음식을 먹을 땐 조심해야겠어요. 대화 즐거웠어요. 다음에 봐요",
          "summary": "난 새로운 음식 먹을 때 조심해야겠다",
          "date": "2022-11-27",
          "time": "09:53:14",
          "terminate": "true"
        }
      ],
      "sessionPersonaSummary": {
        "speaker1": [
          "나는 매년 건강검진받고 이번에 용종이 나와서 놀랐다",
          "나는 지난달에 앞니 스케일링했고 아프다",
          "나는 알레르기 검사에서 검출된 게 없지만 실제로 오미자랑 무화과 알레르기가 있다",
          "나는 옻닭 알레르기가 있다"
        ],
        "speaker2": [
          "나는 부모님 건강검진 결과를 보고 있다",
          "나의 부모님 검진 결과는 별 이상이 없다",
          "나는 부인과 정기검진을 다닌다",
          "나는 정기검진은 일 년에 한 번가고 치과는 반년에 한번 간다",
          "나는 유독 아픈 날이 있다",
          "난 새로운 음식 먹을 때 조심해야겠다"
        ]
      },
      "prevAggregatedpersonaSummary": {
        "speaker1": [
          "나는 30대 여자다.",
          "나는 서울에 산다.",
          "나는 서울로 학교 다닐 때 힘들었다. 나는 긍정적인 성격이다.",
          "나는 다 잘 먹는다. 나는 요즘 장염 때문에 병원을 자주 갔는데 너무 괴롭다.",
          "나는 블로거로 포스팅하거나 데이터 라벨링 알바라를 한다. 나는 10월 생일인 달에도 열심히 일했다.",
          "나는 주말에 포스팅하기 위해 맛집을 자주 가고 푹 쉰다.",
          "나는 일하느라 부모님 건강검진에 같이 가지 못했다.",
          "나는 몇 달 전에 대장내시경 했고 종양이 나와 놀랐다.",
          "나는 종양이 별 게 아니었다. 나는 요즘 식단관리를 잘하고 있다.",
          "나는 대장내시경 위해 전날 물 먹느라 힘들었다. 나는 내년 대장내시경이 걱정된다.",
          "나는 인바디 결과 요즘 안 움직여서 내장지방이 많이 나왔다.",
          "나는 낯선 자극에 예민해서 주사 맞는 게 무섭다.",
          "나는 시력이 좋다. 나는 대장 내시 경해서 종양 있다 해서 놀랐다.",
          "나는 빈혈이 없다.",
          "나는 가끔 맥주 한 잔 하고 살찌는 건 피한다.",
          "나는 건강검진은 매년 받아야 한다고 생각한다.",
          "나는 건강검진 후 피곤해서 잠만 잤다."
        ],
        "speaker2": [
          "나는 10대 여자다",
          "나는 서울에 거주하고 매일 버스 타고 등교하는데 길이 막혀 괴롭다",
          "나는 차분한 성격이다. 난 댄스음악을 싫어한다",
          "나의 어머니는 영양사다.",
          "나의 꿈은 변리사다",
          "나는 부모님 건강검진을 같이 가드렸다",
          "난 부모님이 수면내시경 한다 해서 따라갔다",
          "나는 인바디를 쟀더니 근력부족이라고 떴다",
          "나는 주사 맞는 게 무섭지 않다",
          "나는 학교에서 단체 건강검진을 했다.",
          "나는 빈혈이 조금 있다",
          "나의 친척오빠는 건강 검진하기 1-2주 전부터 건강관리를 한다",
          "나의 아버지는 건강 검진하고 온날 저녁을 많이 드신다"
        ]
      }
    }
  ]
}