{
  "FileInfo": {
    "filename": "K4-00443-CL66058-CP67892-15-06-S4.json",
    "sessionLevel": "4"
  },
  "participantsInfo": {
    "numberOfParticipants": "2",
    "speaker1": {
      "participantID": "30382",
      "gender": "남성",
      "age": "20대",
      "occupation": "학생",
      "bPlace": "대전/세종/충청/강원",
      "gPlace": "대전/세종/충청/강원",
      "rPlace": "대전/세종/충청/강원",
      "educationLevel": "고졸"
    },
    "speaker2": {
      "participantID": "31396",
      "gender": "여성",
      "age": "20대",
      "occupation": "기능직",
      "bPlace": "부산/대구/울산/경상",
      "gPlace": "부산/대구/울산/경상",
      "rPlace": "부산/대구/울산/경상",
      "educationLevel": "대졸"
    }
  },
  "multisessionInfo": {
    "multisessionID": "4-00443"
  },
  "personaInfo": {
    "clInfo": {
      "personaID": "66058",
      "personaFeatures": [
        "나는 남자이다.",
        "나는 20대이다.",
        "나는 요가를 자주 한다.",
        "나의 생일은 8월이다.",
        "나는 TV 다큐멘터리를 자주 본다.",
        "나는 배를 좋아한다."
      ],
      "speakerType": "speaker1"
    },
    "cpInfo": {
      "personaID": "67892",
      "personaFeatures": [
        "나는 여자이다.",
        "나는 20대이다.",
        "나는 새벽에 따뜻한 물을 마신다.",
        "나의 생일은 5월이다.",
        "나는 실내에서 스케이트 타는 것을 좋아한다.",
        "나는 족발을 즐겨 먹는다.",
        "나는 혈액형이 A형이다."
      ],
      "speakerType": "speaker2"
    }
  },
  "topicInfo": {
    "topicID": "15-06",
    "topicType": "시사/사회>타국가이슈(해외)",
    "topicTitle": "전쟁"
  },
  "sessionInfo": [
    {
      "prevSessionID": null,
      "prevTimeInfo": {
        "timeNum": null,
        "timeUnit": null
      },
      "nthSession": "1",
      "numberOfUtterances": "14",
      "numberOfTurns": "7",
      "sessionID": "4-00443-1",
      "dialog": [
        {
          "speaker": "speaker1",
          "personaID": "66058",
          "participantID": "30382",
          "utterance": "안녕하세요. 저는 20대 남자입니다. 소개 부탁드립니다~",
          "summary": "나는 20대 남자이다.",
          "date": "2022-11-22",
          "time": "16:24:14",
          "terminate": "false"
        },
        {
          "speaker": "speaker2",
          "personaID": "67892",
          "participantID": "31396",
          "utterance": "안녕하세요? 저는 20대 여자입니다. 반갑습니다!!!",
          "summary": "나는 20대 여자이다.",
          "date": "2022-11-22",
          "time": "16:24:28",
          "terminate": "false"
        },
        {
          "speaker": "speaker1",
          "personaID": "66058",
          "participantID": "30382",
          "utterance": "반갑습니다! 저는 요가를 자주 해요. 운동하는거 좋아하시나요?",
          "summary": "나는 요가를 자주 한다.",
          "date": "2022-11-22",
          "time": "16:24:56",
          "terminate": "false"
        },
        {
          "speaker": "speaker2",
          "personaID": "67892",
          "participantID": "31396",
          "utterance": "저는 운동하는걸 좋아해서 실내에서 스케이트타는것올 좋아해요.",
          "summary": "나는 운동하는 걸 좋아한다. 나는 실내에서 스케이트 타는 것을 좋아한다.",
          "date": "2022-11-22",
          "time": "16:25:25",
          "terminate": "false"
        },
        {
          "speaker": "speaker1",
          "personaID": "66058",
          "participantID": "30382",
          "utterance": "실내에서 스케이트를 타신다구요? 집주변에 스케이트장이 있나보네요.ㅎㅎ.",
          "summary": "",
          "date": "2022-11-22",
          "time": "16:25:56",
          "terminate": "false"
        },
        {
          "speaker": "speaker2",
          "personaID": "67892",
          "participantID": "31396",
          "utterance": "맞아요.저의 집주변에 실내스케이트장이 있어서 자주 가요.",
          "summary": "나의 집 주변에 실내 스케이트장이 있다.",
          "date": "2022-11-22",
          "time": "16:26:13",
          "terminate": "false"
        },
        {
          "speaker": "speaker1",
          "personaID": "66058",
          "participantID": "30382",
          "utterance": "그러시구나.그럼 건강에 관심도 많으신가요? 저는 요가를 하다보니 건강에 관심이 많아요.",
          "summary": "나는 건강에 관심이 많다.",
          "date": "2022-11-22",
          "time": "16:26:38",
          "terminate": "false"
        },
        {
          "speaker": "speaker2",
          "personaID": "67892",
          "participantID": "31396",
          "utterance": "네,저도 건강에 관심이 많아서 새벽에 항상 따듯한 물을 마시고 하루를 시작해요.",
          "summary": "나는 새벽에 따뜻한 물을 마신다.",
          "date": "2022-11-22",
          "time": "16:26:52",
          "terminate": "false"
        },
        {
          "speaker": "speaker1",
          "personaID": "66058",
          "participantID": "30382",
          "utterance": "따듯한물은 잘 안마시게 되던데, 따듯한물을 마시면 혈액순환이 잘 된다고 들었어요.",
          "summary": "",
          "date": "2022-11-22",
          "time": "16:27:17",
          "terminate": "false"
        },
        {
          "speaker": "speaker2",
          "personaID": "67892",
          "participantID": "31396",
          "utterance": "맞아요. 저도 그 정보를 알고부터 따듯한 물을 마시니 정말 혈액순환이 잘되는거같더라구요.",
          "summary": "",
          "date": "2022-11-22",
          "time": "16:27:32",
          "terminate": "false"
        },
        {
          "speaker": "speaker1",
          "personaID": "66058",
          "participantID": "30382",
          "utterance": "저도 한번 실천해봐야겠네요. TV보는건 좋아하세요? 저는 TV 다큐멘터리를 자주 봐요.",
          "summary": "나는 TV 다큐멘터리를 자주 본다.",
          "date": "2022-11-22",
          "time": "16:27:56",
          "terminate": "false"
        },
        {
          "speaker": "speaker2",
          "personaID": "67892",
          "participantID": "31396",
          "utterance": "저는 드라마를 좋아해서 매일 저녁마다 드라마를 챙겨봐요.",
          "summary": "나는 드라마를 좋아한다. 나는 매일 드라마를 본다.",
          "date": "2022-11-22",
          "time": "16:28:05",
          "terminate": "false"
        },
        {
          "speaker": "speaker1",
          "personaID": "66058",
          "participantID": "30382",
          "utterance": "ㅎㅎ드라마를 좋아하시는군요~ 다음에 어떤 드라마보시는지 이야기 해주세요!",
          "summary": "",
          "date": "2022-11-22",
          "time": "16:28:22",
          "terminate": "false"
        },
        {
          "speaker": "speaker2",
          "personaID": "67892",
          "participantID": "31396",
          "utterance": "네, 다음에는 드라마이야기 많이해요. 연락주세요!!",
          "summary": "",
          "date": "2022-11-22",
          "time": "16:28:31",
          "terminate": "true"
        }
      ],
      "sessionPersonaSummary": {
        "speaker1": [
          "나는 20대 남자이다.",
          "나는 요가를 자주 한다.",
          "나는 건강에 관심이 많다.",
          "나는 TV 다큐멘터리를 자주 본다."
        ],
        "speaker2": [
          "나는 20대 여자이다.",
          "나는 운동하는 걸 좋아한다. 나는 실내에서 스케이트 타는 것을 좋아한다.",
          "나의 집 주변에 실내 스케이트장이 있다.",
          "나는 새벽에 따뜻한 물을 마신다.",
          "나는 드라마를 좋아한다. 나는 매일 드라마를 본다."
        ]
      },
      "prevAggregatedpersonaSummary": {
        "speaker1": [],
        "speaker2": []
      }
    },
    {
      "prevSessionID": "4-00443-1",
      "prevTimeInfo": {
        "timeNum": "5",
        "timeUnit": "일"
      },
      "nthSession": "2",
      "numberOfUtterances": "14",
      "numberOfTurns": "7",
      "sessionID": "4-00443-2",
      "dialog": [
        {
          "speaker": "speaker1",
          "personaID": "66058",
          "participantID": "30382",
          "utterance": "5일간 잘 지내셨나요? 뉴스를 보니 전쟁소식이 들리네요.",
          "summary": "",
          "date": "2022-11-22",
          "time": "16:28:44",
          "terminate": "false"
        },
        {
          "speaker": "speaker2",
          "personaID": "67892",
          "participantID": "31396",
          "utterance": "그러게말이에요. 21세기에 전쟁이 났다니 정말 놀랍지않나요?",
          "summary": "",
          "date": "2022-11-22",
          "time": "16:28:54",
          "terminate": "false"
        },
        {
          "speaker": "speaker1",
          "personaID": "66058",
          "participantID": "30382",
          "utterance": "맞아요. 전쟁이 나니까 물가가 많이 오른다고 하네요.",
          "summary": "",
          "date": "2022-11-22",
          "time": "16:30:02",
          "terminate": "false"
        },
        {
          "speaker": "speaker2",
          "personaID": "67892",
          "participantID": "31396",
          "utterance": "그러게요. 공공요금도 오른다는 뉴스를 들었는데 서민물가가 많이오르면 걱정이 크네요.",
          "summary": "",
          "date": "2022-11-22",
          "time": "16:30:27",
          "terminate": "false"
        },
        {
          "speaker": "speaker1",
          "personaID": "66058",
          "participantID": "30382",
          "utterance": "그러게 말이에요. 저는 혼자 자취를 하는데 이렇게 물가가 오르면 체감이 많이 돼요.",
          "summary": "나는 자취를 한다.",
          "date": "2022-11-22",
          "time": "16:30:50",
          "terminate": "false"
        },
        {
          "speaker": "speaker2",
          "personaID": "67892",
          "participantID": "31396",
          "utterance": "저의 부모님은 자영업을 하시는데 전쟁때문에 재료수급이 어려워질거같아 걱정이 태산이에요.",
          "summary": "나의 부모님은 자영업을 한다.",
          "date": "2022-11-22",
          "time": "16:31:32",
          "terminate": "false"
        },
        {
          "speaker": "speaker1",
          "personaID": "66058",
          "participantID": "30382",
          "utterance": "자영업하시는분들은 그것도 걱정이시겠네요. 전쟁은 도움이 되는게 하나도 없는것같아요.",
          "summary": "",
          "date": "2022-11-22",
          "time": "16:31:41",
          "terminate": "false"
        },
        {
          "speaker": "speaker2",
          "personaID": "67892",
          "participantID": "31396",
          "utterance": "맞아요. 전쟁이나면 도시도 황폐화가 되고 많은 사람들이 피해를 본다는생각에 너무 무서워요.",
          "summary": "",
          "date": "2022-11-22",
          "time": "16:32:03",
          "terminate": "false"
        },
        {
          "speaker": "speaker1",
          "personaID": "66058",
          "participantID": "30382",
          "utterance": "저도 그렇게 생각해요. 전쟁 후에 수습하는것도 굉장히 어려운일 같아요.",
          "summary": "",
          "date": "2022-11-22",
          "time": "16:33:04",
          "terminate": "false"
        },
        {
          "speaker": "speaker2",
          "personaID": "67892",
          "participantID": "31396",
          "utterance": "그러게요. 전쟁이라는게 정말 무섭네요. 저는 혈액형이 A형이라 쓸데없는 걱정도 많이해요.",
          "summary": "나는 혈액형이 A형이다.",
          "date": "2022-11-22",
          "time": "16:33:51",
          "terminate": "false"
        },
        {
          "speaker": "speaker1",
          "personaID": "66058",
          "participantID": "30382",
          "utterance": "걱정이 많으셔서 전쟁 생각하면 더 힘드시겠네요. 저는 생일이 8월인데, 몇월에 생일이세요?",
          "summary": "나의 생일은 8월이다.",
          "date": "2022-11-22",
          "time": "16:34:25",
          "terminate": "false"
        },
        {
          "speaker": "speaker2",
          "personaID": "67892",
          "participantID": "31396",
          "utterance": "저는 신록이 우거진 5월에 태어났어요~",
          "summary": "나의 생일은 5월이다.",
          "date": "2022-11-22",
          "time": "16:35:31",
          "terminate": "false"
        },
        {
          "speaker": "speaker1",
          "personaID": "66058",
          "participantID": "30382",
          "utterance": "ㅎㅎ그러시구나. 내년에 5월에 생일을 꼭 챙겨드릴게요. 오늘 우울한 이야기만해서 생일이야기를 꺼내봤어요~",
          "summary": "",
          "date": "2022-11-22",
          "time": "16:35:56",
          "terminate": "false"
        },
        {
          "speaker": "speaker2",
          "personaID": "67892",
          "participantID": "31396",
          "utterance": "그러게요. 너무 우울한 이야기하니 분위기전환하려 저는 산책나가봅니다. 다음에 대화해요.",
          "summary": "",
          "date": "2022-11-22",
          "time": "16:36:10",
          "terminate": "true"
        }
      ],
      "sessionPersonaSummary": {
        "speaker1": [
          "나는 자취를 한다.",
          "나의 생일은 8월이다."
        ],
        "speaker2": [
          "나의 부모님은 자영업을 한다.",
          "나는 혈액형이 A형이다.",
          "나의 생일은 5월이다."
        ]
      },
      "prevAggregatedpersonaSummary": {
        "speaker1": [
          "나는 20대 남자이다.",
          "나는 요가를 자주 한다.",
          "나는 건강에 관심이 많다.",
          "나는 TV 다큐멘터리를 자주 본다."
        ],
        "speaker2": [
          "나는 20대 여자이다.",
          "나는 운동하는 걸 좋아한다. 나는 실내에서 스케이트 타는 것을 좋아한다.",
          "나의 집 주변에 실내 스케이트장이 있다.",
          "나는 새벽에 따뜻한 물을 마신다.",
          "나는 드라마를 좋아한다. 나는 매일 드라마를 본다."
        ]
      }
    },
    {
      "prevSessionID": "4-00443-2",
      "prevTimeInfo": {
        "timeNum": "3",
        "timeUnit": "주"
      },
      "nthSession": "3",
      "numberOfUtterances": "14",
      "numberOfTurns": "7",
      "sessionID": "4-00443-3",
      "dialog": [
        {
          "speaker": "speaker1",
          "personaID": "66058",
          "participantID": "30382",
          "utterance": "3주동안 잘 지내셨나요? 지난번에 새벽에 따뜻한 물을 드신대서 저도 따라서 마셔봤어요.",
          "summary": "",
          "date": "2022-11-22",
          "time": "16:36:27",
          "terminate": "false"
        },
        {
          "speaker": "speaker2",
          "personaID": "67892",
          "participantID": "31396",
          "utterance": "어떠신가요? 저는 혈액순환이 잘되기도하고 아침에 볼일도 잘보게되서 장점이 많더라구요.",
          "summary": "",
          "date": "2022-11-22",
          "time": "16:36:52",
          "terminate": "false"
        },
        {
          "speaker": "speaker1",
          "personaID": "66058",
          "participantID": "30382",
          "utterance": "그런효과도 있더라구요. 근데 저는 날이 추워지니 아침에 따듯한 물 한잔으로 몸을 데울 수 있어 좋았어요.",
          "summary": "",
          "date": "2022-11-22",
          "time": "16:37:09",
          "terminate": "false"
        },
        {
          "speaker": "speaker2",
          "personaID": "67892",
          "participantID": "31396",
          "utterance": "좋은 반응이 온다니 저도 기쁘네요. 오늘은 어떤계획이 있으신가요?",
          "summary": "",
          "date": "2022-11-22",
          "time": "16:37:27",
          "terminate": "false"
        },
        {
          "speaker": "speaker1",
          "personaID": "66058",
          "participantID": "30382",
          "utterance": "저는 오늘도 요가를 다녀오려구요. 요가를 해야 몸이 개운해져요.",
          "summary": "",
          "date": "2022-11-22",
          "time": "16:37:44",
          "terminate": "false"
        },
        {
          "speaker": "speaker2",
          "personaID": "67892",
          "participantID": "31396",
          "utterance": "운동하던 사람은 운동을 해야 몸이 개운하죠? 저도 하루라도 스케이트를 안타면 몸이 찌뿌등해요.",
          "summary": "",
          "date": "2022-11-22",
          "time": "16:38:07",
          "terminate": "false"
        },
        {
          "speaker": "speaker1",
          "personaID": "66058",
          "participantID": "30382",
          "utterance": "확실히 저희 둘다 건강을 챙기는 사람이라 대화가 잘 통하네요.",
          "summary": "",
          "date": "2022-11-22",
          "time": "16:38:20",
          "terminate": "false"
        },
        {
          "speaker": "speaker2",
          "personaID": "67892",
          "participantID": "31396",
          "utterance": "제가 따듯한 물을 추천해드렸는데 저에게 추천해주실만한 건강비법이 있나요?",
          "summary": "",
          "date": "2022-11-22",
          "time": "16:38:50",
          "terminate": "false"
        },
        {
          "speaker": "speaker1",
          "personaID": "66058",
          "participantID": "30382",
          "utterance": "저는 아침저녁으로 잠자리에서 스트레칭을 꼭 하고 자고, 일어나서도 해요.",
          "summary": "나는 아침, 저녁으로 스트레칭을 한다.",
          "date": "2022-11-22",
          "time": "16:39:05",
          "terminate": "false"
        },
        {
          "speaker": "speaker2",
          "personaID": "67892",
          "participantID": "31396",
          "utterance": "좋은 방법이네요. 저는 그다지 스트레칭을 많이 하지않았는데 해봐야겠네요.",
          "summary": "",
          "date": "2022-11-22",
          "time": "16:39:21",
          "terminate": "false"
        },
        {
          "speaker": "speaker1",
          "personaID": "66058",
          "participantID": "30382",
          "utterance": "네. 몸이 가벼워져요. 그리고 저는 식사를 탄수화물,단백질,지방을 갖춰서 먹어요.",
          "summary": "나는 식사할 때 탄수화물, 단백질, 지방을 갖춰서 먹는다.",
          "date": "2022-11-22",
          "time": "16:39:38",
          "terminate": "false"
        },
        {
          "speaker": "speaker2",
          "personaID": "67892",
          "participantID": "31396",
          "utterance": "골고루 먹는 식습관도 건강을 많이 좌우하게되죠!",
          "summary": "",
          "date": "2022-11-22",
          "time": "16:39:50",
          "terminate": "false"
        },
        {
          "speaker": "speaker1",
          "personaID": "66058",
          "participantID": "30382",
          "utterance": "맞아요. 오늘은 이만 요가하러 갈 시간이 돼서 운동하러 가볼게요~",
          "summary": "",
          "date": "2022-11-22",
          "time": "16:40:16",
          "terminate": "false"
        },
        {
          "speaker": "speaker2",
          "personaID": "67892",
          "participantID": "31396",
          "utterance": "즐겁게 요가하시고 건강한 생활하세요. 저도 이만 볼일보러 다녀와야겠어요~",
          "summary": "",
          "date": "2022-11-22",
          "time": "16:40:35",
          "terminate": "true"
        }
      ],
      "sessionPersonaSummary": {
        "speaker1": [
          "나는 아침, 저녁으로 스트레칭을 한다.",
          "나는 식사할 때 탄수화물, 단백질, 지방을 갖춰서 먹는다."
        ],
        "speaker2": []
      },
      "prevAggregatedpersonaSummary": {
        "speaker1": [
          "나는 20대 남자이다.",
          "나는 요가를 자주 한다.",
          "나는 건강에 관심이 많다.",
          "나는 TV 다큐멘터리를 자주 본다.",
          "나는 자취를 한다.",
          "나의 생일은 8월이다."
        ],
        "speaker2": [
          "나는 20대 여자이다.",
          "나는 운동하는 걸 좋아한다. 나는 실내에서 스케이트 타는 것을 좋아한다.",
          "나의 집 주변에 실내 스케이트장이 있다.",
          "나는 새벽에 따뜻한 물을 마신다.",
          "나는 드라마를 좋아한다. 나는 매일 드라마를 본다.",
          "나의 부모님은 자영업을 한다.",
          "나는 혈액형이 A형이다.",
          "나의 생일은 5월이다."
        ]
      }
    },
    {
      "prevSessionID": "4-00443-3",
      "prevTimeInfo": {
        "timeNum": "6",
        "timeUnit": "일"
      },
      "nthSession": "4",
      "numberOfUtterances": "14",
      "numberOfTurns": "7",
      "sessionID": "4-00443-4",
      "dialog": [
        {
          "speaker": "speaker1",
          "personaID": "66058",
          "participantID": "30382",
          "utterance": "6일이 지났네요. 시간이 많이 지났는데도 전쟁을 멈출 기미가 안보이네요.",
          "summary": "",
          "date": "2022-11-22",
          "time": "16:40:45",
          "terminate": "false"
        },
        {
          "speaker": "speaker2",
          "personaID": "67892",
          "participantID": "31396",
          "utterance": "정말 큰일이에요. 사람들이 전쟁으로 많이 다치고 사망자도 많다면서요?",
          "summary": "",
          "date": "2022-11-22",
          "time": "16:41:04",
          "terminate": "false"
        },
        {
          "speaker": "speaker1",
          "personaID": "66058",
          "participantID": "30382",
          "utterance": "그러게 말이에요.제가 TV다큐멘터리를 자주 보다보니 전쟁 관련 다큐도 봤는데, 정말 충격이었어요.",
          "summary": "나는 전쟁 관련 다큐를 봤다.",
          "date": "2022-11-22",
          "time": "16:41:15",
          "terminate": "false"
        },
        {
          "speaker": "speaker2",
          "personaID": "67892",
          "participantID": "31396",
          "utterance": "저는 전쟁이 너무 잔인한거같아 전쟁관련 다큐는 잘 보질못해요.",
          "summary": "",
          "date": "2022-11-22",
          "time": "16:41:28",
          "terminate": "false"
        },
        {
          "speaker": "speaker1",
          "personaID": "66058",
          "participantID": "30382",
          "utterance": "징그럽고 속상하긴 하더라구요. 그렇지만 다큐를 통해 전쟁의 참상을 알 수 있어 유익했어요.",
          "summary": "",
          "date": "2022-11-22",
          "time": "16:41:54",
          "terminate": "false"
        },
        {
          "speaker": "speaker2",
          "personaID": "67892",
          "participantID": "31396",
          "utterance": "그렇겠네요. 전쟁이 왜 나지말아야하는지 중요한 교육이 될거같아 볼 필요도 있겠네요.",
          "summary": "",
          "date": "2022-11-22",
          "time": "16:42:20",
          "terminate": "false"
        },
        {
          "speaker": "speaker1",
          "personaID": "66058",
          "participantID": "30382",
          "utterance": "네. 그리고 전쟁이 나면 물가 말고도 다른 안좋은 영향이 많더라구요.",
          "summary": "",
          "date": "2022-11-22",
          "time": "16:42:52",
          "terminate": "false"
        },
        {
          "speaker": "speaker2",
          "personaID": "67892",
          "participantID": "31396",
          "utterance": "맞아요. 전쟁은 실제로 전쟁을 하지않더라도 각국간의 경제적인 전쟁도 경제적전쟁이라고 할수있죠.",
          "summary": "",
          "date": "2022-11-22",
          "time": "16:45:12",
          "terminate": "false"
        },
        {
          "speaker": "speaker1",
          "personaID": "66058",
          "participantID": "30382",
          "utterance": "그쵸. 대표적인 사례로 관세를 많이 부과하는 무역전쟁도 있죠.",
          "summary": "",
          "date": "2022-11-22",
          "time": "16:45:42",
          "terminate": "false"
        },
        {
          "speaker": "speaker2",
          "personaID": "67892",
          "participantID": "31396",
          "utterance": "세계적으로 경제가 어렵다보니 이것도 중요한 또하나의 전쟁이에요.",
          "summary": "",
          "date": "2022-11-22",
          "time": "16:45:51",
          "terminate": "false"
        },
        {
          "speaker": "speaker1",
          "personaID": "66058",
          "participantID": "30382",
          "utterance": "빨리 안정이 돼서 다같이 잘 살았으면 좋겠네요. 지난번에 제가 알려드린 건강비법 잘 실천해보셨나요?",
          "summary": "",
          "date": "2022-11-22",
          "time": "16:46:22",
          "terminate": "false"
        },
        {
          "speaker": "speaker2",
          "personaID": "67892",
          "participantID": "31396",
          "utterance": "네, 요즘에 권유해주신대로 아침저녁을 스트레칭을 했더니 근육뭉침이 덜해서 한결 몸이 가벼워요.",
          "summary": "",
          "date": "2022-11-22",
          "time": "16:46:42",
          "terminate": "false"
        },
        {
          "speaker": "speaker1",
          "personaID": "66058",
          "participantID": "30382",
          "utterance": "도움이 되었다니 다행이네요. 서로 건강비법을 공유할 수 있어 좋은 시간이었습니다.",
          "summary": "",
          "date": "2022-11-22",
          "time": "16:46:56",
          "terminate": "false"
        },
        {
          "speaker": "speaker2",
          "personaID": "67892",
          "participantID": "31396",
          "utterance": "좋은 비법을 가르쳐주셔서 감사해요. 즐거웠습니다!!!",
          "summary": "",
          "date": "2022-11-22",
          "time": "16:46:57",
          "terminate": "true"
        }
      ],
      "sessionPersonaSummary": {
        "speaker1": [
          "나는 전쟁 관련 다큐를 봤다."
        ],
        "speaker2": []
      },
      "prevAggregatedpersonaSummary": {
        "speaker1": [
          "나는 20대 남자이다.",
          "나는 요가를 자주 한다.",
          "나는 건강에 관심이 많다.",
          "나는 TV 다큐멘터리를 자주 본다.",
          "나는 자취를 한다.",
          "나의 생일은 8월이다.",
          "나는 아침, 저녁으로 스트레칭을 한다.",
          "나는 식사할 때 탄수화물, 단백질, 지방을 갖춰서 먹는다."
        ],
        "speaker2": [
          "나는 20대 여자이다.",
          "나는 운동하는 걸 좋아한다. 나는 실내에서 스케이트 타는 것을 좋아한다.",
          "나의 집 주변에 실내 스케이트장이 있다.",
          "나는 새벽에 따뜻한 물을 마신다.",
          "나는 드라마를 좋아한다. 나는 매일 드라마를 본다.",
          "나의 부모님은 자영업을 한다.",
          "나는 혈액형이 A형이다.",
          "나의 생일은 5월이다."
        ]
      }
    }
  ]
}