{
  "FileInfo": {
    "filename": "K4-00227-CL31777-CP32602-17-07-S4.json",
    "sessionLevel": "4"
  },
  "participantsInfo": {
    "numberOfParticipants": "2",
    "speaker1": {
      "participantID": "3208",
      "gender": "여성",
      "age": "20대",
      "occupation": "학생",
      "bPlace": "광주/전라/제주",
      "gPlace": "광주/전라/제주",
      "rPlace": "광주/전라/제주",
      "educationLevel": "고졸"
    },
    "speaker2": {
      "participantID": "3189",
      "gender": "여성",
      "age": "40대",
      "occupation": "주부",
      "bPlace": "서울/경기/인천",
      "gPlace": "서울/경기/인천",
      "rPlace": "서울/경기/인천",
      "educationLevel": "대졸"
    }
  },
  "multisessionInfo": {
    "multisessionID": "4-00227"
  },
  "personaInfo": {
    "clInfo": {
      "personaID": "31777",
      "personaFeatures": [
        "나는 여자이다.",
        "나는 30대이다.",
        "나는 귀금속 디자이너이다",
        "나는 비행기를 타는 것을 좋아한다",
        "나는 흐린 날을 좋아한다"
      ],
      "speakerType": "speaker1"
    },
    "cpInfo": {
      "personaID": "32602",
      "personaFeatures": [
        "나는 여자이다.",
        "나는 30대이다.",
        "나의 거주지는 평택이다",
        "나는 가끔 행복하다",
        "나는 키위를 즐겨 먹는다"
      ],
      "speakerType": "speaker2"
    }
  },
  "topicInfo": {
    "topicID": "17-07",
    "topicType": "미용과 건강>건강",
    "topicTitle": "보험"
  },
  "sessionInfo": [
    {
      "prevSessionID": null,
      "prevTimeInfo": {
        "timeNum": null,
        "timeUnit": null
      },
      "nthSession": "1",
      "numberOfUtterances": "14",
      "numberOfTurns": "7",
      "sessionID": "4-00227-1",
      "dialog": [
        {
          "speaker": "speaker1",
          "personaID": "31777",
          "participantID": "3208",
          "utterance": "안녕하세요 저는 30대 여성입니다.",
          "summary": "나는 30대 여성이다",
          "date": "2022-10-05",
          "time": "22:24:23",
          "terminate": "false"
        },
        {
          "speaker": "speaker2",
          "personaID": "32602",
          "participantID": "3189",
          "utterance": "안녕하세요, 저도 30대 여성입니다.",
          "summary": "나는 30대 여성이다.",
          "date": "2022-10-05",
          "time": "23:09:33",
          "terminate": "false"
        },
        {
          "speaker": "speaker1",
          "personaID": "31777",
          "participantID": "3208",
          "utterance": "저는 귀금속 디자이너를 직업으로 갖고있습니다",
          "summary": "나는 귀금속 디자이너다",
          "date": "2022-10-05",
          "time": "23:49:42",
          "terminate": "false"
        },
        {
          "speaker": "speaker2",
          "personaID": "32602",
          "participantID": "3189",
          "utterance": "와, 좋은 직업이에요. 제가 사는 평택에도 귀금속 만드는 공장이 많은데 어쩌면 님이 디자인한 제품을 만들지도..ㅎㅎ",
          "summary": "나는 평택에 산다.",
          "date": "2022-10-06",
          "time": "10:35:23",
          "terminate": "false"
        },
        {
          "speaker": "speaker1",
          "personaID": "31777",
          "participantID": "3208",
          "utterance": "그럴수도 있겠네요ㅎㅎ 여행가는걸 좋아하나요? 저는 비행기타는것을 좋아해서 여행을 좋아하는데",
          "summary": "나는 비행기 타는 것을 좋아한다",
          "date": "2022-10-06",
          "time": "14:29:08",
          "terminate": "false"
        },
        {
          "speaker": "speaker2",
          "personaID": "32602",
          "participantID": "3189",
          "utterance": "전에 경비행기를 타고 심하게 흔들렸던 경험에 저는 너무 무서워요, 비행기요. 여행보다는 집에서 좋아하는 것 먹으며 지내는게 좋아요.",
          "summary": "나는 비행기를 무서워한다.",
          "date": "2022-10-06",
          "time": "20:48:33",
          "terminate": "false"
        },
        {
          "speaker": "speaker1",
          "personaID": "31777",
          "participantID": "3208",
          "utterance": "그러시군요! 저는 흐린날을 좋아하는데 날이 안좋을 땐 집에서 뭐하시나요?",
          "summary": "나는 흐린 날을 좋아한다",
          "date": "2022-10-07",
          "time": "12:11:26",
          "terminate": "false"
        },
        {
          "speaker": "speaker2",
          "personaID": "32602",
          "participantID": "3189",
          "utterance": "비가 너무 많이 오지 않으면 주말에는 주로 캠핑을 가고 그마저도 못 갈 만큼 날이 안좋다면... 제가 키위를 즐겨 먹어서요, 집에서 좋아하는 키위를 먹어요 ㅎ 그럴때면 저는 가끔 행복하답니다. ",
          "summary": "나는 주말에 캠핑을 간다. 나는 키위를 좋아한다.",
          "date": "2022-10-07",
          "time": "14:14:15",
          "terminate": "false"
        },
        {
          "speaker": "speaker1",
          "personaID": "31777",
          "participantID": "3208",
          "utterance": "소소한 행복을 느끼는건 좋은일이죠 저도 그런것이 있습니다",
          "summary": "나는 소소한 행복을 느끼는 것이 있다",
          "date": "2022-10-07",
          "time": "14:39:33",
          "terminate": "false"
        },
        {
          "speaker": "speaker2",
          "personaID": "32602",
          "participantID": "3189",
          "utterance": "어떤 일에 행복을 느끼시나요?",
          "summary": "",
          "date": "2022-10-07",
          "time": "18:31:29",
          "terminate": "false"
        },
        {
          "speaker": "speaker1",
          "personaID": "31777",
          "participantID": "3208",
          "utterance": "저는 집에서 아무것도 안하고 OTT보는 것에서 행복을 느낍니다",
          "summary": "나는 집에서 OTT 보는 것에 행복을 느낀다",
          "date": "2022-10-07",
          "time": "23:05:24",
          "terminate": "false"
        },
        {
          "speaker": "speaker2",
          "personaID": "32602",
          "participantID": "3189",
          "utterance": "여유가 느껴지네요. 아무것도 안할 수 있다는게....제게는 언제적인지 기억도 안나요 ㅎㅎㅎ",
          "summary": "나는 여유가 부럽다.",
          "date": "2022-10-07",
          "time": "23:07:20",
          "terminate": "false"
        },
        {
          "speaker": "speaker1",
          "personaID": "31777",
          "participantID": "3208",
          "utterance": "저도 자주는 안하고 아주 가끔씩 합니다",
          "summary": "",
          "date": "2022-10-07",
          "time": "23:09:48",
          "terminate": "false"
        },
        {
          "speaker": "speaker2",
          "personaID": "32602",
          "participantID": "3189",
          "utterance": "아무래도 직장에 다니면 시간이 부족하긴 하죠 ^^ 어느덧 자러 갈 시간이 되었네요. 우리 다음에 다시 이야기 나누기로 해요 :)",
          "summary": " 나는 자러 간다.",
          "date": "2022-10-07",
          "time": "23:19:51",
          "terminate": "true"
        }
      ],
      "sessionPersonaSummary": {
        "speaker1": [
          "나는 30대 여성이다",
          "나는 귀금속 디자이너다",
          "나는 비행기 타는 것을 좋아한다",
          "나는 흐린 날을 좋아한다",
          "나는 소소한 행복을 느끼는 것이 있다",
          "나는 집에서 OTT 보는 것에 행복을 느낀다"
        ],
        "speaker2": [
          "나는 30대 여성이다.",
          "나는 평택에 산다.",
          "나는 비행기를 무서워한다.",
          "나는 주말에 캠핑을 간다.",
          "나는 키위를 좋아한다.",
          "나는 여유가 부럽다.",
          "나는 자러 간다."
        ]
      },
      "prevAggregatedpersonaSummary": {
        "speaker1": [],
        "speaker2": []
      }
    },
    {
      "prevSessionID": "4-00227-1",
      "prevTimeInfo": {
        "timeNum": "5",
        "timeUnit": "주"
      },
      "nthSession": "2",
      "numberOfUtterances": "14",
      "numberOfTurns": "7",
      "sessionID": "4-00227-2",
      "dialog": [
        {
          "speaker": "speaker1",
          "personaID": "31777",
          "participantID": "3208",
          "utterance": "안녕하세요 5주만이네요 뭐하고지내셨나요?",
          "summary": "",
          "date": "2022-10-07",
          "time": "23:46:43",
          "terminate": "false"
        },
        {
          "speaker": "speaker2",
          "personaID": "32602",
          "participantID": "3189",
          "utterance": "시간이 참 빨리 흐르는 것 같아요. 저는 매일 키위도 먹고... 얼마 전에 병원에 가서 건강검진을 받고 왔어요 들어놓은 보험이 없는데 결절이 보이는 것 같다고 해서 걱정입니다",
          "summary": "나는 건강검진을 받았다. 나는 결절이 있는 것 같다.",
          "date": "2022-10-08",
          "time": "10:02:04",
          "terminate": "false"
        },
        {
          "speaker": "speaker1",
          "personaID": "31777",
          "participantID": "3208",
          "utterance": "어떻게해요ㅠㅠ 건강하길 빌어야겠네요ㅠㅠ",
          "summary": "",
          "date": "2022-10-08",
          "time": "10:15:08",
          "terminate": "false"
        },
        {
          "speaker": "speaker2",
          "personaID": "32602",
          "participantID": "3189",
          "utterance": "이제와서 보험 가입은 안되고 마음이 답답해요 ㅜㅜ 보험이라고는 실비 하나 들어놓은게 다라... 부디 별 일 없기를 바라야죠 ㅜ",
          "summary": "나는 보험가입이 되어있지 않다. 나는 실비보험이 있다.",
          "date": "2022-10-08",
          "time": "10:31:25",
          "terminate": "false"
        },
        {
          "speaker": "speaker1",
          "personaID": "31777",
          "participantID": "3208",
          "utterance": "그래도 실비가 있어서 다행이네요ㅠ 저는 아직 실비가 없어서 걱정이에요",
          "summary": "나는 실비 보험이 아직 없다",
          "date": "2022-10-08",
          "time": "10:33:05",
          "terminate": "false"
        },
        {
          "speaker": "speaker2",
          "personaID": "32602",
          "participantID": "3189",
          "utterance": "아이고 저도 보험금 받는건 다른사람 이야기인 줄 알았어요 실비는 꼭 들어놓는게 좋은 것 같아요 특히 아이들에게 더 그렇고요.... 우리 아이들은 응급실 가는 것 만으로도 실비 몇 번이나 썼어요 다른 보험은 들어놓으신게 있나요?",
          "summary": " 나는 실비보험을 추천했다. 나는 응급실 가고 실비를 썼다.",
          "date": "2022-10-08",
          "time": "10:34:19",
          "terminate": "false"
        },
        {
          "speaker": "speaker1",
          "personaID": "31777",
          "participantID": "3208",
          "utterance": "암보험밖에 없네요.. 좋은 실비가 있으면 추천 부탁드립니다!",
          "summary": "나는 암보험에 가입되어 있다",
          "date": "2022-10-08",
          "time": "10:35:03",
          "terminate": "false"
        },
        {
          "speaker": "speaker2",
          "personaID": "32602",
          "participantID": "3189",
          "utterance": "저는 보험 알아보는건 또 잘 몰라서..,. 아이들 많이 하는 그 곳에 했어요. 보험비는 5만원정도밖에 안해요 업계 2위라고 하던데 보장 잘 되고 지급도 잘 되고 대충 다 비슷하지 않을까요 -..-",
          "summary": "나는 보험에 대해 잘 모른다. 나는 보험비를 알려줬다.",
          "date": "2022-10-08",
          "time": "10:46:39",
          "terminate": "false"
        },
        {
          "speaker": "speaker1",
          "personaID": "31777",
          "participantID": "3208",
          "utterance": "그런가요? 한번 다시 잘 알아봐야겠네요ㅎㅎ",
          "summary": "",
          "date": "2022-10-08",
          "time": "11:32:32",
          "terminate": "false"
        },
        {
          "speaker": "speaker2",
          "personaID": "32602",
          "participantID": "3189",
          "utterance": "별 도움 드리지 못해서 죄송해요. 그래도 아무튼 보험은 꼭 필요하다는 것만 강조 ㅎ",
          "summary": "나는 보험이 필요한 걸 강조했다.",
          "date": "2022-10-08",
          "time": "11:53:31",
          "terminate": "false"
        },
        {
          "speaker": "speaker1",
          "personaID": "31777",
          "participantID": "3208",
          "utterance": "맞는 것 같아요ㅎㅎ 사람일은 모르는거니까",
          "summary": "",
          "date": "2022-10-08",
          "time": "12:03:16",
          "terminate": "false"
        },
        {
          "speaker": "speaker2",
          "personaID": "32602",
          "participantID": "3189",
          "utterance": "저는 어릴 때 몸이 아픈건 남의 일이라고 생각했어서 ㅎㅎ 근데 정말 유비무환이 맞는 말 같아요. 혹시 운전은 하시나요? 자동차 보험 들으셨어요?",
          "summary": " 나는 유비무환이라고 생각한다.",
          "date": "2022-10-08",
          "time": "12:18:31",
          "terminate": "false"
        },
        {
          "speaker": "speaker1",
          "personaID": "31777",
          "participantID": "3208",
          "utterance": "네 운전은 하고 보험들었습니다 보험이 없으면 운전을 안하는 편이라서요",
          "summary": "나는 운전을 한다\n나는 자동차보험에 가입했다\n나는 보험이 없으면 운전을 안한다",
          "date": "2022-10-08",
          "time": "12:40:27",
          "terminate": "false"
        },
        {
          "speaker": "speaker2",
          "personaID": "32602",
          "participantID": "3189",
          "utterance": "네, 자동차 보험은 필수인 것 같아요",
          "summary": "나는 자동차보험이 필수라고 생각한다.",
          "date": "2022-10-08",
          "time": "16:45:27",
          "terminate": "true"
        }
      ],
      "sessionPersonaSummary": {
        "speaker1": [
          "나는 실비 보험이 아직 없다",
          "나는 암보험에 가입되어 있다",
          "나는 운전을 한다\n나는 자동차보험에 가입했다\n나는 보험이 없으면 운전을 안한다"
        ],
        "speaker2": [
          "나는 건강검진을 받았다.",
          "나는 결절이 있는 것 같다.",
          "나는 보험가입이 되어있지 않다.",
          "나는 실비보험이 있다.",
          "나는 실비보험을 추천했다.",
          "나는 응급실 가고 실비를 썼다.",
          "나는 보험에 대해 잘 모른다.",
          "나는 보험비를 알려줬다.",
          "나는 보험이 필요한 걸 강조했다.",
          "나는 유비무환이라고 생각한다.",
          "나는 자동차보험이 필수라고 생각한다."
        ]
      },
      "prevAggregatedpersonaSummary": {
        "speaker1": [
          "나는 30대 여성이다",
          "나는 귀금속 디자이너다",
          "나는 비행기 타는 것을 좋아한다",
          "나는 흐린 날을 좋아한다",
          "나는 소소한 행복을 느끼는 것이 있다",
          "나는 집에서 OTT 보는 것에 행복을 느낀다"
        ],
        "speaker2": [
          "나는 30대 여성이다.",
          "나는 평택에 산다.",
          "나는 비행기를 무서워한다.",
          "나는 주말에 캠핑을 간다.",
          "나는 키위를 좋아한다.",
          "나는 여유가 부럽다.",
          "나는 자러 간다."
        ]
      }
    },
    {
      "prevSessionID": "4-00227-2",
      "prevTimeInfo": {
        "timeNum": "2",
        "timeUnit": "주"
      },
      "nthSession": "3",
      "numberOfUtterances": "14",
      "numberOfTurns": "7",
      "sessionID": "4-00227-3",
      "dialog": [
        {
          "speaker": "speaker1",
          "personaID": "31777",
          "participantID": "3208",
          "utterance": "2주만이네요 뭐하고 지내셨나요?",
          "summary": "",
          "date": "2022-10-08",
          "time": "20:21:59",
          "terminate": "false"
        },
        {
          "speaker": "speaker2",
          "personaID": "32602",
          "participantID": "3189",
          "utterance": "운동하고 집안일하고 그냥 일상을 보내고 있었어요. 2주간 특별한 일 있으셨나요? :)",
          "summary": "나는 운동을 했다",
          "date": "2022-10-08",
          "time": "23:19:12",
          "terminate": "false"
        },
        {
          "speaker": "speaker1",
          "personaID": "31777",
          "participantID": "3208",
          "utterance": "저는 최근에 머리를 자르고왔어요:)",
          "summary": "나는 최근 머리를 잘랐다",
          "date": "2022-10-08",
          "time": "23:27:54",
          "terminate": "false"
        },
        {
          "speaker": "speaker2",
          "personaID": "32602",
          "participantID": "3189",
          "utterance": "성공하셨나요? 제가 사는 곳에는 마땅한 미용실이 없네요.",
          "summary": "ㅡ",
          "date": "2022-10-10",
          "time": "11:12:20",
          "terminate": "false"
        },
        {
          "speaker": "speaker1",
          "personaID": "31777",
          "participantID": "3208",
          "utterance": "저는 단골미용실이있어서 매일 그곳으로 다니고있습니다",
          "summary": "나는 단골 미용실이 있다",
          "date": "2022-10-10",
          "time": "18:22:51",
          "terminate": "false"
        },
        {
          "speaker": "speaker2",
          "personaID": "32602",
          "participantID": "3189",
          "utterance": "전에 살던 곳에서 다니던 미용실에는 원장님이 보험 설계사 일을 했어서 머리 하는 동안에 그쪽 정보를 많이 들려주었어요 그래서 주워들은게 많네요 ㅎㅎ",
          "summary": "나는 미용실에서 정보를 들었다. 나는 주워들은 게 많다.",
          "date": "2022-10-10",
          "time": "21:11:48",
          "terminate": "false"
        },
        {
          "speaker": "speaker1",
          "personaID": "31777",
          "participantID": "3208",
          "utterance": "아하 그러시군요! 좋은정보있으면 저도 알려주세요!",
          "summary": "",
          "date": "2022-10-10",
          "time": "21:39:17",
          "terminate": "false"
        },
        {
          "speaker": "speaker2",
          "personaID": "32602",
          "participantID": "3189",
          "utterance": "거기 간 지 오래되어서 ...ㅎㅎ 보험은 오래 전에 들은 거 일수록 혜택이 좋더라고요. 급전이 필요해도 보험은 해약하면 안될 거 같아요",
          "summary": "나는 거기 간지 오래됐다. 나는 보험을 들었다.",
          "date": "2022-10-10",
          "time": "22:22:43",
          "terminate": "false"
        },
        {
          "speaker": "speaker1",
          "personaID": "31777",
          "participantID": "3208",
          "utterance": "아 그렇군요! 맞아요 보험은 해약하면 손해인것같아요",
          "summary": "나는 보험을 해약하면 손해라고 생각한다",
          "date": "2022-10-10",
          "time": "22:25:05",
          "terminate": "false"
        },
        {
          "speaker": "speaker2",
          "personaID": "32602",
          "participantID": "3189",
          "utterance": "참, 저 어제는 아이들 예방접종 할 겸 병원에 다녀왔는데요 큰 아이가 갑자기 다리가 아프다고 해서 엑스레이까지 찍었어요,. 초음파도 보고요. 근데 그 작은 비용도 실비 적용이 되더라고요. 실비 가입을 이제라도 고려 해 보시는게 좋을 것 같아서 말씀드려요",
          "summary": "나는 병원에 다녀왔다. 나는 큰아이가 아프다. 나는 엑스레이와 초음파를 봤다.",
          "date": "2022-10-11",
          "time": "11:50:18",
          "terminate": "false"
        },
        {
          "speaker": "speaker1",
          "personaID": "31777",
          "participantID": "3208",
          "utterance": "전부터 가입하려고 했는데 어디가 좋을지 몰라서 방황하는 중 이에요ㅠㅠ",
          "summary": "나는 보험사를 정하지 못해 방황 중이다",
          "date": "2022-10-11",
          "time": "13:58:47",
          "terminate": "false"
        },
        {
          "speaker": "speaker2",
          "personaID": "32602",
          "participantID": "3189",
          "utterance": "그쵸, 다양한 상품 비교하기 너무 어려운 것 같아요. 지인 추천 받는게 제일 좋은데.......그런쪽으로 잘 아는 지인 있으면 좋겠네요",
          "summary": "나는 상품을 비교하기 어렵다. 나는 지인 추천받는 게 좋다고 생각한다.",
          "date": "2022-10-12",
          "time": "08:21:49",
          "terminate": "false"
        },
        {
          "speaker": "speaker1",
          "personaID": "31777",
          "participantID": "3208",
          "utterance": "그러게요 잘 알아보고 보험에 가입해야겠어요",
          "summary": "",
          "date": "2022-10-12",
          "time": "08:57:06",
          "terminate": "false"
        },
        {
          "speaker": "speaker2",
          "personaID": "32602",
          "participantID": "3189",
          "utterance": "네..어릴땐 보험비 내는게 아까웠는데 나이 들어가면서 보상 받을 일이 생기더라고요 늦게라도 꼭 맞는 상품 찾으시길 바라요",
          "summary": "",
          "date": "2022-10-12",
          "time": "09:57:11",
          "terminate": "true"
        }
      ],
      "sessionPersonaSummary": {
        "speaker1": [
          "나는 최근 머리를 잘랐다",
          "나는 단골 미용실이 있다",
          "나는 보험을 해약하면 손해라고 생각한다",
          "나는 보험사를 정하지 못해 방황 중이다"
        ],
        "speaker2": [
          "나는 운동을 했다",
          "ㅡ",
          "나는 미용실에서 정보를 들었다.",
          "나는 주워들은 게 많다.",
          "나는 거기 간지 오래됐다.",
          "나는 보험을 들었다.",
          "나는 병원에 다녀왔다.",
          "나는 큰아이가 아프다.",
          "나는 엑스레이와 초음파를 봤다.",
          "나는 상품을 비교하기 어렵다.",
          "나는 지인 추천받는 게 좋다고 생각한다."
        ]
      },
      "prevAggregatedpersonaSummary": {
        "speaker1": [
          "나는 30대 여성이다",
          "나는 귀금속 디자이너다",
          "나는 비행기 타는 것을 좋아한다",
          "나는 흐린 날을 좋아한다",
          "나는 소소한 행복을 느끼는 것이 있다",
          "나는 집에서 OTT 보는 것에 행복을 느낀다",
          "나는 실비 보험이 아직 없다",
          "나는 암보험에 가입되어 있다",
          "나는 운전을 한다\n나는 자동차보험에 가입했다\n나는 보험이 없으면 운전을 안한다"
        ],
        "speaker2": [
          "나는 30대 여성이다.",
          "나는 평택에 산다.",
          "나는 비행기를 무서워한다.",
          "나는 주말에 캠핑을 간다.",
          "나는 키위를 좋아한다.",
          "나는 여유가 부럽다.",
          "나는 자러 간다.",
          "나는 건강검진을 받았다.",
          "나는 결절이 있는 것 같다.",
          "나는 보험가입이 되어있지 않다.",
          "나는 실비보험이 있다.",
          "나는 실비보험을 추천했다.",
          "나는 응급실 가고 실비를 썼다.",
          "나는 보험에 대해 잘 모른다.",
          "나는 보험비를 알려줬다.",
          "나는 보험이 필요한 걸 강조했다.",
          "나는 유비무환이라고 생각한다.",
          "나는 자동차보험이 필수라고 생각한다."
        ]
      }
    },
    {
      "prevSessionID": "4-00227-3",
      "prevTimeInfo": {
        "timeNum": "1",
        "timeUnit": "일"
      },
      "nthSession": "4",
      "numberOfUtterances": "15",
      "numberOfTurns": "7",
      "sessionID": "4-00227-4",
      "dialog": [
        {
          "speaker": "speaker1",
          "personaID": "31777",
          "participantID": "3208",
          "utterance": "하루만이네요 어떻게 지내셨나요?",
          "summary": "",
          "date": "2022-10-13",
          "time": "07:50:06",
          "terminate": "false"
        },
        {
          "speaker": "speaker2",
          "personaID": "32602",
          "participantID": "3189",
          "utterance": "어제 잠을 잘 못자서 컨디션이 별로에요",
          "summary": "나는 컨디션이 별로다.",
          "date": "2022-10-13",
          "time": "09:59:19",
          "terminate": "false"
        },
        {
          "speaker": "speaker1",
          "personaID": "31777",
          "participantID": "3208",
          "utterance": "아이고 어디 아프신건 아니죠?",
          "summary": "",
          "date": "2022-10-13",
          "time": "10:11:29",
          "terminate": "false"
        },
        {
          "speaker": "speaker2",
          "personaID": "32602",
          "participantID": "3189",
          "utterance": "아이가 자다 깨서 데리고 잤더니  자세가 불편했나봐요. 언제쯤 편히 잘 수 있을지, 에휴 한숨이 절로 나오네요",
          "summary": "나는 아이가 있다. 나는 자세가 안 좋다.",
          "date": "2022-10-13",
          "time": "10:24:45",
          "terminate": "false"
        },
        {
          "speaker": "speaker1",
          "personaID": "31777",
          "participantID": "3208",
          "utterance": "제가 어제 사진을 찍느라 연락을 못드렸넹ㅎ",
          "summary": "나는 어제 사진을 찍었다.",
          "date": "2022-10-14",
          "time": "07:33:59",
          "terminate": "false"
        },
        {
          "speaker": "speaker2",
          "personaID": "32602",
          "participantID": "3189",
          "utterance": "네, 사진을 찍으시는군요. 저는 몸이 안좋아서 도수치료라도 받으러 다녀와야겠어요 보험 적용이 되려나 모르겠네요\\",
          "summary": "나는 몸이 좋지 않다.",
          "date": "2022-10-14",
          "time": "09:58:33",
          "terminate": "false"
        },
        {
          "speaker": "speaker1",
          "personaID": "31777",
          "participantID": "3208",
          "utterance": "도수치료는 보험이 되지 않는걸로 알고있어요",
          "summary": "",
          "date": "2022-10-14",
          "time": "12:51:20",
          "terminate": "false"
        },
        {
          "speaker": "speaker2",
          "personaID": "32602",
          "participantID": "3189",
          "utterance": "아 실비로도 적용 받을 수 없나요? 안타깝네요",
          "summary": "나는 실비가 있다.",
          "date": "2022-10-14",
          "time": "13:27:48",
          "terminate": "false"
        },
        {
          "speaker": "speaker1",
          "personaID": "31777",
          "participantID": "3208",
          "utterance": "네.. 근데 치료목적이면 모르겠네요 제가 잘 몰라서..?",
          "summary": "나는 도수치료가 치료 목적일 때 보험 적용이 되는지 잘 모른다.",
          "date": "2022-10-14",
          "time": "13:29:41",
          "terminate": "false"
        },
        {
          "speaker": "speaker2",
          "personaID": "32602",
          "participantID": "3189",
          "utterance": "네 병원에 전화해서 알아봐야겠네요. 도수치료 엄청 비싸더라고요. 보험 안되면 못받을지도 몰라요",
          "summary": "나는 도수치료를 받는다.",
          "date": "2022-10-14",
          "time": "13:49:37",
          "terminate": "false"
        },
        {
          "speaker": "speaker1",
          "personaID": "31777",
          "participantID": "3208",
          "utterance": "네 꼭 잘 알아보세요ㅠㅠ 혜택이 됬으면 좋겠네요",
          "summary": "",
          "date": "2022-10-14",
          "time": "16:50:51",
          "terminate": "false"
        },
        {
          "speaker": "speaker2",
          "personaID": "32602",
          "participantID": "3189",
          "utterance": "네 알아보고 보험 되는지 알려드릴게요. 언제가 필요한 정보가 될지도 모르니까요 ㅎ",
          "summary": "",
          "date": "2022-10-14",
          "time": "17:12:05",
          "terminate": "false"
        },
        {
          "speaker": "speaker1",
          "personaID": "31777",
          "participantID": "3208",
          "utterance": "넵 감사합니다 꼭 정보 알려주세요",
          "summary": "",
          "date": "2022-10-14",
          "time": "17:16:25",
          "terminate": "false"
        },
        {
          "speaker": "speaker2",
          "personaID": "32602",
          "participantID": "3189",
          "utterance": "@이름@님은 건강하시죠? 저는 자꾸 여기저기 아파서 큰일이네요 더 어릴 때 보험좀 많이 들어놓을껄 싶어요",
          "summary": "나는 아프다.",
          "date": "2022-10-14",
          "time": "18:50:39",
          "terminate": "false"
        },
        {
          "speaker": "speaker1",
          "personaID": "31777",
          "participantID": "3208",
          "utterance": "네 지금이라도 들어두는게 좋아요",
          "summary": "",
          "date": "2022-10-14",
          "time": "19:27:48",
          "terminate": "true"
        }
      ],
      "sessionPersonaSummary": {
        "speaker1": [
          "나는 어제 사진을 찍었다.",
          "나는 도수치료가 치료 목적일 때 보험 적용이 되는지 잘 모른다."
        ],
        "speaker2": [
          "나는 컨디션이 별로다.",
          "나는 아이가 있다.",
          "나는 자세가 안 좋다.",
          "나는 몸이 좋지 않다.",
          "나는 실비가 있다.",
          "나는 도수치료를 받는다.",
          "나는 아프다."
        ]
      },
      "prevAggregatedpersonaSummary": {
        "speaker1": [
          "나는 30대 여성이다",
          "나는 귀금속 디자이너다",
          "나는 비행기 타는 것을 좋아한다",
          "나는 흐린 날을 좋아한다",
          "나는 소소한 행복을 느끼는 것이 있다",
          "나는 집에서 OTT 보는 것에 행복을 느낀다",
          "나는 실비 보험이 아직 없다",
          "나는 암보험에 가입되어 있다",
          "나는 운전을 한다\n나는 자동차보험에 가입했다\n나는 보험이 없으면 운전을 안한다",
          "나는 최근 머리를 잘랐다",
          "나는 단골 미용실이 있다",
          "나는 보험을 해약하면 손해라고 생각한다",
          "나는 보험사를 정하지 못해 방황 중이다"
        ],
        "speaker2": [
          "나는 30대 여성이다.",
          "나는 평택에 산다.",
          "나는 비행기를 무서워한다.",
          "나는 주말에 캠핑을 간다.",
          "나는 키위를 좋아한다.",
          "나는 여유가 부럽다.",
          "나는 자러 간다.",
          "나는 건강검진을 받았다.",
          "나는 결절이 있는 것 같다.",
          "나는 보험가입이 되어있지 않다.",
          "나는 실비보험이 있다.",
          "나는 실비보험을 추천했다.",
          "나는 응급실 가고 실비를 썼다.",
          "나는 보험에 대해 잘 모른다.",
          "나는 보험비를 알려줬다.",
          "나는 보험이 필요한 걸 강조했다.",
          "나는 유비무환이라고 생각한다.",
          "나는 자동차보험이 필수라고 생각한다.",
          "나는 운동을 했다",
          "ㅡ",
          "나는 미용실에서 정보를 들었다.",
          "나는 주워들은 게 많다.",
          "나는 거기 간지 오래됐다.",
          "나는 보험을 들었다.",
          "나는 병원에 다녀왔다.",
          "나는 큰아이가 아프다.",
          "나는 엑스레이와 초음파를 봤다.",
          "나는 상품을 비교하기 어렵다.",
          "나는 지인 추천받는 게 좋다고 생각한다."
        ]
      }
    }
  ]
}