{
  "FileInfo": {
    "filename": "K4-00377-CL25934-CP12717-13-04-S4.json",
    "sessionLevel": "4"
  },
  "participantsInfo": {
    "numberOfParticipants": "2",
    "speaker1": {
      "participantID": "4356",
      "gender": "여성",
      "age": "30대",
      "occupation": "자영업",
      "bPlace": "서울/경기/인천",
      "gPlace": "서울/경기/인천",
      "rPlace": "서울/경기/인천",
      "educationLevel": "대졸"
    },
    "speaker2": {
      "participantID": "3498",
      "gender": "여성",
      "age": "20대",
      "occupation": "학생",
      "bPlace": "서울/경기/인천",
      "gPlace": "서울/경기/인천",
      "rPlace": "서울/경기/인천",
      "educationLevel": "기타"
    }
  },
  "multisessionInfo": {
    "multisessionID": "4-00377"
  },
  "personaInfo": {
    "clInfo": {
      "personaID": "25934",
      "personaFeatures": [
        "나는 여자이다.",
        "나는 20대이다.",
        "나의 거주지는 울산이다",
        "나는 심리학이 부전공이다",
        "나는 재즈 음악을 싫어한다",
        "나는 아메리카노를 자주 마신다",
        "나는 요즘, 가끔 걱정스럽다"
      ],
      "speakerType": "speaker1"
    },
    "cpInfo": {
      "personaID": "12717",
      "personaFeatures": [
        "나는 여자이다.",
        "나는 10대이다.",
        "나의 생일은 3월이다",
        "나는 아침 일찍 일어나는 게 괴롭다",
        "나는 사과를 싫어한다",
        "나는 사람을 깊이 사귀지 못한다"
      ],
      "speakerType": "speaker2"
    }
  },
  "topicInfo": {
    "topicID": "13-04",
    "topicType": "기후>계절/날씨",
    "topicTitle": "단풍"
  },
  "sessionInfo": [
    {
      "prevSessionID": null,
      "prevTimeInfo": {
        "timeNum": null,
        "timeUnit": null
      },
      "nthSession": "1",
      "numberOfUtterances": "14",
      "numberOfTurns": "7",
      "sessionID": "4-00377-1",
      "dialog": [
        {
          "speaker": "speaker1",
          "personaID": "25934",
          "participantID": "4356",
          "utterance": "안녕하세요 저는 20대 여성입니다 반갑습니다 ",
          "summary": "나는 20대 여성이다",
          "date": "2022-11-12",
          "time": "06:35:05",
          "terminate": "false"
        },
        {
          "speaker": "speaker2",
          "personaID": "12717",
          "participantID": "3498",
          "utterance": "안녕하세요 저는 10대 여성입니다",
          "summary": "나는 10대 여성이다",
          "date": "2022-11-12",
          "time": "18:06:30",
          "terminate": "false"
        },
        {
          "speaker": "speaker1",
          "personaID": "25934",
          "participantID": "4356",
          "utterance": "제 거주지는 울산인데 어디 거주하세요?",
          "summary": "나는 울산에 거주한다",
          "date": "2022-11-12",
          "time": "18:40:32",
          "terminate": "false"
        },
        {
          "speaker": "speaker2",
          "personaID": "12717",
          "participantID": "3498",
          "utterance": "저는 인천에 살고 있어요. 제 생일은 3월입니다",
          "summary": "나는 인천 살고 생일이 3월이다",
          "date": "2022-11-12",
          "time": "18:41:07",
          "terminate": "false"
        },
        {
          "speaker": "speaker1",
          "personaID": "25934",
          "participantID": "4356",
          "utterance": "그러시군요 저는 심리학이 부전공인데 고등학생이신가요?",
          "summary": "나는 심리학이 부전공이다",
          "date": "2022-11-12",
          "time": "18:42:01",
          "terminate": "false"
        },
        {
          "speaker": "speaker2",
          "personaID": "12717",
          "participantID": "3498",
          "utterance": "네. 저는 아침 일찍 일어나는 게 괴롭습니다. 아침 알람에 깨지 못해요",
          "summary": "나는 아침 일찍 일어나는 게 괴롭다",
          "date": "2022-11-12",
          "time": "18:43:11",
          "terminate": "false"
        },
        {
          "speaker": "speaker1",
          "personaID": "25934",
          "participantID": "4356",
          "utterance": "저도 그렇긴해요 요즘, 가끔 걱정스러워서 그런것 같아요 취미생활있으세요?",
          "summary": "나는 가끔 걱정스럽다",
          "date": "2022-11-12",
          "time": "18:44:49",
          "terminate": "false"
        },
        {
          "speaker": "speaker2",
          "personaID": "12717",
          "participantID": "3498",
          "utterance": "특별한 취미는 아직 찾지 못했어요. 다양한 활동을 하며 좋아하는 것을 찾으려 합니다",
          "summary": "나는 특별한 취미는 찾지 못했다",
          "date": "2022-11-12",
          "time": "18:46:15",
          "terminate": "false"
        },
        {
          "speaker": "speaker1",
          "personaID": "25934",
          "participantID": "4356",
          "utterance": "저는 재즈 음악을 싫어해요 음악은 자주 들으세요?",
          "summary": "나는 재즈 음악을 싫어한다",
          "date": "2022-11-12",
          "time": "18:47:19",
          "terminate": "false"
        },
        {
          "speaker": "speaker2",
          "personaID": "12717",
          "participantID": "3498",
          "utterance": "음악은 항상 들어요. 저는 사과를 싫어 합니다. 싫어한 과일이 있나요?",
          "summary": "나는 사과를 싫어한다",
          "date": "2022-11-12",
          "time": "18:48:42",
          "terminate": "false"
        },
        {
          "speaker": "speaker1",
          "personaID": "25934",
          "participantID": "4356",
          "utterance": "저는 바나나랑 감은 싫어해요 ",
          "summary": "나는 바나나랑 감을 싫어한다",
          "date": "2022-11-12",
          "time": "18:50:21",
          "terminate": "false"
        },
        {
          "speaker": "speaker2",
          "personaID": "12717",
          "participantID": "3498",
          "utterance": "저는 사람을 깊이 사귀지 못해서 고민입니다",
          "summary": "나는 사람을 깊이 사귀지 못해 고민이다",
          "date": "2022-11-12",
          "time": "19:18:07",
          "terminate": "false"
        },
        {
          "speaker": "speaker1",
          "personaID": "25934",
          "participantID": "4356",
          "utterance": "고민되시겠네요 저는 아메리카노를 자주 마시는데 지금 한잔 타야겠네요",
          "summary": "나는 아메리카노를 자주 마신다",
          "date": "2022-11-12",
          "time": "19:19:31",
          "terminate": "false"
        },
        {
          "speaker": "speaker2",
          "personaID": "12717",
          "participantID": "3498",
          "utterance": "차 한잔 마시고 오세요. 다음에 또 대화나눠요",
          "summary": "",
          "date": "2022-11-12",
          "time": "19:21:34",
          "terminate": "true"
        }
      ],
      "sessionPersonaSummary": {
        "speaker1": [
          "나는 20대 여성이다",
          "나는 울산에 거주한다",
          "나는 심리학이 부전공이다",
          "나는 가끔 걱정스럽다",
          "나는 재즈 음악을 싫어한다",
          "나는 바나나랑 감을 싫어한다",
          "나는 아메리카노를 자주 마신다"
        ],
        "speaker2": [
          "나는 10대 여성이다",
          "나는 인천 살고 생일이 3월이다",
          "나는 아침 일찍 일어나는 게 괴롭다",
          "나는 특별한 취미는 찾지 못했다",
          "나는 사과를 싫어한다",
          "나는 사람을 깊이 사귀지 못해 고민이다"
        ]
      },
      "prevAggregatedpersonaSummary": {
        "speaker1": [],
        "speaker2": []
      }
    },
    {
      "prevSessionID": "4-00377-1",
      "prevTimeInfo": {
        "timeNum": "48",
        "timeUnit": "시간"
      },
      "nthSession": "2",
      "numberOfUtterances": "14",
      "numberOfTurns": "7",
      "sessionID": "4-00377-2",
      "dialog": [
        {
          "speaker": "speaker1",
          "personaID": "25934",
          "participantID": "4356",
          "utterance": "저 아메리카노 마시러가고 이틀만이네요 별일없으셨어요?",
          "summary": "",
          "date": "2022-11-12",
          "time": "19:34:11",
          "terminate": "false"
        },
        {
          "speaker": "speaker2",
          "personaID": "12717",
          "participantID": "3498",
          "utterance": "길에 단풍이 너무 예쁘게 물들었어요. 볼수록 예쁘네요",
          "summary": "",
          "date": "2022-11-12",
          "time": "19:34:52",
          "terminate": "false"
        },
        {
          "speaker": "speaker1",
          "personaID": "25934",
          "participantID": "4356",
          "utterance": "오늘 비가와서 단풍잎들이 많이 떨어져서 아쉽더라구요",
          "summary": "나는 비가 와서 단풍잎들이 많이 떨어져 아쉽다",
          "date": "2022-11-12",
          "time": "19:35:42",
          "terminate": "false"
        },
        {
          "speaker": "speaker2",
          "personaID": "12717",
          "participantID": "3498",
          "utterance": "은행잎 노란것도 너무 예쁘죠. 비 대문에 후두둑 떨어지고 잇어요",
          "summary": "",
          "date": "2022-11-12",
          "time": "19:36:28",
          "terminate": "false"
        },
        {
          "speaker": "speaker1",
          "personaID": "25934",
          "participantID": "4356",
          "utterance": "저도 저번주에 캠핑갔었는데 남은 단풍들이 정말 예쁘더라구요",
          "summary": "나는 저번 주 캠핑 갔는데 단풍이 정말 예뻤다",
          "date": "2022-11-12",
          "time": "19:37:12",
          "terminate": "false"
        },
        {
          "speaker": "speaker2",
          "personaID": "12717",
          "participantID": "3498",
          "utterance": "가을이 조금만 길었으면 좋겠어요. 너무 짧아요",
          "summary": "나는 가을이 조금만 길었으면 좋겠다",
          "date": "2022-11-12",
          "time": "19:38:16",
          "terminate": "false"
        },
        {
          "speaker": "speaker1",
          "personaID": "25934",
          "participantID": "4356",
          "utterance": "맞아요 근데 저 사는 아파트단지에서는 경비아저씨들이 낙엽쓰시느라 힘들어보이시더라구요",
          "summary": "나는 아파트 경비 아저씨들이 낙엽 쓰느라 힘들어 보이신다",
          "date": "2022-11-12",
          "time": "19:40:02",
          "terminate": "false"
        },
        {
          "speaker": "speaker2",
          "personaID": "12717",
          "participantID": "3498",
          "utterance": "단풍이 들고 낙엽이 지면 낭만적이긴 한데 힘드신 분들이 많죠",
          "summary": "나는 단풍이 들고 낙엽이 지면 낭만적이다",
          "date": "2022-11-12",
          "time": "19:40:44",
          "terminate": "false"
        },
        {
          "speaker": "speaker1",
          "personaID": "25934",
          "participantID": "4356",
          "utterance": "맞아요 매일 몇봉지씩 낙엽봉투가 나오더라구요 예쁜것 뒤에는 숨은 노고가 있네요",
          "summary": "나는 예쁜 것 뒤에 노고 있다고 생각한다",
          "date": "2022-11-12",
          "time": "19:42:43",
          "terminate": "false"
        },
        {
          "speaker": "speaker2",
          "personaID": "12717",
          "participantID": "3498",
          "utterance": "은행잎이 완전 노란색으로 물드니 바닥도 노라니 감탄사가 절로 나와요",
          "summary": "나는 은행잎이 완전 노란색으로 물드니 감탄사가 절로 나온다",
          "date": "2022-11-12",
          "time": "20:37:48",
          "terminate": "false"
        },
        {
          "speaker": "speaker1",
          "personaID": "25934",
          "participantID": "4356",
          "utterance": "은행잎은 참 예쁜데 은행알은 냄새가 너무심해요",
          "summary": "나는 은행잎은 참 이쁜데 은행알 냄새가 심하다",
          "date": "2022-11-12",
          "time": "21:08:00",
          "terminate": "false"
        },
        {
          "speaker": "speaker2",
          "personaID": "12717",
          "participantID": "3498",
          "utterance": "그,렇죠. 냄새나는 은행알 안에 영양가득한 은행열매가 있잖아요",
          "summary": "",
          "date": "2022-11-12",
          "time": "21:11:29",
          "terminate": "false"
        },
        {
          "speaker": "speaker1",
          "personaID": "25934",
          "participantID": "4356",
          "utterance": "참 맛있는데 냄새는 독하죠 벌써 시간이 이렇게 지났네요",
          "summary": "나는 은행이 맛있는데 냄새는 독하다",
          "date": "2022-11-12",
          "time": "21:12:39",
          "terminate": "false"
        },
        {
          "speaker": "speaker2",
          "personaID": "12717",
          "participantID": "3498",
          "utterance": "저도 잠이 쏟아집니다. 다음에 대화나눠요",
          "summary": "나는 잠이 쏟아진다",
          "date": "2022-11-12",
          "time": "21:14:43",
          "terminate": "true"
        }
      ],
      "sessionPersonaSummary": {
        "speaker1": [
          "나는 비가 와서 단풍잎들이 많이 떨어져 아쉽다",
          "나는 저번 주 캠핑 갔는데 단풍이 정말 예뻤다",
          "나는 아파트 경비 아저씨들이 낙엽 쓰느라 힘들어 보이신다",
          "나는 예쁜 것 뒤에 노고 있다고 생각한다",
          "나는 은행잎은 참 이쁜데 은행알 냄새가 심하다",
          "나는 은행이 맛있는데 냄새는 독하다"
        ],
        "speaker2": [
          "나는 가을이 조금만 길었으면 좋겠다",
          "나는 단풍이 들고 낙엽이 지면 낭만적이다",
          "나는 은행잎이 완전 노란색으로 물드니 감탄사가 절로 나온다",
          "나는 잠이 쏟아진다"
        ]
      },
      "prevAggregatedpersonaSummary": {
        "speaker1": [
          "나는 20대 여성이다",
          "나는 울산에 거주한다",
          "나는 심리학이 부전공이다",
          "나는 가끔 걱정스럽다",
          "나는 재즈 음악을 싫어한다",
          "나는 바나나랑 감을 싫어한다",
          "나는 아메리카노를 자주 마신다"
        ],
        "speaker2": [
          "나는 10대 여성이다",
          "나는 인천 살고 생일이 3월이다",
          "나는 아침 일찍 일어나는 게 괴롭다",
          "나는 특별한 취미는 찾지 못했다",
          "나는 사과를 싫어한다",
          "나는 사람을 깊이 사귀지 못해 고민이다"
        ]
      }
    },
    {
      "prevSessionID": "4-00377-2",
      "prevTimeInfo": {
        "timeNum": "26",
        "timeUnit": "시간"
      },
      "nthSession": "3",
      "numberOfUtterances": "14",
      "numberOfTurns": "7",
      "sessionID": "4-00377-3",
      "dialog": [
        {
          "speaker": "speaker1",
          "personaID": "25934",
          "participantID": "4356",
          "utterance": "하루하고 두시간이 지났네요 어제는 잘 주무셨나요?",
          "summary": "",
          "date": "2022-11-12",
          "time": "21:18:37",
          "terminate": "false"
        },
        {
          "speaker": "speaker2",
          "personaID": "12717",
          "participantID": "3498",
          "utterance": "잘 잤어요. 비가 오는데 단풍이 다 떨어질 것 같아요",
          "summary": "나는 잘 잤다",
          "date": "2022-11-12",
          "time": "21:25:31",
          "terminate": "false"
        },
        {
          "speaker": "speaker1",
          "personaID": "25934",
          "participantID": "4356",
          "utterance": "그러네요 이번 가을에 단풍구경하러 산같은데 가보셨나요?",
          "summary": "나는 단풍 구경하러 산 갔는지 물었다",
          "date": "2022-11-12",
          "time": "21:26:41",
          "terminate": "false"
        },
        {
          "speaker": "speaker2",
          "personaID": "12717",
          "participantID": "3498",
          "utterance": "지난주에 북한산을 친구와 다녀왔어요",
          "summary": "나는 지난주 친구와 북한산에 다녀왔다",
          "date": "2022-11-12",
          "time": "21:27:46",
          "terminate": "false"
        },
        {
          "speaker": "speaker1",
          "personaID": "25934",
          "participantID": "4356",
          "utterance": "저는 캠핑장에서만 봤는데 산에 못가서 살짝 아쉽네요",
          "summary": "나는 캠핑장만 가 봤다",
          "date": "2022-11-12",
          "time": "21:29:00",
          "terminate": "false"
        },
        {
          "speaker": "speaker2",
          "personaID": "12717",
          "participantID": "3498",
          "utterance": "산 아래는 단풍이 있는데 올라 갈 수록 다 떨어지고 없어요",
          "summary": "",
          "date": "2022-11-12",
          "time": "21:31:00",
          "terminate": "false"
        },
        {
          "speaker": "speaker1",
          "personaID": "25934",
          "participantID": "4356",
          "utterance": "이미 강원도 쪽은 눈까지 내렸다고 하더라구요 그나마 은행잎이 마지막 단풍같아요",
          "summary": "나는 강원도에 눈이 내렸다고 하는데 은행잎이 마지막 단풍 같다",
          "date": "2022-11-12",
          "time": "21:32:11",
          "terminate": "false"
        },
        {
          "speaker": "speaker2",
          "personaID": "12717",
          "participantID": "3498",
          "utterance": "기온이 많이 내려가나봐요. 벌써 눈 소식이 들리나요?",
          "summary": "",
          "date": "2022-11-12",
          "time": "21:33:13",
          "terminate": "false"
        },
        {
          "speaker": "speaker1",
          "personaID": "25934",
          "participantID": "4356",
          "utterance": "그렇다네요 전에 낙엽쌓인곳 잘못밟아서 다친적도 있어서 조심하게되네요",
          "summary": "나는 낙엽 쌓인 곳 잘못 밟아서 다친 적이 있다",
          "date": "2022-11-12",
          "time": "21:37:06",
          "terminate": "false"
        },
        {
          "speaker": "speaker2",
          "personaID": "12717",
          "participantID": "3498",
          "utterance": "낙엽때문에 바닥이 잘 안 보여서 그렇군요. 잘 보고 다녀야겠어요",
          "summary": "나는 낙엽 때문에 바닥을 잘 보고 다녀야겠다",
          "date": "2022-11-12",
          "time": "21:40:16",
          "terminate": "false"
        },
        {
          "speaker": "speaker1",
          "personaID": "25934",
          "participantID": "4356",
          "utterance": "네 골목길에 쌓인 낙엽은 바닥에 뭐가있는지 모르니 더 조심해야겠더라구요",
          "summary": "나는 낙엽 쌓인 곳은 조심해야 한다",
          "date": "2022-11-12",
          "time": "21:41:30",
          "terminate": "false"
        },
        {
          "speaker": "speaker2",
          "personaID": "12717",
          "participantID": "3498",
          "utterance": "산에서 낙엽이 미끄러워 넘어지는 사고가 많아요",
          "summary": "",
          "date": "2022-11-12",
          "time": "21:42:23",
          "terminate": "false"
        },
        {
          "speaker": "speaker1",
          "personaID": "25934",
          "participantID": "4356",
          "utterance": " 산도 그렇겠네요 보는것도 좋지만 조심도 해야하네요 시간이 늦었네요",
          "summary": "나는 산도 낙엽을 조심해야 한다고 생각한다",
          "date": "2022-11-12",
          "time": "21:43:33",
          "terminate": "false"
        },
        {
          "speaker": "speaker2",
          "personaID": "12717",
          "participantID": "3498",
          "utterance": "안전이 우선이죠. 편히 주무세요. 다음에 도 봐요",
          "summary": "",
          "date": "2022-11-12",
          "time": "21:46:57",
          "terminate": "true"
        }
      ],
      "sessionPersonaSummary": {
        "speaker1": [
          "나는 단풍 구경하러 산 갔는지 물었다",
          "나는 캠핑장만 가 봤다",
          "나는 강원도에 눈이 내렸다고 하는데 은행잎이 마지막 단풍 같다",
          "나는 낙엽 쌓인 곳 잘못 밟아서 다친 적이 있다",
          "나는 낙엽 쌓인 곳은 조심해야 한다",
          "나는 산도 낙엽을 조심해야 한다고 생각한다"
        ],
        "speaker2": [
          "나는 잘 잤다",
          "나는 지난주 친구와 북한산에 다녀왔다",
          "나는 낙엽 때문에 바닥을 잘 보고 다녀야겠다"
        ]
      },
      "prevAggregatedpersonaSummary": {
        "speaker1": [
          "나는 20대 여성이다",
          "나는 울산에 거주한다",
          "나는 심리학이 부전공이다",
          "나는 가끔 걱정스럽다",
          "나는 재즈 음악을 싫어한다",
          "나는 바나나랑 감을 싫어한다",
          "나는 아메리카노를 자주 마신다",
          "나는 비가 와서 단풍잎들이 많이 떨어져 아쉽다",
          "나는 저번 주 캠핑 갔는데 단풍이 정말 예뻤다",
          "나는 아파트 경비 아저씨들이 낙엽 쓰느라 힘들어 보이신다",
          "나는 예쁜 것 뒤에 노고 있다고 생각한다",
          "나는 은행잎은 참 이쁜데 은행알 냄새가 심하다",
          "나는 은행이 맛있는데 냄새는 독하다"
        ],
        "speaker2": [
          "나는 10대 여성이다",
          "나는 인천 살고 생일이 3월이다",
          "나는 아침 일찍 일어나는 게 괴롭다",
          "나는 특별한 취미는 찾지 못했다",
          "나는 사과를 싫어한다",
          "나는 사람을 깊이 사귀지 못해 고민이다",
          "나는 가을이 조금만 길었으면 좋겠다",
          "나는 단풍이 들고 낙엽이 지면 낭만적이다",
          "나는 은행잎이 완전 노란색으로 물드니 감탄사가 절로 나온다",
          "나는 잠이 쏟아진다"
        ]
      }
    },
    {
      "prevSessionID": "4-00377-3",
      "prevTimeInfo": {
        "timeNum": "1",
        "timeUnit": "일"
      },
      "nthSession": "4",
      "numberOfUtterances": "14",
      "numberOfTurns": "7",
      "sessionID": "4-00377-4",
      "dialog": [
        {
          "speaker": "speaker1",
          "personaID": "25934",
          "participantID": "4356",
          "utterance": "하루만이네요 오늘 오전엔 단풍잎 몇개주워서 책에 꼈어요",
          "summary": "나는 단풍잎을 주워 책에 끼웠다",
          "date": "2022-11-12",
          "time": "21:55:53",
          "terminate": "false"
        },
        {
          "speaker": "speaker2",
          "personaID": "12717",
          "participantID": "3498",
          "utterance": "감성이 풍부하시네요. 저도 예전에 그렇게 했었는데 마르니 부서져서 안 한지 좀 되었어요",
          "summary": "",
          "date": "2022-11-12",
          "time": "21:59:04",
          "terminate": "false"
        },
        {
          "speaker": "speaker1",
          "personaID": "25934",
          "participantID": "4356",
          "utterance": "갑자기 생각나서 했지요 노란 은행잎만 남았더라구요 비가와서 다 떨어져버렸더라구요",
          "summary": "나는 단풍잎이 비가 와서 다 떨어져 버렸지만 은행잎만 남은 것을 보았다",
          "date": "2022-11-12",
          "time": "22:01:10",
          "terminate": "false"
        },
        {
          "speaker": "speaker2",
          "personaID": "12717",
          "participantID": "3498",
          "utterance": "다 떨어지기 전에 저도 몇장 주워 놔야겠어요",
          "summary": "",
          "date": "2022-11-12",
          "time": "22:17:48",
          "terminate": "false"
        },
        {
          "speaker": "speaker1",
          "personaID": "25934",
          "participantID": "4356",
          "utterance": "좋죠 다음주부터 추워진다는데 올해 마지막 단풍일듯하네요",
          "summary": "나는 다음 주부터 추워지니 올해 마지막 단풍인 것 같다",
          "date": "2022-11-12",
          "time": "22:23:35",
          "terminate": "false"
        },
        {
          "speaker": "speaker2",
          "personaID": "12717",
          "participantID": "3498",
          "utterance": "지금 단풍이 다 떨어지면 길가 가로수가 가지만 남겠어요",
          "summary": "",
          "date": "2022-11-12",
          "time": "23:11:57",
          "terminate": "false"
        },
        {
          "speaker": "speaker1",
          "personaID": "25934",
          "participantID": "4356",
          "utterance": "휑하긴하죠 가을이 짧으니 단풍보는 시기도 짧아지고 또1년을 기다려야하네요",
          "summary": "나는 가을이 짧아 단풍도 보는 시기가 짧다고 생각한다",
          "date": "2022-11-12",
          "time": "23:13:20",
          "terminate": "false"
        },
        {
          "speaker": "speaker2",
          "personaID": "12717",
          "participantID": "3498",
          "utterance": "가을하면 단풍구경이 최고인데 아쉽네요",
          "summary": "나는 가을 하면 단풍구경이 최고이다",
          "date": "2022-11-12",
          "time": "23:16:08",
          "terminate": "false"
        },
        {
          "speaker": "speaker1",
          "personaID": "25934",
          "participantID": "4356",
          "utterance": " 그쵸 내년에는 단풍놀이로 부모님하고 같이다녀올까 생각중이에요",
          "summary": "나는 내년에 부모님과 단풍놀이를 가려고 한다",
          "date": "2022-11-12",
          "time": "23:16:39",
          "terminate": "false"
        },
        {
          "speaker": "speaker2",
          "personaID": "12717",
          "participantID": "3498",
          "utterance": "가을되면 단풍구경하러 관광차들이 정말 많죠. 단양 가보셨어요?",
          "summary": "",
          "date": "2022-11-12",
          "time": "23:19:42",
          "terminate": "false"
        },
        {
          "speaker": "speaker1",
          "personaID": "25934",
          "participantID": "4356",
          "utterance": "아니요 단양쪽에 단풍 예쁜곳이 있나요?",
          "summary": "나는 단양이 예쁜 곳이 있는지 물었다",
          "date": "2022-11-12",
          "time": "23:20:49",
          "terminate": "false"
        },
        {
          "speaker": "speaker2",
          "personaID": "12717",
          "participantID": "3498",
          "utterance": "뷰모님과 가실거면 단양 추천 드려요. 길 모든 곳이 단풍 너무 예쁘고 모든 곳이 너무 아름다워요. ",
          "summary": "나는 단양에 단풍이 너무 아름답다",
          "date": "2022-11-12",
          "time": "23:22:48",
          "terminate": "false"
        },
        {
          "speaker": "speaker1",
          "personaID": "25934",
          "participantID": "4356",
          "utterance": "설악산만 생각했는데 찾아봐야겠네요 시간이 많이늦었네요",
          "summary": "나는 단풍은 설악산만 생각했다",
          "date": "2022-11-12",
          "time": "23:25:09",
          "terminate": "false"
        },
        {
          "speaker": "speaker2",
          "personaID": "12717",
          "participantID": "3498",
          "utterance": "푹 주무시고 다음에 또 봐요. 행복하세요",
          "summary": "",
          "date": "2022-11-12",
          "time": "23:25:34",
          "terminate": "true"
        }
      ],
      "sessionPersonaSummary": {
        "speaker1": [
          "나는 단풍잎을 주워 책에 끼웠다",
          "나는 단풍잎이 비가 와서 다 떨어져 버렸지만 은행잎만 남은 것을 보았다",
          "나는 다음 주부터 추워지니 올해 마지막 단풍인 것 같다",
          "나는 가을이 짧아 단풍도 보는 시기가 짧다고 생각한다",
          "나는 내년에 부모님과 단풍놀이를 가려고 한다",
          "나는 단양이 예쁜 곳이 있는지 물었다",
          "나는 단풍은 설악산만 생각했다"
        ],
        "speaker2": [
          "나는 가을 하면 단풍구경이 최고이다",
          "나는 단양에 단풍이 너무 아름답다"
        ]
      },
      "prevAggregatedpersonaSummary": {
        "speaker1": [
          "나는 20대 여성이다",
          "나는 울산에 거주한다",
          "나는 심리학이 부전공이다",
          "나는 가끔 걱정스럽다",
          "나는 재즈 음악을 싫어한다",
          "나는 바나나랑 감을 싫어한다",
          "나는 아메리카노를 자주 마신다",
          "나는 비가 와서 단풍잎들이 많이 떨어져 아쉽다",
          "나는 저번 주 캠핑 갔는데 단풍이 정말 예뻤다",
          "나는 아파트 경비 아저씨들이 낙엽 쓰느라 힘들어 보이신다",
          "나는 예쁜 것 뒤에 노고 있다고 생각한다",
          "나는 은행잎은 참 이쁜데 은행알 냄새가 심하다",
          "나는 은행이 맛있는데 냄새는 독하다",
          "나는 단풍 구경하러 산 갔는지 물었다",
          "나는 캠핑장만 가 봤다",
          "나는 강원도에 눈이 내렸다고 하는데 은행잎이 마지막 단풍 같다",
          "나는 낙엽 쌓인 곳 잘못 밟아서 다친 적이 있다",
          "나는 낙엽 쌓인 곳은 조심해야 한다",
          "나는 산도 낙엽을 조심해야 한다고 생각한다"
        ],
        "speaker2": [
          "나는 10대 여성이다",
          "나는 인천 살고 생일이 3월이다",
          "나는 아침 일찍 일어나는 게 괴롭다",
          "나는 특별한 취미는 찾지 못했다",
          "나는 사과를 싫어한다",
          "나는 사람을 깊이 사귀지 못해 고민이다",
          "나는 가을이 조금만 길었으면 좋겠다",
          "나는 단풍이 들고 낙엽이 지면 낭만적이다",
          "나는 은행잎이 완전 노란색으로 물드니 감탄사가 절로 나온다",
          "나는 잠이 쏟아진다",
          "나는 잘 잤다",
          "나는 지난주 친구와 북한산에 다녀왔다",
          "나는 낙엽 때문에 바닥을 잘 보고 다녀야겠다"
        ]
      }
    }
  ]
}