{
  "FileInfo": {
    "filename": "K4-00103-CL97348-CP97974-12-07-S4.json",
    "sessionLevel": "4"
  },
  "participantsInfo": {
    "numberOfParticipants": "2",
    "speaker1": {
      "participantID": "20303",
      "gender": "여성",
      "age": "60대 이상",
      "occupation": "주부",
      "bPlace": "부산/대구/울산/경상",
      "gPlace": "부산/대구/울산/경상",
      "rPlace": "부산/대구/울산/경상",
      "educationLevel": "대졸"
    },
    "speaker2": {
      "participantID": "20427",
      "gender": "여성",
      "age": "60대 이상",
      "occupation": "자영업",
      "bPlace": "서울/경기/인천",
      "gPlace": "서울/경기/인천",
      "rPlace": "서울/경기/인천",
      "educationLevel": "대졸"
    }
  },
  "multisessionInfo": {
    "multisessionID": "4-00103"
  },
  "personaInfo": {
    "clInfo": {
      "personaID": "97348",
      "personaFeatures": [
        "나는 여자이다.",
        "나는 60대 이상이다.",
        "나는 겨울을 싫어한다.",
        "나의 생일은 2월이다.",
        "나는 K-POP 음악을 자주 듣는다.",
        "나는 아침에 스트레칭을 한다."
      ],
      "speakerType": "speaker1"
    },
    "cpInfo": {
      "personaID": "97974",
      "personaFeatures": [
        "나는 여자이다.",
        "나는 60대 이상이다.",
        "나는 점심에 SNS에 사진을 올린다.",
        "나는 주말에 캠핑을 간다.",
        "나는 실내에서 복싱하는 것을 좋아한다.",
        "나는 고슴도치 한 마리를 키운다.",
        "나는 혈액형이 O형이다."
      ],
      "speakerType": "speaker2"
    }
  },
  "topicInfo": {
    "topicID": "12-07",
    "topicType": "여가와 오락>여행",
    "topicTitle": "가족여행"
  },
  "sessionInfo": [
    {
      "prevSessionID": null,
      "prevTimeInfo": {
        "timeNum": null,
        "timeUnit": null
      },
      "nthSession": "1",
      "numberOfUtterances": "14",
      "numberOfTurns": "7",
      "sessionID": "4-00103-1",
      "dialog": [
        {
          "speaker": "speaker1",
          "personaID": "97348",
          "participantID": "20303",
          "utterance": "안녕하세요. 저는 60대 여자입니다. 소개부탁드릴게용!",
          "summary": "나는 60대 여자이다.",
          "date": "2022-11-28",
          "time": "13:46:17",
          "terminate": "false"
        },
        {
          "speaker": "speaker2",
          "personaID": "97974",
          "participantID": "20427",
          "utterance": "안녕하세요? 저는 60대 여자입니다. 반가워요.",
          "summary": "나는 60대 여자이다.",
          "date": "2022-11-28",
          "time": "13:46:20",
          "terminate": "false"
        },
        {
          "speaker": "speaker1",
          "personaID": "97348",
          "participantID": "20303",
          "utterance": "저는 K-POP음악을 자주 들어요. 음악 듣는거 좋아하세요?",
          "summary": "나는 K-POP 음악을 자주 듣는다.",
          "date": "2022-11-28",
          "time": "13:46:52",
          "terminate": "false"
        },
        {
          "speaker": "speaker2",
          "personaID": "97974",
          "participantID": "20427",
          "utterance": "저도 k-pop음악을 들으면서 실내에서 복싱하는 것을 좋아해요.",
          "summary": "나는 실내에서 복싱하는 것을 좋아한다.",
          "date": "2022-11-28",
          "time": "13:47:01",
          "terminate": "false"
        },
        {
          "speaker": "speaker1",
          "personaID": "97348",
          "participantID": "20303",
          "utterance": "우리나이에 복싱하는게 힘들텐데, 괜찮으신가요?",
          "summary": "",
          "date": "2022-11-28",
          "time": "13:47:39",
          "terminate": "false"
        },
        {
          "speaker": "speaker2",
          "personaID": "97974",
          "participantID": "20427",
          "utterance": "제가 살이 많이 쪄서 복싱이 다이어트에 최고래요. 그래서 시작하게 되었네요~ㅎㅎ.",
          "summary": "나는 살이 많이 쪘다.",
          "date": "2022-11-28",
          "time": "13:48:11",
          "terminate": "false"
        },
        {
          "speaker": "speaker1",
          "personaID": "97348",
          "participantID": "20303",
          "utterance": "그러시군요. 일과가 어떻게 되시나요? 운동만 하진 않으실것같아서요~",
          "summary": "",
          "date": "2022-11-28",
          "time": "13:48:42",
          "terminate": "false"
        },
        {
          "speaker": "speaker2",
          "personaID": "97974",
          "participantID": "20427",
          "utterance": "오전에 운동을 하고 점심식사를 해요. 제가 먹는 점심식사를 sns에 올려요.",
          "summary": "나는 점심에 SNS에 사진을 올린다.",
          "date": "2022-11-28",
          "time": "13:49:19",
          "terminate": "false"
        },
        {
          "speaker": "speaker1",
          "personaID": "97348",
          "participantID": "20303",
          "utterance": "그러시구나. 식사를 왜 SNS에 올리는지 여쭤봐도 될까요?",
          "summary": "",
          "date": "2022-11-28",
          "time": "13:49:31",
          "terminate": "false"
        },
        {
          "speaker": "speaker2",
          "personaID": "97974",
          "participantID": "20427",
          "utterance": "제가 식단관리를 sns에 사진을 올려서 식단관리를 해요.",
          "summary": "나는 식단관리를 한다.",
          "date": "2022-11-28",
          "time": "13:50:25",
          "terminate": "false"
        },
        {
          "speaker": "speaker1",
          "personaID": "97348",
          "participantID": "20303",
          "utterance": "식단관리도 철저히 하시는군요.그렇게 다이어트만 하시면 취미생활도 못즐기시겠어요.",
          "summary": "",
          "date": "2022-11-28",
          "time": "13:50:40",
          "terminate": "false"
        },
        {
          "speaker": "speaker2",
          "personaID": "97974",
          "participantID": "20427",
          "utterance": "취미생활은 주로 주말을 이용해서 캠핑을 가요. 캠핑가보신적 있으세요?",
          "summary": "나는 주말에 캠핑을 간다.",
          "date": "2022-11-28",
          "time": "13:50:53",
          "terminate": "false"
        },
        {
          "speaker": "speaker1",
          "personaID": "97348",
          "participantID": "20303",
          "utterance": "저는 캠핑은 안가봤어요. @이름1@ 싫어해서 별로더라구요. 오늘은 시간이 늦었으니 이만 대화하고, 또 연락 해요!",
          "summary": "나는 @이름1@ 싫어한다.",
          "date": "2022-11-28",
          "time": "13:51:24",
          "terminate": "false"
        },
        {
          "speaker": "speaker2",
          "personaID": "97974",
          "participantID": "20427",
          "utterance": "저도 이만 마트를 가야해서 다음에 대화해요~",
          "summary": "",
          "date": "2022-11-28",
          "time": "13:51:36",
          "terminate": "true"
        }
      ],
      "sessionPersonaSummary": {
        "speaker1": [
          "나는 60대 여자이다.",
          "나는 K-POP 음악을 자주 듣는다.",
          "나는 @이름1@ 싫어한다."
        ],
        "speaker2": [
          "나는 60대 여자이다.",
          "나는 실내에서 복싱하는 것을 좋아한다.",
          "나는 살이 많이 쪘다.",
          "나는 점심에 SNS에 사진을 올린다.",
          "나는 식단관리를 한다.",
          "나는 주말에 캠핑을 간다."
        ]
      },
      "prevAggregatedpersonaSummary": {
        "speaker1": [],
        "speaker2": []
      }
    },
    {
      "prevSessionID": "4-00103-1",
      "prevTimeInfo": {
        "timeNum": "2",
        "timeUnit": "주"
      },
      "nthSession": "2",
      "numberOfUtterances": "14",
      "numberOfTurns": "7",
      "sessionID": "4-00103-2",
      "dialog": [
        {
          "speaker": "speaker1",
          "personaID": "97348",
          "participantID": "20303",
          "utterance": "2주가 지났네요. 지난번에 주말에 캠핑을 간다고 하셨는데, 누구랑 캠핑을 가시나요?",
          "summary": "",
          "date": "2022-11-28",
          "time": "13:52:03",
          "terminate": "false"
        },
        {
          "speaker": "speaker2",
          "personaID": "97974",
          "participantID": "20427",
          "utterance": "저는 가족들과 여행을 좋아하다보니 가족과 함께 캠핑을 가요.",
          "summary": "나는 가족과 캠핑을 간다.",
          "date": "2022-11-28",
          "time": "13:52:15",
          "terminate": "false"
        },
        {
          "speaker": "speaker1",
          "personaID": "97348",
          "participantID": "20303",
          "utterance": "그럼 주말마다 가족과 가족여행을 가시는건가요?",
          "summary": "",
          "date": "2022-11-28",
          "time": "13:52:18",
          "terminate": "false"
        },
        {
          "speaker": "speaker2",
          "personaID": "97974",
          "participantID": "20427",
          "utterance": "저는 자녀들이 둘이 있는데 아직 결혼을 안해서 가족여행을 자주 가요.",
          "summary": "나는 자녀가 두 명이 있다.",
          "date": "2022-11-28",
          "time": "13:53:20",
          "terminate": "false"
        },
        {
          "speaker": "speaker1",
          "personaID": "97348",
          "participantID": "20303",
          "utterance": "그러시구나. 다이어트를 식단관리하면서 열심히 하시는데 캠핑가서는 식단을 어떻게 하시나요?",
          "summary": "",
          "date": "2022-11-28",
          "time": "13:53:55",
          "terminate": "false"
        },
        {
          "speaker": "speaker2",
          "personaID": "97974",
          "participantID": "20427",
          "utterance": "캠핑가서도 sns에 올려요. 주로 탄수화물을 자제하고 식사를 해요.",
          "summary": "",
          "date": "2022-11-28",
          "time": "13:54:11",
          "terminate": "false"
        },
        {
          "speaker": "speaker1",
          "personaID": "97348",
          "participantID": "20303",
          "utterance": "그러시군요. 저는 가족여행은 여름휴가때만 가요.",
          "summary": "나는 가족여행을 여름휴가 때만 간다.",
          "date": "2022-11-28",
          "time": "13:54:29",
          "terminate": "false"
        },
        {
          "speaker": "speaker2",
          "personaID": "97974",
          "participantID": "20427",
          "utterance": "그럼 일년에 한번정도 가족여행을 가시겠네요?",
          "summary": "",
          "date": "2022-11-28",
          "time": "13:54:36",
          "terminate": "false"
        },
        {
          "speaker": "speaker1",
          "personaID": "97348",
          "participantID": "20303",
          "utterance": "맞아요. 제가 겨울을 싫어하는데, 다른 가족들은 겨울 스포츠도 즐기거든요. 그러다보니 여름휴가만 가요.",
          "summary": "나는 겨울을 싫어한다.",
          "date": "2022-11-28",
          "time": "13:57:48",
          "terminate": "false"
        },
        {
          "speaker": "speaker2",
          "personaID": "97974",
          "participantID": "20427",
          "utterance": "그렇군요. 저는 혈액형이 o형인데 혈액형이 어떻게 되세요?",
          "summary": "나는 혈액형이 O형이다.",
          "date": "2022-11-28",
          "time": "13:58:02",
          "terminate": "false"
        },
        {
          "speaker": "speaker1",
          "personaID": "97348",
          "participantID": "20303",
          "utterance": "와, 저랑 같네요!저도 혈액형이 O형이에요. 생일은 언제이세요? 저는 2월이에요.",
          "summary": "나는 혈액형이 O형이다. 나의 생일은 2월이다.",
          "date": "2022-11-28",
          "time": "13:58:34",
          "terminate": "false"
        },
        {
          "speaker": "speaker2",
          "personaID": "97974",
          "participantID": "20427",
          "utterance": "저는 생일이 5월이에요. 그래서 5월에는 가족이 함께 캠핑을 가서 생일파티를 해요.",
          "summary": "나는 생일이 5월이다.",
          "date": "2022-11-28",
          "time": "13:58:58",
          "terminate": "false"
        },
        {
          "speaker": "speaker1",
          "personaID": "97348",
          "participantID": "20303",
          "utterance": "역시 캠핑과 가족여행을 즐기시니 파티도 캠핑장에서 보내시는군요.ㅎㅎ.",
          "summary": "",
          "date": "2022-11-28",
          "time": "13:59:08",
          "terminate": "false"
        },
        {
          "speaker": "speaker2",
          "personaID": "97974",
          "participantID": "20427",
          "utterance": "즐거운 여행이야기하니 시간이 빨리갔네요. 다음에 또 대화해요.",
          "summary": "",
          "date": "2022-11-28",
          "time": "13:59:16",
          "terminate": "true"
        }
      ],
      "sessionPersonaSummary": {
        "speaker1": [
          "나는 가족여행을 여름휴가 때만 간다.",
          "나는 겨울을 싫어한다.",
          "나는 혈액형이 O형이다. 나의 생일은 2월이다."
        ],
        "speaker2": [
          "나는 가족과 캠핑을 간다.",
          "나는 자녀가 두 명이 있다.",
          "나는 혈액형이 O형이다.",
          "나는 생일이 5월이다."
        ]
      },
      "prevAggregatedpersonaSummary": {
        "speaker1": [
          "나는 60대 여자이다.",
          "나는 K-POP 음악을 자주 듣는다.",
          "나는 @이름1@ 싫어한다."
        ],
        "speaker2": [
          "나는 60대 여자이다.",
          "나는 실내에서 복싱하는 것을 좋아한다.",
          "나는 살이 많이 쪘다.",
          "나는 점심에 SNS에 사진을 올린다.",
          "나는 식단관리를 한다.",
          "나는 주말에 캠핑을 간다."
        ]
      }
    },
    {
      "prevSessionID": "4-00103-2",
      "prevTimeInfo": {
        "timeNum": "7",
        "timeUnit": "주"
      },
      "nthSession": "3",
      "numberOfUtterances": "14",
      "numberOfTurns": "7",
      "sessionID": "4-00103-3",
      "dialog": [
        {
          "speaker": "speaker1",
          "personaID": "97348",
          "participantID": "20303",
          "utterance": "두달 가까이 지났어요. 그동안 잘 지내셨어요?",
          "summary": "",
          "date": "2022-11-28",
          "time": "13:59:29",
          "terminate": "false"
        },
        {
          "speaker": "speaker2",
          "personaID": "97974",
          "participantID": "20427",
          "utterance": "저도 잘 지냈어요. 저는 지난주말에도 캠핑을 다녀왔어요.",
          "summary": "나는 지난 주말에 캠핑을 다녀왔다.",
          "date": "2022-11-28",
          "time": "13:59:45",
          "terminate": "false"
        },
        {
          "speaker": "speaker1",
          "personaID": "97348",
          "participantID": "20303",
          "utterance": "역시 캠핑을 좋아하시네요. 캠핑은 짐이 많아서 힘들지 않으신가요?",
          "summary": "",
          "date": "2022-11-28",
          "time": "14:00:18",
          "terminate": "false"
        },
        {
          "speaker": "speaker2",
          "personaID": "97974",
          "participantID": "20427",
          "utterance": "맞아요. 캠핑은 짐이 많아서 이것저것 챙기는게 일이에요.",
          "summary": "",
          "date": "2022-11-28",
          "time": "14:00:20",
          "terminate": "false"
        },
        {
          "speaker": "speaker1",
          "personaID": "97348",
          "participantID": "20303",
          "utterance": "ㅎㅎ그렇겠어요. 캠핑용품도 많이 구매하셨겠네요?",
          "summary": "",
          "date": "2022-11-28",
          "time": "14:00:37",
          "terminate": "false"
        },
        {
          "speaker": "speaker2",
          "personaID": "97974",
          "participantID": "20427",
          "utterance": "네. 남편이 캠핑용품 욕심이 있다보니 신제품이 나올때마다 구입을해서 골치에요.",
          "summary": "나의 남편 은신 제품마다 구입을 한다.",
          "date": "2022-11-28",
          "time": "14:00:50",
          "terminate": "false"
        },
        {
          "speaker": "speaker1",
          "personaID": "97348",
          "participantID": "20303",
          "utterance": "짐이 점점 많아지시겠어요.ㅎㅎ 캠핑말고는 가족여행을 안가시나요?",
          "summary": "",
          "date": "2022-11-28",
          "time": "14:01:20",
          "terminate": "false"
        },
        {
          "speaker": "speaker2",
          "personaID": "97974",
          "participantID": "20427",
          "utterance": "가족여행은 연말에 남편생일에 다녀올 계획이에요.",
          "summary": "",
          "date": "2022-11-28",
          "time": "14:01:31",
          "terminate": "false"
        },
        {
          "speaker": "speaker1",
          "personaID": "97348",
          "participantID": "20303",
          "utterance": "오. 그러세요? 그럼 어디로 가족여행을 계획하셨나요?",
          "summary": "",
          "date": "2022-11-28",
          "time": "14:01:55",
          "terminate": "false"
        },
        {
          "speaker": "speaker2",
          "personaID": "97974",
          "participantID": "20427",
          "utterance": "여동생이 뉴욕에 살고있어서 크리스마스를 뉴욕에서 보내요.",
          "summary": "",
          "date": "2022-11-28",
          "time": "14:02:03",
          "terminate": "false"
        },
        {
          "speaker": "speaker1",
          "personaID": "97348",
          "participantID": "20303",
          "utterance": "뉴욕에서 크리스마스라니 정말 부럽네요.ㅎㅎ 제가 겨울은 싫어해도 크리스마스는 좋아하거든요.",
          "summary": "나는 크리스마스를 좋아한다.",
          "date": "2022-11-28",
          "time": "14:02:19",
          "terminate": "false"
        },
        {
          "speaker": "speaker2",
          "personaID": "97974",
          "participantID": "20427",
          "utterance": "크리스마스에는 항상 행복한 생각이 들죠? 가족여행으로 함께 너무 즐겁겠죠?",
          "summary": "",
          "date": "2022-11-28",
          "time": "14:02:34",
          "terminate": "false"
        },
        {
          "speaker": "speaker1",
          "personaID": "97348",
          "participantID": "20303",
          "utterance": "그러게요. 너무 부럽네요.ㅎㅎ 저는 이번 크리스마스도 자주 듣는 K-POP음악을 들으며 보내야겠어요.",
          "summary": "",
          "date": "2022-11-28",
          "time": "14:03:35",
          "terminate": "false"
        },
        {
          "speaker": "speaker2",
          "personaID": "97974",
          "participantID": "20427",
          "utterance": "네에, 좋은 하루보내세요. 다음에 또 대화해요!",
          "summary": "",
          "date": "2022-11-28",
          "time": "14:03:59",
          "terminate": "true"
        }
      ],
      "sessionPersonaSummary": {
        "speaker1": [
          "나는 크리스마스를 좋아한다."
        ],
        "speaker2": [
          "나는 지난 주말에 캠핑을 다녀왔다.",
          "나의 남편 은신 제품마다 구입을 한다."
        ]
      },
      "prevAggregatedpersonaSummary": {
        "speaker1": [
          "나는 60대 여자이다.",
          "나는 K-POP 음악을 자주 듣는다.",
          "나는 @이름1@ 싫어한다.",
          "나는 가족여행을 여름휴가 때만 간다.",
          "나는 겨울을 싫어한다.",
          "나는 혈액형이 O형이다. 나의 생일은 2월이다."
        ],
        "speaker2": [
          "나는 60대 여자이다.",
          "나는 실내에서 복싱하는 것을 좋아한다.",
          "나는 살이 많이 쪘다.",
          "나는 점심에 SNS에 사진을 올린다.",
          "나는 식단관리를 한다.",
          "나는 주말에 캠핑을 간다.",
          "나는 가족과 캠핑을 간다.",
          "나는 자녀가 두 명이 있다.",
          "나는 혈액형이 O형이다.",
          "나는 생일이 5월이다."
        ]
      }
    },
    {
      "prevSessionID": "4-00103-3",
      "prevTimeInfo": {
        "timeNum": "5",
        "timeUnit": "일"
      },
      "nthSession": "4",
      "numberOfUtterances": "14",
      "numberOfTurns": "7",
      "sessionID": "4-00103-4",
      "dialog": [
        {
          "speaker": "speaker1",
          "personaID": "97348",
          "participantID": "20303",
          "utterance": "5일이 지났어요. 이번 주말에도 캠핑 가실 예정인가요?",
          "summary": "",
          "date": "2022-11-28",
          "time": "14:04:35",
          "terminate": "false"
        },
        {
          "speaker": "speaker2",
          "personaID": "97974",
          "participantID": "20427",
          "utterance": "이번주말에는 지인 결혼식이 있어서 캠핑을 못가요.",
          "summary": "나는 지인 결혼식이 있다.",
          "date": "2022-11-28",
          "time": "14:04:47",
          "terminate": "false"
        },
        {
          "speaker": "speaker1",
          "personaID": "97348",
          "participantID": "20303",
          "utterance": "그러시군요.ㅎㅎ 결혼식날에는 다이어트를 포기하셔야겠네요. 뷔페를 먹어야하잖아요~",
          "summary": "",
          "date": "2022-11-28",
          "time": "14:05:32",
          "terminate": "false"
        },
        {
          "speaker": "speaker2",
          "personaID": "97974",
          "participantID": "20427",
          "utterance": "하루정도 치팅데이라고 생각하고 마음편하게 다녀오려구요.",
          "summary": "",
          "date": "2022-11-28",
          "time": "14:05:47",
          "terminate": "false"
        },
        {
          "speaker": "speaker1",
          "personaID": "97348",
          "participantID": "20303",
          "utterance": "그렇군요. 점심에 SNS에 사진을 올린다고 하셨는데, 오늘도 올리셨나요?ㅎㅎ.",
          "summary": "",
          "date": "2022-11-28",
          "time": "14:06:07",
          "terminate": "false"
        },
        {
          "speaker": "speaker2",
          "personaID": "97974",
          "participantID": "20427",
          "utterance": "오늘도 운동을 하고 sns에 사진을 올렸어요. 닭가슴살을 하도 먹었더니 질리네요.",
          "summary": "나는 닭가슴살이 질린다.",
          "date": "2022-11-28",
          "time": "14:06:32",
          "terminate": "false"
        },
        {
          "speaker": "speaker1",
          "personaID": "97348",
          "participantID": "20303",
          "utterance": "뭐든지 꾸준히 하시는게 대단하네요. 저는 다이어트를 오래해본적이 없어요.",
          "summary": "나는 다이어트를 오래 한 적이 없다.",
          "date": "2022-11-28",
          "time": "14:06:36",
          "terminate": "false"
        },
        {
          "speaker": "speaker2",
          "personaID": "97974",
          "participantID": "20427",
          "utterance": "살이 안찌는 체질이신가봐요. 부러워요!!",
          "summary": "",
          "date": "2022-11-28",
          "time": "14:06:49",
          "terminate": "false"
        },
        {
          "speaker": "speaker1",
          "personaID": "97348",
          "participantID": "20303",
          "utterance": "ㅎㅎ그런가요? 자녀가 두명있다고 하셨는데, 자녀분들도 같이 다이어트를 하시나요?",
          "summary": "",
          "date": "2022-11-28",
          "time": "14:07:33",
          "terminate": "false"
        },
        {
          "speaker": "speaker2",
          "personaID": "97974",
          "participantID": "20427",
          "utterance": "저의 자녀들은 아들이라 살집이 보기가 좋아요. 그래서 다이어트를 잘 안해요.",
          "summary": "나는 아들이 둘이다.",
          "date": "2022-11-28",
          "time": "14:07:52",
          "terminate": "false"
        },
        {
          "speaker": "speaker1",
          "personaID": "97348",
          "participantID": "20303",
          "utterance": "그렇군요. 추워지니 움직이기가 싫네요. 빨리 가족여행으로 여름휴가나 가고싶어요.ㅠ.",
          "summary": "",
          "date": "2022-11-28",
          "time": "14:08:12",
          "terminate": "false"
        },
        {
          "speaker": "speaker2",
          "personaID": "97974",
          "participantID": "20427",
          "utterance": "맞아요. 이런날은 따듯한 군구마를 먹으면서 여행채널을 보는것도 너무 좋죠~",
          "summary": "",
          "date": "2022-11-28",
          "time": "14:08:24",
          "terminate": "false"
        },
        {
          "speaker": "speaker1",
          "personaID": "97348",
          "participantID": "20303",
          "utterance": "공감합니다.ㅎㅎ날씨 추운데 감기 조심하시고, 다시 연락해요!",
          "summary": "",
          "date": "2022-11-28",
          "time": "14:08:42",
          "terminate": "false"
        },
        {
          "speaker": "speaker2",
          "personaID": "97974",
          "participantID": "20427",
          "utterance": "덕분에 즐거운 대화였어요. 행복한 하루되세요!!!",
          "summary": "",
          "date": "2022-11-28",
          "time": "14:08:43",
          "terminate": "true"
        }
      ],
      "sessionPersonaSummary": {
        "speaker1": [
          "나는 다이어트를 오래 한 적이 없다."
        ],
        "speaker2": [
          "나는 지인 결혼식이 있다.",
          "나는 닭가슴살이 질린다.",
          "나는 아들이 둘이다."
        ]
      },
      "prevAggregatedpersonaSummary": {
        "speaker1": [
          "나는 60대 여자이다.",
          "나는 K-POP 음악을 자주 듣는다.",
          "나는 @이름1@ 싫어한다.",
          "나는 가족여행을 여름휴가 때만 간다.",
          "나는 겨울을 싫어한다.",
          "나는 혈액형이 O형이다. 나의 생일은 2월이다.",
          "나는 크리스마스를 좋아한다."
        ],
        "speaker2": [
          "나는 60대 여자이다.",
          "나는 실내에서 복싱하는 것을 좋아한다.",
          "나는 살이 많이 쪘다.",
          "나는 점심에 SNS에 사진을 올린다.",
          "나는 식단관리를 한다.",
          "나는 주말에 캠핑을 간다.",
          "나는 가족과 캠핑을 간다.",
          "나는 자녀가 두 명이 있다.",
          "나는 혈액형이 O형이다.",
          "나는 생일이 5월이다.",
          "나는 지난 주말에 캠핑을 다녀왔다.",
          "나의 남편 은신 제품마다 구입을 한다."
        ]
      }
    }
  ]
}