{
  "FileInfo": {
    "filename": "K4-00526-CL31432-CP42048-01-02-S4.json",
    "sessionLevel": "4"
  },
  "participantsInfo": {
    "numberOfParticipants": "2",
    "speaker1": {
      "participantID": "3810",
      "gender": "여성",
      "age": "40대",
      "occupation": "주부",
      "bPlace": "서울/경기/인천",
      "gPlace": "서울/경기/인천",
      "rPlace": "서울/경기/인천",
      "educationLevel": "대졸"
    },
    "speaker2": {
      "participantID": "3180",
      "gender": "여성",
      "age": "40대",
      "occupation": "주부",
      "bPlace": "서울/경기/인천",
      "gPlace": "서울/경기/인천",
      "rPlace": "서울/경기/인천",
      "educationLevel": "대졸"
    }
  },
  "multisessionInfo": {
    "multisessionID": "4-00526"
  },
  "personaInfo": {
    "clInfo": {
      "personaID": "31432",
      "personaFeatures": [
        "나는 여자이다.",
        "나는 30대이다.",
        "나는 매일 걸어서 출퇴근한다",
        "나는 요가를 가끔 한다",
        "나는 바나나를 즐겨 먹는다"
      ],
      "speakerType": "speaker1"
    },
    "cpInfo": {
      "personaID": "42048",
      "personaFeatures": [
        "나는 여자이다.",
        "나는 40대이다.",
        "나는 아파트 관리소 직원이다",
        "나는 선후배와 잘 어울리지 않는다",
        "나는 블루스 음악을 싫어한다"
      ],
      "speakerType": "speaker2"
    }
  },
  "topicInfo": {
    "topicID": "01-02",
    "topicType": "식음료",
    "topicTitle": "음식"
  },
  "sessionInfo": [
    {
      "prevSessionID": null,
      "prevTimeInfo": {
        "timeNum": null,
        "timeUnit": null
      },
      "nthSession": "1",
      "numberOfUtterances": "14",
      "numberOfTurns": "7",
      "sessionID": "4-00526-1",
      "dialog": [
        {
          "speaker": "speaker1",
          "personaID": "31432",
          "participantID": "3810",
          "utterance": "안녕하세요. 저는 30대 여성입니다.",
          "summary": "나는 30대 여성이다.",
          "date": "2022-10-30",
          "time": "16:49:19",
          "terminate": "false"
        },
        {
          "speaker": "speaker2",
          "personaID": "42048",
          "participantID": "3180",
          "utterance": "안녕하세요 저는 40대 여성입니다.",
          "summary": "나는 40대 여성이다.",
          "date": "2022-10-30",
          "time": "16:52:12",
          "terminate": "false"
        },
        {
          "speaker": "speaker1",
          "personaID": "31432",
          "participantID": "3810",
          "utterance": "반갑습니다. 혹시 하시는 일이 어떻게 되세요? 저는 여행사에서 근무합니다.",
          "summary": "나는 여행사에서 근무한다.",
          "date": "2022-10-30",
          "time": "17:01:40",
          "terminate": "false"
        },
        {
          "speaker": "speaker2",
          "personaID": "42048",
          "participantID": "3180",
          "utterance": "저는 아파트 관리소 직원입니다.",
          "summary": "나는 아파트 관리소 직원이다.",
          "date": "2022-10-30",
          "time": "17:02:50",
          "terminate": "false"
        },
        {
          "speaker": "speaker1",
          "personaID": "31432",
          "participantID": "3810",
          "utterance": "아 그렇군요. 저도 아파트에 살아요. 혹시 운동 좋아하세요?",
          "summary": "나는 아파트에 산다.",
          "date": "2022-10-30",
          "time": "17:04:10",
          "terminate": "false"
        },
        {
          "speaker": "speaker2",
          "personaID": "42048",
          "participantID": "3180",
          "utterance": "저는 스트레칭 정도만 하고 있습니다. 운동하시나요?",
          "summary": "나는 스트레칭 정도만 하고 있다.",
          "date": "2022-10-30",
          "time": "17:43:32",
          "terminate": "false"
        },
        {
          "speaker": "speaker1",
          "personaID": "31432",
          "participantID": "3810",
          "utterance": "저는 가끔 요가를 하고 있어요. 요가하고 저녁은 가볍게 바나나로 떼우곤 해요. 바나나를 평소에 즐겨 먹거든요.",
          "summary": "나는 요가를 하고 바나나를 즐겨 먹는다.",
          "date": "2022-10-30",
          "time": "17:45:07",
          "terminate": "false"
        },
        {
          "speaker": "speaker2",
          "personaID": "42048",
          "participantID": "3180",
          "utterance": "바나나 저도 좋아해요 저는 블루스 음악은 싫어해요 음악 좋아하시나요?",
          "summary": "나는 블루스 음악을 싫어한다.",
          "date": "2022-10-30",
          "time": "17:45:37",
          "terminate": "false"
        },
        {
          "speaker": "speaker1",
          "personaID": "31432",
          "participantID": "3810",
          "utterance": "음악 좋아하죠. 저는 매일 걸어서 출퇴근을 하는데 음악을 꼭 들어요.",
          "summary": "나는 매일 걸어서 출퇴근하며 음악을 듣는다.",
          "date": "2022-10-30",
          "time": "18:14:11",
          "terminate": "false"
        },
        {
          "speaker": "speaker2",
          "personaID": "42048",
          "participantID": "3180",
          "utterance": "그러시군요~ 전 선후배와 잘 어울리지는 않습니다 .",
          "summary": "나는 선후배와 잘 어울리지 않는다.",
          "date": "2022-10-30",
          "time": "20:46:57",
          "terminate": "false"
        },
        {
          "speaker": "speaker1",
          "personaID": "31432",
          "participantID": "3810",
          "utterance": "아 네에 그렇군요. 외롭지 않으세요?",
          "summary": "",
          "date": "2022-10-30",
          "time": "21:27:19",
          "terminate": "false"
        },
        {
          "speaker": "speaker2",
          "personaID": "42048",
          "participantID": "3180",
          "utterance": "인간관계 신경쓰이는게 너무 힘들어서요 혼자사는법을 터득 중입니다.",
          "summary": "나는 인간관계 신경 쓰는 게 힘들어서 혼자 사는 법을 터득 중이다.",
          "date": "2022-10-30",
          "time": "21:28:26",
          "terminate": "false"
        },
        {
          "speaker": "speaker1",
          "personaID": "31432",
          "participantID": "3810",
          "utterance": "하긴  혼자가 편할때가 많죠.",
          "summary": "나는 혼자가 편할 때가 많은 것 같다.",
          "date": "2022-10-30",
          "time": "21:29:22",
          "terminate": "false"
        },
        {
          "speaker": "speaker2",
          "personaID": "42048",
          "participantID": "3180",
          "utterance": "그니까요 전 잠깐 나가다가 올께요~",
          "summary": "",
          "date": "2022-10-30",
          "time": "21:29:44",
          "terminate": "true"
        }
      ],
      "sessionPersonaSummary": {
        "speaker1": [
          "나는 30대 여성이다.",
          "나는 여행사에서 근무한다.",
          "나는 아파트에 산다.",
          "나는 요가를 하고 바나나를 즐겨 먹는다.",
          "나는 매일 걸어서 출퇴근하며 음악을 듣는다.",
          "나는 혼자가 편할 때가 많은 것 같다."
        ],
        "speaker2": [
          "나는 40대 여성이다.",
          "나는 아파트 관리소 직원이다.",
          "나는 스트레칭 정도만 하고 있다.",
          "나는 블루스 음악을 싫어한다.",
          "나는 선후배와 잘 어울리지 않는다.",
          "나는 인간관계 신경 쓰는 게 힘들어서 혼자 사는 법을 터득 중이다."
        ]
      },
      "prevAggregatedpersonaSummary": {
        "speaker1": [],
        "speaker2": []
      }
    },
    {
      "prevSessionID": "4-00526-1",
      "prevTimeInfo": {
        "timeNum": "8",
        "timeUnit": "일"
      },
      "nthSession": "2",
      "numberOfUtterances": "14",
      "numberOfTurns": "7",
      "sessionID": "4-00526-2",
      "dialog": [
        {
          "speaker": "speaker1",
          "personaID": "31432",
          "participantID": "3810",
          "utterance": "8일만이에요. 잘 지내셨어요? 길거리에서 싫어하신다는 블루스 음악이 흘러나와서 생각나서 연락드려봤어요~ 하하 뭐하고 계세요?",
          "summary": "",
          "date": "2022-10-30",
          "time": "21:32:20",
          "terminate": "false"
        },
        {
          "speaker": "speaker2",
          "personaID": "42048",
          "participantID": "3180",
          "utterance": "어머 시간이 그리 지났군요~ 네 저는 밥을 먹고 있었습니다.",
          "summary": "나는 밥을 먹고 있었다.",
          "date": "2022-10-30",
          "time": "21:33:31",
          "terminate": "false"
        },
        {
          "speaker": "speaker1",
          "personaID": "31432",
          "participantID": "3810",
          "utterance": "뭐 드셨어요? 저는 고등어 구이 먹었습니다.",
          "summary": "나는 고등어구이 먹었다.",
          "date": "2022-10-30",
          "time": "21:34:19",
          "terminate": "false"
        },
        {
          "speaker": "speaker2",
          "personaID": "42048",
          "participantID": "3180",
          "utterance": "맛있었겠네요~ 저는 중국집에서 볶음밥을 시켜서 먹었는데 너무 매워서 눈물 콧물 난리도 아니였습니다.",
          "summary": "나는 볶음밥을 먹었는데 너무 매워서 난리도 아니었다.",
          "date": "2022-10-30",
          "time": "21:36:02",
          "terminate": "false"
        },
        {
          "speaker": "speaker1",
          "personaID": "31432",
          "participantID": "3810",
          "utterance": "매운 음식 잘 못드세요? 요즘엔 매운 음식 좋아하는 사람들이 정말 많더라구요.",
          "summary": "나는 요즘에 매운 음식 좋아하는 사람이 많은 것 같다.",
          "date": "2022-10-30",
          "time": "21:41:30",
          "terminate": "false"
        },
        {
          "speaker": "speaker2",
          "personaID": "42048",
          "participantID": "3180",
          "utterance": "네 저는 맵찔이예요 아이낳고 안먹다 보니 진짜 못먹게 됐어요.",
          "summary": "나는 맵 찔이다. 나는 아이를 낳고 안 먹다 보니 진짜 못 먹게 됐다.",
          "date": "2022-10-30",
          "time": "21:42:46",
          "terminate": "false"
        },
        {
          "speaker": "speaker1",
          "personaID": "31432",
          "participantID": "3810",
          "utterance": "아 아이가 있으시군요. 아무래도 아이가 있으면 매운 음식 잘 못먹게 된다고 하더라구요. 저도 매운 음식 좋아하지만 그리 즐기는 편은 아니에요. 자극적이어서... 요즘은 마라탕이 엄청 인기더라구요.",
          "summary": "나는 매운맛 즐기지는 않는다.",
          "date": "2022-10-30",
          "time": "21:44:42",
          "terminate": "false"
        },
        {
          "speaker": "speaker2",
          "personaID": "42048",
          "participantID": "3180",
          "utterance": "마라탕도 제 딸 덕에 처음 먹어봤는데 맛이 있더라고요 근데 저는 마한맛인가 그게 싫어요 혀가 얼얼해서.",
          "summary": "나는 마라탕의 마한 맛이 싫다.",
          "date": "2022-10-30",
          "time": "21:45:32",
          "terminate": "false"
        },
        {
          "speaker": "speaker1",
          "personaID": "31432",
          "participantID": "3810",
          "utterance": "제  중학생 조카도 엄청 좋아하더라구요. 친구들은 일주일에 한번 이상 꼭 먹는다나요. 저도 딱 한번 먹어봤습니다.",
          "summary": "나는 마라탕 한번 먹어봤다.",
          "date": "2022-10-31",
          "time": "10:22:08",
          "terminate": "false"
        },
        {
          "speaker": "speaker2",
          "personaID": "42048",
          "participantID": "3180",
          "utterance": "마라탕 아이들이 좋아해서 자주 시켜먹는데 피자,치킨보다 더 건강식인것 같아요.",
          "summary": "나는 마라탕이 피자, 치킨보다 건강식인 거 같다.",
          "date": "2022-11-01",
          "time": "08:58:25",
          "terminate": "false"
        },
        {
          "speaker": "speaker1",
          "personaID": "31432",
          "participantID": "3810",
          "utterance": "아이들 피자, 치킨 엄청 좋아하죠. 오죽하면 치느님이라고까지 부를까요 하하 치킨이나 피자 좋아하세요?",
          "summary": "나는 치킨, 피자가 아이들이 좋아하는 메뉴 같다.",
          "date": "2022-11-01",
          "time": "09:52:43",
          "terminate": "false"
        },
        {
          "speaker": "speaker2",
          "personaID": "42048",
          "participantID": "3180",
          "utterance": "좋아해요 근데 치킨도 질리더라고요 .",
          "summary": "나는 치킨도 질린다.",
          "date": "2022-11-01",
          "time": "12:57:43",
          "terminate": "false"
        },
        {
          "speaker": "speaker1",
          "personaID": "31432",
          "participantID": "3810",
          "utterance": "오 저랑 비슷하시네요. 예전엔 치킨이면 무조건 맛있었는데 지금은 몇조각 먹으면 질려요. 메뉴도 더 다양해 졌는데 왜 그런지 모르겠어요. 흔해서 그럴까요",
          "summary": "나는 치킨이 질리는데 다양한 메뉴가 생겨서 그런 것 같다.",
          "date": "2022-11-01",
          "time": "13:19:36",
          "terminate": "false"
        },
        {
          "speaker": "speaker2",
          "personaID": "42048",
          "participantID": "3180",
          "utterance": "그니까요 전 이만 나가봐야겠어요~",
          "summary": "",
          "date": "2022-11-02",
          "time": "08:30:29",
          "terminate": "true"
        }
      ],
      "sessionPersonaSummary": {
        "speaker1": [
          "나는 고등어구이 먹었다.",
          "나는 요즘에 매운 음식 좋아하는 사람이 많은 것 같다.",
          "나는 매운맛 즐기지는 않는다.",
          "나는 마라탕 한번 먹어봤다.",
          "나는 치킨, 피자가 아이들이 좋아하는 메뉴 같다.",
          "나는 치킨이 질리는데 다양한 메뉴가 생겨서 그런 것 같다."
        ],
        "speaker2": [
          "나는 밥을 먹고 있었다.",
          "나는 볶음밥을 먹었는데 너무 매워서 난리도 아니었다.",
          "나는 맵 찔이다. 나는 아이를 낳고 안 먹다 보니 진짜 못 먹게 됐다.",
          "나는 마라탕의 마한 맛이 싫다.",
          "나는 마라탕이 피자, 치킨보다 건강식인 거 같다.",
          "나는 치킨도 질린다."
        ]
      },
      "prevAggregatedpersonaSummary": {
        "speaker1": [
          "나는 30대 여성이다.",
          "나는 여행사에서 근무한다.",
          "나는 아파트에 산다.",
          "나는 요가를 하고 바나나를 즐겨 먹는다.",
          "나는 매일 걸어서 출퇴근하며 음악을 듣는다.",
          "나는 혼자가 편할 때가 많은 것 같다."
        ],
        "speaker2": [
          "나는 40대 여성이다.",
          "나는 아파트 관리소 직원이다.",
          "나는 스트레칭 정도만 하고 있다.",
          "나는 블루스 음악을 싫어한다.",
          "나는 선후배와 잘 어울리지 않는다.",
          "나는 인간관계 신경 쓰는 게 힘들어서 혼자 사는 법을 터득 중이다."
        ]
      }
    },
    {
      "prevSessionID": "4-00526-2",
      "prevTimeInfo": {
        "timeNum": "1",
        "timeUnit": "주"
      },
      "nthSession": "3",
      "numberOfUtterances": "14",
      "numberOfTurns": "7",
      "sessionID": "4-00526-3",
      "dialog": [
        {
          "speaker": "speaker1",
          "personaID": "31432",
          "participantID": "3810",
          "utterance": "일주일만에 만나네요. 잘 지내셨어요?",
          "summary": "",
          "date": "2022-11-02",
          "time": "11:08:14",
          "terminate": "false"
        },
        {
          "speaker": "speaker2",
          "personaID": "42048",
          "participantID": "3180",
          "utterance": "네~~ 점심 뭐먹나 고민하고 있었어요.",
          "summary": "나는 점심 고민하고 있었다.",
          "date": "2022-11-02",
          "time": "11:37:32",
          "terminate": "false"
        },
        {
          "speaker": "speaker1",
          "personaID": "31432",
          "participantID": "3810",
          "utterance": "특별히 좋아하는 음식 있나요?",
          "summary": "",
          "date": "2022-11-02",
          "time": "14:17:02",
          "terminate": "false"
        },
        {
          "speaker": "speaker2",
          "personaID": "42048",
          "participantID": "3180",
          "utterance": "저는 면요리를 좋아해요 비빔국수등이요 @이름@님은 어떤음식 좋아하시나요?",
          "summary": "나는 면요리를 좋아한다.",
          "date": "2022-11-03",
          "time": "12:27:28",
          "terminate": "false"
        },
        {
          "speaker": "speaker1",
          "personaID": "31432",
          "participantID": "3810",
          "utterance": "오 저도 면요리 좋아하는 편이에요. 사실 먹는걸 좋아해서...ㅎㅎ 요즘처럼 아침 저녁으로 쌀쌀한 날에는 쌀국수가 땡기네요.",
          "summary": "나는 면요리 좋아한다. 나는 요즘처럼 쌀쌀한 날에는 쌀국수가 당긴다.",
          "date": "2022-11-03",
          "time": "12:29:34",
          "terminate": "false"
        },
        {
          "speaker": "speaker2",
          "personaID": "42048",
          "participantID": "3180",
          "utterance": "쌀국수 저도 좋아해요 담백하고 살도 안찌는것 같더라고요.",
          "summary": "나는 쌀국수를 좋아한다.",
          "date": "2022-11-03",
          "time": "12:30:42",
          "terminate": "false"
        },
        {
          "speaker": "speaker1",
          "personaID": "31432",
          "participantID": "3810",
          "utterance": "그치요. 그리고 멸치육수로 만든  잔치국수도 맛있지요. ",
          "summary": "나는 잔치국수가 맛있다.",
          "date": "2022-11-03",
          "time": "12:32:57",
          "terminate": "false"
        },
        {
          "speaker": "speaker2",
          "personaID": "42048",
          "participantID": "3180",
          "utterance": "최고죠 국수는 더 많이 먹을수가 있는데 그것도 신기해요 평소보다 더 많이 먹더라고요.",
          "summary": "나는 국수는 평소보다 더 많이 먹는다.",
          "date": "2022-11-03",
          "time": "12:35:38",
          "terminate": "false"
        },
        {
          "speaker": "speaker1",
          "personaID": "31432",
          "participantID": "3810",
          "utterance": "하하 맞아요. 제 조카랑 둘이 혜화동에 있는 쌀국수 집에 갔었는데 거기는 면을 무료로 리필해 주더라구요. 중학생 조카는 세번이나 먹었어요. ㅎㅎ",
          "summary": "나의 조카는 국수를 많이 먹었다.",
          "date": "2022-11-03",
          "time": "13:32:25",
          "terminate": "false"
        },
        {
          "speaker": "speaker2",
          "personaID": "42048",
          "participantID": "3180",
          "utterance": "면리필 대박이네요~저도 밥은 적당양을 먹지만 면은 많이 먹는편이예요.",
          "summary": "나는 밥은 적당량을 먹지만 면은 많이 먹는 편이다.",
          "date": "2022-11-03",
          "time": "16:18:36",
          "terminate": "false"
        },
        {
          "speaker": "speaker1",
          "personaID": "31432",
          "participantID": "3810",
          "utterance": "쌀국수 이야기 하니까 갑자기 먹고 싶어지네요. 하하",
          "summary": "나는 쌀국수가 먹고 싶어 졌다.",
          "date": "2022-11-03",
          "time": "22:31:10",
          "terminate": "false"
        },
        {
          "speaker": "speaker2",
          "personaID": "42048",
          "participantID": "3180",
          "utterance": "저도요 저는 저녁에 삼치구이 먹었어요 저녁 뭐드셨나요?",
          "summary": "나는 저녁에 삼치구이를 먹었다.",
          "date": "2022-11-03",
          "time": "22:39:15",
          "terminate": "false"
        },
        {
          "speaker": "speaker1",
          "personaID": "31432",
          "participantID": "3810",
          "utterance": "오 삼치구이 좋지요. 전 오징어볶음 먹었어요",
          "summary": "나는 오징어볶음 먹었다.",
          "date": "2022-11-03",
          "time": "22:46:03",
          "terminate": "false"
        },
        {
          "speaker": "speaker2",
          "personaID": "42048",
          "participantID": "3180",
          "utterance": "요새 오징어도 싸졌다 비싸졌다 하는거 같아요.",
          "summary": "",
          "date": "2022-11-03",
          "time": "22:47:09",
          "terminate": "true"
        }
      ],
      "sessionPersonaSummary": {
        "speaker1": [
          "나는 면요리 좋아한다. 나는 요즘처럼 쌀쌀한 날에는 쌀국수가 당긴다.",
          "나는 잔치국수가 맛있다.",
          "나의 조카는 국수를 많이 먹었다.",
          "나는 쌀국수가 먹고 싶어 졌다.",
          "나는 오징어볶음 먹었다."
        ],
        "speaker2": [
          "나는 점심 고민하고 있었다.",
          "나는 면요리를 좋아한다.",
          "나는 쌀국수를 좋아한다.",
          "나는 국수는 평소보다 더 많이 먹는다.",
          "나는 밥은 적당량을 먹지만 면은 많이 먹는 편이다.",
          "나는 저녁에 삼치구이를 먹었다."
        ]
      },
      "prevAggregatedpersonaSummary": {
        "speaker1": [
          "나는 30대 여성이다.",
          "나는 여행사에서 근무한다.",
          "나는 아파트에 산다.",
          "나는 요가를 하고 바나나를 즐겨 먹는다.",
          "나는 매일 걸어서 출퇴근하며 음악을 듣는다.",
          "나는 혼자가 편할 때가 많은 것 같다.",
          "나는 고등어구이 먹었다.",
          "나는 요즘에 매운 음식 좋아하는 사람이 많은 것 같다.",
          "나는 매운맛 즐기지는 않는다.",
          "나는 마라탕 한번 먹어봤다.",
          "나는 치킨, 피자가 아이들이 좋아하는 메뉴 같다.",
          "나는 치킨이 질리는데 다양한 메뉴가 생겨서 그런 것 같다."
        ],
        "speaker2": [
          "나는 40대 여성이다.",
          "나는 아파트 관리소 직원이다.",
          "나는 스트레칭 정도만 하고 있다.",
          "나는 블루스 음악을 싫어한다.",
          "나는 선후배와 잘 어울리지 않는다.",
          "나는 인간관계 신경 쓰는 게 힘들어서 혼자 사는 법을 터득 중이다.",
          "나는 밥을 먹고 있었다.",
          "나는 볶음밥을 먹었는데 너무 매워서 난리도 아니었다.",
          "나는 맵 찔이다. 나는 아이를 낳고 안 먹다 보니 진짜 못 먹게 됐다.",
          "나는 마라탕의 마한 맛이 싫다.",
          "나는 마라탕이 피자, 치킨보다 건강식인 거 같다.",
          "나는 치킨도 질린다."
        ]
      }
    },
    {
      "prevSessionID": "4-00526-3",
      "prevTimeInfo": {
        "timeNum": "5",
        "timeUnit": "주"
      },
      "nthSession": "4",
      "numberOfUtterances": "14",
      "numberOfTurns": "7",
      "sessionID": "4-00526-4",
      "dialog": [
        {
          "speaker": "speaker1",
          "personaID": "31432",
          "participantID": "3810",
          "utterance": "5주나 지났네요. 그동안 잘 지내셨어요?",
          "summary": "",
          "date": "2022-11-03",
          "time": "23:43:06",
          "terminate": "false"
        },
        {
          "speaker": "speaker2",
          "personaID": "42048",
          "participantID": "3180",
          "utterance": "네~  날씨가 갑자키 추워져서 따뜻한 국물요리 먹었어요.",
          "summary": "나는 국물요리를 먹었다.",
          "date": "2022-11-03",
          "time": "23:53:10",
          "terminate": "false"
        },
        {
          "speaker": "speaker1",
          "personaID": "31432",
          "participantID": "3810",
          "utterance": "오  이런 날씨엔 국물요리가 딱이지요. 저도 좀전에 어묵탕 먹었어요.",
          "summary": "나는 날씨 추울 때 국물요리가 딱이라 어묵탕 먹었다.",
          "date": "2022-11-04",
          "time": "15:40:24",
          "terminate": "false"
        },
        {
          "speaker": "speaker2",
          "personaID": "42048",
          "participantID": "3180",
          "utterance": "저희동네 @상호명@에서 어묵꼬치도 파는데요 거기 물떡도 같이 팔아요 진짜 맛있어요.",
          "summary": "나는 동네에서 파는 물떡이 진짜 맛있다.",
          "date": "2022-11-04",
          "time": "17:39:32",
          "terminate": "false"
        },
        {
          "speaker": "speaker1",
          "personaID": "31432",
          "participantID": "3810",
          "utterance": "아 물떡... 그거 티비에서 봤어요. 부산에서 유명하다고 들었는데 목포에도 있나봐요.",
          "summary": "나는 물떡 티브이에서 봤다.",
          "date": "2022-11-04",
          "time": "23:23:17",
          "terminate": "false"
        },
        {
          "speaker": "speaker2",
          "personaID": "42048",
          "participantID": "3180",
          "utterance": "그걸 @상호명@에서 팔더라고요 저도 신기해서  사먹었어요.",
          "summary": "",
          "date": "2022-11-05",
          "time": "00:01:32",
          "terminate": "false"
        },
        {
          "speaker": "speaker1",
          "personaID": "31432",
          "participantID": "3810",
          "utterance": "어묵 이야기하니까 떡볶이가 땡기네요. 하하",
          "summary": "나는 어묵 이야기하니까 떡볶이가 당긴다.",
          "date": "2022-11-05",
          "time": "00:21:35",
          "terminate": "false"
        },
        {
          "speaker": "speaker2",
          "personaID": "42048",
          "participantID": "3180",
          "utterance": "겨울에는 국물어묵이 진짜 맛있어요 저도 급 떡볶이가 먹고 싶네요 초등학교때  먹었던 떡볶이가 진짜 맛있었죠.",
          "summary": "나는 초등학교 때 먹었던 떡볶이가 진짜 맛있었다.",
          "date": "2022-11-05",
          "time": "01:10:33",
          "terminate": "false"
        },
        {
          "speaker": "speaker1",
          "personaID": "31432",
          "participantID": "3810",
          "utterance": "오 공감해요. 초등학교때 먹었던 떡볶이가 최고지요. 그 저희 동네에는 범벅이라는게 있었는데... 튀김이랑 김말이 같은거 떡볶이 국물을 얹어서 파는거요. ㅎㅎ",
          "summary": "나는 초등학교 때 먹었던 떡볶이가 최고인 것 같다.",
          "date": "2022-11-05",
          "time": "11:05:56",
          "terminate": "false"
        },
        {
          "speaker": "speaker2",
          "personaID": "42048",
          "participantID": "3180",
          "utterance": "아 맛있었겠어요 진짜 그때 그맛이 그리워요 요즘 떡볶이맛은 못따라가죠.",
          "summary": "",
          "date": "2022-11-05",
          "time": "11:07:30",
          "terminate": "false"
        },
        {
          "speaker": "speaker1",
          "personaID": "31432",
          "participantID": "3810",
          "utterance": "저도 그런생각해요. 그때 그 맛이 사라진건지.. 제가 변한건지...",
          "summary": "",
          "date": "2022-11-05",
          "time": "11:08:32",
          "terminate": "false"
        },
        {
          "speaker": "speaker2",
          "personaID": "42048",
          "participantID": "3180",
          "utterance": "그쵸? 제  입맛이 변한건지 참 신기해요 그때는 시장표 떡볶이도 맛있어서 사먹었던 생각이 나거든요.",
          "summary": "",
          "date": "2022-11-05",
          "time": "11:11:35",
          "terminate": "false"
        },
        {
          "speaker": "speaker1",
          "personaID": "31432",
          "participantID": "3810",
          "utterance": "아무래도 전 오늘 점심에 떡볶이랑 어묵을 먹어야 겠네요. 하하",
          "summary": "나는 오늘 떡볶이, 어묵을 먹어야겠다.\n",
          "date": "2022-11-05",
          "time": "11:25:57",
          "terminate": "false"
        },
        {
          "speaker": "speaker2",
          "personaID": "42048",
          "participantID": "3180",
          "utterance": "저도요 저는 잠시 나가봐야되겠어요 대화즐거웠습니다.",
          "summary": "",
          "date": "2022-11-05",
          "time": "11:32:35",
          "terminate": "true"
        }
      ],
      "sessionPersonaSummary": {
        "speaker1": [
          "나는 날씨 추울 때 국물요리가 딱이라 어묵탕 먹었다.",
          "나는 물떡 티브이에서 봤다.",
          "나는 어묵 이야기하니까 떡볶이가 당긴다.",
          "나는 초등학교 때 먹었던 떡볶이가 최고인 것 같다.",
          "나는 오늘 떡볶이, 어묵을 먹어야겠다.\n"
        ],
        "speaker2": [
          "나는 국물요리를 먹었다.",
          "나는 동네에서 파는 물떡이 진짜 맛있다.",
          "나는 초등학교 때 먹었던 떡볶이가 진짜 맛있었다."
        ]
      },
      "prevAggregatedpersonaSummary": {
        "speaker1": [
          "나는 30대 여성이다.",
          "나는 여행사에서 근무한다.",
          "나는 아파트에 산다.",
          "나는 요가를 하고 바나나를 즐겨 먹는다.",
          "나는 매일 걸어서 출퇴근하며 음악을 듣는다.",
          "나는 혼자가 편할 때가 많은 것 같다.",
          "나는 고등어구이 먹었다.",
          "나는 요즘에 매운 음식 좋아하는 사람이 많은 것 같다.",
          "나는 매운맛 즐기지는 않는다.",
          "나는 마라탕 한번 먹어봤다.",
          "나는 치킨, 피자가 아이들이 좋아하는 메뉴 같다.",
          "나는 치킨이 질리는데 다양한 메뉴가 생겨서 그런 것 같다.",
          "나는 면요리 좋아한다. 나는 요즘처럼 쌀쌀한 날에는 쌀국수가 당긴다.",
          "나는 잔치국수가 맛있다.",
          "나의 조카는 국수를 많이 먹었다.",
          "나는 쌀국수가 먹고 싶어 졌다.",
          "나는 오징어볶음 먹었다."
        ],
        "speaker2": [
          "나는 40대 여성이다.",
          "나는 아파트 관리소 직원이다.",
          "나는 스트레칭 정도만 하고 있다.",
          "나는 블루스 음악을 싫어한다.",
          "나는 선후배와 잘 어울리지 않는다.",
          "나는 인간관계 신경 쓰는 게 힘들어서 혼자 사는 법을 터득 중이다.",
          "나는 밥을 먹고 있었다.",
          "나는 볶음밥을 먹었는데 너무 매워서 난리도 아니었다.",
          "나는 맵 찔이다. 나는 아이를 낳고 안 먹다 보니 진짜 못 먹게 됐다.",
          "나는 마라탕의 마한 맛이 싫다.",
          "나는 마라탕이 피자, 치킨보다 건강식인 거 같다.",
          "나는 치킨도 질린다.",
          "나는 점심 고민하고 있었다.",
          "나는 면요리를 좋아한다.",
          "나는 쌀국수를 좋아한다.",
          "나는 국수는 평소보다 더 많이 먹는다.",
          "나는 밥은 적당량을 먹지만 면은 많이 먹는 편이다.",
          "나는 저녁에 삼치구이를 먹었다."
        ]
      }
    }
  ]
}