{
  "FileInfo": {
    "filename": "K4-00567-CL68804-CP94068-06-15-S4.json",
    "sessionLevel": "4"
  },
  "participantsInfo": {
    "numberOfParticipants": "2",
    "speaker1": {
      "participantID": "30111",
      "gender": "남성",
      "age": "30대",
      "occupation": "사무직",
      "bPlace": "서울/경기/인천",
      "gPlace": "서울/경기/인천",
      "rPlace": "서울/경기/인천",
      "educationLevel": "대학원졸"
    },
    "speaker2": {
      "participantID": "31830",
      "gender": "남성",
      "age": "50대",
      "occupation": "기능직",
      "bPlace": "서울/경기/인천",
      "gPlace": "서울/경기/인천",
      "rPlace": "서울/경기/인천",
      "educationLevel": "고졸"
    }
  },
  "multisessionInfo": {
    "multisessionID": "4-00567"
  },
  "personaInfo": {
    "clInfo": {
      "personaID": "68804",
      "personaFeatures": [
        "나는 남자이다.",
        "나는 30대이다.",
        "나는 탁구를 싫어한다.",
        "나의 생일은 4월이다.",
        "나는 요즘, 매일 환멸을 느낀다.",
        "나는 아침에 빵을 먹는다."
      ],
      "speakerType": "speaker1"
    },
    "cpInfo": {
      "personaID": "94068",
      "personaFeatures": [
        "나는 남자이다.",
        "나는 50대이다.",
        "나는 저녁에 TV를 본다.",
        "나는 역사/문화 여행을 좋아한다.",
        "나는 가끔 슬프다.",
        "나는 오렌지를 안 먹는다.",
        "나는 혈액형이 A형이다."
      ],
      "speakerType": "speaker2"
    }
  },
  "topicInfo": {
    "topicID": "06-15",
    "topicType": "교육",
    "topicTitle": "고등학교"
  },
  "sessionInfo": [
    {
      "prevSessionID": null,
      "prevTimeInfo": {
        "timeNum": null,
        "timeUnit": null
      },
      "nthSession": "1",
      "numberOfUtterances": "14",
      "numberOfTurns": "7",
      "sessionID": "4-00567-1",
      "dialog": [
        {
          "speaker": "speaker1",
          "personaID": "68804",
          "participantID": "30111",
          "utterance": "반갑습니다. 저는 30대 남자에요. 이거 뵙겠습니다.",
          "summary": "나는 30대 남자이다,.",
          "date": "2022-11-18",
          "time": "20:47:28",
          "terminate": "false"
        },
        {
          "speaker": "speaker2",
          "personaID": "94068",
          "participantID": "31830",
          "utterance": "반가워요. 저는 50대 남자인데.ㅎㅎ 같은 남자끼리 잘 해봅시다.",
          "summary": "나는 50대 남자이다,.",
          "date": "2022-11-18",
          "time": "20:47:42",
          "terminate": "false"
        },
        {
          "speaker": "speaker1",
          "personaID": "68804",
          "participantID": "30111",
          "utterance": "같은 남자끼리 의지 투합한번 하죠 ㅎㅎ. 그러면 자기 소개 좀 할까요?",
          "summary": "",
          "date": "2022-11-18",
          "time": "20:48:04",
          "terminate": "false"
        },
        {
          "speaker": "speaker2",
          "personaID": "94068",
          "participantID": "31830",
          "utterance": "저는 섬세한 A형에 남자입니다.ㅎㅎ 그쪽은요?",
          "summary": "나는 혈액형이 A형이다.",
          "date": "2022-11-18",
          "time": "20:48:23",
          "terminate": "false"
        },
        {
          "speaker": "speaker1",
          "personaID": "68804",
          "participantID": "30111",
          "utterance": "저는 지금은 교사 하고 있는 사람입니다 ㅎㅎ.",
          "summary": "",
          "date": "2022-11-18",
          "time": "20:48:29",
          "terminate": "false"
        },
        {
          "speaker": "speaker2",
          "personaID": "94068",
          "participantID": "31830",
          "utterance": "그러시구나. 그러면 뭐 취미같은건 있으신가요? 저는 저녁에 스포츠 tv를 봐요.ㅎㅎ.",
          "summary": "나는 저녁에 TV를 본다.",
          "date": "2022-11-18",
          "time": "20:48:41",
          "terminate": "false"
        },
        {
          "speaker": "speaker1",
          "personaID": "68804",
          "participantID": "30111",
          "utterance": "저는 운동을 안좋아해서 탁구 같은것도 잘 안하네요. 선생님은요?",
          "summary": "나는 탁구를 싫어한다.",
          "date": "2022-11-18",
          "time": "20:48:50",
          "terminate": "false"
        },
        {
          "speaker": "speaker2",
          "personaID": "94068",
          "participantID": "31830",
          "utterance": "그렇군요.ㅎㅎ 저는 활동적이라 역사여행을 자주 가요.",
          "summary": "나는 역사/문화 여행을 좋아한다.",
          "date": "2022-11-18",
          "time": "20:49:07",
          "terminate": "false"
        },
        {
          "speaker": "speaker1",
          "personaID": "68804",
          "participantID": "30111",
          "utterance": "대단하시네요 ㅎㅎ. 저는 요즘은 그런 역사 관광지를 보면 매일 환멸이 들더라구요.",
          "summary": "나는 요즘, 매일 환멸을 느낀다.",
          "date": "2022-11-18",
          "time": "20:49:13",
          "terminate": "false"
        },
        {
          "speaker": "speaker2",
          "personaID": "94068",
          "participantID": "31830",
          "utterance": "저도 여행을 다니다보면 너무 훼손된게 많아서 가끔 슬프네요.",
          "summary": "나는 가끔 슬프다.",
          "date": "2022-11-18",
          "time": "20:49:25",
          "terminate": "false"
        },
        {
          "speaker": "speaker1",
          "personaID": "68804",
          "participantID": "30111",
          "utterance": "그렇죠? 제가 역사를 가르치는 사람이라 더 마음이 아파요~",
          "summary": "나는 역사 선생님이다.",
          "date": "2022-11-18",
          "time": "20:49:30",
          "terminate": "false"
        },
        {
          "speaker": "speaker2",
          "personaID": "94068",
          "participantID": "31830",
          "utterance": "역사 선생님이셨군요.ㅎ 참.. 문화재를 아끼는 마음이 중요한데 말이죠.",
          "summary": "",
          "date": "2022-11-18",
          "time": "20:49:53",
          "terminate": "false"
        },
        {
          "speaker": "speaker1",
          "personaID": "68804",
          "participantID": "30111",
          "utterance": "참. 저는 이만 일을 가야해서요~ 또 연락합시다!",
          "summary": "",
          "date": "2022-11-18",
          "time": "20:49:57",
          "terminate": "false"
        },
        {
          "speaker": "speaker2",
          "personaID": "94068",
          "participantID": "31830",
          "utterance": "그래요. 그럼 다음에 또 봐요. 수업 잘 하세요~",
          "summary": "",
          "date": "2022-11-18",
          "time": "20:50:11",
          "terminate": "true"
        }
      ],
      "sessionPersonaSummary": {
        "speaker1": [
          "나는 30대 남자이다,.",
          "나는 탁구를 싫어한다.",
          "나는 요즘, 매일 환멸을 느낀다.",
          "나는 역사 선생님이다."
        ],
        "speaker2": [
          "나는 50대 남자이다,.",
          "나는 혈액형이 A형이다.",
          "나는 저녁에 TV를 본다.",
          "나는 역사/문화 여행을 좋아한다.",
          "나는 가끔 슬프다."
        ]
      },
      "prevAggregatedpersonaSummary": {
        "speaker1": [],
        "speaker2": []
      }
    },
    {
      "prevSessionID": "4-00567-1",
      "prevTimeInfo": {
        "timeNum": "8",
        "timeUnit": "시간"
      },
      "nthSession": "2",
      "numberOfUtterances": "14",
      "numberOfTurns": "7",
      "sessionID": "4-00567-2",
      "dialog": [
        {
          "speaker": "speaker1",
          "personaID": "68804",
          "participantID": "30111",
          "utterance": "저는 이제 퇴근하네요. 8시간 만인가요 ㅎㅎ.",
          "summary": "나는 퇴근했다.",
          "date": "2022-11-18",
          "time": "20:50:18",
          "terminate": "false"
        },
        {
          "speaker": "speaker2",
          "personaID": "94068",
          "participantID": "31830",
          "utterance": "반가워요.ㅎㅎ 피곤하시겠네요. 그래도 야근은 안하시는군요.",
          "summary": "",
          "date": "2022-11-18",
          "time": "20:50:29",
          "terminate": "false"
        },
        {
          "speaker": "speaker1",
          "personaID": "68804",
          "participantID": "30111",
          "utterance": "네. 저는 이번달 4월이 생일이라서 그냥 수업만 하고 오늘은 가네요 ㅎㅎ.",
          "summary": "나는 생일이 4월이다.",
          "date": "2022-11-18",
          "time": "20:50:37",
          "terminate": "false"
        },
        {
          "speaker": "speaker2",
          "personaID": "94068",
          "participantID": "31830",
          "utterance": "그럼 학교는 중학교인가요? 아니면 고등학교?",
          "summary": "",
          "date": "2022-11-18",
          "time": "20:50:45",
          "terminate": "false"
        },
        {
          "speaker": "speaker1",
          "personaID": "68804",
          "participantID": "30111",
          "utterance": "저는 고등학교라 보통은 야자 감독도 있고 그래요~",
          "summary": "나는 고등학교 교사이다.",
          "date": "2022-11-18",
          "time": "20:50:47",
          "terminate": "false"
        },
        {
          "speaker": "speaker2",
          "personaID": "94068",
          "participantID": "31830",
          "utterance": "그렇구나~ 요새 애들은 말은 좀 듣나요?",
          "summary": "",
          "date": "2022-11-18",
          "time": "20:51:00",
          "terminate": "false"
        },
        {
          "speaker": "speaker1",
          "personaID": "68804",
          "participantID": "30111",
          "utterance": "아휴... 그냥 수업하는 매일 매일이 지옥입니다 ㅎㅎ.",
          "summary": "나는 수업이 힘들다.",
          "date": "2022-11-18",
          "time": "20:51:04",
          "terminate": "false"
        },
        {
          "speaker": "speaker2",
          "personaID": "94068",
          "participantID": "31830",
          "utterance": "저희 어릴땐 교권이 강해서 그냥 선생님 기분 나쁘면 맞고 그랬는데..ㅋㅋㅋ.",
          "summary": "",
          "date": "2022-11-18",
          "time": "20:51:15",
          "terminate": "false"
        },
        {
          "speaker": "speaker1",
          "personaID": "68804",
          "participantID": "30111",
          "utterance": "저때도 그랬었는데 ㅎㅎ. 요즘은 그러면 절대 안되죠.",
          "summary": "",
          "date": "2022-11-18",
          "time": "20:51:23",
          "terminate": "false"
        },
        {
          "speaker": "speaker2",
          "personaID": "94068",
          "participantID": "31830",
          "utterance": "제 고등학생때는 선생님 부부싸움 한날 애들 화풀이로 죽어났습니다.ㅋㅋ.",
          "summary": "",
          "date": "2022-11-18",
          "time": "20:51:38",
          "terminate": "false"
        },
        {
          "speaker": "speaker1",
          "personaID": "68804",
          "participantID": "30111",
          "utterance": "저는 그냥 전체 기합 받던것도 생각나고 ㅎㅎ... 참 시대가 그랬죠.",
          "summary": "나는 고교시절이 생각난다.",
          "date": "2022-11-18",
          "time": "20:51:49",
          "terminate": "false"
        },
        {
          "speaker": "speaker2",
          "personaID": "94068",
          "participantID": "31830",
          "utterance": "근데 요즘애들은 영악해서 그런지 그런거 좋게 바꾸니까 말을 너무 안듣는거 같아요~",
          "summary": "",
          "date": "2022-11-18",
          "time": "20:52:29",
          "terminate": "false"
        },
        {
          "speaker": "speaker1",
          "personaID": "68804",
          "participantID": "30111",
          "utterance": "균형이 있어야하는데 말이에요 ㅎㅎ. 저는 이만 퇴근할게요~",
          "summary": "",
          "date": "2022-11-18",
          "time": "20:52:35",
          "terminate": "false"
        },
        {
          "speaker": "speaker2",
          "personaID": "94068",
          "participantID": "31830",
          "utterance": "적당히가 중요한데 그런게 없는거 같네요.ㅋㅋ 그럼 집에 잘 들어가세요~",
          "summary": "",
          "date": "2022-11-18",
          "time": "20:52:52",
          "terminate": "true"
        }
      ],
      "sessionPersonaSummary": {
        "speaker1": [
          "나는 퇴근했다.",
          "나는 생일이 4월이다.",
          "나는 고등학교 교사이다.",
          "나는 수업이 힘들다.",
          "나는 고교시절이 생각난다."
        ],
        "speaker2": []
      },
      "prevAggregatedpersonaSummary": {
        "speaker1": [
          "나는 30대 남자이다,.",
          "나는 탁구를 싫어한다.",
          "나는 요즘, 매일 환멸을 느낀다.",
          "나는 역사 선생님이다."
        ],
        "speaker2": [
          "나는 50대 남자이다,.",
          "나는 혈액형이 A형이다.",
          "나는 저녁에 TV를 본다.",
          "나는 역사/문화 여행을 좋아한다.",
          "나는 가끔 슬프다."
        ]
      }
    },
    {
      "prevSessionID": "4-00567-2",
      "prevTimeInfo": {
        "timeNum": "3",
        "timeUnit": "일"
      },
      "nthSession": "3",
      "numberOfUtterances": "14",
      "numberOfTurns": "7",
      "sessionID": "4-00567-3",
      "dialog": [
        {
          "speaker": "speaker1",
          "personaID": "68804",
          "participantID": "30111",
          "utterance": "오늘은 주말이라 연락했어요. 사흘만입니다~",
          "summary": "",
          "date": "2022-11-18",
          "time": "20:52:57",
          "terminate": "false"
        },
        {
          "speaker": "speaker2",
          "personaID": "94068",
          "participantID": "31830",
          "utterance": "반가워요. 오랜만이네요.ㅎㅎ 주말인데 오늘은 뭐 하세요?",
          "summary": "",
          "date": "2022-11-18",
          "time": "20:53:08",
          "terminate": "false"
        },
        {
          "speaker": "speaker1",
          "personaID": "68804",
          "participantID": "30111",
          "utterance": "오늘은 역사 자료 좀 정리하고 그래요 ㅎㅎ. 선생님은요?",
          "summary": "나는 자료 정리를 한다.",
          "date": "2022-11-18",
          "time": "20:53:41",
          "terminate": "false"
        },
        {
          "speaker": "speaker2",
          "personaID": "94068",
          "participantID": "31830",
          "utterance": "주말인데도 바쁘시네요.ㅎㅎ 선생님이 열정적이시다~",
          "summary": "",
          "date": "2022-11-18",
          "time": "20:53:51",
          "terminate": "false"
        },
        {
          "speaker": "speaker1",
          "personaID": "68804",
          "participantID": "30111",
          "utterance": "그렇죠 ㅎㅎ. 그럼 요즘은 여행 안다니시나요?",
          "summary": "",
          "date": "2022-11-18",
          "time": "20:53:53",
          "terminate": "false"
        },
        {
          "speaker": "speaker2",
          "personaID": "94068",
          "participantID": "31830",
          "utterance": "교사들은 공무원이라 좀 대충대충 하고 그러잖아요.ㅋㅋ 전 다음주에 가려구요!",
          "summary": "",
          "date": "2022-11-18",
          "time": "20:54:11",
          "terminate": "false"
        },
        {
          "speaker": "speaker1",
          "personaID": "68804",
          "participantID": "30111",
          "utterance": "에이 ㅎㅎ. 다들 달라요~ 어디로 가시려는 생각하시나요?",
          "summary": "",
          "date": "2022-11-18",
          "time": "20:54:18",
          "terminate": "false"
        },
        {
          "speaker": "speaker2",
          "personaID": "94068",
          "participantID": "31830",
          "utterance": "이번에는 해외로 가려고 생각중이에요.ㅎㅎ 교토 가려구요.",
          "summary": "나는 교토에 갈 것이다.",
          "date": "2022-11-18",
          "time": "20:54:29",
          "terminate": "false"
        },
        {
          "speaker": "speaker1",
          "personaID": "68804",
          "participantID": "30111",
          "utterance": "그렇군요. 선생님은 일본을 좋아하시나보군요.",
          "summary": "",
          "date": "2022-11-18",
          "time": "20:54:41",
          "terminate": "false"
        },
        {
          "speaker": "speaker2",
          "personaID": "94068",
          "participantID": "31830",
          "utterance": "일본은 역사가 잘 보존되어 있어서 좋은거 같아요.",
          "summary": "나는 일본을 좋아한다.",
          "date": "2022-11-18",
          "time": "20:54:59",
          "terminate": "false"
        },
        {
          "speaker": "speaker1",
          "personaID": "68804",
          "participantID": "30111",
          "utterance": "저는 일본을 좀 안좋아해서요. 따로 가본적은 없네요.",
          "summary": "나는 일본을 안 좋아한다.",
          "date": "2022-11-18",
          "time": "20:55:02",
          "terminate": "false"
        },
        {
          "speaker": "speaker2",
          "personaID": "94068",
          "participantID": "31830",
          "utterance": "그러시구나.ㅎㅎ 역사 선생님들은 보통 일본 좋아하던데.",
          "summary": "",
          "date": "2022-11-18",
          "time": "20:55:14",
          "terminate": "false"
        },
        {
          "speaker": "speaker1",
          "personaID": "68804",
          "participantID": "30111",
          "utterance": "ㅎㅎ. 그러면 저는 이만 자료 정리 좀 마저할게요! 또 연락하세요~",
          "summary": "",
          "date": "2022-11-18",
          "time": "20:55:17",
          "terminate": "false"
        },
        {
          "speaker": "speaker2",
          "personaID": "94068",
          "participantID": "31830",
          "utterance": "그래요. 그럼 정리 잘 하시고 다음에 봐요.",
          "summary": "",
          "date": "2022-11-18",
          "time": "20:55:39",
          "terminate": "true"
        }
      ],
      "sessionPersonaSummary": {
        "speaker1": [
          "나는 자료 정리를 한다.",
          "나는 일본을 안 좋아한다."
        ],
        "speaker2": [
          "나는 교토에 갈 것이다.",
          "나는 일본을 좋아한다."
        ]
      },
      "prevAggregatedpersonaSummary": {
        "speaker1": [
          "나는 30대 남자이다,.",
          "나는 탁구를 싫어한다.",
          "나는 요즘, 매일 환멸을 느낀다.",
          "나는 역사 선생님이다.",
          "나는 퇴근했다.",
          "나는 생일이 4월이다.",
          "나는 고등학교 교사이다.",
          "나는 수업이 힘들다.",
          "나는 고교시절이 생각난다."
        ],
        "speaker2": [
          "나는 50대 남자이다,.",
          "나는 혈액형이 A형이다.",
          "나는 저녁에 TV를 본다.",
          "나는 역사/문화 여행을 좋아한다.",
          "나는 가끔 슬프다."
        ]
      }
    },
    {
      "prevSessionID": "4-00567-3",
      "prevTimeInfo": {
        "timeNum": "2",
        "timeUnit": "주"
      },
      "nthSession": "4",
      "numberOfUtterances": "14",
      "numberOfTurns": "7",
      "sessionID": "4-00567-4",
      "dialog": [
        {
          "speaker": "speaker1",
          "personaID": "68804",
          "participantID": "30111",
          "utterance": "2주만이에요~ 선생님 일본은 좀 다녀오셨나요?",
          "summary": "",
          "date": "2022-11-18",
          "time": "20:55:42",
          "terminate": "false"
        },
        {
          "speaker": "speaker2",
          "personaID": "94068",
          "participantID": "31830",
          "utterance": "반갑네요. 오랜만이군요. 저는 잘 다녀왔어요~",
          "summary": "",
          "date": "2022-11-18",
          "time": "20:55:51",
          "terminate": "false"
        },
        {
          "speaker": "speaker1",
          "personaID": "68804",
          "participantID": "30111",
          "utterance": "다녀오시니까 어떠셨나요? 생각보다 별거 없죠?",
          "summary": "",
          "date": "2022-11-18",
          "time": "20:56:01",
          "terminate": "false"
        },
        {
          "speaker": "speaker2",
          "personaID": "94068",
          "participantID": "31830",
          "utterance": "ㅎㅎ. 정말 도시 전체가 아름다운 그림과도 같았습니다.",
          "summary": "나는 교토가 좋았다.",
          "date": "2022-11-18",
          "time": "20:56:13",
          "terminate": "false"
        },
        {
          "speaker": "speaker1",
          "personaID": "68804",
          "participantID": "30111",
          "utterance": "그런가요~ 한국에도 그렇게 아름다운곳이 많은데요 ㅎㅎ.",
          "summary": "나는 한국 여행을 좋아한다.",
          "date": "2022-11-18",
          "time": "20:56:23",
          "terminate": "false"
        },
        {
          "speaker": "speaker2",
          "personaID": "94068",
          "participantID": "31830",
          "utterance": "그럴리가요..ㅎㅎ 전쟁 때문에 싹 밀려서 그런 멋진곳은 없는게 현실이죠.",
          "summary": "",
          "date": "2022-11-18",
          "time": "20:56:41",
          "terminate": "false"
        },
        {
          "speaker": "speaker1",
          "personaID": "68804",
          "participantID": "30111",
          "utterance": "문경만 가도 되게 좋답니다 ㅎㅎ. 가보셨나요?",
          "summary": "",
          "date": "2022-11-18",
          "time": "20:56:47",
          "terminate": "false"
        },
        {
          "speaker": "speaker2",
          "personaID": "94068",
          "participantID": "31830",
          "utterance": "ㅎㅎ. 그럼요. 제가 여행을 얼마나 많이 다니는데요. 선생님도 교토 한번 가보셔요~",
          "summary": "",
          "date": "2022-11-18",
          "time": "20:57:07",
          "terminate": "false"
        },
        {
          "speaker": "speaker1",
          "personaID": "68804",
          "participantID": "30111",
          "utterance": "그렇게 말씀하시면 저도 나중에 한번은 가봐야겠네요.",
          "summary": "나는 교토에 가볼 것이다.",
          "date": "2022-11-18",
          "time": "20:57:14",
          "terminate": "false"
        },
        {
          "speaker": "speaker2",
          "personaID": "94068",
          "participantID": "31830",
          "utterance": "후회 안하실겁니다.ㅎㅎ 되게 동네가 이쁘거든요.",
          "summary": "",
          "date": "2022-11-18",
          "time": "20:57:34",
          "terminate": "false"
        },
        {
          "speaker": "speaker1",
          "personaID": "68804",
          "participantID": "30111",
          "utterance": "그래서 교토 어디가 그렇게 좋으셨어요? 추천해주세요 ㅎㅎ.",
          "summary": "",
          "date": "2022-11-18",
          "time": "20:57:45",
          "terminate": "false"
        },
        {
          "speaker": "speaker2",
          "personaID": "94068",
          "participantID": "31830",
          "utterance": "이곳저곳 다 이뻐요. 저는 청수사가 참 좋더라구요.",
          "summary": "",
          "date": "2022-11-18",
          "time": "20:57:54",
          "terminate": "false"
        },
        {
          "speaker": "speaker1",
          "personaID": "68804",
          "participantID": "30111",
          "utterance": "그렇군요. 다음에 그러면 한번 사진도 보여주세요. 또 연락해요~",
          "summary": "",
          "date": "2022-11-18",
          "time": "20:57:57",
          "terminate": "false"
        },
        {
          "speaker": "speaker2",
          "personaID": "94068",
          "participantID": "31830",
          "utterance": "그래요.ㅎ 그럼 다음에 또 봐요~ 사진 보내드릴게요.ㅎ.",
          "summary": "",
          "date": "2022-11-18",
          "time": "20:58:16",
          "terminate": "true"
        }
      ],
      "sessionPersonaSummary": {
        "speaker1": [
          "나는 한국 여행을 좋아한다.",
          "나는 교토에 가볼 것이다."
        ],
        "speaker2": [
          "나는 교토가 좋았다."
        ]
      },
      "prevAggregatedpersonaSummary": {
        "speaker1": [
          "나는 30대 남자이다,.",
          "나는 탁구를 싫어한다.",
          "나는 요즘, 매일 환멸을 느낀다.",
          "나는 역사 선생님이다.",
          "나는 퇴근했다.",
          "나는 생일이 4월이다.",
          "나는 고등학교 교사이다.",
          "나는 수업이 힘들다.",
          "나는 고교시절이 생각난다.",
          "나는 자료 정리를 한다.",
          "나는 일본을 안 좋아한다."
        ],
        "speaker2": [
          "나는 50대 남자이다,.",
          "나는 혈액형이 A형이다.",
          "나는 저녁에 TV를 본다.",
          "나는 역사/문화 여행을 좋아한다.",
          "나는 가끔 슬프다.",
          "나는 교토에 갈 것이다.",
          "나는 일본을 좋아한다."
        ]
      }
    }
  ]
}