{
  "FileInfo": {
    "filename": "K4-00078-CL26864-CP27273-12-13-S4.json",
    "sessionLevel": "4"
  },
  "participantsInfo": {
    "numberOfParticipants": "2",
    "speaker1": {
      "participantID": "4612",
      "gender": "여성",
      "age": "30대",
      "occupation": "무직",
      "bPlace": "서울/경기/인천",
      "gPlace": "대전/세종/충청/강원",
      "rPlace": "대전/세종/충청/강원",
      "educationLevel": "고졸"
    },
    "speaker2": {
      "participantID": "4736",
      "gender": "여성",
      "age": "30대",
      "occupation": "서비스직",
      "bPlace": "부산/대구/울산/경상",
      "gPlace": "서울/경기/인천",
      "rPlace": "서울/경기/인천",
      "educationLevel": "대졸"
    }
  },
  "multisessionInfo": {
    "multisessionID": "4-00078"
  },
  "personaInfo": {
    "clInfo": {
      "personaID": "26864",
      "personaFeatures": [
        "나는 여자이다.",
        "나는 20대이다.",
        "나의 남자 형제는 세무사이다",
        "나는 의상 디자이너이다",
        "나는 스포츠 영화를 싫어한다",
        "나는 소주를 최근에 끊었다",
        "나의 생일은 5월이다"
      ],
      "speakerType": "speaker1"
    },
    "cpInfo": {
      "personaID": "27273",
      "personaFeatures": [
        "나는 여자이다.",
        "나는 20대이다.",
        "나의 거주지는 안동이다",
        "나는 밴드부 동아리에 참여한다",
        "나는 피아노 연주를 배우고 싶다",
        "나는 위스키를 좋아한다",
        "나는 혈액형이 AB형이다"
      ],
      "speakerType": "speaker2"
    }
  },
  "topicInfo": {
    "topicID": "12-13",
    "topicType": "여가와 오락>여행",
    "topicTitle": "놀이공원"
  },
  "sessionInfo": [
    {
      "prevSessionID": null,
      "prevTimeInfo": {
        "timeNum": null,
        "timeUnit": null
      },
      "nthSession": "1",
      "numberOfUtterances": "14",
      "numberOfTurns": "7",
      "sessionID": "4-00078-1",
      "dialog": [
        {
          "speaker": "speaker1",
          "personaID": "26864",
          "participantID": "4612",
          "utterance": "안녕하세요 저는 20대 여자입니다",
          "summary": "나는 20대 여자이다",
          "date": "2022-11-26",
          "time": "22:39:14",
          "terminate": "false"
        },
        {
          "speaker": "speaker2",
          "personaID": "27273",
          "participantID": "4736",
          "utterance": " 안녕하세요 저도 20대 여성이에요~ 안동에 살고 있구요. 반갑습니다. 혹시 어디 사시나요?",
          "summary": "나는 20대 여성이다. 나는 안동에 산다",
          "date": "2022-11-26",
          "time": "22:40:11",
          "terminate": "false"
        },
        {
          "speaker": "speaker1",
          "personaID": "26864",
          "participantID": "4612",
          "utterance": "저는 대전에 살고 의상 디자이너입니다 직업이 어떻게 되세요?",
          "summary": "나는 대전에 산다. 나는 의상 디자이너이다",
          "date": "2022-11-26",
          "time": "22:40:48",
          "terminate": "false"
        },
        {
          "speaker": "speaker2",
          "personaID": "27273",
          "participantID": "4736",
          "utterance": "아하 저는 평범한 회사원이에요~ 취미로 직장인 밴드부 동아리를 하고 있고, 요새는 피아노 연주도 배우고 싶어서 알아보고 있어요^^ 님은 좋아하시는 취미 있으신가요?",
          "summary": "나는 평범한 회사원이다. 나는 취미로 직장인 밴드부 동아리를 하고 있다. 나는 피아노 연주를 배우고 싶어서 알아보고 있다",
          "date": "2022-11-26",
          "time": "22:43:37",
          "terminate": "false"
        },
        {
          "speaker": "speaker1",
          "personaID": "26864",
          "participantID": "4612",
          "utterance": "저는 영화 감상이 취미인데 스포츠 영화는 싫어해요",
          "summary": "나는 영화 감상이 취미이다. 나는 스포츠 영화는 싫어한다",
          "date": "2022-11-26",
          "time": "22:44:58",
          "terminate": "false"
        },
        {
          "speaker": "speaker2",
          "personaID": "27273",
          "participantID": "4736",
          "utterance": "아하 운동을 별로 안좋아하시나봐요~ 저는 위스키를 좋아해서 매일 저녁 위스키한잔하는게 취미에요 ㅎㅎ",
          "summary": "나는 위스키를 좋아해서 매일 저녁 위스키 한잔하는 게 취미다",
          "date": "2022-11-26",
          "time": "22:46:05",
          "terminate": "false"
        },
        {
          "speaker": "speaker1",
          "personaID": "26864",
          "participantID": "4612",
          "utterance": "그러시구나 전 소주를 좋아하는데 최근에 끊었어요",
          "summary": "나는 소주를 좋아하는데 최근에 끊었다",
          "date": "2022-11-26",
          "time": "22:46:49",
          "terminate": "false"
        },
        {
          "speaker": "speaker2",
          "personaID": "27273",
          "participantID": "4736",
          "utterance": "엇.. 저도 끊어야하는데.. 대단하세요!! 혈액형이 어떻게 되시나요? 저는 AB형이에요!",
          "summary": "나는 AB형이다",
          "date": "2022-11-26",
          "time": "22:48:20",
          "terminate": "false"
        },
        {
          "speaker": "speaker1",
          "personaID": "26864",
          "participantID": "4612",
          "utterance": "저는 O형입니다 저의 남자 형제는 세무사에요 혹시 남자 형제 있으세요?",
          "summary": "나는 O형이다. 나는 세무사인 남자 형제가 있다",
          "date": "2022-11-26",
          "time": "22:48:56",
          "terminate": "false"
        },
        {
          "speaker": "speaker2",
          "personaID": "27273",
          "participantID": "4736",
          "utterance": "저는 외동이라 형제있는 분들이 부럽더라구요. 세무사 공부도 어렵다고 하던데 형제분 대단하시네요",
          "summary": "나는 외동이라 형제 있는 사람들이 부럽다",
          "date": "2022-11-26",
          "time": "22:50:52",
          "terminate": "false"
        },
        {
          "speaker": "speaker1",
          "personaID": "26864",
          "participantID": "4612",
          "utterance": "그러게요 저도 대단하다고 느껴져요 제 생일은 5월인데 몇 월 생이세요?",
          "summary": "나는 5월생이다",
          "date": "2022-11-26",
          "time": "22:53:03",
          "terminate": "false"
        },
        {
          "speaker": "speaker2",
          "personaID": "27273",
          "participantID": "4736",
          "utterance": "저는 @날짜@생이에요~ 5월이시면 따스한 봄에 태어나셨군요",
          "summary": "나는 @날짜@ 생이다",
          "date": "2022-11-26",
          "time": "22:54:28",
          "terminate": "false"
        },
        {
          "speaker": "speaker1",
          "personaID": "26864",
          "participantID": "4612",
          "utterance": "맞아요 저는 곧 밥 먹으러 가야 하는데 식사하셨나요?",
          "summary": "나는 곧 밥 먹으러 간다",
          "date": "2022-11-26",
          "time": "22:56:15",
          "terminate": "false"
        },
        {
          "speaker": "speaker2",
          "personaID": "27273",
          "participantID": "4736",
          "utterance": "아니요~ 이제 밥먹으러 가려구요^^ 식사 맛있게 하세요~",
          "summary": "나는 이제 밥을 먹으러 갈 것이다.",
          "date": "2022-11-26",
          "time": "22:56:43",
          "terminate": "true"
        }
      ],
      "sessionPersonaSummary": {
        "speaker1": [
          "나는 20대 여자이다",
          "나는 대전에 산다. 나는 의상 디자이너이다",
          "나는 영화 감상이 취미이다. 나는 스포츠 영화는 싫어한다",
          "나는 소주를 좋아하는데 최근에 끊었다",
          "나는 O형이다. 나는 세무사인 남자 형제가 있다",
          "나는 5월생이다",
          "나는 곧 밥 먹으러 간다"
        ],
        "speaker2": [
          "나는 20대 여성이다. 나는 안동에 산다",
          "나는 평범한 회사원이다. 나는 취미로 직장인 밴드부 동아리를 하고 있다. 나는 피아노 연주를 배우고 싶어서 알아보고 있다",
          "나는 위스키를 좋아해서 매일 저녁 위스키 한잔하는 게 취미다",
          "나는 AB형이다",
          "나는 외동이라 형제 있는 사람들이 부럽다",
          "나는 @날짜@ 생이다",
          "나는 이제 밥을 먹으러 갈 것이다."
        ]
      },
      "prevAggregatedpersonaSummary": {
        "speaker1": [],
        "speaker2": []
      }
    },
    {
      "prevSessionID": "4-00078-1",
      "prevTimeInfo": {
        "timeNum": "2",
        "timeUnit": "주"
      },
      "nthSession": "2",
      "numberOfUtterances": "14",
      "numberOfTurns": "7",
      "sessionID": "4-00078-2",
      "dialog": [
        {
          "speaker": "speaker1",
          "personaID": "26864",
          "participantID": "4612",
          "utterance": "2주 만에 뵙네요 그간 어떻게 지내셨어요?",
          "summary": "",
          "date": "2022-11-26",
          "time": "23:04:25",
          "terminate": "false"
        },
        {
          "speaker": "speaker2",
          "personaID": "27273",
          "participantID": "4736",
          "utterance": "안녕하세요~ 저는 아직도 위스키를 끊지 못하고 거의 매일 마셔요.. 최근에 여행다녀왔는데 거기서도 빼먹지 않고 마셨답니다. 님은 어떻게 지내셨어요?",
          "summary": "나는 아직도 위스키를 끊지 못하고 거의 매일 마신다. 나는 최근에 여행 다녀왔는데 거기서도 빼먹지 않고 위스키를 마셨다",
          "date": "2022-11-26",
          "time": "23:05:23",
          "terminate": "false"
        },
        {
          "speaker": "speaker1",
          "personaID": "26864",
          "participantID": "4612",
          "utterance": "혹시 해외여행 다녀오셨나요? 저는 친구랑 놀이공원에 다녀왔어요",
          "summary": "나는 친구랑 놀이공원에 다녀왔다",
          "date": "2022-11-26",
          "time": "23:06:05",
          "terminate": "false"
        },
        {
          "speaker": "speaker2",
          "personaID": "27273",
          "participantID": "4736",
          "utterance": "네~ 친구들과 여행계 하는게 있는데 드디어 지난주에 괌으로 다녀왔답니다!! 님도 놀이공원 엄청 재미있으셨겠어요~ 놀이기구 잘타시나요?",
          "summary": "나는 지난주에 친구들과 괌으로 여행 다녀왔다",
          "date": "2022-11-26",
          "time": "23:08:50",
          "terminate": "false"
        },
        {
          "speaker": "speaker1",
          "personaID": "26864",
          "participantID": "4612",
          "utterance": "사실 무서운 걸 잘 못 타요 ㅎㅎ 그래도 나름 즐겁게 놀다 왔어요",
          "summary": "나는 무서운 걸 잘 못 탄다",
          "date": "2022-11-26",
          "time": "23:09:51",
          "terminate": "false"
        },
        {
          "speaker": "speaker2",
          "personaID": "27273",
          "participantID": "4736",
          "utterance": "아하 놀이공원은 사실 기구를 안타도 거기 가는것 자체만으로도 신나고 행복한것같아요~ 혹시 사람이 많지는 않았나요??",
          "summary": "나는 놀이 기구를 타지 않아도 놀이공원에 가는 것 자체만으로도 신나고 행복하다",
          "date": "2022-11-26",
          "time": "23:11:02",
          "terminate": "false"
        },
        {
          "speaker": "speaker1",
          "personaID": "26864",
          "participantID": "4612",
          "utterance": "주말엔 사람이 터질 것 같아서 의상디자이너 일을  월차 쓰고 평일에 다녀왔어요 무서운 거 잘 타세요?",
          "summary": "나는 의상 디자이너 일을 월차를 쓰고 놀이공원을 평일에 다녀왔다",
          "date": "2022-11-26",
          "time": "23:12:39",
          "terminate": "false"
        },
        {
          "speaker": "speaker2",
          "personaID": "27273",
          "participantID": "4736",
          "utterance": "아하 굿초이스였네요! 저는 무서운거 잘타요~!! 특히 롤러코스터가 제일 재밌더라구요~ 전에 일본여행갔을때도 @브랜드명@는 꼭 빼먹지 않고 다녀왔어요",
          "summary": "나는 무서운 놀이 기구를 잘 타고 특히 롤러코스터가 제일 재밌다. 나는 일본 여행 갔을 때도@브랜드명@는 꼭 빼먹지 않고 다녀왔다",
          "date": "2022-11-26",
          "time": "23:14:49",
          "terminate": "false"
        },
        {
          "speaker": "speaker1",
          "personaID": "26864",
          "participantID": "4612",
          "utterance": "@브랜드명@ 저도 가보고 싶어요 무서운 거 잘 타려면 어떻게 해야 될까요?",
          "summary": "나는 @브랜드명@에 가고 싶다",
          "date": "2022-11-26",
          "time": "23:32:56",
          "terminate": "false"
        },
        {
          "speaker": "speaker2",
          "personaID": "27273",
          "participantID": "4736",
          "utterance": "음.. 무서운 거 잘타려면.. 눈감고 타면 괜찮지 않을까요?? ㅎㅎ 그래도 @브랜드명@는 무서운거 거의 없으니깐 꼭 한번 가보세요~ 저는 미국에 있는것도 가보고 싶어요",
          "summary": "나는 미국에 있는 @브랜드명@도 가고 싶다",
          "date": "2022-11-26",
          "time": "23:37:39",
          "terminate": "false"
        },
        {
          "speaker": "speaker1",
          "personaID": "26864",
          "participantID": "4612",
          "utterance": "역시 눈 감는 방법밖에 없나... 저도 둘 다 가보고 싶네요 사실 전 귀신의 집도 안 가봤어요",
          "summary": "나는 귀신의 집도 안 가봤다",
          "date": "2022-11-26",
          "time": "23:41:43",
          "terminate": "false"
        },
        {
          "speaker": "speaker2",
          "personaID": "27273",
          "participantID": "4736",
          "utterance": "엇.. 사실.. 저도 귀신은 무서워요.. 스릴넘치는건 괜찮은데 귀신은 무섭더라구요ㅠ ",
          "summary": "나는 스릴 넘치는 건 괜찮은데 귀신은 무섭다",
          "date": "2022-11-26",
          "time": "23:46:32",
          "terminate": "false"
        },
        {
          "speaker": "speaker1",
          "personaID": "26864",
          "participantID": "4612",
          "utterance": "ㅋㅋㅋ 그렇군요 전 무서운 영화도 못 봐요 기는 센데 이상하죠",
          "summary": "나는 기가 센데 무서운 영화를 못 본다",
          "date": "2022-11-26",
          "time": "23:50:31",
          "terminate": "false"
        },
        {
          "speaker": "speaker2",
          "personaID": "27273",
          "participantID": "4736",
          "utterance": "아하 저는 이만 가봐야할것 같아요~ ",
          "summary": "",
          "date": "2022-11-27",
          "time": "18:16:26",
          "terminate": "true"
        }
      ],
      "sessionPersonaSummary": {
        "speaker1": [
          "나는 친구랑 놀이공원에 다녀왔다",
          "나는 무서운 걸 잘 못 탄다",
          "나는 의상 디자이너 일을 월차를 쓰고 놀이공원을 평일에 다녀왔다",
          "나는 @브랜드명@에 가고 싶다",
          "나는 귀신의 집도 안 가봤다",
          "나는 기가 센데 무서운 영화를 못 본다"
        ],
        "speaker2": [
          "나는 아직도 위스키를 끊지 못하고 거의 매일 마신다. 나는 최근에 여행 다녀왔는데 거기서도 빼먹지 않고 위스키를 마셨다",
          "나는 지난주에 친구들과 괌으로 여행 다녀왔다",
          "나는 놀이 기구를 타지 않아도 놀이공원에 가는 것 자체만으로도 신나고 행복하다",
          "나는 무서운 놀이 기구를 잘 타고 특히 롤러코스터가 제일 재밌다. 나는 일본 여행 갔을 때도@브랜드명@는 꼭 빼먹지 않고 다녀왔다",
          "나는 미국에 있는 @브랜드명@도 가고 싶다",
          "나는 스릴 넘치는 건 괜찮은데 귀신은 무섭다"
        ]
      },
      "prevAggregatedpersonaSummary": {
        "speaker1": [
          "나는 20대 여자이다",
          "나는 대전에 산다. 나는 의상 디자이너이다",
          "나는 영화 감상이 취미이다. 나는 스포츠 영화는 싫어한다",
          "나는 소주를 좋아하는데 최근에 끊었다",
          "나는 O형이다. 나는 세무사인 남자 형제가 있다",
          "나는 5월생이다",
          "나는 곧 밥 먹으러 간다"
        ],
        "speaker2": [
          "나는 20대 여성이다. 나는 안동에 산다",
          "나는 평범한 회사원이다. 나는 취미로 직장인 밴드부 동아리를 하고 있다. 나는 피아노 연주를 배우고 싶어서 알아보고 있다",
          "나는 위스키를 좋아해서 매일 저녁 위스키 한잔하는 게 취미다",
          "나는 AB형이다",
          "나는 외동이라 형제 있는 사람들이 부럽다",
          "나는 @날짜@ 생이다",
          "나는 이제 밥을 먹으러 갈 것이다."
        ]
      }
    },
    {
      "prevSessionID": "4-00078-2",
      "prevTimeInfo": {
        "timeNum": "2",
        "timeUnit": "일"
      },
      "nthSession": "3",
      "numberOfUtterances": "14",
      "numberOfTurns": "7",
      "sessionID": "4-00078-3",
      "dialog": [
        {
          "speaker": "speaker1",
          "personaID": "26864",
          "participantID": "4612",
          "utterance": "2일 만에 뵙네요 잘 지내셨어요?",
          "summary": "",
          "date": "2022-11-27",
          "time": "18:21:45",
          "terminate": "false"
        },
        {
          "speaker": "speaker2",
          "personaID": "27273",
          "participantID": "4736",
          "utterance": "네~ 안녕하세요 저는 잘 지냈어요. 지난번에 놀이공원얘기하셔서 저도 친구꼬셔서 다녀왔어요!!",
          "summary": "나는 잘 지냈고 친구를 설득해 놀이공원에 다녀왔다",
          "date": "2022-11-27",
          "time": "18:44:16",
          "terminate": "false"
        },
        {
          "speaker": "speaker1",
          "personaID": "26864",
          "participantID": "4612",
          "utterance": "오 재밌으셨나요? 저도 놀이공원 또 가고 싶네요",
          "summary": "나는 놀이공원 또 가고 싶다",
          "date": "2022-11-27",
          "time": "18:50:02",
          "terminate": "false"
        },
        {
          "speaker": "speaker2",
          "personaID": "27273",
          "participantID": "4736",
          "utterance": "네네~ 재밌었어요~ 근데 사람이 너무 많아서.. 하나타는데 2시간씩 기다렸어요",
          "summary": "나는 놀이공원에 사람이 너무 많아서 놀이기구 하나 타는데 2시간씩 기다렸다",
          "date": "2022-11-27",
          "time": "20:13:41",
          "terminate": "false"
        },
        {
          "speaker": "speaker1",
          "personaID": "26864",
          "participantID": "4612",
          "utterance": "저런... 주말에 가셨어요? 놀이공원은 평일에 가는 게 속 편한 것 같아요",
          "summary": "나는 놀이공원은 평일에 가는 게 속 편하다",
          "date": "2022-11-27",
          "time": "20:32:29",
          "terminate": "false"
        },
        {
          "speaker": "speaker2",
          "personaID": "27273",
          "participantID": "4736",
          "utterance": "네ㅠㅠ 친구랑 시간을 맞추려다보니 주말밖에 안돼서ㅠㅠ 그래도 재미는 있었어요~ 님도 잘지내셨나요?? 별일 없으셨죠?",
          "summary": "나는 주말에 친구와 놀이공원에 갔고 재밌었다",
          "date": "2022-11-27",
          "time": "21:35:10",
          "terminate": "false"
        },
        {
          "speaker": "speaker1",
          "personaID": "26864",
          "participantID": "4612",
          "utterance": "네 저도 잘 지냈어요 저번엔 실내 놀이공원 갔었는데 다음 주엔 야외 놀이공원에 가려고요",
          "summary": "나는 다음 주엔 야외 놀이공원에 갈 것이다",
          "date": "2022-11-27",
          "time": "21:38:38",
          "terminate": "false"
        },
        {
          "speaker": "speaker2",
          "personaID": "27273",
          "participantID": "4736",
          "utterance": "오호 야외가 더 재밌겠네요~~ 보통 여가 시간에는 어떤거 하세요??",
          "summary": "",
          "date": "2022-11-27",
          "time": "22:29:06",
          "terminate": "false"
        },
        {
          "speaker": "speaker1",
          "personaID": "26864",
          "participantID": "4612",
          "utterance": "저는 여행 서적 보는 걸 좋아해요 여행 좋아하세요?",
          "summary": "나는 여행 서적 보는 걸 좋아한다",
          "date": "2022-11-27",
          "time": "22:32:44",
          "terminate": "false"
        },
        {
          "speaker": "speaker2",
          "personaID": "27273",
          "participantID": "4736",
          "utterance": "그럼요~ 저도 여행 좋아해요!! 그래서 여행사에서 근무할까 생각도 해봤는데 생각해보니 여행사에서 일하면 다른사람들 여행만 보내주게 되는거더라고요;;; ",
          "summary": "나는 여행을 좋아하고 여행사에 근무할까 생각도 해봤다",
          "date": "2022-11-27",
          "time": "22:34:05",
          "terminate": "false"
        },
        {
          "speaker": "speaker1",
          "personaID": "26864",
          "participantID": "4612",
          "utterance": "그렇군요 혹시 일본, 미국 제외한 놀이공원이 유명한 나라 추천해 주실 수 있으세요?",
          "summary": "",
          "date": "2022-11-27",
          "time": "22:35:12",
          "terminate": "false"
        },
        {
          "speaker": "speaker2",
          "personaID": "27273",
          "participantID": "4736",
          "utterance": "가보지는 않았는데 @브랜드명1@라고 @브랜드명@의 두배정도 되는곳도 있대요~",
          "summary": "",
          "date": "2022-11-27",
          "time": "22:37:34",
          "terminate": "false"
        },
        {
          "speaker": "speaker1",
          "personaID": "26864",
          "participantID": "4612",
          "utterance": "와 그렇군요 급 흥미가 생기네요 놀이공원을 워낙 좋아하거든요",
          "summary": "나는 놀이공원을 워낙 좋아한다",
          "date": "2022-11-27",
          "time": "22:41:52",
          "terminate": "false"
        },
        {
          "speaker": "speaker2",
          "personaID": "27273",
          "participantID": "4736",
          "utterance": "아하 그럼 지금 한번 검색해보세요~~ 저도 이만 가봐야할것같아요",
          "summary": "",
          "date": "2022-11-27",
          "time": "22:45:54",
          "terminate": "true"
        }
      ],
      "sessionPersonaSummary": {
        "speaker1": [
          "나는 놀이공원 또 가고 싶다",
          "나는 놀이공원은 평일에 가는 게 속 편하다",
          "나는 다음 주엔 야외 놀이공원에 갈 것이다",
          "나는 여행 서적 보는 걸 좋아한다",
          "나는 놀이공원을 워낙 좋아한다"
        ],
        "speaker2": [
          "나는 잘 지냈고 친구를 설득해 놀이공원에 다녀왔다",
          "나는 놀이공원에 사람이 너무 많아서 놀이기구 하나 타는데 2시간씩 기다렸다",
          "나는 주말에 친구와 놀이공원에 갔고 재밌었다",
          "나는 여행을 좋아하고 여행사에 근무할까 생각도 해봤다"
        ]
      },
      "prevAggregatedpersonaSummary": {
        "speaker1": [
          "나는 20대 여자이다",
          "나는 대전에 산다. 나는 의상 디자이너이다",
          "나는 영화 감상이 취미이다. 나는 스포츠 영화는 싫어한다",
          "나는 소주를 좋아하는데 최근에 끊었다",
          "나는 O형이다. 나는 세무사인 남자 형제가 있다",
          "나는 5월생이다",
          "나는 곧 밥 먹으러 간다",
          "나는 친구랑 놀이공원에 다녀왔다",
          "나는 무서운 걸 잘 못 탄다",
          "나는 의상 디자이너 일을 월차를 쓰고 놀이공원을 평일에 다녀왔다",
          "나는 @브랜드명@에 가고 싶다",
          "나는 귀신의 집도 안 가봤다",
          "나는 기가 센데 무서운 영화를 못 본다"
        ],
        "speaker2": [
          "나는 20대 여성이다. 나는 안동에 산다",
          "나는 평범한 회사원이다. 나는 취미로 직장인 밴드부 동아리를 하고 있다. 나는 피아노 연주를 배우고 싶어서 알아보고 있다",
          "나는 위스키를 좋아해서 매일 저녁 위스키 한잔하는 게 취미다",
          "나는 AB형이다",
          "나는 외동이라 형제 있는 사람들이 부럽다",
          "나는 @날짜@ 생이다",
          "나는 이제 밥을 먹으러 갈 것이다.",
          "나는 아직도 위스키를 끊지 못하고 거의 매일 마신다. 나는 최근에 여행 다녀왔는데 거기서도 빼먹지 않고 위스키를 마셨다",
          "나는 지난주에 친구들과 괌으로 여행 다녀왔다",
          "나는 놀이 기구를 타지 않아도 놀이공원에 가는 것 자체만으로도 신나고 행복하다",
          "나는 무서운 놀이 기구를 잘 타고 특히 롤러코스터가 제일 재밌다. 나는 일본 여행 갔을 때도@브랜드명@는 꼭 빼먹지 않고 다녀왔다",
          "나는 미국에 있는 @브랜드명@도 가고 싶다",
          "나는 스릴 넘치는 건 괜찮은데 귀신은 무섭다"
        ]
      }
    },
    {
      "prevSessionID": "4-00078-3",
      "prevTimeInfo": {
        "timeNum": "2",
        "timeUnit": "일"
      },
      "nthSession": "4",
      "numberOfUtterances": "14",
      "numberOfTurns": "7",
      "sessionID": "4-00078-4",
      "dialog": [
        {
          "speaker": "speaker1",
          "personaID": "26864",
          "participantID": "4612",
          "utterance": "2일 만이죠? 그동안 잘 지내셨어요?",
          "summary": "",
          "date": "2022-11-27",
          "time": "22:50:32",
          "terminate": "false"
        },
        {
          "speaker": "speaker2",
          "personaID": "27273",
          "participantID": "4736",
          "utterance": "네~ 저는 별일 없이 잘 지냈어요~ 님은 야외 놀이공원 일정 잡으셨나요?",
          "summary": "나는 별일 없이 잘 지냈다",
          "date": "2022-11-27",
          "time": "22:53:40",
          "terminate": "false"
        },
        {
          "speaker": "speaker1",
          "personaID": "26864",
          "participantID": "4612",
          "utterance": "네 용인의 유명한 놀이공원에 가려고 해요",
          "summary": "나는 용인의 유명한 놀이공원에 가려고 한다",
          "date": "2022-11-27",
          "time": "22:57:34",
          "terminate": "false"
        },
        {
          "speaker": "speaker2",
          "personaID": "27273",
          "participantID": "4736",
          "utterance": "아하 거기도 재밌죠~~ 보통 누구랑 같이 가시나요?",
          "summary": "",
          "date": "2022-11-27",
          "time": "22:59:05",
          "terminate": "false"
        },
        {
          "speaker": "speaker1",
          "personaID": "26864",
          "participantID": "4612",
          "utterance": "주로 친구들이랑 가요 혼자 가는 놀이공원도 재밌을 것 같아요",
          "summary": "나는 주로 친구들이랑 놀이공원 간다. 나는 혼자놀이공원 가도 재밌을 것 같다",
          "date": "2022-11-27",
          "time": "23:00:05",
          "terminate": "false"
        },
        {
          "speaker": "speaker2",
          "personaID": "27273",
          "participantID": "4736",
          "utterance": "헛.. 혼자요?? 용자시네요!! 저는 혼자는 못갈것같아요ㅠㅠ ",
          "summary": "나는 혼자 놀이공원은 못 갈 것 같다",
          "date": "2022-11-27",
          "time": "23:03:14",
          "terminate": "false"
        },
        {
          "speaker": "speaker1",
          "personaID": "26864",
          "participantID": "4612",
          "utterance": "ㅋㅋㅋ 님은 놀이공원 또 언제 가실 계획인가요?",
          "summary": "",
          "date": "2022-11-27",
          "time": "23:06:22",
          "terminate": "false"
        },
        {
          "speaker": "speaker2",
          "personaID": "27273",
          "participantID": "4736",
          "utterance": "음 저는 저번에 갔을때 재밌긴했는데 기다리는게 너무 힘들었어서.. 당분간은 쉬려고요.. 이제 체력이 안되네요ㅠㅠ ",
          "summary": "나는 저번에 놀이공원에 갔을 때 기다리는 게 너무 힘들었어서 당분간 쉬려고 한다",
          "date": "2022-11-27",
          "time": "23:08:38",
          "terminate": "false"
        },
        {
          "speaker": "speaker1",
          "personaID": "26864",
          "participantID": "4612",
          "utterance": "맞아요 체력이 돼야 노는 것도 제대로 놀 수 있더라고요 전 익스트림한 어트랙션은 거의 안 타서 체력 소모가 별로 없는 것 같아요",
          "summary": "나는 익스 트림한 어트랙션은 거의 안 타서 체력 소모가 별로 없다",
          "date": "2022-11-27",
          "time": "23:10:02",
          "terminate": "false"
        },
        {
          "speaker": "speaker2",
          "personaID": "27273",
          "participantID": "4736",
          "utterance": "아하 그렇겠네요~ 저는 당분간은 힐링여행이나 하려구요 ",
          "summary": "나는 당분간 힐링여행을 할 생각이다",
          "date": "2022-11-27",
          "time": "23:19:17",
          "terminate": "false"
        },
        {
          "speaker": "speaker1",
          "personaID": "26864",
          "participantID": "4612",
          "utterance": "그래요 힐링을 원하시면 제주도 추천드려요 저번에 갔는데 좋더라고요",
          "summary": "나는 제주도를 다녀왔는데 좋았다",
          "date": "2022-11-27",
          "time": "23:22:57",
          "terminate": "false"
        },
        {
          "speaker": "speaker2",
          "personaID": "27273",
          "participantID": "4736",
          "utterance": "제주도 좋네요~ 추천 감사해요~~ 제주도 항공권알아봐야겠어요",
          "summary": "나는 제주도 항공권을 알아볼 예정이다",
          "date": "2022-11-27",
          "time": "23:23:21",
          "terminate": "false"
        },
        {
          "speaker": "speaker1",
          "personaID": "26864",
          "participantID": "4612",
          "utterance": "네네 마음껏 힐링하는 여행 되시길 바랄게요",
          "summary": "",
          "date": "2022-11-27",
          "time": "23:27:23",
          "terminate": "false"
        },
        {
          "speaker": "speaker2",
          "personaID": "27273",
          "participantID": "4736",
          "utterance": "감사합니다~ 이만 가볼게요~ 안녕히 계세요",
          "summary": "",
          "date": "2022-11-27",
          "time": "23:31:19",
          "terminate": "true"
        }
      ],
      "sessionPersonaSummary": {
        "speaker1": [
          "나는 용인의 유명한 놀이공원에 가려고 한다",
          "나는 주로 친구들이랑 놀이공원 간다. 나는 혼자놀이공원 가도 재밌을 것 같다",
          "나는 익스 트림한 어트랙션은 거의 안 타서 체력 소모가 별로 없다",
          "나는 제주도를 다녀왔는데 좋았다"
        ],
        "speaker2": [
          "나는 별일 없이 잘 지냈다",
          "나는 혼자 놀이공원은 못 갈 것 같다",
          "나는 저번에 놀이공원에 갔을 때 기다리는 게 너무 힘들었어서 당분간 쉬려고 한다",
          "나는 당분간 힐링여행을 할 생각이다",
          "나는 제주도 항공권을 알아볼 예정이다"
        ]
      },
      "prevAggregatedpersonaSummary": {
        "speaker1": [
          "나는 20대 여자이다",
          "나는 대전에 산다. 나는 의상 디자이너이다",
          "나는 영화 감상이 취미이다. 나는 스포츠 영화는 싫어한다",
          "나는 소주를 좋아하는데 최근에 끊었다",
          "나는 O형이다. 나는 세무사인 남자 형제가 있다",
          "나는 5월생이다",
          "나는 곧 밥 먹으러 간다",
          "나는 친구랑 놀이공원에 다녀왔다",
          "나는 무서운 걸 잘 못 탄다",
          "나는 의상 디자이너 일을 월차를 쓰고 놀이공원을 평일에 다녀왔다",
          "나는 @브랜드명@에 가고 싶다",
          "나는 귀신의 집도 안 가봤다",
          "나는 기가 센데 무서운 영화를 못 본다",
          "나는 놀이공원 또 가고 싶다",
          "나는 놀이공원은 평일에 가는 게 속 편하다",
          "나는 다음 주엔 야외 놀이공원에 갈 것이다",
          "나는 여행 서적 보는 걸 좋아한다",
          "나는 놀이공원을 워낙 좋아한다"
        ],
        "speaker2": [
          "나는 20대 여성이다. 나는 안동에 산다",
          "나는 평범한 회사원이다. 나는 취미로 직장인 밴드부 동아리를 하고 있다. 나는 피아노 연주를 배우고 싶어서 알아보고 있다",
          "나는 위스키를 좋아해서 매일 저녁 위스키 한잔하는 게 취미다",
          "나는 AB형이다",
          "나는 외동이라 형제 있는 사람들이 부럽다",
          "나는 @날짜@ 생이다",
          "나는 이제 밥을 먹으러 갈 것이다.",
          "나는 아직도 위스키를 끊지 못하고 거의 매일 마신다. 나는 최근에 여행 다녀왔는데 거기서도 빼먹지 않고 위스키를 마셨다",
          "나는 지난주에 친구들과 괌으로 여행 다녀왔다",
          "나는 놀이 기구를 타지 않아도 놀이공원에 가는 것 자체만으로도 신나고 행복하다",
          "나는 무서운 놀이 기구를 잘 타고 특히 롤러코스터가 제일 재밌다. 나는 일본 여행 갔을 때도@브랜드명@는 꼭 빼먹지 않고 다녀왔다",
          "나는 미국에 있는 @브랜드명@도 가고 싶다",
          "나는 스릴 넘치는 건 괜찮은데 귀신은 무섭다",
          "나는 잘 지냈고 친구를 설득해 놀이공원에 다녀왔다",
          "나는 놀이공원에 사람이 너무 많아서 놀이기구 하나 타는데 2시간씩 기다렸다",
          "나는 주말에 친구와 놀이공원에 갔고 재밌었다",
          "나는 여행을 좋아하고 여행사에 근무할까 생각도 해봤다"
        ]
      }
    }
  ]
}