{
  "FileInfo": {
    "filename": "K4-00453-CL91149-CP67107-03-08-S4.json",
    "sessionLevel": "4"
  },
  "participantsInfo": {
    "numberOfParticipants": "2",
    "speaker1": {
      "participantID": "31544",
      "gender": "남성",
      "age": "40대",
      "occupation": "사무직",
      "bPlace": "서울/경기/인천",
      "gPlace": "서울/경기/인천",
      "rPlace": "서울/경기/인천",
      "educationLevel": "중졸"
    },
    "speaker2": {
      "participantID": "30043",
      "gender": "남성",
      "age": "20대",
      "occupation": "학생",
      "bPlace": "서울/경기/인천",
      "gPlace": "서울/경기/인천",
      "rPlace": "서울/경기/인천",
      "educationLevel": "고졸"
    }
  },
  "multisessionInfo": {
    "multisessionID": "4-00453"
  },
  "personaInfo": {
    "clInfo": {
      "personaID": "91149",
      "personaFeatures": [
        "나는 남자이다.",
        "나는 40대이다.",
        "나는 농구를 좋아한다.",
        "나는 혈액형이 AB형이다.",
        "나는 요즘, 가끔 감사하다.",
        "나는 딸기를 안 먹는다."
      ],
      "speakerType": "speaker1"
    },
    "cpInfo": {
      "personaID": "67107",
      "personaFeatures": [
        "나는 남자이다.",
        "나는 20대이다.",
        "나는 부동산 투자에 관심이 있다.",
        "나의 생일은 7월이다.",
        "나는 실내에서 볼링 치는 것을 좋아한다.",
        "나는 닭볶음탕을 좋아한다.",
        "나는 혈액형이 A형이다."
      ],
      "speakerType": "speaker2"
    }
  },
  "topicInfo": {
    "topicID": "03-08",
    "topicType": "교통",
    "topicTitle": "이동수단"
  },
  "sessionInfo": [
    {
      "prevSessionID": null,
      "prevTimeInfo": {
        "timeNum": null,
        "timeUnit": null
      },
      "nthSession": "1",
      "numberOfUtterances": "14",
      "numberOfTurns": "7",
      "sessionID": "4-00453-1",
      "dialog": [
        {
          "speaker": "speaker1",
          "personaID": "91149",
          "participantID": "31544",
          "utterance": "안녕하세요. ㅎㅎ 저는 40대 남자예요. 반가워요~. ㅎㅎㅎ.",
          "summary": "나는 40대 남성이다.",
          "date": "2022-11-20",
          "time": "23:51:33",
          "terminate": "false"
        },
        {
          "speaker": "speaker2",
          "personaID": "67107",
          "participantID": "30043",
          "utterance": "안녕하세요, 저는 20대 남자입니다. 반갑습니다.",
          "summary": "나는 20대 남성이다.",
          "date": "2022-11-20",
          "time": "23:51:48",
          "terminate": "false"
        },
        {
          "speaker": "speaker1",
          "personaID": "91149",
          "participantID": "31544",
          "utterance": "저는 퇴근 후 친구들과 좋아하는 농구 하다가 쉬고 있는데 당신은 뭘 하고 계셨나요?",
          "summary": "나는 농구를 좋아한다.",
          "date": "2022-11-20",
          "time": "23:52:23",
          "terminate": "false"
        },
        {
          "speaker": "speaker2",
          "personaID": "67107",
          "participantID": "30043",
          "utterance": "제가 소심한 편인 A형이라 낯을 좀 가릴 수 있어서 양해 부탁드려요. 전 부동산 투자에 대해 알아보고 있었어요. 요새 투자에 관심이 생겨서요.",
          "summary": "나는 혈액형이 A형이다. 나는 부동산 투자에 관심이 있다.",
          "date": "2022-11-20",
          "time": "23:52:49",
          "terminate": "false"
        },
        {
          "speaker": "speaker1",
          "personaID": "91149",
          "participantID": "31544",
          "utterance": "오. 그렇군요. ㅎㅎ 혹시 올해 안에 부동산 투자를 하실 건가요? ㅎㅎ 전 예전에 투자 목적은 아니고 실거주 목적으로 아파트를 매매했어요. ㅎㅎ.",
          "summary": "나는 예전에 실거주 목적으로 아파트를 매매했다.",
          "date": "2022-11-20",
          "time": "23:54:21",
          "terminate": "false"
        },
        {
          "speaker": "speaker2",
          "personaID": "67107",
          "participantID": "30043",
          "utterance": "부모님이 관심을 가지시는데 제가 살피는 게 더 나을 것 같아서요. 아마 내년 즈음에 할 것 같아요. 수익은 좀 버셨나요?",
          "summary": "",
          "date": "2022-11-20",
          "time": "23:54:56",
          "terminate": "false"
        },
        {
          "speaker": "speaker1",
          "personaID": "91149",
          "participantID": "31544",
          "utterance": "저는 실거주 목적으로 구매한 거라서 수익은 없어요. ㅎㅎ 근데 아파트에 살아서 요즘 가끔 감사함을 느껴요.",
          "summary": "나는 요즘, 가끔 감사하다.",
          "date": "2022-11-20",
          "time": "23:56:00",
          "terminate": "false"
        },
        {
          "speaker": "speaker2",
          "personaID": "67107",
          "participantID": "30043",
          "utterance": "그래도 집값 좀 오르면 수익 난 기분이잖아요. ㅎㅎ 저는 기숙사에 살아서 가끔 불편해요. 가족분이랑 사시나요?",
          "summary": "",
          "date": "2022-11-20",
          "time": "23:58:34",
          "terminate": "false"
        },
        {
          "speaker": "speaker1",
          "personaID": "91149",
          "participantID": "31544",
          "utterance": "네. 전 가족들이랑 살아요. 20대 때 소심했던 AB형인 저와 결혼해서 아이 2명을 낳아준 제 아내에게 감사하죠. ㅎㅎ.",
          "summary": "나는 20대 때 결혼했다. 나는 아내와 아이 2명이 있다. 나의 혈액형은 AB형이다.",
          "date": "2022-11-20",
          "time": "23:59:06",
          "terminate": "false"
        },
        {
          "speaker": "speaker2",
          "personaID": "67107",
          "participantID": "30043",
          "utterance": "아이가 둘이나 계시는군요. 그럼 혹 취미도 아이랑 같이 즐기나요? 전 실내에서 볼링 치는 걸 즐겨요.",
          "summary": "나는 실내에서 볼링 치는 것을 좋아한다.",
          "date": "2022-11-20",
          "time": "23:59:43",
          "terminate": "false"
        },
        {
          "speaker": "speaker1",
          "personaID": "91149",
          "participantID": "31544",
          "utterance": "저는 농구를 좋아하기 때문에 제 @이름1@에게 농구하는걸 가르치는게 취미예요. ㅎㅎ.",
          "summary": "나는 내 @이름1@에게 농구하는 것을 가르치는 게 취미이다.",
          "date": "2022-11-21",
          "time": "00:00:40",
          "terminate": "false"
        },
        {
          "speaker": "speaker2",
          "personaID": "67107",
          "participantID": "30043",
          "utterance": "ㅎㅎ 좋겠어요. 전 제 생일이 7월이라 그때 야구 경기를 보러 가는데, @이름1@이랑 가는 게 결혼한 이후의 꿈이에요.",
          "summary": "나의 생일은 7월이다.",
          "date": "2022-11-21",
          "time": "00:01:38",
          "terminate": "false"
        },
        {
          "speaker": "speaker1",
          "personaID": "91149",
          "participantID": "31544",
          "utterance": "그렇군요. ㅎㅎ 혹시 지금 애인이 있나요? 갑자기 궁금해졌어요.",
          "summary": "",
          "date": "2022-11-21",
          "time": "00:02:07",
          "terminate": "false"
        },
        {
          "speaker": "speaker2",
          "personaID": "67107",
          "participantID": "30043",
          "utterance": "아뇨, 슬슬 만들어야죠. 저는 과제가 있어서 이만 가 보겠습니다. ㅎㅎ.",
          "summary": "",
          "date": "2022-11-21",
          "time": "00:02:23",
          "terminate": "true"
        }
      ],
      "sessionPersonaSummary": {
        "speaker1": [
          "나는 40대 남성이다.",
          "나는 농구를 좋아한다.",
          "나는 예전에 실거주 목적으로 아파트를 매매했다.",
          "나는 요즘, 가끔 감사하다.",
          "나는 20대 때 결혼했다. 나는 아내와 아이 2명이 있다. 나의 혈액형은 AB형이다.",
          "나는 내 @이름1@에게 농구하는 것을 가르치는 게 취미이다."
        ],
        "speaker2": [
          "나는 20대 남성이다.",
          "나는 혈액형이 A형이다. 나는 부동산 투자에 관심이 있다.",
          "나는 실내에서 볼링 치는 것을 좋아한다.",
          "나의 생일은 7월이다."
        ]
      },
      "prevAggregatedpersonaSummary": {
        "speaker1": [],
        "speaker2": []
      }
    },
    {
      "prevSessionID": "4-00453-1",
      "prevTimeInfo": {
        "timeNum": "14",
        "timeUnit": "시간"
      },
      "nthSession": "2",
      "numberOfUtterances": "14",
      "numberOfTurns": "7",
      "sessionID": "4-00453-2",
      "dialog": [
        {
          "speaker": "speaker1",
          "personaID": "91149",
          "participantID": "31544",
          "utterance": "안녕하세요. ㅎㅎ 14시간이 지났는데 어제 과제는 다 하셨나요? ㅎㅎ.",
          "summary": "",
          "date": "2022-11-21",
          "time": "00:02:49",
          "terminate": "false"
        },
        {
          "speaker": "speaker2",
          "personaID": "67107",
          "participantID": "30043",
          "utterance": "네, 겨우 다 끝냈네요. ㅠㅠ 이제 슬슬 학교 갈 준비 해야겠어요. 출근하셨나요?",
          "summary": "",
          "date": "2022-11-21",
          "time": "00:03:50",
          "terminate": "false"
        },
        {
          "speaker": "speaker1",
          "personaID": "91149",
          "participantID": "31544",
          "utterance": "네. 전 출근했어요. ㅎㅎ 전 지하철이 이동수단인데 당신은 이동수단이 뭔가요? ㅎㅎ.",
          "summary": "나는 출근할 때 지하철을 사용한다.",
          "date": "2022-11-21",
          "time": "00:04:26",
          "terminate": "false"
        },
        {
          "speaker": "speaker2",
          "personaID": "67107",
          "participantID": "30043",
          "utterance": "전 차 타고 다녀요. 학교 거리가 애매해서 자가용 하나를 장만했어요. ㅎㅎ 면허 있으신가요?",
          "summary": "",
          "date": "2022-11-21",
          "time": "00:04:41",
          "terminate": "false"
        },
        {
          "speaker": "speaker1",
          "personaID": "91149",
          "participantID": "31544",
          "utterance": "제가 40대니까 당연히 운전면허 있죠. ㅎㅎ 참고로 저는 1종 보통이예요. ㅎㅎ 당신은 몇 종인가요?",
          "summary": "나의 운전면허는 1종 보통이다.",
          "date": "2022-11-21",
          "time": "00:05:11",
          "terminate": "false"
        },
        {
          "speaker": "speaker2",
          "personaID": "67107",
          "participantID": "30043",
          "utterance": "저도 1종 보통을 땄어요. 나중에 운전병이 될 수도 있어서요. ㅎㅎ 아직 군대를 안 갔거든요.",
          "summary": "",
          "date": "2022-11-21",
          "time": "00:06:00",
          "terminate": "false"
        },
        {
          "speaker": "speaker1",
          "personaID": "91149",
          "participantID": "31544",
          "utterance": "그렇군요. 혹시 당신은 운전병이 되고 싶으신건가요? 그렇다면 1종 대형도 따는거 어때요?",
          "summary": "",
          "date": "2022-11-21",
          "time": "00:06:40",
          "terminate": "false"
        },
        {
          "speaker": "speaker2",
          "personaID": "67107",
          "participantID": "30043",
          "utterance": "대형은 어렵지 않나요? 버스로 하시는 분들 봤는데 라인을 많이 밟더라고요.",
          "summary": "",
          "date": "2022-11-21",
          "time": "00:07:50",
          "terminate": "false"
        },
        {
          "speaker": "speaker1",
          "personaID": "91149",
          "participantID": "31544",
          "utterance": "그래서 저는 대형면허를 따고 싶지만 도전하지 않았어요. ㅋㅋ 군대는 올해 갈건가요?",
          "summary": "나는 대형면허를 따고 싶지만 도전하지 않았다.",
          "date": "2022-11-21",
          "time": "00:08:30",
          "terminate": "false"
        },
        {
          "speaker": "speaker2",
          "personaID": "67107",
          "participantID": "30043",
          "utterance": "아마 내년에 갈 것 같아요. 학부 공부를 좀 하고 가고 싶어서요. 육군으로 가셨나요?",
          "summary": "",
          "date": "2022-11-21",
          "time": "00:08:49",
          "terminate": "false"
        },
        {
          "speaker": "speaker1",
          "personaID": "91149",
          "participantID": "31544",
          "utterance": "그렇군요. 네. 저는 육군으로 갔어요. ㅎㅎ 근데 어느 학과를 다니시나요? ㅎㅎ.",
          "summary": "",
          "date": "2022-11-21",
          "time": "00:09:19",
          "terminate": "false"
        },
        {
          "speaker": "speaker2",
          "personaID": "67107",
          "participantID": "30043",
          "utterance": "저는 전기공학과를 다녀요. ㅎㅎ 공대로 왔어요. 로봇 만들고 싶어서요.ㅎㅎ.",
          "summary": "나는 전기공학과에 다닌다.",
          "date": "2022-11-21",
          "time": "00:09:55",
          "terminate": "false"
        },
        {
          "speaker": "speaker1",
          "personaID": "91149",
          "participantID": "31544",
          "utterance": "오. 로봇을 만들고 싶어하시는군요! 혹시 대학원에 가실 건가요?",
          "summary": "",
          "date": "2022-11-21",
          "time": "00:10:23",
          "terminate": "false"
        },
        {
          "speaker": "speaker2",
          "personaID": "67107",
          "participantID": "30043",
          "utterance": "네, 아마 그럴 거 같아요. ㅎㅎ 저는 다시 설계도를 그리러 가보겠습니다...",
          "summary": "",
          "date": "2022-11-21",
          "time": "00:10:57",
          "terminate": "true"
        }
      ],
      "sessionPersonaSummary": {
        "speaker1": [
          "나는 출근할 때 지하철을 사용한다.",
          "나의 운전면허는 1종 보통이다.",
          "나는 대형면허를 따고 싶지만 도전하지 않았다."
        ],
        "speaker2": [
          "나는 전기공학과에 다닌다."
        ]
      },
      "prevAggregatedpersonaSummary": {
        "speaker1": [
          "나는 40대 남성이다.",
          "나는 농구를 좋아한다.",
          "나는 예전에 실거주 목적으로 아파트를 매매했다.",
          "나는 요즘, 가끔 감사하다.",
          "나는 20대 때 결혼했다. 나는 아내와 아이 2명이 있다. 나의 혈액형은 AB형이다.",
          "나는 내 @이름1@에게 농구하는 것을 가르치는 게 취미이다."
        ],
        "speaker2": [
          "나는 20대 남성이다.",
          "나는 혈액형이 A형이다. 나는 부동산 투자에 관심이 있다.",
          "나는 실내에서 볼링 치는 것을 좋아한다.",
          "나의 생일은 7월이다."
        ]
      }
    },
    {
      "prevSessionID": "4-00453-2",
      "prevTimeInfo": {
        "timeNum": "7",
        "timeUnit": "일"
      },
      "nthSession": "3",
      "numberOfUtterances": "14",
      "numberOfTurns": "7",
      "sessionID": "4-00453-3",
      "dialog": [
        {
          "speaker": "speaker1",
          "personaID": "91149",
          "participantID": "31544",
          "utterance": "안녕하세요. ㅎㅎ 일주일이 지났네요. 설계도는 다 그리셨나요?",
          "summary": "",
          "date": "2022-11-21",
          "time": "00:11:21",
          "terminate": "false"
        },
        {
          "speaker": "speaker2",
          "personaID": "67107",
          "participantID": "30043",
          "utterance": "네, 겨우 다 그렸습니다. ㅠㅠ 이제 학교 가려고요. 지금 출근하셨나요?",
          "summary": "나는 이제 학교에 갈 것이다.",
          "date": "2022-11-21",
          "time": "00:12:31",
          "terminate": "false"
        },
        {
          "speaker": "speaker1",
          "personaID": "91149",
          "participantID": "31544",
          "utterance": "네. 저는 제가 다니는 회사에 출근했어요. ㅎㅎ 당신은 일주일에 몇 번 등교하시나요?",
          "summary": "",
          "date": "2022-11-21",
          "time": "00:13:09",
          "terminate": "false"
        },
        {
          "speaker": "speaker2",
          "personaID": "67107",
          "participantID": "30043",
          "utterance": "저는 일주일에 네 번 등교해요. 금공강 만들어서 나름대로 편하게 다니지만요. ㅎㅎ.",
          "summary": "나는 금요일에 공강이 있다.",
          "date": "2022-11-21",
          "time": "00:13:37",
          "terminate": "false"
        },
        {
          "speaker": "speaker1",
          "personaID": "91149",
          "participantID": "31544",
          "utterance": "그렇군요. 공강이 있어서 다행이예요. ㅎㅎ 오늘 설계도를 과제로 제출하셔야 하나요?",
          "summary": "",
          "date": "2022-11-21",
          "time": "00:14:30",
          "terminate": "false"
        },
        {
          "speaker": "speaker2",
          "personaID": "67107",
          "participantID": "30043",
          "utterance": "네, 오늘 세 장 제출하는 게 과제라 고생했네요. 혹시 그쪽은 전공이 뭐셨나요?",
          "summary": "",
          "date": "2022-11-21",
          "time": "00:15:18",
          "terminate": "false"
        },
        {
          "speaker": "speaker1",
          "personaID": "91149",
          "participantID": "31544",
          "utterance": "저는 경영학과를 전공해서 평범하게 회사다니는 회사원이예요. ㅎㅎ.",
          "summary": "나는 경영학과를 전공했다. 나는 회사원이다.",
          "date": "2022-11-21",
          "time": "00:15:52",
          "terminate": "false"
        },
        {
          "speaker": "speaker2",
          "personaID": "67107",
          "participantID": "30043",
          "utterance": "혹시 경영학과면 복수전공 같은 건 안 하신 건가요?",
          "summary": "",
          "date": "2022-11-21",
          "time": "00:16:41",
          "terminate": "false"
        },
        {
          "speaker": "speaker1",
          "personaID": "91149",
          "participantID": "31544",
          "utterance": "복수전공으로 영어영문학과를 전공했어요. ㅎㅎ 그래서 외국으로 출장을 다닐 때도 있어요. ㅎㅎ.",
          "summary": "나는 영어영문학을 복수 전공했다. 나는 외국으로 출장을 간 적이 있다.",
          "date": "2022-11-21",
          "time": "00:17:12",
          "terminate": "false"
        },
        {
          "speaker": "speaker2",
          "personaID": "67107",
          "participantID": "30043",
          "utterance": "그렇군요. 그럼 비행기 자주 타시겠어요. 비행 오래 하면 무릎 아프지 않나요?",
          "summary": "",
          "date": "2022-11-21",
          "time": "00:17:28",
          "terminate": "false"
        },
        {
          "speaker": "speaker1",
          "personaID": "91149",
          "participantID": "31544",
          "utterance": "저는 그때를 대비해서 일부러 비행중에 걸어다녀요. ㅎㅎ 그렇게 하면 효과가 있다고 들었는데 정말 효과가 있더라고요.",
          "summary": "나는 비행 중에 걸어 다닌다.",
          "date": "2022-11-21",
          "time": "00:18:11",
          "terminate": "false"
        },
        {
          "speaker": "speaker2",
          "personaID": "67107",
          "participantID": "30043",
          "utterance": "비행기에서 실내화 신는 것도 방법이라던데 ㅎㅎ 비즈니스 타보신 적 있나요?",
          "summary": "",
          "date": "2022-11-21",
          "time": "00:19:05",
          "terminate": "false"
        },
        {
          "speaker": "speaker1",
          "personaID": "91149",
          "participantID": "31544",
          "utterance": "아쉽게도 저는 이코노미석만 타봤어요. ㅠㅠ.",
          "summary": "나는 이코노미석만 타봤다.",
          "date": "2022-11-21",
          "time": "00:19:23",
          "terminate": "false"
        },
        {
          "speaker": "speaker2",
          "personaID": "67107",
          "participantID": "30043",
          "utterance": "비즈니스는 허리 젖힐 수 있어서 좀 덜 피곤하다고 하더라고요. 양 옆도 넓고요. 아, 저는 이제 교수님 뵈러 가보겠습니다. ^^",
          "summary": "나는 교수님을 만나러 갈 것이다.",
          "date": "2022-11-21",
          "time": "00:20:10",
          "terminate": "true"
        }
      ],
      "sessionPersonaSummary": {
        "speaker1": [
          "나는 경영학과를 전공했다. 나는 회사원이다.",
          "나는 영어영문학을 복수 전공했다. 나는 외국으로 출장을 간 적이 있다.",
          "나는 비행 중에 걸어 다닌다.",
          "나는 이코노미석만 타봤다."
        ],
        "speaker2": [
          "나는 이제 학교에 갈 것이다.",
          "나는 금요일에 공강이 있다.",
          "나는 교수님을 만나러 갈 것이다."
        ]
      },
      "prevAggregatedpersonaSummary": {
        "speaker1": [
          "나는 40대 남성이다.",
          "나는 농구를 좋아한다.",
          "나는 예전에 실거주 목적으로 아파트를 매매했다.",
          "나는 요즘, 가끔 감사하다.",
          "나는 20대 때 결혼했다. 나는 아내와 아이 2명이 있다. 나의 혈액형은 AB형이다.",
          "나는 내 @이름1@에게 농구하는 것을 가르치는 게 취미이다.",
          "나는 출근할 때 지하철을 사용한다.",
          "나의 운전면허는 1종 보통이다.",
          "나는 대형면허를 따고 싶지만 도전하지 않았다."
        ],
        "speaker2": [
          "나는 20대 남성이다.",
          "나는 혈액형이 A형이다. 나는 부동산 투자에 관심이 있다.",
          "나는 실내에서 볼링 치는 것을 좋아한다.",
          "나의 생일은 7월이다.",
          "나는 전기공학과에 다닌다."
        ]
      }
    },
    {
      "prevSessionID": "4-00453-3",
      "prevTimeInfo": {
        "timeNum": "12",
        "timeUnit": "시간"
      },
      "nthSession": "4",
      "numberOfUtterances": "14",
      "numberOfTurns": "7",
      "sessionID": "4-00453-4",
      "dialog": [
        {
          "speaker": "speaker1",
          "personaID": "91149",
          "participantID": "31544",
          "utterance": "안녕하세요~. ㅎㅎ 12시간이 지났는데 어제 하루는 잘 마무리하셨나요?",
          "summary": "",
          "date": "2022-11-21",
          "time": "00:20:52",
          "terminate": "false"
        },
        {
          "speaker": "speaker2",
          "personaID": "67107",
          "participantID": "30043",
          "utterance": "네, 교수님에게 칭찬도 받아서 괜찮았어요. 오늘 무슨 일정은 없으신가요?",
          "summary": "",
          "date": "2022-11-21",
          "time": "00:21:13",
          "terminate": "false"
        },
        {
          "speaker": "speaker1",
          "personaID": "91149",
          "participantID": "31544",
          "utterance": "저는 오늘 주말이어서 @이름1@과 농구가르쳐줄려고요. ㅎㅎ 당신은 오늘 부동산 투자를 공부하실 건가요?",
          "summary": "나는 오늘이 주말이어서 @이름1@에게 농구를 가르쳐 줄 예정이다.",
          "date": "2022-11-21",
          "time": "00:21:51",
          "terminate": "false"
        },
        {
          "speaker": "speaker2",
          "personaID": "67107",
          "participantID": "30043",
          "utterance": "네, 오늘도 투자 관련 @브랜드명1@ 좀 보고 있으려고요. 농구 재밌겠네요. 애들이 운동을 좋아하나요?",
          "summary": "",
          "date": "2022-11-21",
          "time": "00:22:42",
          "terminate": "false"
        },
        {
          "speaker": "speaker1",
          "personaID": "91149",
          "participantID": "31544",
          "utterance": "네. 제 @이름1@은 활발해서 제가 좋아하는 농구를 가르쳐주면 좋아하더라고요. ㅎㅎ 오늘 공부 몇 시간 할 생각이세요?",
          "summary": "나의 @이름1@은 활발하다.",
          "date": "2022-11-21",
          "time": "00:23:19",
          "terminate": "false"
        },
        {
          "speaker": "speaker2",
          "personaID": "67107",
          "participantID": "30043",
          "utterance": "한 두 시간 정도 하고 영화나 봐야죠. ㅎㅎ 활발한 애들 좋죠. 너무 집에만 있으면 키도 잘 안 크잖아요. 영화 좋아하세요?",
          "summary": "나는 두 시간 공부를 하고 영화를 볼 것이다.",
          "date": "2022-11-21",
          "time": "00:23:40",
          "terminate": "false"
        },
        {
          "speaker": "speaker1",
          "personaID": "91149",
          "participantID": "31544",
          "utterance": "네. 저는 공포영화를 좋아해요. 혹시 당신도 공포영화를 좋아하시나요?",
          "summary": "나는 공포영화를 좋아한다.",
          "date": "2022-11-21",
          "time": "00:24:08",
          "terminate": "false"
        },
        {
          "speaker": "speaker2",
          "personaID": "67107",
          "participantID": "30043",
          "utterance": "저는 공포 영화보다 로맨스 영화를 좋아해요. ㅎㅎ 공포 영화는 너무 무서워서 혼자선 못 봐요.",
          "summary": "",
          "date": "2022-11-21",
          "time": "00:25:00",
          "terminate": "false"
        },
        {
          "speaker": "speaker1",
          "personaID": "91149",
          "participantID": "31544",
          "utterance": "그렇군요. 혹시 친구 중에 저처럼 공포영화를 좋아하는 사람도 있나요?",
          "summary": "",
          "date": "2022-11-21",
          "time": "00:25:27",
          "terminate": "false"
        },
        {
          "speaker": "speaker2",
          "personaID": "67107",
          "participantID": "30043",
          "utterance": "네. 그런 애들은 혼자서 여름에 공포영화 보는 게 취미라더라고요. 그게 가능한가요??",
          "summary": "",
          "date": "2022-11-21",
          "time": "00:26:04",
          "terminate": "false"
        },
        {
          "speaker": "speaker1",
          "personaID": "91149",
          "participantID": "31544",
          "utterance": "네. 저는 새벽에 혼자 영화관가서 공포영화를 본 적도 있어요. 놀랍나요? ㅋㅋㅋ.",
          "summary": "나는 새벽에 혼자 영화관에 가서 공포영화를 본 적이 있다.",
          "date": "2022-11-21",
          "time": "00:26:35",
          "terminate": "false"
        },
        {
          "speaker": "speaker2",
          "personaID": "67107",
          "participantID": "30043",
          "utterance": "ㅠㅠ 그러면 무서워서 뒤도 못 돌아볼 것 같아요. 막 앞에서 누가 발목 잡아당길 것 같고. ㅠㅠ.",
          "summary": "",
          "date": "2022-11-21",
          "time": "00:27:05",
          "terminate": "false"
        },
        {
          "speaker": "speaker1",
          "personaID": "91149",
          "participantID": "31544",
          "utterance": "상상력이 풍부하시네요. 앗! 저는 이제 @이름1@에게 농구를 가르쳐 줄 시간이 되서 나중에 연락해도 될까요?",
          "summary": "",
          "date": "2022-11-21",
          "time": "00:27:39",
          "terminate": "false"
        },
        {
          "speaker": "speaker2",
          "personaID": "67107",
          "participantID": "30043",
          "utterance": "ㅎㅎ 재밌게 노세요. 좋은 하루 되셨으면 좋겠어요!",
          "summary": "",
          "date": "2022-11-21",
          "time": "00:27:58",
          "terminate": "true"
        }
      ],
      "sessionPersonaSummary": {
        "speaker1": [
          "나는 오늘이 주말이어서 @이름1@에게 농구를 가르쳐 줄 예정이다.",
          "나의 @이름1@은 활발하다.",
          "나는 공포영화를 좋아한다.",
          "나는 새벽에 혼자 영화관에 가서 공포영화를 본 적이 있다."
        ],
        "speaker2": [
          "나는 두 시간 공부를 하고 영화를 볼 것이다."
        ]
      },
      "prevAggregatedpersonaSummary": {
        "speaker1": [
          "나는 40대 남성이다.",
          "나는 농구를 좋아한다.",
          "나는 예전에 실거주 목적으로 아파트를 매매했다.",
          "나는 요즘, 가끔 감사하다.",
          "나는 20대 때 결혼했다. 나는 아내와 아이 2명이 있다. 나의 혈액형은 AB형이다.",
          "나는 내 @이름1@에게 농구하는 것을 가르치는 게 취미이다.",
          "나는 출근할 때 지하철을 사용한다.",
          "나의 운전면허는 1종 보통이다.",
          "나는 대형면허를 따고 싶지만 도전하지 않았다.",
          "나는 경영학과를 전공했다. 나는 회사원이다.",
          "나는 영어영문학을 복수 전공했다. 나는 외국으로 출장을 간 적이 있다.",
          "나는 비행 중에 걸어 다닌다.",
          "나는 이코노미석만 타봤다."
        ],
        "speaker2": [
          "나는 20대 남성이다.",
          "나는 혈액형이 A형이다. 나는 부동산 투자에 관심이 있다.",
          "나는 실내에서 볼링 치는 것을 좋아한다.",
          "나의 생일은 7월이다.",
          "나는 전기공학과에 다닌다.",
          "나는 이제 학교에 갈 것이다.",
          "나는 금요일에 공강이 있다.",
          "나는 교수님을 만나러 갈 것이다."
        ]
      }
    }
  ]
}