{
  "FileInfo": {
    "filename": "K4-00345-CL21612-CP20945-20-02-S4.json",
    "sessionLevel": "4"
  },
  "participantsInfo": {
    "numberOfParticipants": "2",
    "speaker1": {
      "participantID": "1966",
      "gender": "여성",
      "age": "20대",
      "occupation": "학생",
      "bPlace": "광주/전라/제주",
      "gPlace": "광주/전라/제주",
      "rPlace": "광주/전라/제주",
      "educationLevel": "고졸"
    },
    "speaker2": {
      "participantID": "1990",
      "gender": "남성",
      "age": "20대",
      "occupation": "학생",
      "bPlace": "서울/경기/인천",
      "gPlace": "서울/경기/인천",
      "rPlace": "서울/경기/인천",
      "educationLevel": "대졸"
    }
  },
  "multisessionInfo": {
    "multisessionID": "4-00345"
  },
  "personaInfo": {
    "clInfo": {
      "personaID": "21612",
      "personaFeatures": [
        "나는 여자이다.",
        "나는 20대이다.",
        "나의 거주지는 부산이다.",
        "나는 만화부 동아리에 관심 있다.",
        "나는 코미디 영화를 좋아한다."
      ],
      "speakerType": "speaker1"
    },
    "cpInfo": {
      "personaID": "20945",
      "personaFeatures": [
        "나는 남자이다.",
        "나는 20대이다.",
        "나는 매우 부지런하다.",
        "나는 국어국문학 전공이다.",
        "나는 스마트폰을 리뷰하는 것을 좋아한다."
      ],
      "speakerType": "speaker2"
    }
  },
  "topicInfo": {
    "topicID": "20-02",
    "topicType": "예술문화 생활>영화/만화",
    "topicTitle": "OST"
  },
  "sessionInfo": [
    {
      "prevSessionID": null,
      "prevTimeInfo": {
        "timeNum": null,
        "timeUnit": null
      },
      "nthSession": "1",
      "numberOfUtterances": "14",
      "numberOfTurns": "7",
      "sessionID": "4-00345-1",
      "dialog": [
        {
          "speaker": "speaker1",
          "personaID": "21612",
          "participantID": "1966",
          "utterance": "안녕하세요~저는 부산에 사는 20대 대학생 여자입니다.",
          "summary": "나는 20대 여자다. 나의 거주지는 부산이다. 나는 대학생이다.",
          "date": "2022-10-13",
          "time": "11:23:56",
          "terminate": "false"
        },
        {
          "speaker": "speaker2",
          "personaID": "20945",
          "participantID": "1990",
          "utterance": "안녕하세요. 저는 20대 남자입니다.",
          "summary": "나는 20대 남자다.",
          "date": "2022-10-13",
          "time": "11:24:10",
          "terminate": "false"
        },
        {
          "speaker": "speaker1",
          "personaID": "21612",
          "participantID": "1966",
          "utterance": "반가워요~ 혹시 학생이신가요?",
          "summary": "",
          "date": "2022-10-13",
          "time": "11:25:49",
          "terminate": "false"
        },
        {
          "speaker": "speaker2",
          "personaID": "20945",
          "participantID": "1990",
          "utterance": "아니요, 휴학하고 현재 유튜버로 활동하고 있어요.ㅎㅎ.",
          "summary": "나는 휴학생이다. 나는 유튜버이다.",
          "date": "2022-10-13",
          "time": "11:30:47",
          "terminate": "false"
        },
        {
          "speaker": "speaker1",
          "personaID": "21612",
          "participantID": "1966",
          "utterance": "앗 정말요? 신기하네요. 어떤걸 주로 올리세요?",
          "summary": "",
          "date": "2022-10-13",
          "time": "11:37:19",
          "terminate": "false"
        },
        {
          "speaker": "speaker2",
          "personaID": "20945",
          "participantID": "1990",
          "utterance": "제가 스마트폰 리뷰하는걸 좋아해서, 스마트폰 리뷰하는걸 올려요.",
          "summary": "나는 스마트폰을 리뷰하는 것을 좋아한다.",
          "date": "2022-10-13",
          "time": "11:39:06",
          "terminate": "false"
        },
        {
          "speaker": "speaker1",
          "personaID": "21612",
          "participantID": "1966",
          "utterance": "헉 그러시군요.. 그럼 원래도 공대나 전자기기 관련 과를 전공하셨나봐요.",
          "summary": "",
          "date": "2022-10-13",
          "time": "11:39:52",
          "terminate": "false"
        },
        {
          "speaker": "speaker2",
          "personaID": "20945",
          "participantID": "1990",
          "utterance": "아뇨, 국어국문학 전공이에요.ㅎㅎ 그냥 취미같은거죠.",
          "summary": "나는 국어국문학 전공이다.",
          "date": "2022-10-13",
          "time": "11:40:15",
          "terminate": "false"
        },
        {
          "speaker": "speaker1",
          "personaID": "21612",
          "participantID": "1966",
          "utterance": "아 그러시구나~! 신기하네요..ㅎㅎ 저한테 취미는 서점가서 책보고, 영화보는건데요.",
          "summary": "나의 취미는 만화책 보기와 영화보기다.",
          "date": "2022-10-13",
          "time": "11:40:49",
          "terminate": "false"
        },
        {
          "speaker": "speaker2",
          "personaID": "20945",
          "participantID": "1990",
          "utterance": "앗 저도 갖고있는 취미에요. 사실 제가 취미가 좀 많거든요.",
          "summary": "나는 취미가 많다.",
          "date": "2022-10-13",
          "time": "11:44:21",
          "terminate": "false"
        },
        {
          "speaker": "speaker1",
          "personaID": "21612",
          "participantID": "1966",
          "utterance": "정말요..? 취미가 어떻게 되시는데요?",
          "summary": "",
          "date": "2022-10-13",
          "time": "11:44:42",
          "terminate": "false"
        },
        {
          "speaker": "speaker2",
          "personaID": "20945",
          "participantID": "1990",
          "utterance": "음..운동도 여러개하고, 문화생활도 좋아해서 이것저것 해요. 그래서 항상 시간이 모자르네요.ㅎㅎ.",
          "summary": "",
          "date": "2022-10-13",
          "time": "11:45:51",
          "terminate": "false"
        },
        {
          "speaker": "speaker1",
          "personaID": "21612",
          "participantID": "1966",
          "utterance": "앗 정말요..? 저도 해보고싶네요..ㅋㅋ일단 저 친구랑 약속이 있어서 이따 다시 연락드릴게요!",
          "summary": "",
          "date": "2022-10-13",
          "time": "11:46:47",
          "terminate": "false"
        },
        {
          "speaker": "speaker2",
          "personaID": "20945",
          "participantID": "1990",
          "utterance": "네, ㅎㅎ 이따 더 자세히 얘기해보죠! 이따 또 얘기해요!",
          "summary": "",
          "date": "2022-10-13",
          "time": "11:47:39",
          "terminate": "true"
        }
      ],
      "sessionPersonaSummary": {
        "speaker1": [
          "나는 20대 여자다. 나의 거주지는 부산이다. 나는 대학생이다.",
          "나의 취미는 만화책 보기와 영화보기다."
        ],
        "speaker2": [
          "나는 20대 남자다.",
          "나는 휴학생이다. 나는 유튜버이다.",
          "나는 스마트폰을 리뷰하는 것을 좋아한다.",
          "나는 국어국문학 전공이다.",
          "나는 취미가 많다."
        ]
      },
      "prevAggregatedpersonaSummary": {
        "speaker1": [],
        "speaker2": []
      }
    },
    {
      "prevSessionID": "4-00345-1",
      "prevTimeInfo": {
        "timeNum": "3",
        "timeUnit": "시간"
      },
      "nthSession": "2",
      "numberOfUtterances": "14",
      "numberOfTurns": "7",
      "sessionID": "4-00345-2",
      "dialog": [
        {
          "speaker": "speaker1",
          "personaID": "21612",
          "participantID": "1966",
          "utterance": "안녕하세요~ 친구랑 이것저것 하다보니 3시간이나 흘렀네요. ㅎㅎ.",
          "summary": "",
          "date": "2022-10-13",
          "time": "11:48:10",
          "terminate": "false"
        },
        {
          "speaker": "speaker2",
          "personaID": "20945",
          "participantID": "1990",
          "utterance": "그러게요. ㅎㅎ 평소에 친구 자주 만나시나봐요.",
          "summary": "",
          "date": "2022-10-13",
          "time": "11:48:24",
          "terminate": "false"
        },
        {
          "speaker": "speaker1",
          "personaID": "21612",
          "participantID": "1966",
          "utterance": "그렇다기보단.. 친구랑 동아리 같이 지원해보기로 했거든요.",
          "summary": "나는 친구와 동아리에 지원하기로 했다.",
          "date": "2022-10-13",
          "time": "11:48:46",
          "terminate": "false"
        },
        {
          "speaker": "speaker2",
          "personaID": "20945",
          "participantID": "1990",
          "utterance": "아 정말요? 어떤 동아리에 지원하시게요?",
          "summary": "",
          "date": "2022-10-13",
          "time": "11:48:54",
          "terminate": "false"
        },
        {
          "speaker": "speaker1",
          "personaID": "21612",
          "participantID": "1966",
          "utterance": "만화부 동아리요! 사실 아까 말씀드린 서점가서 책본다는말이 만화책이였거든요.ㅎㅎ.",
          "summary": "나는 만화 부동 아리에 지원할 예정이다.",
          "date": "2022-10-13",
          "time": "11:49:03",
          "terminate": "false"
        },
        {
          "speaker": "speaker2",
          "personaID": "20945",
          "participantID": "1990",
          "utterance": "아 그러셨구나~ 만화부 동아리에 가입하면 만화책 읽는건가요?",
          "summary": "",
          "date": "2022-10-13",
          "time": "11:49:40",
          "terminate": "false"
        },
        {
          "speaker": "speaker1",
          "personaID": "21612",
          "participantID": "1966",
          "utterance": "모르겠어요. 그래서 알아보고 있어요. 그래서 만화부동아리에 관심을 쏟아붓고있는중이에요.ㅎㅎ.",
          "summary": "나는 만화부 동아리에 관심 있다.",
          "date": "2022-10-13",
          "time": "11:50:30",
          "terminate": "false"
        },
        {
          "speaker": "speaker2",
          "personaID": "20945",
          "participantID": "1990",
          "utterance": "그러시구나.. 아마 자유롭게 활동할거같네요.ㅎㅎ 보기도하고, 그리기도하고. 그럴것 같네요.",
          "summary": "",
          "date": "2022-10-13",
          "time": "11:58:43",
          "terminate": "false"
        },
        {
          "speaker": "speaker1",
          "personaID": "21612",
          "participantID": "1966",
          "utterance": "아 혹시.. 만화부 동아리도 활동하셨던건가요?ㅎㅎ매우 부지런하신가봐요.",
          "summary": "",
          "date": "2022-10-13",
          "time": "11:59:21",
          "terminate": "false"
        },
        {
          "speaker": "speaker2",
          "personaID": "20945",
          "participantID": "1990",
          "utterance": "음..네. 사실 제가 엄청 부지런하긴 해요.매우 부지런해야 하고싶은것들을 다 할 수 있거든요.",
          "summary": "나는 매우 부지런하다.",
          "date": "2022-10-13",
          "time": "12:00:45",
          "terminate": "false"
        },
        {
          "speaker": "speaker1",
          "personaID": "21612",
          "participantID": "1966",
          "utterance": "우와.. 신기하네요. 쉬고싶진 않으세요?",
          "summary": "",
          "date": "2022-10-13",
          "time": "12:01:06",
          "terminate": "false"
        },
        {
          "speaker": "speaker2",
          "personaID": "20945",
          "participantID": "1990",
          "utterance": "오히려 취미활동을 하면서 쉰다는 느낌이라서요.ㅎㅎ.",
          "summary": "",
          "date": "2022-10-13",
          "time": "12:01:29",
          "terminate": "false"
        },
        {
          "speaker": "speaker1",
          "personaID": "21612",
          "participantID": "1966",
          "utterance": "대단하시네요..ㅠㅠ 전 벌써 집 근처 다왔네요. 집 가서 다시 연락드릴게요.",
          "summary": "",
          "date": "2022-10-13",
          "time": "12:01:51",
          "terminate": "false"
        },
        {
          "speaker": "speaker2",
          "personaID": "20945",
          "participantID": "1990",
          "utterance": "네, 집 조심히 들어가시고 이따 연락주세요.",
          "summary": "",
          "date": "2022-10-13",
          "time": "12:02:00",
          "terminate": "true"
        }
      ],
      "sessionPersonaSummary": {
        "speaker1": [
          "나는 친구와 동아리에 지원하기로 했다.",
          "나는 만화 부동 아리에 지원할 예정이다.",
          "나는 만화부 동아리에 관심 있다."
        ],
        "speaker2": [
          "나는 매우 부지런하다."
        ]
      },
      "prevAggregatedpersonaSummary": {
        "speaker1": [
          "나는 20대 여자다. 나의 거주지는 부산이다. 나는 대학생이다.",
          "나의 취미는 만화책 보기와 영화보기다."
        ],
        "speaker2": [
          "나는 20대 남자다.",
          "나는 휴학생이다. 나는 유튜버이다.",
          "나는 스마트폰을 리뷰하는 것을 좋아한다.",
          "나는 국어국문학 전공이다.",
          "나는 취미가 많다."
        ]
      }
    },
    {
      "prevSessionID": "4-00345-2",
      "prevTimeInfo": {
        "timeNum": "1",
        "timeUnit": "시간"
      },
      "nthSession": "3",
      "numberOfUtterances": "14",
      "numberOfTurns": "7",
      "sessionID": "4-00345-3",
      "dialog": [
        {
          "speaker": "speaker1",
          "personaID": "21612",
          "participantID": "1966",
          "utterance": "안녕하세요~ 에고.. 집앞에서 차가 막혀서 1시간이나 지났네요..ㅠㅠ.",
          "summary": "",
          "date": "2022-10-13",
          "time": "12:02:36",
          "terminate": "false"
        },
        {
          "speaker": "speaker2",
          "personaID": "20945",
          "participantID": "1990",
          "utterance": "헉.. 집앞인데도 많이 막히기도 하는군요..ㅠㅠ.",
          "summary": "",
          "date": "2022-10-13",
          "time": "12:03:06",
          "terminate": "false"
        },
        {
          "speaker": "speaker1",
          "personaID": "21612",
          "participantID": "1966",
          "utterance": "그러게요.. 이번주에 뭐하실 예정이세요?",
          "summary": "",
          "date": "2022-10-13",
          "time": "12:03:23",
          "terminate": "false"
        },
        {
          "speaker": "speaker2",
          "personaID": "20945",
          "participantID": "1990",
          "utterance": "저는 말씀듣다보니 옛날에 보던 만화가 보고싶어져서 그걸 볼 생각중이에요.",
          "summary": "나는 이번 주에 만화를 볼 예정이다.",
          "date": "2022-10-13",
          "time": "12:03:54",
          "terminate": "false"
        },
        {
          "speaker": "speaker1",
          "personaID": "21612",
          "participantID": "1966",
          "utterance": "아 정말요? 어떤 만화 보시게요?",
          "summary": "",
          "date": "2022-10-13",
          "time": "12:04:11",
          "terminate": "false"
        },
        {
          "speaker": "speaker2",
          "personaID": "20945",
          "participantID": "1990",
          "utterance": "달빛천사라는 만화를 볼 예정이에요. 제가 거기 노래 되게 좋아했거든요.",
          "summary": "나는 달빛천사를 볼 예정이다.",
          "date": "2022-10-13",
          "time": "12:04:29",
          "terminate": "false"
        },
        {
          "speaker": "speaker1",
          "personaID": "21612",
          "participantID": "1966",
          "utterance": "헐..정말요? 사실 저도요.. 내용도 재밌지만 노래가 너무 좋았잖아요.",
          "summary": "",
          "date": "2022-10-13",
          "time": "12:04:46",
          "terminate": "false"
        },
        {
          "speaker": "speaker2",
          "personaID": "20945",
          "participantID": "1990",
          "utterance": "맞아요. 그래서 그런지 어느새 영화의 ost 먼저 들어보고, ost가 좋으면 영화를 보게 되던데요?",
          "summary": "나는 영화의 ost가 좋으면 영화를 보게 된다.",
          "date": "2022-10-13",
          "time": "12:05:08",
          "terminate": "false"
        },
        {
          "speaker": "speaker1",
          "personaID": "21612",
          "participantID": "1966",
          "utterance": "아, 그러시는게 있군요.. 신기하네요. 저는 그냥 코미디 영화를 좋아해서 그런거위주로 봐요.",
          "summary": "나는 코미디 영화를 좋아한다.",
          "date": "2022-10-13",
          "time": "12:05:37",
          "terminate": "false"
        },
        {
          "speaker": "speaker2",
          "personaID": "20945",
          "participantID": "1990",
          "utterance": "아, 코미디 영화도 좋죠. 그러고보니 저는 딱히 코미디영화까진 안챙겨봤네요..",
          "summary": "",
          "date": "2022-10-13",
          "time": "12:06:27",
          "terminate": "false"
        },
        {
          "speaker": "speaker1",
          "personaID": "21612",
          "participantID": "1966",
          "utterance": "에이, 정말요? 코미디 영화중에 얼마나 웃기고 재밌는 영화들이 많은데요.",
          "summary": "",
          "date": "2022-10-13",
          "time": "12:06:44",
          "terminate": "false"
        },
        {
          "speaker": "speaker2",
          "personaID": "20945",
          "participantID": "1990",
          "utterance": "흠.. 그렇군요. 괜찮으시다면 추천해주실수 있으신가요?",
          "summary": "",
          "date": "2022-10-13",
          "time": "12:28:24",
          "terminate": "false"
        },
        {
          "speaker": "speaker1",
          "personaID": "21612",
          "participantID": "1966",
          "utterance": "그럼요! 당연히 추천 가능하죠. 일단 제가 지금 저녁먹을 시간이라, 저녁먹고 다시 연락드릴게요.ㅎㅎ.",
          "summary": "",
          "date": "2022-10-13",
          "time": "12:30:25",
          "terminate": "false"
        },
        {
          "speaker": "speaker2",
          "personaID": "20945",
          "participantID": "1990",
          "utterance": "앗, 그래주신다면 너무 감사하구요! 그럼 이따가 봬요.",
          "summary": "",
          "date": "2022-10-13",
          "time": "12:30:36",
          "terminate": "true"
        }
      ],
      "sessionPersonaSummary": {
        "speaker1": [
          "나는 코미디 영화를 좋아한다."
        ],
        "speaker2": [
          "나는 이번 주에 만화를 볼 예정이다.",
          "나는 달빛천사를 볼 예정이다.",
          "나는 영화의 ost가 좋으면 영화를 보게 된다."
        ]
      },
      "prevAggregatedpersonaSummary": {
        "speaker1": [
          "나는 20대 여자다. 나의 거주지는 부산이다. 나는 대학생이다.",
          "나의 취미는 만화책 보기와 영화보기다.",
          "나는 친구와 동아리에 지원하기로 했다.",
          "나는 만화 부동 아리에 지원할 예정이다.",
          "나는 만화부 동아리에 관심 있다."
        ],
        "speaker2": [
          "나는 20대 남자다.",
          "나는 휴학생이다. 나는 유튜버이다.",
          "나는 스마트폰을 리뷰하는 것을 좋아한다.",
          "나는 국어국문학 전공이다.",
          "나는 취미가 많다.",
          "나는 매우 부지런하다."
        ]
      }
    },
    {
      "prevSessionID": "4-00345-3",
      "prevTimeInfo": {
        "timeNum": "1",
        "timeUnit": "시간"
      },
      "nthSession": "4",
      "numberOfUtterances": "14",
      "numberOfTurns": "7",
      "sessionID": "4-00345-4",
      "dialog": [
        {
          "speaker": "speaker1",
          "personaID": "21612",
          "participantID": "1966",
          "utterance": "간단하게 저녁만 먹었다고 생각했는데 1시간이나 지나있네요.ㅠㅠ.",
          "summary": "",
          "date": "2022-10-13",
          "time": "12:36:57",
          "terminate": "false"
        },
        {
          "speaker": "speaker2",
          "personaID": "20945",
          "participantID": "1990",
          "utterance": "그러게요. 시간 너무 잘가는것 같아요. ㅎㅎ.",
          "summary": "",
          "date": "2022-10-13",
          "time": "12:37:17",
          "terminate": "false"
        },
        {
          "speaker": "speaker1",
          "personaID": "21612",
          "participantID": "1966",
          "utterance": "맞아요.ㅠㅠ아참, 코미디 영화 추천해드린다구 했었죠?",
          "summary": "",
          "date": "2022-10-13",
          "time": "12:38:40",
          "terminate": "false"
        },
        {
          "speaker": "speaker2",
          "personaID": "20945",
          "participantID": "1990",
          "utterance": "네 맞아요 그러셨어요! 제일 재밌게 보셨던게 뭔가요?",
          "summary": "",
          "date": "2022-10-13",
          "time": "12:40:56",
          "terminate": "false"
        },
        {
          "speaker": "speaker1",
          "personaID": "21612",
          "participantID": "1966",
          "utterance": "음, 아무래도 엄청 웃으면서 봤던건 화이트칙스라는 영화에요.",
          "summary": "나는 화이트 칙스를 제일 재밌게 봤다.",
          "date": "2022-10-13",
          "time": "12:41:12",
          "terminate": "false"
        },
        {
          "speaker": "speaker2",
          "personaID": "20945",
          "participantID": "1990",
          "utterance": "아 정말요?바로 대답이 나오시는걸 보니 엄청 재밌게 보셨나보네요.",
          "summary": "",
          "date": "2022-10-13",
          "time": "12:41:50",
          "terminate": "false"
        },
        {
          "speaker": "speaker1",
          "personaID": "21612",
          "participantID": "1966",
          "utterance": "네, 제가 초등학생때 본건데 지금봐도 웃기더라구요. 게다가 ost도 좋아요.",
          "summary": "나는 화이트 칙스가 ost도 좋다고 생각한다.",
          "date": "2022-10-13",
          "time": "12:42:12",
          "terminate": "false"
        },
        {
          "speaker": "speaker2",
          "personaID": "20945",
          "participantID": "1990",
          "utterance": "앗 정말요? 그게 저한테 엄청 중요한거거든요..ㅎㅎ.",
          "summary": "",
          "date": "2022-10-13",
          "time": "12:42:22",
          "terminate": "false"
        },
        {
          "speaker": "speaker1",
          "personaID": "21612",
          "participantID": "1966",
          "utterance": "네 그럼요! 아마 여기 ost는 들어보신적 있을수도 있어요.ㅎㅎ.",
          "summary": "",
          "date": "2022-10-13",
          "time": "12:42:53",
          "terminate": "false"
        },
        {
          "speaker": "speaker2",
          "personaID": "20945",
          "participantID": "1990",
          "utterance": "우와, 엄청 궁금하네요. 이따 꼭 찾아봐야겠어요.",
          "summary": "",
          "date": "2022-10-13",
          "time": "12:43:03",
          "terminate": "false"
        },
        {
          "speaker": "speaker1",
          "personaID": "21612",
          "participantID": "1966",
          "utterance": "네, 이번에도 ost가 맘에 들어야 영화를 보실건가요?ㅎㅎ.",
          "summary": "",
          "date": "2022-10-13",
          "time": "12:43:38",
          "terminate": "false"
        },
        {
          "speaker": "speaker2",
          "personaID": "20945",
          "participantID": "1990",
          "utterance": "아니에요..ㅎㅎ 이번엔 무조건 봐볼게요.",
          "summary": "",
          "date": "2022-10-13",
          "time": "12:44:02",
          "terminate": "false"
        },
        {
          "speaker": "speaker1",
          "personaID": "21612",
          "participantID": "1966",
          "utterance": "네, 보고나서 후기 알려주세요. 웃음코드가 맞을지 모르겠네요.ㅎㅎ 또 연락주세요!",
          "summary": "",
          "date": "2022-10-13",
          "time": "12:44:25",
          "terminate": "false"
        },
        {
          "speaker": "speaker2",
          "personaID": "20945",
          "participantID": "1990",
          "utterance": "네, 영화 추천해주셔서 너무 감사해요.ㅎㅎ 나중에 또 연락해요.",
          "summary": "",
          "date": "2022-10-13",
          "time": "12:44:40",
          "terminate": "true"
        }
      ],
      "sessionPersonaSummary": {
        "speaker1": [
          "나는 화이트 칙스를 제일 재밌게 봤다.",
          "나는 화이트 칙스가 ost도 좋다고 생각한다."
        ],
        "speaker2": []
      },
      "prevAggregatedpersonaSummary": {
        "speaker1": [
          "나는 20대 여자다. 나의 거주지는 부산이다. 나는 대학생이다.",
          "나의 취미는 만화책 보기와 영화보기다.",
          "나는 친구와 동아리에 지원하기로 했다.",
          "나는 만화 부동 아리에 지원할 예정이다.",
          "나는 만화부 동아리에 관심 있다.",
          "나는 코미디 영화를 좋아한다."
        ],
        "speaker2": [
          "나는 20대 남자다.",
          "나는 휴학생이다. 나는 유튜버이다.",
          "나는 스마트폰을 리뷰하는 것을 좋아한다.",
          "나는 국어국문학 전공이다.",
          "나는 취미가 많다.",
          "나는 매우 부지런하다.",
          "나는 이번 주에 만화를 볼 예정이다.",
          "나는 달빛천사를 볼 예정이다.",
          "나는 영화의 ost가 좋으면 영화를 보게 된다."
        ]
      }
    }
  ]
}