{
  "FileInfo": {
    "filename": "K4-00230-CL24806-CP34403-12-04-S4.json",
    "sessionLevel": "4"
  },
  "participantsInfo": {
    "numberOfParticipants": "2",
    "speaker1": {
      "participantID": "3545",
      "gender": "여성",
      "age": "20대",
      "occupation": "사무직",
      "bPlace": "대전/세종/충청/강원",
      "gPlace": "대전/세종/충청/강원",
      "rPlace": "서울/경기/인천",
      "educationLevel": "대졸"
    },
    "speaker2": {
      "participantID": "3062",
      "gender": "여성",
      "age": "20대",
      "occupation": "사무직",
      "bPlace": "부산/대구/울산/경상",
      "gPlace": "부산/대구/울산/경상",
      "rPlace": "부산/대구/울산/경상",
      "educationLevel": "대졸"
    }
  },
  "multisessionInfo": {
    "multisessionID": "4-00230"
  },
  "personaInfo": {
    "clInfo": {
      "personaID": "24806",
      "personaFeatures": [
        "나는 여자이다.",
        "나는 20대이다.",
        "나는 고래를 좋아한다",
        "나는 혈액형이 A형이다",
        "나는 커피를 최근에 끊었다"
      ],
      "speakerType": "speaker1"
    },
    "cpInfo": {
      "personaID": "34403",
      "personaFeatures": [
        "나는 여자이다.",
        "나는 30대이다.",
        "나는 밤에 일기를 쓴다",
        "나는 서기관이다",
        "나는 혈액형이 B형이다"
      ],
      "speakerType": "speaker2"
    }
  },
  "topicInfo": {
    "topicID": "12-04",
    "topicType": "여가와 오락>여행",
    "topicTitle": "여행 팁"
  },
  "sessionInfo": [
    {
      "prevSessionID": null,
      "prevTimeInfo": {
        "timeNum": null,
        "timeUnit": null
      },
      "nthSession": "1",
      "numberOfUtterances": "14",
      "numberOfTurns": "7",
      "sessionID": "4-00230-1",
      "dialog": [
        {
          "speaker": "speaker1",
          "personaID": "24806",
          "participantID": "3545",
          "utterance": "안녕하세요! 저는 20대 여성입니다.",
          "summary": "나는 20대 여성이다.",
          "date": "2022-11-03",
          "time": "14:42:27",
          "terminate": "false"
        },
        {
          "speaker": "speaker2",
          "personaID": "34403",
          "participantID": "3062",
          "utterance": "안녕하세요~ 저는 30대 여성이고 서기관입니다.",
          "summary": "나는 30대 여성이다. 나는 서기관이다.",
          "date": "2022-11-03",
          "time": "15:08:22",
          "terminate": "false"
        },
        {
          "speaker": "speaker1",
          "personaID": "24806",
          "participantID": "3545",
          "utterance": "혹시 커피는 자주 드시나요? 제가 원래는 커피를 자주 마시다가 최근에 끊었거든요.",
          "summary": "나는 커피를 자주 마셨지만 최근에 커피를 끊었다.",
          "date": "2022-11-03",
          "time": "15:32:50",
          "terminate": "false"
        },
        {
          "speaker": "speaker2",
          "personaID": "34403",
          "participantID": "3062",
          "utterance": "저도 커피 되게 좋아하는데, 카페인을 먹으면 밤에 잠을 잘 못자서 평일에는 못 마신답니다. @이름@님은 왜 커피를 끊으셨나요?",
          "summary": "나는 커피를 좋아하지만 카페인을 먹으면 잠을 못 자는 편이다.",
          "date": "2022-11-03",
          "time": "15:33:30",
          "terminate": "false"
        },
        {
          "speaker": "speaker1",
          "personaID": "24806",
          "participantID": "3545",
          "utterance": "제가 커피에 예민한 편인데, 단 커피는 좋아하는 편이었거든요. 계속 마셨다가 낮밤이 바뀌어버리는 바람에 최근에 끊었습니다ㅠㅠ",
          "summary": "나는 커피에 예민한 편이다.",
          "date": "2022-11-03",
          "time": "15:35:13",
          "terminate": "false"
        },
        {
          "speaker": "speaker2",
          "personaID": "34403",
          "participantID": "3062",
          "utterance": "아이고. 저랑 비슷하시네요. 디카페인 커피를 찾아마신 적도 있긴 한데, 디카페인이 화학 약품 처리 된거라 그것도 몸에는 별로 안좋다고해서.. 저는 아예 주말에만 커피 마시기로 정했어요.",
          "summary": "나는 주말에 커피를 마시기로 정하였다.",
          "date": "2022-11-03",
          "time": "15:37:25",
          "terminate": "false"
        },
        {
          "speaker": "speaker1",
          "personaID": "24806",
          "participantID": "3545",
          "utterance": "적당히는 좋지만 공정이 어떻게 되었는지도 따져야 되고..까다로운 것 같아요ㅠㅠ 혹시 좋아하는 동물 있으신가요? 저는 고래를 좋아한답니다.",
          "summary": " 나는 고래를 좋아한다.",
          "date": "2022-11-03",
          "time": "19:36:14",
          "terminate": "false"
        },
        {
          "speaker": "speaker2",
          "personaID": "34403",
          "participantID": "3062",
          "utterance": "저는 강아지를 키우고 있어서 강아지를 좋아해요.  고래도 좋아해요. 지구 상에서 가장 큰 동물이잖아요. 정말 신비로워요. ",
          "summary": "나는 강아지를 키우고 있으며, 강아지를 좋아한다. 나는 동물 중 고래도 좋아한다.",
          "date": "2022-11-04",
          "time": "10:36:06",
          "terminate": "false"
        },
        {
          "speaker": "speaker1",
          "personaID": "24806",
          "participantID": "3545",
          "utterance": "맞아요. 각 고래들마다 특성도 개성적이고 해서 저는 고래를 알아가는 게 재미있네요. 되게 뜬금없지만, 혈액형이 어떻게 되세요?",
          "summary": "나는 각 고래들마다 특성이 개성적인 것이 좋다.",
          "date": "2022-11-04",
          "time": "13:07:42",
          "terminate": "false"
        },
        {
          "speaker": "speaker2",
          "personaID": "34403",
          "participantID": "3062",
          "utterance": "저는 B형이예요! @이름@님의 혈액형은 뭔가요?",
          "summary": "나는 혈액형이 B형이다.",
          "date": "2022-11-04",
          "time": "13:37:46",
          "terminate": "false"
        },
        {
          "speaker": "speaker1",
          "personaID": "24806",
          "participantID": "3545",
          "utterance": "저는 A형이에요! 그런데 소심하지는 않은 것 같네요 ㅋㅋ",
          "summary": "나는 A형이지만 소심하지는 않다.",
          "date": "2022-11-04",
          "time": "14:01:39",
          "terminate": "false"
        },
        {
          "speaker": "speaker2",
          "personaID": "34403",
          "participantID": "3062",
          "utterance": "A형이라고 다 소심하고 B형이라고 다 털털하진 않겠죠! ㅎㅎ 저는 털털한 성격이긴 하지만요.",
          "summary": "나는 털털한 성격이다.",
          "date": "2022-11-04",
          "time": "15:02:55",
          "terminate": "false"
        },
        {
          "speaker": "speaker1",
          "personaID": "24806",
          "participantID": "3545",
          "utterance": "그쵸 요즘에 MBTI도 그렇고 너무 틀에 맞추는 건 좋지 않은 것 같아요!ㅠㅠ",
          "summary": "",
          "date": "2022-11-04",
          "time": "15:42:33",
          "terminate": "false"
        },
        {
          "speaker": "speaker2",
          "personaID": "34403",
          "participantID": "3062",
          "utterance": "그렇죠? 그런 경향을 과몰입이라고 하던데, 뭐든 적당히~ 재미있는 선에서 하는 게 좋은 것 같네요. 저는 밤에 일기를 써요. 급한 일이 생겨서 이만 가봐야겠어요. @이름@님, 다음에 또 얘기 나눠요.",
          "summary": "나는 밤에 일기를 쓴다.",
          "date": "2022-11-04",
          "time": "15:48:52",
          "terminate": "true"
        }
      ],
      "sessionPersonaSummary": {
        "speaker1": [
          "나는 20대 여성이다.",
          "나는 커피를 자주 마셨지만 최근에 커피를 끊었다.",
          "나는 커피에 예민한 편이다.",
          "나는 고래를 좋아한다.",
          "나는 각 고래들마다 특성이 개성적인 것이 좋다.",
          "나는 A형이지만 소심하지는 않다."
        ],
        "speaker2": [
          "나는 30대 여성이다. 나는 서기관이다.",
          "나는 커피를 좋아하지만 카페인을 먹으면 잠을 못 자는 편이다.",
          "나는 주말에 커피를 마시기로 정하였다.",
          "나는 강아지를 키우고 있으며, 강아지를 좋아한다.",
          "나는 동물 중 고래도 좋아한다.",
          "나는 혈액형이 B형이다.",
          "나는 털털한 성격이다.",
          "나는 밤에 일기를 쓴다."
        ]
      },
      "prevAggregatedpersonaSummary": {
        "speaker1": [],
        "speaker2": []
      }
    },
    {
      "prevSessionID": "4-00230-1",
      "prevTimeInfo": {
        "timeNum": "3",
        "timeUnit": "일"
      },
      "nthSession": "2",
      "numberOfUtterances": "14",
      "numberOfTurns": "7",
      "sessionID": "4-00230-2",
      "dialog": [
        {
          "speaker": "speaker1",
          "personaID": "24806",
          "participantID": "3545",
          "utterance": "3일만이네요. 잘 지내셨나요? 저는 글램핑을 다녀왔어요.",
          "summary": "나는 글램핑을 다녀왔다.",
          "date": "2022-11-06",
          "time": "19:31:46",
          "terminate": "false"
        },
        {
          "speaker": "speaker2",
          "personaID": "34403",
          "participantID": "3062",
          "utterance": "저는 집에서 잘 쉬고 있었어요~ 글램핑 여행을 다녀 오셨군요! 지역은 어디로 다녀오셨나요?",
          "summary": "",
          "date": "2022-11-06",
          "time": "19:38:15",
          "terminate": "false"
        },
        {
          "speaker": "speaker1",
          "personaID": "24806",
          "participantID": "3545",
          "utterance": "강화도로 다녀왔어요! 바다가 보여서 되게 좋더라고요.",
          "summary": "나는 강화도에 다녀왔는데 바다가 보여서 좋았다.",
          "date": "2022-11-06",
          "time": "19:39:13",
          "terminate": "false"
        },
        {
          "speaker": "speaker2",
          "personaID": "34403",
          "participantID": "3062",
          "utterance": "차가운 바다 바람 맞으면서 기분 전환 제대로 하셨겠네요~ 님은 글램핑을 자주 가시나요? ",
          "summary": "",
          "date": "2022-11-06",
          "time": "19:42:17",
          "terminate": "false"
        },
        {
          "speaker": "speaker1",
          "personaID": "24806",
          "participantID": "3545",
          "utterance": "아니요 이번에 처음 갔어요! 이것저것 준비가 다 되어있어서 좋더라고요.",
          "summary": "나는 글램핑을 처음 간 건데 준비가 다 되어있어서 좋았다.",
          "date": "2022-11-06",
          "time": "19:48:02",
          "terminate": "false"
        },
        {
          "speaker": "speaker2",
          "personaID": "34403",
          "participantID": "3062",
          "utterance": "저는 글램핑을 몇 번 가봤는데 한 여름보다는 환절기에 가는 것이 팁이라면 팁일 것 같아요.",
          "summary": "나는 글램핑을 여러 번 간 적이 있다.",
          "date": "2022-11-06",
          "time": "19:49:59",
          "terminate": "false"
        },
        {
          "speaker": "speaker1",
          "personaID": "24806",
          "participantID": "3545",
          "utterance": "너무 더워서 여름에는 가기 힘든걸까요? 확실히 저번에 갔을 때는 날씨가 선선해서 나쁘지 않았어요.",
          "summary": "나는 글램핑 갔을 때 날씨가 선선해서 좋았다.",
          "date": "2022-11-06",
          "time": "19:50:48",
          "terminate": "false"
        },
        {
          "speaker": "speaker2",
          "personaID": "34403",
          "participantID": "3062",
          "utterance": "맞아요. 글램핑 시설이 좋아도 일반적인 객실은 아니다보니.. 한 여름에는 아무래도 너무 더워서 힘들더라고요. 딱 좋은 계절에 잘 다녀오셨네요~",
          "summary": "",
          "date": "2022-11-06",
          "time": "19:51:40",
          "terminate": "false"
        },
        {
          "speaker": "speaker1",
          "personaID": "24806",
          "participantID": "3545",
          "utterance": "그러게요. 또 너무 추웠으면 그것도 그거대로 힘들었을 것 같아서 지금 다녀온게 다행이다 싶어요.",
          "summary": "",
          "date": "2022-11-06",
          "time": "23:30:05",
          "terminate": "false"
        },
        {
          "speaker": "speaker2",
          "personaID": "34403",
          "participantID": "3062",
          "utterance": "맞아요~~! 여행에는 날씨가 엄청 중요하니까요. 저는 남쪽 지방에 거주하는데 겨울마다 서울에 꼭 놀러가요. 그 강한 추위를 느끼고 싶어서요..",
          "summary": "나는 여행을 다닐 때 날씨가 중요하다고 생각한다. 나는 남부지방에 사는데, 겨울마다 서울에 놀러 가는 편이다.",
          "date": "2022-11-07",
          "time": "10:27:19",
          "terminate": "false"
        },
        {
          "speaker": "speaker1",
          "personaID": "24806",
          "participantID": "3545",
          "utterance": "정작 서울에서 맨날 살면 추운게 싫을 수도 있어요ㅠㅠ 제 친구는 강원도에 사는데, 눈이 그만왔으면 좋겠다고 하더라고요 ㅋㅋ",
          "summary": "",
          "date": "2022-11-07",
          "time": "16:20:51",
          "terminate": "false"
        },
        {
          "speaker": "speaker2",
          "personaID": "34403",
          "participantID": "3062",
          "utterance": "그렇죠? 저는 따뜻한 지방에 살다 보니 강력한 추위가 가끔 그리워 지더라고요. 강원도에는 에어컨이 없는 집도 많다고 하더라고요..",
          "summary": "나는 가끔 강력한 추위가 그립다.",
          "date": "2022-11-07",
          "time": "18:51:18",
          "terminate": "false"
        },
        {
          "speaker": "speaker1",
          "personaID": "24806",
          "participantID": "3545",
          "utterance": "정말요? 전기세는 많이 안 들 것 같아서 좋네요.",
          "summary": "",
          "date": "2022-11-07",
          "time": "20:22:41",
          "terminate": "false"
        },
        {
          "speaker": "speaker2",
          "personaID": "34403",
          "participantID": "3062",
          "utterance": "지역마다 날씨가 다르니 그런 차이가 신기하네요. 오늘은 일찍 자러 가야겠어요. 다음에 또 얘기해요~",
          "summary": "나는 지역마다 날씨가 다른 것이 신기하다.",
          "date": "2022-11-07",
          "time": "21:31:55",
          "terminate": "true"
        }
      ],
      "sessionPersonaSummary": {
        "speaker1": [
          "나는 글램핑을 다녀왔다.",
          "나는 강화도에 다녀왔는데 바다가 보여서 좋았다.",
          "나는 글램핑을 처음 간 건데 준비가 다 되어있어서 좋았다.",
          "나는 글램핑 갔을 때 날씨가 선선해서 좋았다."
        ],
        "speaker2": [
          "나는 글램핑을 여러 번 간 적이 있다.",
          "나는 여행을 다닐 때 날씨가 중요하다고 생각한다.",
          "나는 남부지방에 사는데, 겨울마다 서울에 놀러 가는 편이다.",
          "나는 가끔 강력한 추위가 그립다.",
          "나는 지역마다 날씨가 다른 것이 신기하다."
        ]
      },
      "prevAggregatedpersonaSummary": {
        "speaker1": [
          "나는 20대 여성이다.",
          "나는 커피를 자주 마셨지만 최근에 커피를 끊었다.",
          "나는 커피에 예민한 편이다.",
          "나는 고래를 좋아한다.",
          "나는 각 고래들마다 특성이 개성적인 것이 좋다.",
          "나는 A형이지만 소심하지는 않다."
        ],
        "speaker2": [
          "나는 30대 여성이다. 나는 서기관이다.",
          "나는 커피를 좋아하지만 카페인을 먹으면 잠을 못 자는 편이다.",
          "나는 주말에 커피를 마시기로 정하였다.",
          "나는 강아지를 키우고 있으며, 강아지를 좋아한다.",
          "나는 동물 중 고래도 좋아한다.",
          "나는 혈액형이 B형이다.",
          "나는 털털한 성격이다.",
          "나는 밤에 일기를 쓴다."
        ]
      }
    },
    {
      "prevSessionID": "4-00230-2",
      "prevTimeInfo": {
        "timeNum": "1",
        "timeUnit": "주"
      },
      "nthSession": "3",
      "numberOfUtterances": "14",
      "numberOfTurns": "7",
      "sessionID": "4-00230-3",
      "dialog": [
        {
          "speaker": "speaker1",
          "personaID": "24806",
          "participantID": "3545",
          "utterance": "일주일 만에 연락 드려요. 잘 지내셨나요??",
          "summary": "",
          "date": "2022-11-07",
          "time": "21:40:49",
          "terminate": "false"
        },
        {
          "speaker": "speaker2",
          "personaID": "34403",
          "participantID": "3062",
          "utterance": "저는 잘 지냈어요. @이름@님도 잘 지내셨나요? 저는 요즘도 밤에 일기를 쓰면서 지냈어요. 저는 다음 달에 대전에 여행가려고 계획을 세우고 있어요. @이름@님은 대전에 가보셨나요?",
          "summary": " 나는 다음 달에 대전 여행을 갈 예정이다",
          "date": "2022-11-08",
          "time": "10:16:43",
          "terminate": "false"
        },
        {
          "speaker": "speaker1",
          "personaID": "24806",
          "participantID": "3545",
          "utterance": "아뇨. 아직 대전에 가본 적은 없어요. 대전엔 어떤 볼거리가 있는지 혹시 아시나요?",
          "summary": "나는 대전에 가본 적이 없다.",
          "date": "2022-11-08",
          "time": "19:17:49",
          "terminate": "false"
        },
        {
          "speaker": "speaker2",
          "personaID": "34403",
          "participantID": "3062",
          "utterance": "대전에는 맛있는 빵 집이 많다고 알고 있어요!",
          "summary": "",
          "date": "2022-11-08",
          "time": "21:15:37",
          "terminate": "false"
        },
        {
          "speaker": "speaker1",
          "personaID": "24806",
          "participantID": "3545",
          "utterance": "생각해보니까 성심당이 대전에 있었죠? 저도 갑자기 가보고 싶어지네요",
          "summary": "나는 대전에 성심당을 가보고 싶다.",
          "date": "2022-11-08",
          "time": "21:56:03",
          "terminate": "false"
        },
        {
          "speaker": "speaker2",
          "personaID": "34403",
          "participantID": "3062",
          "utterance": "맞아요~ 성심당에서 일했던 직원들이 따로 차린 개인 빵집이 많아서 대전은 어느 빵집을 들어가나 다 맛있다고 해요! @이름@님도 빵을 좋아하신다면 대전이 좋은 여행지가 될 것 같네요~",
          "summary": "",
          "date": "2022-11-09",
          "time": "09:35:53",
          "terminate": "false"
        },
        {
          "speaker": "speaker1",
          "personaID": "24806",
          "participantID": "3545",
          "utterance": "와 정말요? 식도락 여행? 디저트 여행 같은걸 가도 괜찮겠네요. 저도 나중에 한 번 가봐야겠어요.",
          "summary": "나는 나중에 대전에 여행 갈 것이다.",
          "date": "2022-11-09",
          "time": "10:19:38",
          "terminate": "false"
        },
        {
          "speaker": "speaker2",
          "personaID": "34403",
          "participantID": "3062",
          "utterance": "맞아요~ 저는 그래서 밥 보다는 빵 위주로 먹으려고 식당말고 빵집만 많이 알아보고 있네요~",
          "summary": "나는 대전 여행을 가서 빵 위주로 식사를 할 예정이다.",
          "date": "2022-11-09",
          "time": "10:36:52",
          "terminate": "false"
        },
        {
          "speaker": "speaker1",
          "personaID": "24806",
          "participantID": "3545",
          "utterance": "이야기를 듣기만 해도 설레네요. 방금 검색을 해봤는데 대전에 빵축제라고 하는 축제도 있나봐요.",
          "summary": "나는 대전에 대해 검색하다가 빵 축제가 열린다는 사실을 알게 됐다.",
          "date": "2022-11-09",
          "time": "10:42:16",
          "terminate": "false"
        },
        {
          "speaker": "speaker2",
          "personaID": "34403",
          "participantID": "3062",
          "utterance": "오 빵 축제는 처음 들어봐요~ 저도 검색해봐야겠어요.",
          "summary": "나는 빵 축제에 대해 처음 들어보았다.",
          "date": "2022-11-09",
          "time": "11:05:06",
          "terminate": "false"
        },
        {
          "speaker": "speaker1",
          "personaID": "24806",
          "participantID": "3545",
          "utterance": "아마 올해는 이미 행사가 끝난 걸로 알고 있어요. 하지만 언제 기회 되면 시기 맞춰서 놀러가보고 싶네요.",
          "summary": "나는 다음에 대전 빵 축제가 열리는 시기에 맞춰서 여행 가고 싶다.",
          "date": "2022-11-09",
          "time": "11:58:37",
          "terminate": "false"
        },
        {
          "speaker": "speaker2",
          "personaID": "34403",
          "participantID": "3062",
          "utterance": "찾아보니 5월에 축제가 열렸었네요. 내년 5월에 대전에 가봐야겠어요~ 좋은 여행 팁을 알려주셔서 감사해요~",
          "summary": "",
          "date": "2022-11-09",
          "time": "12:47:16",
          "terminate": "false"
        },
        {
          "speaker": "speaker1",
          "personaID": "24806",
          "participantID": "3545",
          "utterance": "저도 가보고 싶어서 기억해두고 있었어요. 어쩌면 내년에 같이 빵 축제에 있을수도 있겠네요~",
          "summary": "",
          "date": "2022-11-09",
          "time": "13:50:53",
          "terminate": "false"
        },
        {
          "speaker": "speaker2",
          "personaID": "34403",
          "participantID": "3062",
          "utterance": "그렇게 돼도 재밌겠네요~^^ 벌써 퇴근 시간이 다 되가서 이만 정리하러 가볼게요.",
          "summary": "",
          "date": "2022-11-09",
          "time": "17:14:13",
          "terminate": "true"
        }
      ],
      "sessionPersonaSummary": {
        "speaker1": [
          "나는 대전에 가본 적이 없다.",
          "나는 대전에 성심당을 가보고 싶다.",
          "나는 나중에 대전에 여행 갈 것이다.",
          "나는 대전에 대해 검색하다가 빵 축제가 열린다는 사실을 알게 됐다.",
          "나는 다음에 대전 빵 축제가 열리는 시기에 맞춰서 여행 가고 싶다."
        ],
        "speaker2": [
          "나는 다음 달에 대전 여행을 갈 예정이다",
          "나는 대전 여행을 가서 빵 위주로 식사를 할 예정이다.",
          "나는 빵 축제에 대해 처음 들어보았다."
        ]
      },
      "prevAggregatedpersonaSummary": {
        "speaker1": [
          "나는 20대 여성이다.",
          "나는 커피를 자주 마셨지만 최근에 커피를 끊었다.",
          "나는 커피에 예민한 편이다.",
          "나는 고래를 좋아한다.",
          "나는 각 고래들마다 특성이 개성적인 것이 좋다.",
          "나는 A형이지만 소심하지는 않다.",
          "나는 글램핑을 다녀왔다.",
          "나는 강화도에 다녀왔는데 바다가 보여서 좋았다.",
          "나는 글램핑을 처음 간 건데 준비가 다 되어있어서 좋았다.",
          "나는 글램핑 갔을 때 날씨가 선선해서 좋았다."
        ],
        "speaker2": [
          "나는 30대 여성이다. 나는 서기관이다.",
          "나는 커피를 좋아하지만 카페인을 먹으면 잠을 못 자는 편이다.",
          "나는 주말에 커피를 마시기로 정하였다.",
          "나는 강아지를 키우고 있으며, 강아지를 좋아한다.",
          "나는 동물 중 고래도 좋아한다.",
          "나는 혈액형이 B형이다.",
          "나는 털털한 성격이다.",
          "나는 밤에 일기를 쓴다.",
          "나는 글램핑을 여러 번 간 적이 있다.",
          "나는 여행을 다닐 때 날씨가 중요하다고 생각한다.",
          "나는 남부지방에 사는데, 겨울마다 서울에 놀러 가는 편이다.",
          "나는 가끔 강력한 추위가 그립다.",
          "나는 지역마다 날씨가 다른 것이 신기하다."
        ]
      }
    },
    {
      "prevSessionID": "4-00230-3",
      "prevTimeInfo": {
        "timeNum": "2",
        "timeUnit": "주"
      },
      "nthSession": "4",
      "numberOfUtterances": "14",
      "numberOfTurns": "7",
      "sessionID": "4-00230-4",
      "dialog": [
        {
          "speaker": "speaker1",
          "personaID": "24806",
          "participantID": "3545",
          "utterance": "2주만에 연락 드려요. 그 동안 잘 지내셨나요?",
          "summary": "",
          "date": "2022-11-09",
          "time": "22:25:52",
          "terminate": "false"
        },
        {
          "speaker": "speaker2",
          "personaID": "34403",
          "participantID": "3062",
          "utterance": "저는 잘 지내고 있습니다~ @이름@님은 뭐하고 계시나요?",
          "summary": "",
          "date": "2022-11-10",
          "time": "11:12:58",
          "terminate": "false"
        },
        {
          "speaker": "speaker1",
          "personaID": "24806",
          "participantID": "3545",
          "utterance": "저는 야근 마치고 방금 집에 돌아가고 있어요. 일이 너무 많아서 여행이라도 가고 싶네요ㅠ",
          "summary": "나는 야근 마치고 집에 돌아가고 있는데 일이 너무 많아서 여행을 가고 싶다.",
          "date": "2022-11-10",
          "time": "22:28:33",
          "terminate": "false"
        },
        {
          "speaker": "speaker2",
          "personaID": "34403",
          "participantID": "3062",
          "utterance": "저는 대전에 다녀왔지만 또 여행 가고 싶네요. 야외 마스크도 없어지니 자연이 있는 곳으로 가고싶어요~",
          "summary": "나는 자연이 있는 곳으로 여행을 가고 싶다.",
          "date": "2022-11-11",
          "time": "11:13:05",
          "terminate": "false"
        },
        {
          "speaker": "speaker1",
          "personaID": "24806",
          "participantID": "3545",
          "utterance": "강원도나 가평도 괜찮은 것 같아요. 공기도 맑고 경치도 좋으니까요.",
          "summary": "나는 공기 맑고 경치 좋은 강원도나 가평으로 여행을 가고 싶다.",
          "date": "2022-11-11",
          "time": "15:02:17",
          "terminate": "false"
        },
        {
          "speaker": "speaker2",
          "personaID": "34403",
          "participantID": "3062",
          "utterance": "저는 남쪽 지방에 사는데 강원도 가는 교통이 불편해서 잘 못 가봤어요. @이름@님은 강원도에 자주 가보셨나요?",
          "summary": "나는 남쪽 지방에 산다.",
          "date": "2022-11-11",
          "time": "16:11:26",
          "terminate": "false"
        },
        {
          "speaker": "speaker1",
          "personaID": "24806",
          "participantID": "3545",
          "utterance": "네. 대학교에서도 좀 갔었고 할머니댁이 강원도라서 자주 가는 편이에요.",
          "summary": "나는 할머니 댁이 강원도라서 자주 가는 편이다.",
          "date": "2022-11-11",
          "time": "20:55:49",
          "terminate": "false"
        },
        {
          "speaker": "speaker2",
          "personaID": "34403",
          "participantID": "3062",
          "utterance": "부러워요! 강원도에 가면 꼭 드시는 음식이 있으신지 궁금해요.",
          "summary": "",
          "date": "2022-11-11",
          "time": "22:31:39",
          "terminate": "false"
        },
        {
          "speaker": "speaker1",
          "personaID": "24806",
          "participantID": "3545",
          "utterance": "회냉면을 자주 먹고 와요! 거기 올라가는 회가 정말 맛있거든요",
          "summary": "나는 강원도에 가면 회냉면을 자주 먹는다.",
          "date": "2022-11-11",
          "time": "23:31:41",
          "terminate": "false"
        },
        {
          "speaker": "speaker2",
          "personaID": "34403",
          "participantID": "3062",
          "utterance": "10년 전에 강릉에 갔을 때 먹었던 회가 엄청 싱싱했던 기억이 나요! 얘기하니까 강원도 여행 엄청 가고 싶어지네요~~",
          "summary": "나는 10년 전에 강릉에서 먹은 회가 싱싱했던 기억이 난다. 나는 강원도 여행을 가고 싶다.",
          "date": "2022-11-11",
          "time": "23:32:37",
          "terminate": "false"
        },
        {
          "speaker": "speaker1",
          "personaID": "24806",
          "participantID": "3545",
          "utterance": "이야기하다보니까 저도 강원도 가고 싶어지네요. 강릉에서 대게라면 먹었던 것도 되게 맛있었어요.\n",
          "summary": "나는 강릉에서 먹었던 대게 라면이 맛있었다.",
          "date": "2022-11-11",
          "time": "23:34:17",
          "terminate": "false"
        },
        {
          "speaker": "speaker2",
          "personaID": "34403",
          "participantID": "3062",
          "utterance": "강릉 갔을 때 대게 라면은 못 먹어 봤는데, 기억 해뒀다가 꼭 먹어봐야겠어요! 좋은 정보 알려주셔서 감사해요~",
          "summary": "나는 대게 라면을 먹어본 적이 없다.",
          "date": "2022-11-11",
          "time": "23:34:58",
          "terminate": "false"
        },
        {
          "speaker": "speaker1",
          "personaID": "24806",
          "participantID": "3545",
          "utterance": "나중에 기회가 되면 꼭 한 번 가보세요. 저도 할머니 집 갈 때 다시 한 번 가게에 들려보아야겠네요.",
          "summary": "",
          "date": "2022-11-11",
          "time": "23:35:24",
          "terminate": "false"
        },
        {
          "speaker": "speaker2",
          "personaID": "34403",
          "participantID": "3062",
          "utterance": "네~! 강원도에 다른 맛집은 없나 검색하러 가볼게요. 님도 얼른 주무세요~",
          "summary": "나는 강원도에 다른 맛집이 있는지 검색해볼 예정이다.",
          "date": "2022-11-11",
          "time": "23:36:54",
          "terminate": "true"
        }
      ],
      "sessionPersonaSummary": {
        "speaker1": [
          "나는 야근 마치고 집에 돌아가고 있는데 일이 너무 많아서 여행을 가고 싶다.",
          "나는 공기 맑고 경치 좋은 강원도나 가평으로 여행을 가고 싶다.",
          "나는 할머니 댁이 강원도라서 자주 가는 편이다.",
          "나는 강원도에 가면 회냉면을 자주 먹는다.",
          "나는 강릉에서 먹었던 대게 라면이 맛있었다."
        ],
        "speaker2": [
          "나는 자연이 있는 곳으로 여행을 가고 싶다.",
          "나는 남쪽 지방에 산다.",
          "나는 10년 전에 강릉에서 먹은 회가 싱싱했던 기억이 난다.",
          "나는 강원도 여행을 가고 싶다.",
          "나는 대게 라면을 먹어본 적이 없다.",
          "나는 강원도에 다른 맛집이 있는지 검색해볼 예정이다."
        ]
      },
      "prevAggregatedpersonaSummary": {
        "speaker1": [
          "나는 20대 여성이다.",
          "나는 커피를 자주 마셨지만 최근에 커피를 끊었다.",
          "나는 커피에 예민한 편이다.",
          "나는 고래를 좋아한다.",
          "나는 각 고래들마다 특성이 개성적인 것이 좋다.",
          "나는 A형이지만 소심하지는 않다.",
          "나는 글램핑을 다녀왔다.",
          "나는 강화도에 다녀왔는데 바다가 보여서 좋았다.",
          "나는 글램핑을 처음 간 건데 준비가 다 되어있어서 좋았다.",
          "나는 글램핑 갔을 때 날씨가 선선해서 좋았다.",
          "나는 대전에 가본 적이 없다.",
          "나는 대전에 성심당을 가보고 싶다.",
          "나는 나중에 대전에 여행 갈 것이다.",
          "나는 대전에 대해 검색하다가 빵 축제가 열린다는 사실을 알게 됐다.",
          "나는 다음에 대전 빵 축제가 열리는 시기에 맞춰서 여행 가고 싶다."
        ],
        "speaker2": [
          "나는 30대 여성이다. 나는 서기관이다.",
          "나는 커피를 좋아하지만 카페인을 먹으면 잠을 못 자는 편이다.",
          "나는 주말에 커피를 마시기로 정하였다.",
          "나는 강아지를 키우고 있으며, 강아지를 좋아한다.",
          "나는 동물 중 고래도 좋아한다.",
          "나는 혈액형이 B형이다.",
          "나는 털털한 성격이다.",
          "나는 밤에 일기를 쓴다.",
          "나는 글램핑을 여러 번 간 적이 있다.",
          "나는 여행을 다닐 때 날씨가 중요하다고 생각한다.",
          "나는 남부지방에 사는데, 겨울마다 서울에 놀러 가는 편이다.",
          "나는 가끔 강력한 추위가 그립다.",
          "나는 지역마다 날씨가 다른 것이 신기하다.",
          "나는 다음 달에 대전 여행을 갈 예정이다",
          "나는 대전 여행을 가서 빵 위주로 식사를 할 예정이다.",
          "나는 빵 축제에 대해 처음 들어보았다."
        ]
      }
    }
  ]
}