{
  "FileInfo": {
    "filename": "K4-00037-CL95922-CP97651-01-02-S4.json",
    "sessionLevel": "4"
  },
  "participantsInfo": {
    "numberOfParticipants": "2",
    "speaker1": {
      "participantID": "30330",
      "gender": "남성",
      "age": "60대 이상",
      "occupation": "자영업",
      "bPlace": "서울/경기/인천",
      "gPlace": "서울/경기/인천",
      "rPlace": "서울/경기/인천",
      "educationLevel": "대졸"
    },
    "speaker2": {
      "participantID": "30638",
      "gender": "여성",
      "age": "60대 이상",
      "occupation": "주부",
      "bPlace": "대전/세종/충청/강원",
      "gPlace": "대전/세종/충청/강원",
      "rPlace": "대전/세종/충청/강원",
      "educationLevel": "대졸"
    }
  },
  "multisessionInfo": {
    "multisessionID": "4-00037"
  },
  "personaInfo": {
    "clInfo": {
      "personaID": "95922",
      "personaFeatures": [
        "나는 남자이다.",
        "나는 60대 이상이다.",
        "나는 2년 전에 해외 봉사활동을 다녀왔다.",
        "나의 생일은 7월이다.",
        "나는 요즘, 가끔 남의 시선이 의식된다.",
        "나는 저녁에 TV를 본다."
      ],
      "speakerType": "speaker1"
    },
    "cpInfo": {
      "personaID": "97651",
      "personaFeatures": [
        "나는 여자이다.",
        "나는 60대 이상이다.",
        "나는 추운 날씨를 좋아한다.",
        "나는 주말에 집에서 시간을 보낸다.",
        "나는 에어로빅을 자주 한다.",
        "나는 앵무새를 키우고 싶다.",
        "나는 혈액형이 O형이다."
      ],
      "speakerType": "speaker2"
    }
  },
  "topicInfo": {
    "topicID": "01-02",
    "topicType": "식음료",
    "topicTitle": "음식"
  },
  "sessionInfo": [
    {
      "prevSessionID": null,
      "prevTimeInfo": {
        "timeNum": null,
        "timeUnit": null
      },
      "nthSession": "1",
      "numberOfUtterances": "14",
      "numberOfTurns": "7",
      "sessionID": "4-00037-1",
      "dialog": [
        {
          "speaker": "speaker1",
          "personaID": "95922",
          "participantID": "30330",
          "utterance": "안녕하세요~ 저는 60대 남성이에요.",
          "summary": "나는 60대 남성이다.",
          "date": "2022-11-24",
          "time": "18:08:28",
          "terminate": "false"
        },
        {
          "speaker": "speaker2",
          "personaID": "97651",
          "participantID": "30638",
          "utterance": "네~ 반가워요~ 저도 같은 60대 여성입니다~ 잘부탁드려요.",
          "summary": "나는 60대 여성이다.",
          "date": "2022-11-24",
          "time": "18:08:46",
          "terminate": "false"
        },
        {
          "speaker": "speaker1",
          "personaID": "95922",
          "participantID": "30330",
          "utterance": "저도 잘 부탁드립니다^^ 요즘 날씨는 춥지 않으신가요? 낮엔 날씨가 그나마 좋지만 아침 저녁으론 춥네요!",
          "summary": "나는 아침저녁으론 춥다.",
          "date": "2022-11-24",
          "time": "19:01:40",
          "terminate": "false"
        },
        {
          "speaker": "speaker2",
          "personaID": "97651",
          "participantID": "30638",
          "utterance": "맞아요~ 그런데 저는 추운날씨를 좋아해서 괜찮더라구요~",
          "summary": "나는 추운 날씨를 좋아한다.",
          "date": "2022-11-24",
          "time": "19:01:59",
          "terminate": "false"
        },
        {
          "speaker": "speaker1",
          "personaID": "95922",
          "participantID": "30330",
          "utterance": "그렇군요! 저는 7월에 태어나서그런지 추위를 잘타는 것 같아요~ 하하.",
          "summary": "나는 생일이 7월이다. 나는 추위를 잘 타는 것 같다.",
          "date": "2022-11-24",
          "time": "19:03:15",
          "terminate": "false"
        },
        {
          "speaker": "speaker2",
          "personaID": "97651",
          "participantID": "30638",
          "utterance": "하하 저도 7월에 태어났는걸요~? ㅎㅎ 사람마다 체질 차이이죠~~ㅎㅎ 혈액형은 뭐에요? 저는 o형입니다!",
          "summary": "나는 혈액형이 o형이다. 나는 7월에 태어났다.",
          "date": "2022-11-24",
          "time": "19:04:04",
          "terminate": "false"
        },
        {
          "speaker": "speaker1",
          "personaID": "95922",
          "participantID": "30330",
          "utterance": "전 A형인데 , 소심해서 그런지 요즘 가끔 남의 시선이 의식되어요!",
          "summary": "나는 a형이다. 나는 요즘, 가끔 남의 시선이 의식된다.",
          "date": "2022-11-24",
          "time": "19:04:54",
          "terminate": "false"
        },
        {
          "speaker": "speaker2",
          "personaID": "97651",
          "participantID": "30638",
          "utterance": "너무 신경쓰지 마셔요~ 괜히 정신건강에 안좋습니다! ㅎㅎ.",
          "summary": "",
          "date": "2022-11-24",
          "time": "19:05:24",
          "terminate": "false"
        },
        {
          "speaker": "speaker1",
          "personaID": "95922",
          "participantID": "30330",
          "utterance": "그렇겠죠? 취미는 있으신가요? 저는 봉사활동이 취미입니다! 2년전엔 해외 봉사활동을 다녀왔는데 코로나때문에 빠르게 복귀했어요.",
          "summary": "나는 봉사활동이 취미이다. 나는 2년 전에 해외 봉사활동을 다녀왔다.",
          "date": "2022-11-24",
          "time": "19:05:58",
          "terminate": "false"
        },
        {
          "speaker": "speaker2",
          "personaID": "97651",
          "participantID": "30638",
          "utterance": "어이구 , 그러셨군요! 그래도 봉사활동이라니 , 훌륭한 취미이시네요! 저는 취미가 에어로빅이라, 에어로빅을 자주해요!",
          "summary": "나는 에어로빅을 자주 한다.",
          "date": "2022-11-24",
          "time": "19:06:40",
          "terminate": "false"
        },
        {
          "speaker": "speaker1",
          "personaID": "95922",
          "participantID": "30330",
          "utterance": "운동하시는걸 좋아하시나봐요! 활동적인 편이세요?",
          "summary": "",
          "date": "2022-11-24",
          "time": "19:06:52",
          "terminate": "false"
        },
        {
          "speaker": "speaker2",
          "personaID": "97651",
          "participantID": "30638",
          "utterance": "아무래도 그런 것 같아요, 그래서 추운날씨가 좋은가봐요! 움직이면 열이 발생하잖아요!",
          "summary": "나는 활동적인 편이다.",
          "date": "2022-11-24",
          "time": "19:07:08",
          "terminate": "false"
        },
        {
          "speaker": "speaker1",
          "personaID": "95922",
          "participantID": "30330",
          "utterance": "그럴 수 있겠는데요!? ㅎㅎ 제가 이만 오늘 저녁을 하기로해서 다음에 또 대화 나눠요^^",
          "summary": "나는 저녁을 하기로 했다.",
          "date": "2022-11-24",
          "time": "19:07:46",
          "terminate": "false"
        },
        {
          "speaker": "speaker2",
          "personaID": "97651",
          "participantID": "30638",
          "utterance": "네~ 그럼 저녁 맛있게 드시고 다음에 대화주세요^^",
          "summary": "",
          "date": "2022-11-24",
          "time": "19:08:02",
          "terminate": "true"
        }
      ],
      "sessionPersonaSummary": {
        "speaker1": [
          "나는 60대 남성이다.",
          "나는 아침저녁으론 춥다.",
          "나는 생일이 7월이다. 나는 추위를 잘 타는 것 같다.",
          "나는 a형이다. 나는 요즘, 가끔 남의 시선이 의식된다.",
          "나는 봉사활동이 취미이다. 나는 2년 전에 해외 봉사활동을 다녀왔다.",
          "나는 저녁을 하기로 했다."
        ],
        "speaker2": [
          "나는 60대 여성이다.",
          "나는 추운 날씨를 좋아한다.",
          "나는 혈액형이 o형이다. 나는 7월에 태어났다.",
          "나는 에어로빅을 자주 한다.",
          "나는 활동적인 편이다."
        ]
      },
      "prevAggregatedpersonaSummary": {
        "speaker1": [],
        "speaker2": []
      }
    },
    {
      "prevSessionID": "4-00037-1",
      "prevTimeInfo": {
        "timeNum": "4",
        "timeUnit": "일"
      },
      "nthSession": "2",
      "numberOfUtterances": "14",
      "numberOfTurns": "7",
      "sessionID": "4-00037-2",
      "dialog": [
        {
          "speaker": "speaker1",
          "personaID": "95922",
          "participantID": "30330",
          "utterance": "안녕하세요~ 잘 지내고 계신가요? 4일이나 지나서 대화드리게 되었어요! 주말인데 뭐하고 계신가요?",
          "summary": "",
          "date": "2022-11-24",
          "time": "19:12:46",
          "terminate": "false"
        },
        {
          "speaker": "speaker2",
          "personaID": "97651",
          "participantID": "30638",
          "utterance": "네~ 잘지냈어요! 전 주말에 집에서 시간을 보내요~ ㅎㅎ 그날 저녁하기로 하셨다고 했는데 음식하는걸 좋아하시나봐요~",
          "summary": "나는 주말에 집에서 시간을 보낸다.",
          "date": "2022-11-24",
          "time": "19:13:07",
          "terminate": "false"
        },
        {
          "speaker": "speaker1",
          "personaID": "95922",
          "participantID": "30330",
          "utterance": "기억력 좋으시네요! ㅎㅎ 네~ 저는 음식을 만들어 먹는게 건강에도 좋아서 자주 만들어 먹게 되더라구요!",
          "summary": "나는 음식을 만들어 먹는 게 건강에도 좋아 자주 만들어 먹게 된다.",
          "date": "2022-11-24",
          "time": "19:15:34",
          "terminate": "false"
        },
        {
          "speaker": "speaker2",
          "personaID": "97651",
          "participantID": "30638",
          "utterance": "그렇군요~ 저는 제가 만든 것 보다 남이 해준 음식이 맛있더라구요~",
          "summary": "나는 내가 만든 것보다 남이 해준 음식이 맛있다.",
          "date": "2022-11-24",
          "time": "19:15:58",
          "terminate": "false"
        },
        {
          "speaker": "speaker1",
          "personaID": "95922",
          "participantID": "30330",
          "utterance": "하하, 저는 둘다인 것 같네요 ㅎㅎ 제가 음식을 매우 좋아하거든요! 먹는걸 좋아해서요!",
          "summary": "나는 먹는 걸 좋아해서 음식을 매우 좋아한다.",
          "date": "2022-11-24",
          "time": "19:16:19",
          "terminate": "false"
        },
        {
          "speaker": "speaker2",
          "personaID": "97651",
          "participantID": "30638",
          "utterance": "그래요!? 먹는 만큼 많이 움직이셔야지 건강에도 좋아요~~ 아시죠?",
          "summary": "",
          "date": "2022-11-24",
          "time": "19:16:32",
          "terminate": "false"
        },
        {
          "speaker": "speaker1",
          "personaID": "95922",
          "participantID": "30330",
          "utterance": "네! 그럼요, 요즘 나이가 들어가니 음식을 소화시키는데 있어서 느려진 것 같더라구요, 허허허,,",
          "summary": "나는 요즘 나이가 들어가니 음식을 소화시키는 데 있어서 느려진 것 같다.",
          "date": "2022-11-24",
          "time": "19:16:35",
          "terminate": "false"
        },
        {
          "speaker": "speaker2",
          "personaID": "97651",
          "participantID": "30638",
          "utterance": "그만큼 잘 움직여 주셔요~ 영양제도 챙겨먹고 음식도 가려가며 드시구요!",
          "summary": "",
          "date": "2022-11-24",
          "time": "19:17:53",
          "terminate": "false"
        },
        {
          "speaker": "speaker1",
          "personaID": "95922",
          "participantID": "30330",
          "utterance": "그래야겠네요 ㅎㅎ 뭐, 특히 좋아하시는 음식은 있으신가요?",
          "summary": "",
          "date": "2022-11-24",
          "time": "19:18:05",
          "terminate": "false"
        },
        {
          "speaker": "speaker2",
          "personaID": "97651",
          "participantID": "30638",
          "utterance": "저는 회를 정말 좋아해요! 일주일동안 먹어도 안 물리더라구요!",
          "summary": "나는 회를 정말 좋아해서 일주일간 먹어도 안 물린다.",
          "date": "2022-11-24",
          "time": "19:18:31",
          "terminate": "false"
        },
        {
          "speaker": "speaker1",
          "personaID": "95922",
          "participantID": "30330",
          "utterance": "그래요? 저도 회를 좋아하는데 , 저는 초밥이 좋더라구요! 간편하고 밥도 있어 적절한 탄수화물까지요!",
          "summary": "나는 초밥이 좋다.",
          "date": "2022-11-24",
          "time": "19:18:54",
          "terminate": "false"
        },
        {
          "speaker": "speaker2",
          "personaID": "97651",
          "participantID": "30638",
          "utterance": "초밥도 즐기곤 하죠! ㅎㅎ 그럼 오늘 점심은 말나온김에 초밥을 먹어볼까봐요~~",
          "summary": "",
          "date": "2022-11-24",
          "time": "19:19:16",
          "terminate": "false"
        },
        {
          "speaker": "speaker1",
          "personaID": "95922",
          "participantID": "30330",
          "utterance": "앗 이렇게 되는건가요~ 저는 이미 중식당에서 점심약속이 있네요 ㅎㅎ 그럼 식사 맛있게 하시고 다음에 또 대화해요^^",
          "summary": "나는 이미 중식당에서 점심 약속이 있다.",
          "date": "2022-11-24",
          "time": "19:19:49",
          "terminate": "false"
        },
        {
          "speaker": "speaker2",
          "personaID": "97651",
          "participantID": "30638",
          "utterance": "네~ 그럼 점심약속 맛있게 드셔요^^ 저는 초밥 맛집에서 주문해 먹어야겠네요.",
          "summary": "나는 초밥 맛집에서 주문해 먹어야겠다.",
          "date": "2022-11-24",
          "time": "19:20:05",
          "terminate": "true"
        }
      ],
      "sessionPersonaSummary": {
        "speaker1": [
          "나는 음식을 만들어 먹는 게 건강에도 좋아 자주 만들어 먹게 된다.",
          "나는 먹는 걸 좋아해서 음식을 매우 좋아한다.",
          "나는 요즘 나이가 들어가니 음식을 소화시키는 데 있어서 느려진 것 같다.",
          "나는 초밥이 좋다.",
          "나는 이미 중식당에서 점심 약속이 있다."
        ],
        "speaker2": [
          "나는 주말에 집에서 시간을 보낸다.",
          "나는 내가 만든 것보다 남이 해준 음식이 맛있다.",
          "나는 회를 정말 좋아해서 일주일간 먹어도 안 물린다.",
          "나는 초밥 맛집에서 주문해 먹어야겠다."
        ]
      },
      "prevAggregatedpersonaSummary": {
        "speaker1": [
          "나는 60대 남성이다.",
          "나는 아침저녁으론 춥다.",
          "나는 생일이 7월이다. 나는 추위를 잘 타는 것 같다.",
          "나는 a형이다. 나는 요즘, 가끔 남의 시선이 의식된다.",
          "나는 봉사활동이 취미이다. 나는 2년 전에 해외 봉사활동을 다녀왔다.",
          "나는 저녁을 하기로 했다."
        ],
        "speaker2": [
          "나는 60대 여성이다.",
          "나는 추운 날씨를 좋아한다.",
          "나는 혈액형이 o형이다. 나는 7월에 태어났다.",
          "나는 에어로빅을 자주 한다.",
          "나는 활동적인 편이다."
        ]
      }
    },
    {
      "prevSessionID": "4-00037-2",
      "prevTimeInfo": {
        "timeNum": "1",
        "timeUnit": "일"
      },
      "nthSession": "3",
      "numberOfUtterances": "14",
      "numberOfTurns": "7",
      "sessionID": "4-00037-3",
      "dialog": [
        {
          "speaker": "speaker1",
          "personaID": "95922",
          "participantID": "30330",
          "utterance": "어젠 맛있는 초밥집에서 시켜드셨나요? 저는 어제 친구와 점심때부터 맛있는 음식에 술을 했더니 힘들었네요.",
          "summary": "나는 친구와 맛있는 음식에 술을 마셨다.",
          "date": "2022-11-24",
          "time": "19:23:12",
          "terminate": "false"
        },
        {
          "speaker": "speaker2",
          "personaID": "97651",
          "participantID": "30638",
          "utterance": "그러셨군요! 중식당가신다고 하시더니, 중식에 어떤 술을 드셨나요?",
          "summary": "",
          "date": "2022-11-24",
          "time": "19:23:25",
          "terminate": "false"
        },
        {
          "speaker": "speaker1",
          "personaID": "95922",
          "participantID": "30330",
          "utterance": "고량주를 먹었어요~ 아무래도 음식이 고량주와 정말 잘 어울리더라구요!",
          "summary": "나는 중식과 고량주가 정말 잘 어울린다고 생각한다.",
          "date": "2022-11-24",
          "time": "19:23:43",
          "terminate": "false"
        },
        {
          "speaker": "speaker2",
          "personaID": "97651",
          "participantID": "30638",
          "utterance": "그렇군요! 각자 음식마다 잘 어울리는 주류가 있는 것 같아요~~",
          "summary": "나는 음식마다 어울리는 주류가 있는 것 같다.",
          "date": "2022-11-24",
          "time": "19:24:09",
          "terminate": "false"
        },
        {
          "speaker": "speaker1",
          "personaID": "95922",
          "participantID": "30330",
          "utterance": "맞습니다. 전 어제 그렇게 중식당에서 부터 4차까지 먹게되어 각종 술을 먹게 되었네요!",
          "summary": "",
          "date": "2022-11-24",
          "time": "19:25:14",
          "terminate": "false"
        },
        {
          "speaker": "speaker2",
          "personaID": "97651",
          "participantID": "30638",
          "utterance": "어머 , 체력도 대단하셔요~ 저희나이엔 주의해야한다구요!",
          "summary": "",
          "date": "2022-11-24",
          "time": "19:25:25",
          "terminate": "false"
        },
        {
          "speaker": "speaker1",
          "personaID": "95922",
          "participantID": "30330",
          "utterance": "안그래도 아내에게 한소리 들었습니다... 그치만 그 맛있는 음식들에 어울리는 술을 피하기 쉽지 않더라구요!",
          "summary": "나는 음식에 어울리는 술을 피하기 쉽지 않다.",
          "date": "2022-11-24",
          "time": "19:25:49",
          "terminate": "false"
        },
        {
          "speaker": "speaker2",
          "personaID": "97651",
          "participantID": "30638",
          "utterance": "어휴~ 어느정돈 이해는 하지만 건강을 생각하셔야죠~ ㅎㅎ 음식을 만들어 드시는게 건강에도 좋아서 만드신다는 분이요~",
          "summary": "",
          "date": "2022-11-24",
          "time": "19:26:17",
          "terminate": "false"
        },
        {
          "speaker": "speaker1",
          "personaID": "95922",
          "participantID": "30330",
          "utterance": "그러게요~ 제가 할말이 없네요 허허 ㅎㅎ , 아침은 드셨나요?",
          "summary": "",
          "date": "2022-11-24",
          "time": "19:26:22",
          "terminate": "false"
        },
        {
          "speaker": "speaker2",
          "personaID": "97651",
          "participantID": "30638",
          "utterance": "저는 좀 전에 일어나서 이른 점심으로 먹으려구요! 조금만 있다가요~",
          "summary": "",
          "date": "2022-11-24",
          "time": "19:27:33",
          "terminate": "false"
        },
        {
          "speaker": "speaker1",
          "personaID": "95922",
          "participantID": "30330",
          "utterance": "저는 어떤 음식으로 해장할지 고민이네요~ 하나 추천해주시겠어요?",
          "summary": "나는 어떤 음식으로 해장할지 고민이다.",
          "date": "2022-11-24",
          "time": "19:27:45",
          "terminate": "false"
        },
        {
          "speaker": "speaker2",
          "personaID": "97651",
          "participantID": "30638",
          "utterance": "토마토 계란 스프나 죽은 어때요? 속풀이에도 좋고 너무 자극적이지 않게요~",
          "summary": "",
          "date": "2022-11-24",
          "time": "19:28:12",
          "terminate": "false"
        },
        {
          "speaker": "speaker1",
          "personaID": "95922",
          "participantID": "30330",
          "utterance": "좋은생각입니다! 그럼 저는 토마토 계란 스프를 만들어 해장하고 오겠습니다~ 이따 다시 대화해요!",
          "summary": "나는 토마토 계란 수프를 만들어 해장을 하려 한다.",
          "date": "2022-11-24",
          "time": "19:28:45",
          "terminate": "false"
        },
        {
          "speaker": "speaker2",
          "personaID": "97651",
          "participantID": "30638",
          "utterance": "네~ 그럼 해장 잘하시고 나중에 대화주세요^^",
          "summary": "",
          "date": "2022-11-24",
          "time": "19:28:54",
          "terminate": "true"
        }
      ],
      "sessionPersonaSummary": {
        "speaker1": [
          "나는 친구와 맛있는 음식에 술을 마셨다.",
          "나는 중식과 고량주가 정말 잘 어울린다고 생각한다.",
          "나는 음식에 어울리는 술을 피하기 쉽지 않다.",
          "나는 어떤 음식으로 해장할지 고민이다.",
          "나는 토마토 계란 수프를 만들어 해장을 하려 한다."
        ],
        "speaker2": [
          "나는 음식마다 어울리는 주류가 있는 것 같다."
        ]
      },
      "prevAggregatedpersonaSummary": {
        "speaker1": [
          "나는 60대 남성이다.",
          "나는 아침저녁으론 춥다.",
          "나는 생일이 7월이다. 나는 추위를 잘 타는 것 같다.",
          "나는 a형이다. 나는 요즘, 가끔 남의 시선이 의식된다.",
          "나는 봉사활동이 취미이다. 나는 2년 전에 해외 봉사활동을 다녀왔다.",
          "나는 저녁을 하기로 했다.",
          "나는 음식을 만들어 먹는 게 건강에도 좋아 자주 만들어 먹게 된다.",
          "나는 먹는 걸 좋아해서 음식을 매우 좋아한다.",
          "나는 요즘 나이가 들어가니 음식을 소화시키는 데 있어서 느려진 것 같다.",
          "나는 초밥이 좋다.",
          "나는 이미 중식당에서 점심 약속이 있다."
        ],
        "speaker2": [
          "나는 60대 여성이다.",
          "나는 추운 날씨를 좋아한다.",
          "나는 혈액형이 o형이다. 나는 7월에 태어났다.",
          "나는 에어로빅을 자주 한다.",
          "나는 활동적인 편이다.",
          "나는 주말에 집에서 시간을 보낸다.",
          "나는 내가 만든 것보다 남이 해준 음식이 맛있다.",
          "나는 회를 정말 좋아해서 일주일간 먹어도 안 물린다.",
          "나는 초밥 맛집에서 주문해 먹어야겠다."
        ]
      }
    },
    {
      "prevSessionID": "4-00037-3",
      "prevTimeInfo": {
        "timeNum": "1",
        "timeUnit": "시간"
      },
      "nthSession": "4",
      "numberOfUtterances": "16",
      "numberOfTurns": "8",
      "sessionID": "4-00037-4",
      "dialog": [
        {
          "speaker": "speaker1",
          "personaID": "95922",
          "participantID": "30330",
          "utterance": "덕분에 해장에 훌륭한 음식으로 해장했습니다! 식사 맛있게 하셨나요?",
          "summary": "나는 훌륭한 음식으로 해장했다.",
          "date": "2022-11-24",
          "time": "19:29:24",
          "terminate": "false"
        },
        {
          "speaker": "speaker2",
          "personaID": "97651",
          "participantID": "30638",
          "utterance": "네, 토파토계란스프가 해장으로 괜찮았나보네요! 토마토가 숙취에 좋다고 하잖아요~",
          "summary": "",
          "date": "2022-11-24",
          "time": "19:29:30",
          "terminate": "false"
        },
        {
          "speaker": "speaker1",
          "personaID": "95922",
          "participantID": "30330",
          "utterance": "맞아요 , 선생님께선 어떤 음식을 드셨나요?",
          "summary": "",
          "date": "2022-11-24",
          "time": "19:33:01",
          "terminate": "false"
        },
        {
          "speaker": "speaker2",
          "personaID": "97651",
          "participantID": "30638",
          "utterance": "저는 간단하게 샐러드를 먹었어요~ 이따가 저녁에 고기를 먹기로 해서요.",
          "summary": "나는 간단하게 샐러드를 먹었다.",
          "date": "2022-11-24",
          "time": "19:36:18",
          "terminate": "false"
        },
        {
          "speaker": "speaker1",
          "personaID": "95922",
          "participantID": "30330",
          "utterance": "주말이라 저녁에 외식하시나 보군요~ 삼겹살을 드시러가시나요?",
          "summary": "",
          "date": "2022-11-24",
          "time": "19:36:55",
          "terminate": "false"
        },
        {
          "speaker": "speaker2",
          "personaID": "97651",
          "participantID": "30638",
          "utterance": "아뇨~ 요즘 달달한 음식이 땡겨서 갈비를 먹으러 가려구요! ㅎㅎ.",
          "summary": "나는 달달한 음식이 당겨서 갈비를 먹으러 가려한다.",
          "date": "2022-11-24",
          "time": "19:37:57",
          "terminate": "false"
        },
        {
          "speaker": "speaker1",
          "personaID": "95922",
          "participantID": "30330",
          "utterance": "맛잇겠네요~ 저도 저녁에 아내와 함께 갈비를 먹으러 갈까봐요~ 그런데 저희 아내는 음식을 가리는게 많아요 ㅠ.",
          "summary": "나는 아내가 가리는 음식이 많다.",
          "date": "2022-11-24",
          "time": "19:38:31",
          "terminate": "false"
        },
        {
          "speaker": "speaker2",
          "personaID": "97651",
          "participantID": "30638",
          "utterance": "그러시군요, 못먹는 음식이 많으신건가요?",
          "summary": "",
          "date": "2022-11-24",
          "time": "19:40:28",
          "terminate": "false"
        },
        {
          "speaker": "speaker1",
          "personaID": "95922",
          "participantID": "30330",
          "utterance": "네, 일단 새우는 알레르기가 있어서 못 먹고 , 날 음식을 못먹어요.",
          "summary": "나의 아내는 새우 알레르기가 있고 날 음식을 못 먹는다.",
          "date": "2022-11-24",
          "time": "19:41:39",
          "terminate": "false"
        },
        {
          "speaker": "speaker2",
          "personaID": "97651",
          "participantID": "30638",
          "utterance": "헉, 제가 좋아하는 회를 못드시겠군요 ㅠㅠ 너무맛있는 음식인데 ... 슬프네요.",
          "summary": "",
          "date": "2022-11-24",
          "time": "19:44:01",
          "terminate": "false"
        },
        {
          "speaker": "speaker1",
          "personaID": "95922",
          "participantID": "30330",
          "utterance": "허허 다들 개인 취향차이니까요~ 저는 운동을 해볼까해요~ 어제 너무 많이 먹어서요.",
          "summary": "나는 운동을 해볼까 한다.",
          "date": "2022-11-24",
          "time": "19:45:10",
          "terminate": "false"
        },
        {
          "speaker": "speaker2",
          "personaID": "97651",
          "participantID": "30638",
          "utterance": "아주 좋은 생각이시네요! 저도 이따가 갈비를 먹기위해 좀 움직이려구요!",
          "summary": "나는 이따가 갈비를 먹기 위해 좀 움지직이려한다.",
          "date": "2022-11-24",
          "time": "19:47:28",
          "terminate": "false"
        },
        {
          "speaker": "speaker1",
          "personaID": "95922",
          "participantID": "30330",
          "utterance": "에어로빅 자주한다 하셨는데, 혹시 에어로빅 하실려고 하시나요!? 저도 좀 배워보고 싶네요!",
          "summary": "나는 에어로빅을 배워보고 싶다.",
          "date": "2022-11-24",
          "time": "19:48:06",
          "terminate": "false"
        },
        {
          "speaker": "speaker2",
          "personaID": "97651",
          "participantID": "30638",
          "utterance": "네~! ㅎㅎ 요즘 방송채널에 검색하면 많이나와요! 해보셔요!",
          "summary": "",
          "date": "2022-11-24",
          "time": "19:48:48",
          "terminate": "false"
        },
        {
          "speaker": "speaker1",
          "personaID": "95922",
          "participantID": "30330",
          "utterance": "앗, 감사해요~ 저는 그럼 한번 찾아볼게요! 우리 운동 열심히 하고 다시 대화하도록해요!",
          "summary": "나는 그럼 한번 찾아보겠다.",
          "date": "2022-11-24",
          "time": "19:49:40",
          "terminate": "false"
        },
        {
          "speaker": "speaker2",
          "personaID": "97651",
          "participantID": "30638",
          "utterance": "네~ 잘찾아보시고 열심히하세요! 그럼 저도 이만 운동하러 가볼게요!",
          "summary": "",
          "date": "2022-11-24",
          "time": "19:49:45",
          "terminate": "true"
        }
      ],
      "sessionPersonaSummary": {
        "speaker1": [
          "나는 훌륭한 음식으로 해장했다.",
          "나는 아내가 가리는 음식이 많다.",
          "나의 아내는 새우 알레르기가 있고 날 음식을 못 먹는다.",
          "나는 운동을 해볼까 한다.",
          "나는 에어로빅을 배워보고 싶다.",
          "나는 그럼 한번 찾아보겠다."
        ],
        "speaker2": [
          "나는 간단하게 샐러드를 먹었다.",
          "나는 달달한 음식이 당겨서 갈비를 먹으러 가려한다.",
          "나는 이따가 갈비를 먹기 위해 좀 움지직이려한다."
        ]
      },
      "prevAggregatedpersonaSummary": {
        "speaker1": [
          "나는 60대 남성이다.",
          "나는 아침저녁으론 춥다.",
          "나는 생일이 7월이다. 나는 추위를 잘 타는 것 같다.",
          "나는 a형이다. 나는 요즘, 가끔 남의 시선이 의식된다.",
          "나는 봉사활동이 취미이다. 나는 2년 전에 해외 봉사활동을 다녀왔다.",
          "나는 저녁을 하기로 했다.",
          "나는 음식을 만들어 먹는 게 건강에도 좋아 자주 만들어 먹게 된다.",
          "나는 먹는 걸 좋아해서 음식을 매우 좋아한다.",
          "나는 요즘 나이가 들어가니 음식을 소화시키는 데 있어서 느려진 것 같다.",
          "나는 초밥이 좋다.",
          "나는 이미 중식당에서 점심 약속이 있다.",
          "나는 친구와 맛있는 음식에 술을 마셨다.",
          "나는 중식과 고량주가 정말 잘 어울린다고 생각한다.",
          "나는 음식에 어울리는 술을 피하기 쉽지 않다.",
          "나는 어떤 음식으로 해장할지 고민이다.",
          "나는 토마토 계란 수프를 만들어 해장을 하려 한다."
        ],
        "speaker2": [
          "나는 60대 여성이다.",
          "나는 추운 날씨를 좋아한다.",
          "나는 혈액형이 o형이다. 나는 7월에 태어났다.",
          "나는 에어로빅을 자주 한다.",
          "나는 활동적인 편이다.",
          "나는 주말에 집에서 시간을 보낸다.",
          "나는 내가 만든 것보다 남이 해준 음식이 맛있다.",
          "나는 회를 정말 좋아해서 일주일간 먹어도 안 물린다.",
          "나는 초밥 맛집에서 주문해 먹어야겠다.",
          "나는 음식마다 어울리는 주류가 있는 것 같다."
        ]
      }
    }
  ]
}