{
  "FileInfo": {
    "filename": "K4-00087-CL66288-CP66824-05-12-S4.json",
    "sessionLevel": "4"
  },
  "participantsInfo": {
    "numberOfParticipants": "2",
    "speaker1": {
      "participantID": "30237",
      "gender": "남성",
      "age": "20대",
      "occupation": "기능직",
      "bPlace": "서울/경기/인천",
      "gPlace": "서울/경기/인천",
      "rPlace": "서울/경기/인천",
      "educationLevel": "고졸"
    },
    "speaker2": {
      "participantID": "31366",
      "gender": "남성",
      "age": "20대",
      "occupation": "서비스직",
      "bPlace": "광주/전라/제주",
      "gPlace": "광주/전라/제주",
      "rPlace": "광주/전라/제주",
      "educationLevel": "대졸"
    }
  },
  "multisessionInfo": {
    "multisessionID": "4-00087"
  },
  "personaInfo": {
    "clInfo": {
      "personaID": "66288",
      "personaFeatures": [
        "나는 남자이다.",
        "나는 20대이다.",
        "나는 형제가 없다.",
        "나는 혈액형이 AB형이다.",
        "나는 요즘, 자주 남의 시선이 의식된다.",
        "나는 시를 좋아한다."
      ],
      "speakerType": "speaker1"
    },
    "cpInfo": {
      "personaID": "66824",
      "personaFeatures": [
        "나는 남자이다.",
        "나는 20대이다.",
        "나는 바람 부는 날을 싫어한다.",
        "나는 스위스에 가 보고 싶다.",
        "나는 다소 내성적이다.",
        "나는 거북이 두 마리를 키운다.",
        "나는 혈액형이 AB형이다."
      ],
      "speakerType": "speaker2"
    }
  },
  "topicInfo": {
    "topicID": "05-12",
    "topicType": "일과 직업>군대",
    "topicTitle": "예비군"
  },
  "sessionInfo": [
    {
      "prevSessionID": null,
      "prevTimeInfo": {
        "timeNum": null,
        "timeUnit": null
      },
      "nthSession": "1",
      "numberOfUtterances": "14",
      "numberOfTurns": "7",
      "sessionID": "4-00087-1",
      "dialog": [
        {
          "speaker": "speaker1",
          "personaID": "66288",
          "participantID": "30237",
          "utterance": "안녕하세요. 20대 남자입니다.",
          "summary": "나는 20대 남자이다.",
          "date": "2022-11-22",
          "time": "12:58:13",
          "terminate": "false"
        },
        {
          "speaker": "speaker2",
          "personaID": "66824",
          "participantID": "31366",
          "utterance": "안녕하세요 저는 20대 남자입니다.",
          "summary": "나는 20대 남자이다.",
          "date": "2022-11-22",
          "time": "12:58:14",
          "terminate": "false"
        },
        {
          "speaker": "speaker1",
          "personaID": "66288",
          "participantID": "30237",
          "utterance": "반갑습니다. 성격이 어떻게 되세요? 저는 형제가 없어서 자주 남의 시선이 의식되는 타입이에요.",
          "summary": "나는 형제가 없다. 나는 요즘 자주 남의 시선이 의식된다.",
          "date": "2022-11-22",
          "time": "12:58:38",
          "terminate": "false"
        },
        {
          "speaker": "speaker2",
          "personaID": "66824",
          "participantID": "31366",
          "utterance": "저는 AB형이라 다소 내성적입니다.... 요즘 바람이 많이부네요....",
          "summary": "나는 혈액형이 AB형이다. 나는 다소 내성적이다.",
          "date": "2022-11-22",
          "time": "12:59:06",
          "terminate": "false"
        },
        {
          "speaker": "speaker1",
          "personaID": "66288",
          "participantID": "30237",
          "utterance": "오 저도 AB형인데, 더 반갑네요. 맞아요! 요즘에 바람이 많이 불어요.",
          "summary": "나는 혈액형이 AB형이다.",
          "date": "2022-11-22",
          "time": "12:59:27",
          "terminate": "false"
        },
        {
          "speaker": "speaker2",
          "personaID": "66824",
          "participantID": "31366",
          "utterance": "저는 바람 부는 날을 싫어해요... 너무 춥네요...",
          "summary": "나는 바람 부는 날을 싫어한다.",
          "date": "2022-11-22",
          "time": "13:00:06",
          "terminate": "false"
        },
        {
          "speaker": "speaker1",
          "personaID": "66288",
          "participantID": "30237",
          "utterance": "그러시군요. 저도 별로 안좋아해요! 취미가 있나요?",
          "summary": "나는 바람 부는 날을 안 좋아한다.",
          "date": "2022-11-22",
          "time": "13:00:24",
          "terminate": "false"
        },
        {
          "speaker": "speaker2",
          "personaID": "66824",
          "participantID": "31366",
          "utterance": "저는 여행을 좋아해요! 요즘 스위스에 너무 가 보고 싶네요!",
          "summary": "나는 스위스에 가 보고 싶다.",
          "date": "2022-11-22",
          "time": "13:00:42",
          "terminate": "false"
        },
        {
          "speaker": "speaker1",
          "personaID": "66288",
          "participantID": "30237",
          "utterance": "스위스는 저도 안가봤네요. 저도 날씨 좋은 나라에 가보고 싶어요.",
          "summary": "나는 스위스에 가본 적이 없다.",
          "date": "2022-11-22",
          "time": "13:01:01",
          "terminate": "false"
        },
        {
          "speaker": "speaker2",
          "personaID": "66824",
          "participantID": "31366",
          "utterance": "그렇군요. 혹시 운동 같은건 하시나요?",
          "summary": "",
          "date": "2022-11-22",
          "time": "13:01:40",
          "terminate": "false"
        },
        {
          "speaker": "speaker1",
          "personaID": "66288",
          "participantID": "30237",
          "utterance": "네 가끔 친구랑 볼링을 치러 다니는데 볼링 좋아하세요?",
          "summary": "나는 볼링을 좋아한다.",
          "date": "2022-11-22",
          "time": "13:01:58",
          "terminate": "false"
        },
        {
          "speaker": "speaker2",
          "personaID": "66824",
          "participantID": "31366",
          "utterance": "저는 볼링 보다는 달리기를 좋아해요!",
          "summary": "나는 달리기를 좋아한다.",
          "date": "2022-11-22",
          "time": "13:02:06",
          "terminate": "false"
        },
        {
          "speaker": "speaker1",
          "personaID": "66288",
          "participantID": "30237",
          "utterance": "제가 잠시 수업이 있어서 다음에 다시 연락드려도 되나요?",
          "summary": "",
          "date": "2022-11-22",
          "time": "13:02:24",
          "terminate": "false"
        },
        {
          "speaker": "speaker2",
          "personaID": "66824",
          "participantID": "31366",
          "utterance": "네 그럼 다음에 또 연락주세요!",
          "summary": "",
          "date": "2022-11-22",
          "time": "13:02:26",
          "terminate": "true"
        }
      ],
      "sessionPersonaSummary": {
        "speaker1": [
          "나는 20대 남자이다.",
          "나는 형제가 없다. 나는 요즘 자주 남의 시선이 의식된다.",
          "나는 혈액형이 AB형이다.",
          "나는 바람 부는 날을 안 좋아한다.",
          "나는 스위스에 가본 적이 없다.",
          "나는 볼링을 좋아한다."
        ],
        "speaker2": [
          "나는 20대 남자이다.",
          "나는 혈액형이 AB형이다. 나는 다소 내성적이다.",
          "나는 바람 부는 날을 싫어한다.",
          "나는 스위스에 가 보고 싶다.",
          "나는 달리기를 좋아한다."
        ]
      },
      "prevAggregatedpersonaSummary": {
        "speaker1": [],
        "speaker2": []
      }
    },
    {
      "prevSessionID": "4-00087-1",
      "prevTimeInfo": {
        "timeNum": "1",
        "timeUnit": "일"
      },
      "nthSession": "2",
      "numberOfUtterances": "14",
      "numberOfTurns": "7",
      "sessionID": "4-00087-2",
      "dialog": [
        {
          "speaker": "speaker1",
          "personaID": "66288",
          "participantID": "30237",
          "utterance": "하루만에 연락드리네요. 잘지내셨나요?",
          "summary": "",
          "date": "2022-11-22",
          "time": "13:02:41",
          "terminate": "false"
        },
        {
          "speaker": "speaker2",
          "personaID": "66824",
          "participantID": "31366",
          "utterance": "네 저는 잘지내고 있네요! 뭐하시나요?",
          "summary": "",
          "date": "2022-11-22",
          "time": "13:02:57",
          "terminate": "false"
        },
        {
          "speaker": "speaker1",
          "personaID": "66288",
          "participantID": "30237",
          "utterance": "저는 지금 예비군 영상보고 있어요. 군대 갔다오셨나요?",
          "summary": "나는 군대를 갔다 왔다.",
          "date": "2022-11-22",
          "time": "13:03:12",
          "terminate": "false"
        },
        {
          "speaker": "speaker2",
          "personaID": "66824",
          "participantID": "31366",
          "utterance": "네 근데 제가 내성적인 성격이라 군생활이 너무 힘들었네요...",
          "summary": "나는 군생활이 힘들었다.",
          "date": "2022-11-22",
          "time": "13:03:52",
          "terminate": "false"
        },
        {
          "speaker": "speaker1",
          "personaID": "66288",
          "participantID": "30237",
          "utterance": "아~ 그러시군요. 저도 남의 시선을 의식하니까 좀 어려웠어요.",
          "summary": "",
          "date": "2022-11-22",
          "time": "13:04:14",
          "terminate": "false"
        },
        {
          "speaker": "speaker2",
          "personaID": "66824",
          "participantID": "31366",
          "utterance": "그렇군요! 혹시 육군 나오셨나요? 어디서 근무하셨어요?",
          "summary": "",
          "date": "2022-11-22",
          "time": "13:04:27",
          "terminate": "false"
        },
        {
          "speaker": "speaker1",
          "personaID": "66288",
          "participantID": "30237",
          "utterance": "육군으로 전역했어요! 근데 코로나때문에 영상으로 대체되어서 예비군이 참 편해요^^",
          "summary": "나는 육군 전역했다.",
          "date": "2022-11-22",
          "time": "13:04:51",
          "terminate": "false"
        },
        {
          "speaker": "speaker2",
          "personaID": "66824",
          "participantID": "31366",
          "utterance": "그렇군요! 저도 얼마전 영상으로 대체했네요!",
          "summary": "나는 얼마 전 예비군 교육을 받았다.",
          "date": "2022-11-22",
          "time": "13:05:21",
          "terminate": "false"
        },
        {
          "speaker": "speaker1",
          "personaID": "66288",
          "participantID": "30237",
          "utterance": "그러시군요. 저보다 조금 빨리 전역하셨나봐요~ 영상 다 보는데 하루면 되죠??",
          "summary": "",
          "date": "2022-11-22",
          "time": "13:05:55",
          "terminate": "false"
        },
        {
          "speaker": "speaker2",
          "personaID": "66824",
          "participantID": "31366",
          "utterance": "네 근데 너무 지루하고 졸려요 ㅎㅎ 다른거 하시면서 해보세요!",
          "summary": "",
          "date": "2022-11-22",
          "time": "13:06:09",
          "terminate": "false"
        },
        {
          "speaker": "speaker1",
          "personaID": "66288",
          "participantID": "30237",
          "utterance": "그래야겠어요. 혹시 실제로 예비군 다녀오신적도 있으세요?",
          "summary": "",
          "date": "2022-11-22",
          "time": "13:06:20",
          "terminate": "false"
        },
        {
          "speaker": "speaker2",
          "personaID": "66824",
          "participantID": "31366",
          "utterance": "저는 아직 없네요! 언제 전역하셨나요?",
          "summary": "나는 실제 예비군을 다녀온 적 없다.",
          "date": "2022-11-22",
          "time": "13:06:32",
          "terminate": "false"
        },
        {
          "speaker": "speaker1",
          "personaID": "66288",
          "participantID": "30237",
          "utterance": "저도 전역한지 얼마 안되어서... 일단 저 영상 마저 보고 연락드릴게요!",
          "summary": "",
          "date": "2022-11-22",
          "time": "13:06:55",
          "terminate": "false"
        },
        {
          "speaker": "speaker2",
          "personaID": "66824",
          "participantID": "31366",
          "utterance": "네 그럼 다음에 또 연락주세요!",
          "summary": "",
          "date": "2022-11-22",
          "time": "13:06:56",
          "terminate": "true"
        }
      ],
      "sessionPersonaSummary": {
        "speaker1": [
          "나는 군대를 갔다 왔다.",
          "나는 육군 전역했다."
        ],
        "speaker2": [
          "나는 군생활이 힘들었다.",
          "나는 얼마 전 예비군 교육을 받았다.",
          "나는 실제 예비군을 다녀온 적 없다."
        ]
      },
      "prevAggregatedpersonaSummary": {
        "speaker1": [
          "나는 20대 남자이다.",
          "나는 형제가 없다. 나는 요즘 자주 남의 시선이 의식된다.",
          "나는 혈액형이 AB형이다.",
          "나는 바람 부는 날을 안 좋아한다.",
          "나는 스위스에 가본 적이 없다.",
          "나는 볼링을 좋아한다."
        ],
        "speaker2": [
          "나는 20대 남자이다.",
          "나는 혈액형이 AB형이다. 나는 다소 내성적이다.",
          "나는 바람 부는 날을 싫어한다.",
          "나는 스위스에 가 보고 싶다.",
          "나는 달리기를 좋아한다."
        ]
      }
    },
    {
      "prevSessionID": "4-00087-2",
      "prevTimeInfo": {
        "timeNum": "6",
        "timeUnit": "시간"
      },
      "nthSession": "3",
      "numberOfUtterances": "14",
      "numberOfTurns": "7",
      "sessionID": "4-00087-3",
      "dialog": [
        {
          "speaker": "speaker1",
          "personaID": "66288",
          "participantID": "30237",
          "utterance": "벌써 6시간이나 지나서 저녁이 다됐네요. 이제 다 봤습니다!",
          "summary": "",
          "date": "2022-11-22",
          "time": "13:07:12",
          "terminate": "false"
        },
        {
          "speaker": "speaker2",
          "personaID": "66824",
          "participantID": "31366",
          "utterance": "아이고 고생하셨네요! 저녁은 드셨나요?",
          "summary": "",
          "date": "2022-11-22",
          "time": "13:07:38",
          "terminate": "false"
        },
        {
          "speaker": "speaker1",
          "personaID": "66288",
          "participantID": "30237",
          "utterance": "이제 먹으려고해요. 잠시 시간이 떠서 연락드렸어요! 저녁드셨어요?",
          "summary": "",
          "date": "2022-11-22",
          "time": "13:07:59",
          "terminate": "false"
        },
        {
          "speaker": "speaker2",
          "personaID": "66824",
          "participantID": "31366",
          "utterance": "그렇군요! 저는 햄버거를 먹었어요! 좋아하세요?",
          "summary": "나는 햄버거를 먹었다.",
          "date": "2022-11-22",
          "time": "13:08:25",
          "terminate": "false"
        },
        {
          "speaker": "speaker1",
          "personaID": "66288",
          "participantID": "30237",
          "utterance": "햄버거 너무 맛있죠! 그런데 살찔까봐 매일 먹기가 겁나요..",
          "summary": "",
          "date": "2022-11-22",
          "time": "13:08:44",
          "terminate": "false"
        },
        {
          "speaker": "speaker2",
          "personaID": "66824",
          "participantID": "31366",
          "utterance": "그럼 보통은 어떤걸 주로 드시나요?",
          "summary": "",
          "date": "2022-11-22",
          "time": "13:08:57",
          "terminate": "false"
        },
        {
          "speaker": "speaker1",
          "personaID": "66288",
          "participantID": "30237",
          "utterance": "보통 저는 자취를 하기때문에 반찬가게에서 반찬을 사서 먹어요.",
          "summary": "나는 자취를 한다.",
          "date": "2022-11-22",
          "time": "13:09:16",
          "terminate": "false"
        },
        {
          "speaker": "speaker2",
          "personaID": "66824",
          "participantID": "31366",
          "utterance": "아하! 자취를 하시는군요! 그럼 생활비가 많이 들겠네요!",
          "summary": "",
          "date": "2022-11-22",
          "time": "13:09:29",
          "terminate": "false"
        },
        {
          "speaker": "speaker1",
          "personaID": "66288",
          "participantID": "30237",
          "utterance": "네 그런 편이에요. 선생님은 자취안하시나요?",
          "summary": "",
          "date": "2022-11-22",
          "time": "13:09:41",
          "terminate": "false"
        },
        {
          "speaker": "speaker2",
          "personaID": "66824",
          "participantID": "31366",
          "utterance": "저는 부모님이랑 같이 살아요! 저는 아직 학생이라서요....",
          "summary": "나는 부모님이랑 같이 산다. 나는 학생이다.",
          "date": "2022-11-22",
          "time": "13:10:07",
          "terminate": "false"
        },
        {
          "speaker": "speaker1",
          "personaID": "66288",
          "participantID": "30237",
          "utterance": "저도 학생인데 집이 멀어서 자취를 하고 있어요... 가까우신가봐요 부럽네요.",
          "summary": "나의 집은 학교에서 멀다.",
          "date": "2022-11-22",
          "time": "13:10:30",
          "terminate": "false"
        },
        {
          "speaker": "speaker2",
          "personaID": "66824",
          "participantID": "31366",
          "utterance": "네 저는 학교가 집에서 가까운 편이에요! 하하하.",
          "summary": "나는 학교가 집에서 가깝다.",
          "date": "2022-11-22",
          "time": "13:10:44",
          "terminate": "false"
        },
        {
          "speaker": "speaker1",
          "personaID": "66288",
          "participantID": "30237",
          "utterance": "그렇겠네요! 저 그럼 이제 저녁먹으러 가야겠어요.",
          "summary": "",
          "date": "2022-11-22",
          "time": "13:11:06",
          "terminate": "false"
        },
        {
          "speaker": "speaker2",
          "personaID": "66824",
          "participantID": "31366",
          "utterance": "네 그럼 수고하시고 다음에 또 뵈요!",
          "summary": "",
          "date": "2022-11-22",
          "time": "13:11:12",
          "terminate": "true"
        }
      ],
      "sessionPersonaSummary": {
        "speaker1": [
          "나는 자취를 한다.",
          "나의 집은 학교에서 멀다."
        ],
        "speaker2": [
          "나는 햄버거를 먹었다.",
          "나는 부모님이랑 같이 산다. 나는 학생이다.",
          "나는 학교가 집에서 가깝다."
        ]
      },
      "prevAggregatedpersonaSummary": {
        "speaker1": [
          "나는 20대 남자이다.",
          "나는 형제가 없다. 나는 요즘 자주 남의 시선이 의식된다.",
          "나는 혈액형이 AB형이다.",
          "나는 바람 부는 날을 안 좋아한다.",
          "나는 스위스에 가본 적이 없다.",
          "나는 볼링을 좋아한다.",
          "나는 군대를 갔다 왔다.",
          "나는 육군 전역했다."
        ],
        "speaker2": [
          "나는 20대 남자이다.",
          "나는 혈액형이 AB형이다. 나는 다소 내성적이다.",
          "나는 바람 부는 날을 싫어한다.",
          "나는 스위스에 가 보고 싶다.",
          "나는 달리기를 좋아한다.",
          "나는 군생활이 힘들었다.",
          "나는 얼마 전 예비군 교육을 받았다.",
          "나는 실제 예비군을 다녀온 적 없다."
        ]
      }
    },
    {
      "prevSessionID": "4-00087-3",
      "prevTimeInfo": {
        "timeNum": "3",
        "timeUnit": "일"
      },
      "nthSession": "4",
      "numberOfUtterances": "14",
      "numberOfTurns": "7",
      "sessionID": "4-00087-4",
      "dialog": [
        {
          "speaker": "speaker1",
          "personaID": "66288",
          "participantID": "30237",
          "utterance": "3일만에 연락드리네요. 어떻게 지내셨나요?",
          "summary": "",
          "date": "2022-11-22",
          "time": "13:11:19",
          "terminate": "false"
        },
        {
          "speaker": "speaker2",
          "personaID": "66824",
          "participantID": "31366",
          "utterance": "저는 요즘 알바를 구하고 있어요! 혹시 알바하세요?",
          "summary": "나는 알바를 구하고 있다.",
          "date": "2022-11-22",
          "time": "13:11:54",
          "terminate": "false"
        },
        {
          "speaker": "speaker1",
          "personaID": "66288",
          "participantID": "30237",
          "utterance": "네 저는 지금 편의점에서 아르바이트 하고 있어요.",
          "summary": "나는 편의점에서 일하고 있다.",
          "date": "2022-11-22",
          "time": "13:12:16",
          "terminate": "false"
        },
        {
          "speaker": "speaker2",
          "personaID": "66824",
          "participantID": "31366",
          "utterance": "아! 편의점은 너무 힘들지 않은가요?",
          "summary": "",
          "date": "2022-11-22",
          "time": "13:12:26",
          "terminate": "false"
        },
        {
          "speaker": "speaker1",
          "personaID": "66288",
          "participantID": "30237",
          "utterance": "그래도 다른 알바에 비해서 제 시간이 좀 남는다는게 좋아서요! 어떤거 알아보세요?",
          "summary": "",
          "date": "2022-11-22",
          "time": "13:12:42",
          "terminate": "false"
        },
        {
          "speaker": "speaker2",
          "personaID": "66824",
          "participantID": "31366",
          "utterance": "저는 카페 알바를 알아보는데 구하기가 쉽지 않네요...",
          "summary": "나는 카페 알바를 알아본다.",
          "date": "2022-11-22",
          "time": "13:12:53",
          "terminate": "false"
        },
        {
          "speaker": "speaker1",
          "personaID": "66288",
          "participantID": "30237",
          "utterance": "저도 원래 카페 알아보다가 자리가 없어서 여기로 왔거든요. 주변에 카페가 많아요?",
          "summary": "나는 카페 알바를 알아본 적이 있다.",
          "date": "2022-11-22",
          "time": "13:13:10",
          "terminate": "false"
        },
        {
          "speaker": "speaker2",
          "personaID": "66824",
          "participantID": "31366",
          "utterance": "네 주변에 카페는 많은데... 다 여자 직원만 구하네요...",
          "summary": "",
          "date": "2022-11-22",
          "time": "13:13:38",
          "terminate": "false"
        },
        {
          "speaker": "speaker1",
          "personaID": "66288",
          "participantID": "30237",
          "utterance": "역시나 그렇군요.. 남자는 힘쓰는 일에 주로 많이 가는 거 같아요.",
          "summary": "",
          "date": "2022-11-22",
          "time": "13:14:00",
          "terminate": "false"
        },
        {
          "speaker": "speaker2",
          "personaID": "66824",
          "participantID": "31366",
          "utterance": "맞아요... 그래서 저는 상하차를 해야 할것 같네요...",
          "summary": "나는 상하차 알바를 할 것이다.",
          "date": "2022-11-22",
          "time": "13:15:38",
          "terminate": "false"
        },
        {
          "speaker": "speaker1",
          "personaID": "66288",
          "participantID": "30237",
          "utterance": "상하차는 너무 힘들다던데.. 한번만 다시 알아보셔요!",
          "summary": "",
          "date": "2022-11-22",
          "time": "13:15:51",
          "terminate": "false"
        },
        {
          "speaker": "speaker2",
          "personaID": "66824",
          "participantID": "31366",
          "utterance": "조금 더 알아봐야 할것 같네요... 날도 추운데...",
          "summary": "",
          "date": "2022-11-22",
          "time": "13:16:18",
          "terminate": "false"
        },
        {
          "speaker": "speaker1",
          "personaID": "66288",
          "participantID": "30237",
          "utterance": "네 시간을 두고 열심히 알아보세요! 좋은 알바 구하실거에요.",
          "summary": "",
          "date": "2022-11-22",
          "time": "13:16:30",
          "terminate": "false"
        },
        {
          "speaker": "speaker2",
          "personaID": "66824",
          "participantID": "31366",
          "utterance": "네 그럼 다음에 또 연락주세요!",
          "summary": "",
          "date": "2022-11-22",
          "time": "13:16:37",
          "terminate": "true"
        }
      ],
      "sessionPersonaSummary": {
        "speaker1": [
          "나는 편의점에서 일하고 있다.",
          "나는 카페 알바를 알아본 적이 있다."
        ],
        "speaker2": [
          "나는 알바를 구하고 있다.",
          "나는 카페 알바를 알아본다.",
          "나는 상하차 알바를 할 것이다."
        ]
      },
      "prevAggregatedpersonaSummary": {
        "speaker1": [
          "나는 20대 남자이다.",
          "나는 형제가 없다. 나는 요즘 자주 남의 시선이 의식된다.",
          "나는 혈액형이 AB형이다.",
          "나는 바람 부는 날을 안 좋아한다.",
          "나는 스위스에 가본 적이 없다.",
          "나는 볼링을 좋아한다.",
          "나는 군대를 갔다 왔다.",
          "나는 육군 전역했다.",
          "나는 자취를 한다.",
          "나의 집은 학교에서 멀다."
        ],
        "speaker2": [
          "나는 20대 남자이다.",
          "나는 혈액형이 AB형이다. 나는 다소 내성적이다.",
          "나는 바람 부는 날을 싫어한다.",
          "나는 스위스에 가 보고 싶다.",
          "나는 달리기를 좋아한다.",
          "나는 군생활이 힘들었다.",
          "나는 얼마 전 예비군 교육을 받았다.",
          "나는 실제 예비군을 다녀온 적 없다.",
          "나는 햄버거를 먹었다.",
          "나는 부모님이랑 같이 산다. 나는 학생이다.",
          "나는 학교가 집에서 가깝다."
        ]
      }
    }
  ]
}