{
  "FileInfo": {
    "filename": "K4-00373-CL50260-CP31160-20-02-S4.json",
    "sessionLevel": "4"
  },
  "participantsInfo": {
    "numberOfParticipants": "2",
    "speaker1": {
      "participantID": "3428",
      "gender": "남성",
      "age": "60대 이상",
      "occupation": "전문직",
      "bPlace": "서울/경기/인천",
      "gPlace": "서울/경기/인천",
      "rPlace": "서울/경기/인천",
      "educationLevel": "대졸"
    },
    "speaker2": {
      "participantID": "3495",
      "gender": "남성",
      "age": "40대",
      "occupation": "판매직",
      "bPlace": "서울/경기/인천",
      "gPlace": "서울/경기/인천",
      "rPlace": "서울/경기/인천",
      "educationLevel": "대졸"
    }
  },
  "multisessionInfo": {
    "multisessionID": "4-00373"
  },
  "personaInfo": {
    "clInfo": {
      "personaID": "50260",
      "personaFeatures": [
        "나는 남자이다.",
        "나는 50대이다.",
        "나는 항공기 정비원이다",
        "나는 낚시 동호회에 관심 있다",
        "나는 멜론을 즐겨 먹는다"
      ],
      "speakerType": "speaker1"
    },
    "cpInfo": {
      "personaID": "31160",
      "personaFeatures": [
        "나는 남자이다.",
        "나는 30대이다.",
        "나는 행정학과를 전공했다",
        "나는 스웨덴에 가 보고 싶다",
        "나는 햄버거를 즐겨 먹는다"
      ],
      "speakerType": "speaker2"
    }
  },
  "topicInfo": {
    "topicID": "20-02",
    "topicType": "예술문화 생활>영화/만화",
    "topicTitle": "OST"
  },
  "sessionInfo": [
    {
      "prevSessionID": null,
      "prevTimeInfo": {
        "timeNum": null,
        "timeUnit": null
      },
      "nthSession": "1",
      "numberOfUtterances": "14",
      "numberOfTurns": "7",
      "sessionID": "4-00373-1",
      "dialog": [
        {
          "speaker": "speaker1",
          "personaID": "50260",
          "participantID": "3428",
          "utterance": "안녕하세요. 저는 50대 남성입니다. ",
          "summary": "나는 50대 남성이다",
          "date": "2022-10-15",
          "time": "21:25:17",
          "terminate": "false"
        },
        {
          "speaker": "speaker2",
          "personaID": "31160",
          "participantID": "3495",
          "utterance": "안녕하세요 저는 행정학과를 전공한 30대 남성입니다 ",
          "summary": "나는 행정학과를 전공한 30대 남성이다",
          "date": "2022-10-15",
          "time": "21:26:35",
          "terminate": "false"
        },
        {
          "speaker": "speaker1",
          "personaID": "50260",
          "participantID": "3428",
          "utterance": "저는 항공기 정비원이에요. 취미는 무엇인가요?",
          "summary": "나는 항공기 정비원이다",
          "date": "2022-10-15",
          "time": "22:05:32",
          "terminate": "false"
        },
        {
          "speaker": "speaker2",
          "personaID": "31160",
          "participantID": "3495",
          "utterance": "저는 등산이 취미구요 지금 작년부터 직장동료분이랑  스웨덴에 배낭여행을 가려고 준비하고 있어요 스웨덴을 배낭야행으로 꼭 가보고 싶었거든요",
          "summary": "나는 등산이 취미다 나는 스웨덴에 배낭여행을 가려고 준비하고 있다",
          "date": "2022-10-15",
          "time": "22:07:36",
          "terminate": "false"
        },
        {
          "speaker": "speaker1",
          "personaID": "50260",
          "participantID": "3428",
          "utterance": "저는 낚시가 취미에요. 그래서 요즘 낚시 동호회에 관심이 있어요. 그나저나 여행이라니 멋있네요.",
          "summary": "나는 낚시가 취미다",
          "date": "2022-10-16",
          "time": "18:46:39",
          "terminate": "false"
        },
        {
          "speaker": "speaker2",
          "personaID": "31160",
          "participantID": "3495",
          "utterance": "낚시가 취미시군요! 제 지인분들중에 낚시 좋아하시는분들 많드라구요",
          "summary": "나는 지인분들 중에 낚시 좋아하시는 분들 많다",
          "date": "2022-10-16",
          "time": "18:50:22",
          "terminate": "false"
        },
        {
          "speaker": "speaker1",
          "personaID": "50260",
          "participantID": "3428",
          "utterance": "부럽네요... 제 지인중에는 없어요... 왠지 슬퍼지네요. 좋아하는 과일은 없으신가요? 저는 멜론을 즐겨 먹어요",
          "summary": "나는 멜론을 즐겨 먹는다",
          "date": "2022-10-16",
          "time": "20:04:21",
          "terminate": "false"
        },
        {
          "speaker": "speaker2",
          "personaID": "31160",
          "participantID": "3495",
          "utterance": "아 저는 천도복숭아를 좋아합니다. 혹시 패스트푸드류는 뭐 좋아하세요? 저는 햄버거를 즐겨 먹어요",
          "summary": "나는 천도복숭아를 좋아한다. 나는 햄버거를 즐겨 먹는다",
          "date": "2022-10-16",
          "time": "22:27:28",
          "terminate": "false"
        },
        {
          "speaker": "speaker1",
          "personaID": "50260",
          "participantID": "3428",
          "utterance": "저는 피자를 제일 좋아해요. 무슨 햄버거를 제일 좋아하세요?",
          "summary": "나는 피자를 좋아한다",
          "date": "2022-10-16",
          "time": "22:27:50",
          "terminate": "false"
        },
        {
          "speaker": "speaker2",
          "personaID": "31160",
          "participantID": "3495",
          "utterance": "저는 치즈 들어간 햄버거면 다 좋아해요 ㅎㅎ",
          "summary": "나는 치즈 들어간 햄버거면 다 좋아한다",
          "date": "2022-10-16",
          "time": "22:29:12",
          "terminate": "false"
        },
        {
          "speaker": "speaker1",
          "personaID": "50260",
          "participantID": "3428",
          "utterance": "그렇군요. 사실 저는 햄버거는 좋아하지 않아요. 대신 감자튀김을 아주 좋아해요",
          "summary": "나는 감자튀김을 아주 좋아한다",
          "date": "2022-10-16",
          "time": "22:30:05",
          "terminate": "false"
        },
        {
          "speaker": "speaker2",
          "personaID": "31160",
          "participantID": "3495",
          "utterance": "아 그렇군요 저도 햄버거 먹늘땐 감자튀김도 가끔 같이 먹는답니다",
          "summary": "나는 햄버거 먹을 땐 감자튀김도 가끔 같이 먹는다",
          "date": "2022-10-16",
          "time": "22:32:13",
          "terminate": "false"
        },
        {
          "speaker": "speaker1",
          "personaID": "50260",
          "participantID": "3428",
          "utterance": "네 맞아요. 저는 햄버거 사먹을 때 무조건 감튀가 맛있는 곳으로 가요",
          "summary": "나는 햄버거는 감튀가 맛있는 데로 간다",
          "date": "2022-10-16",
          "time": "22:32:34",
          "terminate": "false"
        },
        {
          "speaker": "speaker2",
          "personaID": "31160",
          "participantID": "3495",
          "utterance": "앗 이제 잘 시간이네요 다음에 또 뵈요",
          "summary": "",
          "date": "2022-10-16",
          "time": "22:57:38",
          "terminate": "true"
        }
      ],
      "sessionPersonaSummary": {
        "speaker1": [
          "나는 50대 남성이다",
          "나는 항공기 정비원이다",
          "나는 낚시가 취미다",
          "나는 멜론을 즐겨 먹는다",
          "나는 피자를 좋아한다",
          "나는 감자튀김을 아주 좋아한다",
          "나는 햄버거는 감튀가 맛있는 데로 간다"
        ],
        "speaker2": [
          "나는 행정학과를 전공한 30대 남성이다",
          "나는 등산이 취미다",
          "나는 스웨덴에 배낭여행을 가려고 준비하고 있다",
          "나는 지인분들 중에 낚시 좋아하시는 분들 많다",
          "나는 천도복숭아를 좋아한다. 나는 햄버거를 즐겨 먹는다",
          "나는 치즈 들어간 햄버거면 다 좋아한다",
          "나는 햄버거 먹을 땐 감자튀김도 가끔 같이 먹는다"
        ]
      },
      "prevAggregatedpersonaSummary": {
        "speaker1": [],
        "speaker2": []
      }
    },
    {
      "prevSessionID": "4-00373-1",
      "prevTimeInfo": {
        "timeNum": "2",
        "timeUnit": "일"
      },
      "nthSession": "2",
      "numberOfUtterances": "16",
      "numberOfTurns": "8",
      "sessionID": "4-00373-2",
      "dialog": [
        {
          "speaker": "speaker1",
          "personaID": "50260",
          "participantID": "3428",
          "utterance": "2일만에 뵙네요. 잘 계셨나요?",
          "summary": "",
          "date": "2022-10-18",
          "time": "16:09:37",
          "terminate": "false"
        },
        {
          "speaker": "speaker2",
          "personaID": "31160",
          "participantID": "3495",
          "utterance": "네 잘지내셨어요? 오랜만입니다.",
          "summary": "",
          "date": "2022-10-18",
          "time": "18:02:04",
          "terminate": "false"
        },
        {
          "speaker": "speaker1",
          "personaID": "50260",
          "participantID": "3428",
          "utterance": "네 그 동안 드라마에 빠져 살았답니다",
          "summary": "나는 드라마에 빠져 살았다",
          "date": "2022-10-19",
          "time": "08:16:07",
          "terminate": "false"
        },
        {
          "speaker": "speaker2",
          "personaID": "31160",
          "participantID": "3495",
          "utterance": "네 안녕하세요? 그러시군요 어떤 드라마를 보셨어용?",
          "summary": "",
          "date": "2022-10-19",
          "time": "08:58:54",
          "terminate": "false"
        },
        {
          "speaker": "speaker1",
          "personaID": "50260",
          "participantID": "3428",
          "utterance": "사극 드라마였는데 ost가 너무 좋더라구요. 사실 노래 들으려고 보는 것도 있어요. 드라마 보실 때 ost 많이 들으시나요?",
          "summary": "나는 사극 드라마 ost가 너무 좋았다",
          "date": "2022-10-19",
          "time": "13:01:51",
          "terminate": "false"
        },
        {
          "speaker": "speaker2",
          "personaID": "31160",
          "participantID": "3495",
          "utterance": "아 뭐 챙겨듣지는 않는데 좋은 ost는 또 듣게 되드라구요!",
          "summary": "나는 챙겨 듣지는 않는데 좋은 ost는 또 듣게 된다",
          "date": "2022-10-19",
          "time": "13:08:10",
          "terminate": "false"
        },
        {
          "speaker": "speaker1",
          "personaID": "50260",
          "participantID": "3428",
          "utterance": "네 맞아요. 게다가 드라마 장면이랑 매칭되서 들으면 더 마음에 남지 않나요?",
          "summary": "나는 드라마 ost 랑 매칭 된 장면이 인상 깊다",
          "date": "2022-10-19",
          "time": "13:10:11",
          "terminate": "false"
        },
        {
          "speaker": "speaker2",
          "personaID": "31160",
          "participantID": "3495",
          "utterance": "네.. 갑자기 ost하니까 팍팍 생각나는 노래들이 막 스쳐가네요 ㅎㅎ",
          "summary": "나는 생각나는 노래들이 막 스쳐간다",
          "date": "2022-10-19",
          "time": "13:10:47",
          "terminate": "false"
        },
        {
          "speaker": "speaker1",
          "personaID": "50260",
          "participantID": "3428",
          "utterance": "네 저도 그래요. 그래서 그런가 ost가 더 유명한게 많은 것 같아요",
          "summary": "나는 OST가 유명한 게 많은 것 같다",
          "date": "2022-10-19",
          "time": "13:11:22",
          "terminate": "false"
        },
        {
          "speaker": "speaker2",
          "personaID": "31160",
          "participantID": "3495",
          "utterance": "네  유명 애니메이션 ost도 그렇고 생각해보면 좋은게 엄청 많네요^^",
          "summary": "나는 유명 애니메이션 ost도 그렇고 생각해보면 좋은 게 엄청 많다",
          "date": "2022-10-19",
          "time": "13:12:05",
          "terminate": "false"
        },
        {
          "speaker": "speaker1",
          "personaID": "50260",
          "participantID": "3428",
          "utterance": "네 맞아요. 가수들 중에서도 ost만 부르는 가수가 많더라구요",
          "summary": "",
          "date": "2022-10-19",
          "time": "13:18:15",
          "terminate": "false"
        },
        {
          "speaker": "speaker2",
          "personaID": "31160",
          "participantID": "3495",
          "utterance": "네 옛날 영화 ost도 갑자기 생각나네요 ",
          "summary": "나는 영화 ost도 갑자기 생각난다",
          "date": "2022-10-19",
          "time": "13:19:15",
          "terminate": "false"
        },
        {
          "speaker": "speaker1",
          "personaID": "50260",
          "participantID": "3428",
          "utterance": "네 맞아요. 사실 ost가 없었다면 드라마에 이렇게 집중 못할 것 같아요",
          "summary": "나는 OST가 없음 드라마 \n 집중이 안된다",
          "date": "2022-10-19",
          "time": "13:20:16",
          "terminate": "false"
        },
        {
          "speaker": "speaker2",
          "personaID": "31160",
          "participantID": "3495",
          "utterance": "그쵸 그게 배경음악의 힘인가 봐요",
          "summary": "",
          "date": "2022-10-19",
          "time": "17:41:41",
          "terminate": "false"
        },
        {
          "speaker": "speaker1",
          "personaID": "50260",
          "participantID": "3428",
          "utterance": "네 그런데 시간이 벌써 이렇게 지났네요",
          "summary": "",
          "date": "2022-10-19",
          "time": "17:43:13",
          "terminate": "false"
        },
        {
          "speaker": "speaker2",
          "personaID": "31160",
          "participantID": "3495",
          "utterance": "앗 이제 나갈 시간이네요 다음에 또 뵈요",
          "summary": "나는 이제 나갈 시간이다",
          "date": "2022-10-19",
          "time": "17:45:17",
          "terminate": "true"
        }
      ],
      "sessionPersonaSummary": {
        "speaker1": [
          "나는 드라마에 빠져 살았다",
          "나는 사극 드라마 ost가 너무 좋았다",
          "나는 드라마 ost 랑 매칭 된 장면이 인상 깊다",
          "나는 OST가 유명한 게 많은 것 같다",
          "나는 OST가 없음 드라마 \n 집중이 안된다"
        ],
        "speaker2": [
          "나는 챙겨 듣지는 않는데 좋은 ost는 또 듣게 된다",
          "나는 생각나는 노래들이 막 스쳐간다",
          "나는 유명 애니메이션 ost도 그렇고 생각해보면 좋은 게 엄청 많다",
          "나는 영화 ost도 갑자기 생각난다",
          "나는 이제 나갈 시간이다"
        ]
      },
      "prevAggregatedpersonaSummary": {
        "speaker1": [
          "나는 50대 남성이다",
          "나는 항공기 정비원이다",
          "나는 낚시가 취미다",
          "나는 멜론을 즐겨 먹는다",
          "나는 피자를 좋아한다",
          "나는 감자튀김을 아주 좋아한다",
          "나는 햄버거는 감튀가 맛있는 데로 간다"
        ],
        "speaker2": [
          "나는 행정학과를 전공한 30대 남성이다",
          "나는 등산이 취미다",
          "나는 스웨덴에 배낭여행을 가려고 준비하고 있다",
          "나는 지인분들 중에 낚시 좋아하시는 분들 많다",
          "나는 천도복숭아를 좋아한다. 나는 햄버거를 즐겨 먹는다",
          "나는 치즈 들어간 햄버거면 다 좋아한다",
          "나는 햄버거 먹을 땐 감자튀김도 가끔 같이 먹는다"
        ]
      }
    },
    {
      "prevSessionID": "4-00373-2",
      "prevTimeInfo": {
        "timeNum": "5",
        "timeUnit": "주"
      },
      "nthSession": "3",
      "numberOfUtterances": "14",
      "numberOfTurns": "7",
      "sessionID": "4-00373-3",
      "dialog": [
        {
          "speaker": "speaker1",
          "personaID": "50260",
          "participantID": "3428",
          "utterance": "5주만에 뵙네요. 그 동안 잘 계셨나요?",
          "summary": "",
          "date": "2022-10-19",
          "time": "18:03:46",
          "terminate": "false"
        },
        {
          "speaker": "speaker2",
          "personaID": "31160",
          "participantID": "3495",
          "utterance": "반갑습니다 전 잘지냈죵, 별일없으셨어요?",
          "summary": "나는 잘 지냈다",
          "date": "2022-10-19",
          "time": "18:05:04",
          "terminate": "false"
        },
        {
          "speaker": "speaker1",
          "personaID": "50260",
          "participantID": "3428",
          "utterance": "네 별 일 없었어요. 얼마전에 ost 콘서트를 다녀왔어요",
          "summary": "나는 콘서트를 다녀왔다",
          "date": "2022-10-19",
          "time": "18:05:44",
          "terminate": "false"
        },
        {
          "speaker": "speaker2",
          "personaID": "31160",
          "participantID": "3495",
          "utterance": "와 콘서트도 있군요 유명한 오에스티 인가보네요!",
          "summary": "",
          "date": "2022-10-19",
          "time": "18:08:09",
          "terminate": "false"
        },
        {
          "speaker": "speaker1",
          "personaID": "50260",
          "participantID": "3428",
          "utterance": "네! 저도 몰랐는데 있더라구요. 저는 그냥 노래보다는 드라마 장면이 함께 나오는 ost가 더 기억에 남고 좋아요",
          "summary": "나는 드라마 장면과 함께 나오는 ost가 좋다",
          "date": "2022-10-19",
          "time": "18:09:14",
          "terminate": "false"
        },
        {
          "speaker": "speaker2",
          "personaID": "31160",
          "participantID": "3495",
          "utterance": "아 큰 스크린으로 장면도 보어주는 그런거겠네요!",
          "summary": "나는 큰 스크린으로 장면도 보어주는 그런 것 같다",
          "date": "2022-10-19",
          "time": "18:10:24",
          "terminate": "false"
        },
        {
          "speaker": "speaker1",
          "personaID": "50260",
          "participantID": "3428",
          "utterance": "네! 나중에 또 콘서트를 진행하면 알려드릴게요. 의외로 지루하지 않고 행복했어요",
          "summary": "나는 콘서트가 지루하지 않고 행복했다",
          "date": "2022-10-19",
          "time": "18:14:36",
          "terminate": "false"
        },
        {
          "speaker": "speaker2",
          "personaID": "31160",
          "participantID": "3495",
          "utterance": "그럴것같아요 감동의 장면을 콘서트로 거기다 브금 으로!",
          "summary": "나는 감동의 장면을 콘서트로 볼 수 있다니 감탄이 나온다.\n",
          "date": "2022-10-19",
          "time": "18:16:28",
          "terminate": "false"
        },
        {
          "speaker": "speaker1",
          "personaID": "50260",
          "participantID": "3428",
          "utterance": "게다가 거대한 스크린과 함께라면... 마치 콘서트 같아요. 평소에도 오에스티 많이 들으시나요?",
          "summary": "",
          "date": "2022-10-19",
          "time": "18:17:23",
          "terminate": "false"
        },
        {
          "speaker": "speaker2",
          "personaID": "31160",
          "participantID": "3495",
          "utterance": "즐겨듣진 않는데 한번 좋아하는 배경음악은 계속 듣게되더라구요",
          "summary": "나는 즐겨 듣진 않는데 한번 좋아하는 배경음악은 계속 듣게 된다",
          "date": "2022-10-19",
          "time": "18:18:46",
          "terminate": "false"
        },
        {
          "speaker": "speaker1",
          "personaID": "50260",
          "participantID": "3428",
          "utterance": "맞아요. 특히 비 오는 날 괜히 감성에 젖어서 보게되요",
          "summary": "나는 비 오는 날 ost를 찾아본다",
          "date": "2022-10-19",
          "time": "18:20:51",
          "terminate": "false"
        },
        {
          "speaker": "speaker2",
          "personaID": "31160",
          "participantID": "3495",
          "utterance": "오 고것도 감성 넘치네요 비오는날 OST라..",
          "summary": "",
          "date": "2022-10-19",
          "time": "18:22:21",
          "terminate": "false"
        },
        {
          "speaker": "speaker1",
          "personaID": "50260",
          "participantID": "3428",
          "utterance": "네 그럼요. 전 지금도 듣고 있는데 기분이 묘하네요",
          "summary": "나는 ost를 듣고 있는 지금도 기분이 묘하다",
          "date": "2022-10-19",
          "time": "18:22:44",
          "terminate": "false"
        },
        {
          "speaker": "speaker2",
          "personaID": "31160",
          "participantID": "3495",
          "utterance": "앗 이제 나갈 시간이네요 다음에 또 뵈요",
          "summary": "나는 이제 나갈 시간이다",
          "date": "2022-10-19",
          "time": "18:27:51",
          "terminate": "true"
        }
      ],
      "sessionPersonaSummary": {
        "speaker1": [
          "나는 콘서트를 다녀왔다",
          "나는 드라마 장면과 함께 나오는 ost가 좋다",
          "나는 콘서트가 지루하지 않고 행복했다",
          "나는 비 오는 날 ost를 찾아본다",
          "나는 ost를 듣고 있는 지금도 기분이 묘하다"
        ],
        "speaker2": [
          "나는 잘 지냈다",
          "나는 큰 스크린으로 장면도 보어주는 그런 것 같다",
          "나는 감동의 장면을 콘서트로 볼 수 있다니 감탄이 나온다.\n",
          "나는 즐겨 듣진 않는데 한번 좋아하는 배경음악은 계속 듣게 된다",
          "나는 이제 나갈 시간이다"
        ]
      },
      "prevAggregatedpersonaSummary": {
        "speaker1": [
          "나는 50대 남성이다",
          "나는 항공기 정비원이다",
          "나는 낚시가 취미다",
          "나는 멜론을 즐겨 먹는다",
          "나는 피자를 좋아한다",
          "나는 감자튀김을 아주 좋아한다",
          "나는 햄버거는 감튀가 맛있는 데로 간다",
          "나는 드라마에 빠져 살았다",
          "나는 사극 드라마 ost가 너무 좋았다",
          "나는 드라마 ost 랑 매칭 된 장면이 인상 깊다",
          "나는 OST가 유명한 게 많은 것 같다",
          "나는 OST가 없음 드라마 \n 집중이 안된다"
        ],
        "speaker2": [
          "나는 행정학과를 전공한 30대 남성이다",
          "나는 등산이 취미다",
          "나는 스웨덴에 배낭여행을 가려고 준비하고 있다",
          "나는 지인분들 중에 낚시 좋아하시는 분들 많다",
          "나는 천도복숭아를 좋아한다. 나는 햄버거를 즐겨 먹는다",
          "나는 치즈 들어간 햄버거면 다 좋아한다",
          "나는 햄버거 먹을 땐 감자튀김도 가끔 같이 먹는다",
          "나는 챙겨 듣지는 않는데 좋은 ost는 또 듣게 된다",
          "나는 생각나는 노래들이 막 스쳐간다",
          "나는 유명 애니메이션 ost도 그렇고 생각해보면 좋은 게 엄청 많다",
          "나는 영화 ost도 갑자기 생각난다",
          "나는 이제 나갈 시간이다"
        ]
      }
    },
    {
      "prevSessionID": "4-00373-3",
      "prevTimeInfo": {
        "timeNum": "6",
        "timeUnit": "주"
      },
      "nthSession": "4",
      "numberOfUtterances": "14",
      "numberOfTurns": "7",
      "sessionID": "4-00373-4",
      "dialog": [
        {
          "speaker": "speaker1",
          "personaID": "50260",
          "participantID": "3428",
          "utterance": "6주만에 뵙네요. 그 동안 잘 계셨나요?",
          "summary": "",
          "date": "2022-10-19",
          "time": "19:40:54",
          "terminate": "false"
        },
        {
          "speaker": "speaker2",
          "personaID": "31160",
          "participantID": "3495",
          "utterance": "네 안녕하세요 반가워용 잘지내셨어요?",
          "summary": "",
          "date": "2022-10-19",
          "time": "20:58:53",
          "terminate": "false"
        },
        {
          "speaker": "speaker1",
          "personaID": "50260",
          "participantID": "3428",
          "utterance": "네 전 잘 지냈어요. 요즘 비가 많이와서 센치한 노래를 많이 들었어요",
          "summary": "나는 비 올 때 센티한 노래를 많이 들었다",
          "date": "2022-10-20",
          "time": "06:43:53",
          "terminate": "false"
        },
        {
          "speaker": "speaker2",
          "personaID": "31160",
          "participantID": "3495",
          "utterance": "센치한노래 하니까 센과 치히로의 OST 생각이 나네요 ㅎㅎ아재개그 죄송합니다",
          "summary": "나는 센티한 노래 하니까 센과 치히로의 OST가 생각난다 나는 아재 개그가 죄송하다",
          "date": "2022-10-20",
          "time": "19:44:23",
          "terminate": "false"
        },
        {
          "speaker": "speaker1",
          "personaID": "50260",
          "participantID": "3428",
          "utterance": "아니요 저도 아재인걸요...  그리고 센과 치히로를 본 건 맞아요",
          "summary": "나는 안 자고 센과 치히로를 봤다",
          "date": "2022-10-21",
          "time": "09:01:11",
          "terminate": "false"
        },
        {
          "speaker": "speaker2",
          "personaID": "31160",
          "participantID": "3495",
          "utterance": "아 혹시 그럼 러브스토리 ost 도 아시나용?",
          "summary": "",
          "date": "2022-10-21",
          "time": "14:06:54",
          "terminate": "false"
        },
        {
          "speaker": "speaker1",
          "personaID": "50260",
          "participantID": "3428",
          "utterance": "물론이죠! 명반이라고 생각해요. 러브스토리 드마마도 봤답니다",
          "summary": "나는 러브스토리 봤다",
          "date": "2022-10-21",
          "time": "18:45:50",
          "terminate": "false"
        },
        {
          "speaker": "speaker2",
          "personaID": "31160",
          "participantID": "3495",
          "utterance": "오우 정말 ost 매니아 시군요 ㅎㅎ",
          "summary": "",
          "date": "2022-10-21",
          "time": "19:04:54",
          "terminate": "false"
        },
        {
          "speaker": "speaker1",
          "personaID": "50260",
          "participantID": "3428",
          "utterance": "네 왠만한 노래는 다 알아요... ㅎㅎ 그래서 요즘 ost 플레이리스트 유투버를 할까 고민이에요",
          "summary": "나는 ost플레이리스트 유튜버를 고민 중이다",
          "date": "2022-10-21",
          "time": "19:42:59",
          "terminate": "false"
        },
        {
          "speaker": "speaker2",
          "personaID": "31160",
          "participantID": "3495",
          "utterance": "오 오에스티 플레이 유튜버 괜찮을것 같습니다",
          "summary": "나는 오에스티 플레이 유튜버 괜찮을 것 같다",
          "date": "2022-10-21",
          "time": "21:18:45",
          "terminate": "false"
        },
        {
          "speaker": "speaker1",
          "personaID": "50260",
          "participantID": "3428",
          "utterance": "그쵸 ㅎㅎ 제 2의 인생을 꿈꾸고 있어요. 새로운 재능을 발견한 느낌..?",
          "summary": "나는 제2인생을 꿈꾸고 새재 능 발견한 느낌이다",
          "date": "2022-10-22",
          "time": "15:29:40",
          "terminate": "false"
        },
        {
          "speaker": "speaker2",
          "personaID": "31160",
          "participantID": "3495",
          "utterance": "잘되었네요 재능발견 ㅎㅎ 잘되실겁니다",
          "summary": "나는 잘 될 것이다",
          "date": "2022-10-22",
          "time": "15:34:08",
          "terminate": "false"
        },
        {
          "speaker": "speaker1",
          "personaID": "50260",
          "participantID": "3428",
          "utterance": "감사합니다. ㅎㅎ 제대로 도전해보려구요. 나중에 구독해주세요",
          "summary": "",
          "date": "2022-10-22",
          "time": "15:39:59",
          "terminate": "false"
        },
        {
          "speaker": "speaker2",
          "personaID": "31160",
          "participantID": "3495",
          "utterance": "앗 이제 나갈 시간이네요 다음에 또 뵈요",
          "summary": "나는 이제 나갈 시간이다\n",
          "date": "2022-10-22",
          "time": "15:48:16",
          "terminate": "true"
        }
      ],
      "sessionPersonaSummary": {
        "speaker1": [
          "나는 비 올 때 센티한 노래를 많이 들었다",
          "나는 안 자고 센과 치히로를 봤다",
          "나는 러브스토리 봤다",
          "나는 ost플레이리스트 유튜버를 고민 중이다",
          "나는 제2인생을 꿈꾸고 새재 능 발견한 느낌이다"
        ],
        "speaker2": [
          "나는 센티한 노래 하니까 센과 치히로의 OST가 생각난다",
          "나는 아재 개그가 죄송하다",
          "나는 오에스티 플레이 유튜버 괜찮을 것 같다",
          "나는 잘 될 것이다",
          "나는 이제 나갈 시간이다\n"
        ]
      },
      "prevAggregatedpersonaSummary": {
        "speaker1": [
          "나는 50대 남성이다",
          "나는 항공기 정비원이다",
          "나는 낚시가 취미다",
          "나는 멜론을 즐겨 먹는다",
          "나는 피자를 좋아한다",
          "나는 감자튀김을 아주 좋아한다",
          "나는 햄버거는 감튀가 맛있는 데로 간다",
          "나는 드라마에 빠져 살았다",
          "나는 사극 드라마 ost가 너무 좋았다",
          "나는 드라마 ost 랑 매칭 된 장면이 인상 깊다",
          "나는 OST가 유명한 게 많은 것 같다",
          "나는 OST가 없음 드라마 \n 집중이 안된다",
          "나는 콘서트를 다녀왔다",
          "나는 드라마 장면과 함께 나오는 ost가 좋다",
          "나는 콘서트가 지루하지 않고 행복했다",
          "나는 비 오는 날 ost를 찾아본다",
          "나는 ost를 듣고 있는 지금도 기분이 묘하다"
        ],
        "speaker2": [
          "나는 행정학과를 전공한 30대 남성이다",
          "나는 등산이 취미다",
          "나는 스웨덴에 배낭여행을 가려고 준비하고 있다",
          "나는 지인분들 중에 낚시 좋아하시는 분들 많다",
          "나는 천도복숭아를 좋아한다. 나는 햄버거를 즐겨 먹는다",
          "나는 치즈 들어간 햄버거면 다 좋아한다",
          "나는 햄버거 먹을 땐 감자튀김도 가끔 같이 먹는다",
          "나는 챙겨 듣지는 않는데 좋은 ost는 또 듣게 된다",
          "나는 생각나는 노래들이 막 스쳐간다",
          "나는 유명 애니메이션 ost도 그렇고 생각해보면 좋은 게 엄청 많다",
          "나는 영화 ost도 갑자기 생각난다",
          "나는 이제 나갈 시간이다",
          "나는 잘 지냈다",
          "나는 큰 스크린으로 장면도 보어주는 그런 것 같다",
          "나는 감동의 장면을 콘서트로 볼 수 있다니 감탄이 나온다.\n",
          "나는 즐겨 듣진 않는데 한번 좋아하는 배경음악은 계속 듣게 된다",
          "나는 이제 나갈 시간이다"
        ]
      }
    }
  ]
}