{
  "FileInfo": {
    "filename": "K4-00434-CL51323-CP41754-07-06-S4.json",
    "sessionLevel": "4"
  },
  "participantsInfo": {
    "numberOfParticipants": "2",
    "speaker1": {
      "participantID": "3015",
      "gender": "여성",
      "age": "40대",
      "occupation": "자영업",
      "bPlace": "광주/전라/제주",
      "gPlace": "광주/전라/제주",
      "rPlace": "광주/전라/제주",
      "educationLevel": "대졸"
    },
    "speaker2": {
      "participantID": "3405",
      "gender": "여성",
      "age": "40대",
      "occupation": "사무직",
      "bPlace": "서울/경기/인천",
      "gPlace": "서울/경기/인천",
      "rPlace": "서울/경기/인천",
      "educationLevel": "대졸"
    }
  },
  "multisessionInfo": {
    "multisessionID": "4-00434"
  },
  "personaInfo": {
    "clInfo": {
      "personaID": "51323",
      "personaFeatures": [
        "나는 여자이다.",
        "나는 50대이다.",
        "나는 일주일에 한두 번 버스로 출퇴근한다",
        "나는 TV 뉴스를 싫어한다",
        "나는 소설을 꾸준히 읽는다"
      ],
      "speakerType": "speaker1"
    },
    "cpInfo": {
      "personaID": "41754",
      "personaFeatures": [
        "나는 여자이다.",
        "나는 40대이다.",
        "나는 자산운용가이다",
        "나는 필라테스를 자주 한다",
        "나는 콘솔 게임을 좋아한다"
      ],
      "speakerType": "speaker2"
    }
  },
  "topicInfo": {
    "topicID": "07-06",
    "topicType": "개인 및 관계>가족",
    "topicTitle": "조카"
  },
  "sessionInfo": [
    {
      "prevSessionID": null,
      "prevTimeInfo": {
        "timeNum": null,
        "timeUnit": null
      },
      "nthSession": "1",
      "numberOfUtterances": "14",
      "numberOfTurns": "7",
      "sessionID": "4-00434-1",
      "dialog": [
        {
          "speaker": "speaker1",
          "personaID": "51323",
          "participantID": "3015",
          "utterance": "안녕하세요 ~저는 50대 여성입니다 ",
          "summary": "나는 50대 여성이다",
          "date": "2022-10-27",
          "time": "15:23:33",
          "terminate": "false"
        },
        {
          "speaker": "speaker2",
          "personaID": "41754",
          "participantID": "3405",
          "utterance": "안녕하세요. 저는 40대 여성이에요",
          "summary": "나는 40대 여자다",
          "date": "2022-10-27",
          "time": "15:27:36",
          "terminate": "false"
        },
        {
          "speaker": "speaker1",
          "personaID": "51323",
          "participantID": "3015",
          "utterance": "혹시 직업 있으세요?~저는 직장에 다니는데 일주일에 한두번은 버스로 출퇴근 해요~",
          "summary": "나는 일주일에 한두 번 버스로 출퇴근한다",
          "date": "2022-10-27",
          "time": "15:50:02",
          "terminate": "false"
        },
        {
          "speaker": "speaker2",
          "personaID": "41754",
          "participantID": "3405",
          "utterance": "저는 자산운용가에요. 하루종일 컴퓨터 앞에만 앉아 있어요",
          "summary": "나는 자산운용 가이다. 나는 하루 종일 컴퓨터 앞에 앉아 있다.",
          "date": "2022-10-27",
          "time": "15:51:29",
          "terminate": "false"
        },
        {
          "speaker": "speaker1",
          "personaID": "51323",
          "participantID": "3015",
          "utterance": "네~저는 소설을 꾸준히 읽는편인데 혹시 꾸준히 하시는 취미가 있으세요?",
          "summary": "나는 소설을 꾸준히 읽는다",
          "date": "2022-10-27",
          "time": "15:53:27",
          "terminate": "false"
        },
        {
          "speaker": "speaker2",
          "personaID": "41754",
          "participantID": "3405",
          "utterance": "저는 몸이 많이 뻣뻣해서 힘든데도 필라테스를 자주하고 있어요. ",
          "summary": "나는 필라테스를 자주 한다",
          "date": "2022-10-27",
          "time": "16:03:47",
          "terminate": "false"
        },
        {
          "speaker": "speaker1",
          "personaID": "51323",
          "participantID": "3015",
          "utterance": "저는 필라테스 힘들더라구요 ~체험 한번하고 몸 이곳저곳이 아파서 며칠 고생했어요 ",
          "summary": "나는 필라테스가 힘들다",
          "date": "2022-10-27",
          "time": "16:05:10",
          "terminate": "false"
        },
        {
          "speaker": "speaker2",
          "personaID": "41754",
          "participantID": "3405",
          "utterance": "ㅎㅎ저도 시작한지 1년이 되었지만 여전히 힘들어요. 저는 필라테스 말고도 콘솔 게임을 좋아해요",
          "summary": "나는 필라테스를 시작한 지 1년이 됐으며 아직도 힘들다. 나는 콘솔 게임을 좋아한다",
          "date": "2022-10-27",
          "time": "16:07:12",
          "terminate": "false"
        },
        {
          "speaker": "speaker1",
          "personaID": "51323",
          "participantID": "3015",
          "utterance": "콘솔게임 재밌죠~ㅎㅎ 저는 DDR도 TV로 연결해서 해봤어요~^^",
          "summary": "나는 DDR을 TV로 연결해봤다",
          "date": "2022-10-27",
          "time": "16:14:11",
          "terminate": "false"
        },
        {
          "speaker": "speaker2",
          "personaID": "41754",
          "participantID": "3405",
          "utterance": "마자요~ 저 학교 다닐 땐 오락실에서 정신없이 했었어요",
          "summary": "나는 학교 다닐 때 오락실에서 많이 했다",
          "date": "2022-10-27",
          "time": "16:15:08",
          "terminate": "false"
        },
        {
          "speaker": "speaker1",
          "personaID": "51323",
          "participantID": "3015",
          "utterance": "ㅎㅎ 요즘 대형 오락실도 생겨서 재미나요^^",
          "summary": "",
          "date": "2022-10-27",
          "time": "16:17:21",
          "terminate": "false"
        },
        {
          "speaker": "speaker2",
          "personaID": "41754",
          "participantID": "3405",
          "utterance": "아~ 글쿠나! 대형 오락실은 안 가본 것 같아요.",
          "summary": "나는 대형 오락실은 안 가봤다",
          "date": "2022-10-27",
          "time": "16:18:24",
          "terminate": "false"
        },
        {
          "speaker": "speaker1",
          "personaID": "51323",
          "participantID": "3015",
          "utterance": "한번 가보세요~여러가지를 할수 있어요. 코인 노래방도 있어요ㅎ 저는 요즘 세상이 시끄러워서인지 TV뉴스 보는걸 싫어해요~",
          "summary": " 나는 TV 뉴스 보는 걸 싫어한다",
          "date": "2022-10-27",
          "time": "16:23:34",
          "terminate": "false"
        },
        {
          "speaker": "speaker2",
          "personaID": "41754",
          "participantID": "3405",
          "utterance": "전 아무래도 지금 대형 오락실로 가야겠어요. 마구 체험해보고 싶어졌어요",
          "summary": "나는 지금 대형 오락실 간다",
          "date": "2022-10-27",
          "time": "16:25:48",
          "terminate": "true"
        }
      ],
      "sessionPersonaSummary": {
        "speaker1": [
          "나는 50대 여성이다",
          "나는 일주일에 한두 번 버스로 출퇴근한다",
          "나는 소설을 꾸준히 읽는다",
          "나는 필라테스가 힘들다",
          "나는 DDR을 TV로 연결해봤다",
          "나는 TV 뉴스 보는 걸 싫어한다"
        ],
        "speaker2": [
          "나는 40대 여자다",
          "나는 자산운용 가이다. 나는 하루 종일 컴퓨터 앞에 앉아 있다.",
          "나는 필라테스를 자주 한다",
          "나는 필라테스를 시작한 지 1년이 됐으며 아직도 힘들다. 나는 콘솔 게임을 좋아한다",
          "나는 학교 다닐 때 오락실에서 많이 했다",
          "나는 대형 오락실은 안 가봤다",
          "나는 지금 대형 오락실 간다"
        ]
      },
      "prevAggregatedpersonaSummary": {
        "speaker1": [],
        "speaker2": []
      }
    },
    {
      "prevSessionID": "4-00434-1",
      "prevTimeInfo": {
        "timeNum": "4",
        "timeUnit": "주"
      },
      "nthSession": "2",
      "numberOfUtterances": "14",
      "numberOfTurns": "7",
      "sessionID": "4-00434-2",
      "dialog": [
        {
          "speaker": "speaker1",
          "personaID": "51323",
          "participantID": "3015",
          "utterance": "4주만이네요~별일없이 잘 지내셨나요?",
          "summary": "",
          "date": "2022-10-27",
          "time": "16:42:08",
          "terminate": "false"
        },
        {
          "speaker": "speaker2",
          "personaID": "41754",
          "participantID": "3405",
          "utterance": "벌써 한달이 지났네요. 고새 날씨가 많이 쌀쌀해졌네요. 아직도 소설 읽는게 취미세요?",
          "summary": "나는 날씨가 많이 쌀쌀해진 거 같다",
          "date": "2022-10-27",
          "time": "16:43:14",
          "terminate": "false"
        },
        {
          "speaker": "speaker1",
          "personaID": "51323",
          "participantID": "3015",
          "utterance": "네. 소설 너무 좋아요. 요즘 일교차가 심해서 감기 걸리기 좋겠어요~",
          "summary": "나는 여전히 소설을 읽는 게 취미이며 소설이 너무 좋다.",
          "date": "2022-10-27",
          "time": "18:28:35",
          "terminate": "false"
        },
        {
          "speaker": "speaker2",
          "personaID": "41754",
          "participantID": "3405",
          "utterance": "가족관계가 어떻게 되세요? 저는 신랑이랑 둘이라서요~",
          "summary": "나는 신랑이랑 둘이 산다",
          "date": "2022-10-27",
          "time": "18:54:25",
          "terminate": "false"
        },
        {
          "speaker": "speaker1",
          "personaID": "51323",
          "participantID": "3015",
          "utterance": "저는 가족은 4명이에요~아들하나,딸하나 있네요^^ ",
          "summary": "나는 아들 하나, 딸 하나로 4인 가족이다",
          "date": "2022-10-27",
          "time": "21:54:34",
          "terminate": "false"
        },
        {
          "speaker": "speaker2",
          "personaID": "41754",
          "participantID": "3405",
          "utterance": "와!제일 완벽한 가족구성원이네요. 저희는 아직 아이가 없어요. 저희 친정 오빠네도 아이가 없어서 조카가 없어요",
          "summary": "나는 아이가 없다. 나는 오빠네도 아이가 없어서 조카가 없다",
          "date": "2022-10-27",
          "time": "22:16:50",
          "terminate": "false"
        },
        {
          "speaker": "speaker1",
          "personaID": "51323",
          "participantID": "3015",
          "utterance": "아~그러시구나. 저는 친정쪽으로 3명 조카와 시댁쪽으로 8명 조카가 있네요",
          "summary": "나는 조카가 친정, 시댁 모두 합하면 11명 있다",
          "date": "2022-10-27",
          "time": "22:24:26",
          "terminate": "false"
        },
        {
          "speaker": "speaker2",
          "personaID": "41754",
          "participantID": "3405",
          "utterance": "좋으시겠다. 저는 사촌 조카들만 주르륵 있어요. 이제 20대 중반의 다큰 조카들 뿐이네요",
          "summary": "나는 사촌 조카들이 많다",
          "date": "2022-10-27",
          "time": "22:28:58",
          "terminate": "false"
        },
        {
          "speaker": "speaker1",
          "personaID": "51323",
          "participantID": "3015",
          "utterance": "저도 시댁 조카들이 다 20~30대여서 올해만 결혼식이 두번있네요",
          "summary": "나는 시댁 조카들 결혼식만 올해 두 번 있었다",
          "date": "2022-10-27",
          "time": "22:32:02",
          "terminate": "false"
        },
        {
          "speaker": "speaker2",
          "personaID": "41754",
          "participantID": "3405",
          "utterance": "저희도 이제 조카들  결혼 얘기를 시작하더라구요. 간혹 비혼주의자도 있구요",
          "summary": "나는 비혼 주의자인 조카가 있다",
          "date": "2022-10-27",
          "time": "22:36:16",
          "terminate": "false"
        },
        {
          "speaker": "speaker1",
          "personaID": "51323",
          "participantID": "3015",
          "utterance": "맞아요~저도 비혼 조카가 있어요~",
          "summary": "나는 비혼 주의인 조카가 있다",
          "date": "2022-10-27",
          "time": "22:40:03",
          "terminate": "false"
        },
        {
          "speaker": "speaker2",
          "personaID": "41754",
          "participantID": "3405",
          "utterance": "저는 결혼을 했지만 비혼도 나쁘지 않다고 생각해요. ",
          "summary": "나는 결혼을 했지만 비혼도 나쁘지 않다",
          "date": "2022-10-27",
          "time": "22:45:21",
          "terminate": "false"
        },
        {
          "speaker": "speaker1",
          "personaID": "51323",
          "participantID": "3015",
          "utterance": "저도 그래요~결혼에 대한 생각들이 많이 바뀐거 같아요 ",
          "summary": "",
          "date": "2022-10-27",
          "time": "22:46:31",
          "terminate": "false"
        },
        {
          "speaker": "speaker2",
          "personaID": "41754",
          "participantID": "3405",
          "utterance": "저는 이만 나가봐야겠네요. 남편이 불러요. 이럴때 비혼 생각이 나네요. ㅋ",
          "summary": "나는 남편이 불러서 나간다",
          "date": "2022-10-27",
          "time": "22:48:08",
          "terminate": "true"
        }
      ],
      "sessionPersonaSummary": {
        "speaker1": [
          "나는 여전히 소설을 읽는 게 취미이며 소설이 너무 좋다.",
          "나는 아들 하나, 딸 하나로 4인 가족이다",
          "나는 조카가 친정, 시댁 모두 합하면 11명 있다",
          "나는 시댁 조카들 결혼식만 올해 두 번 있었다",
          "나는 비혼 주의인 조카가 있다"
        ],
        "speaker2": [
          "나는 날씨가 많이 쌀쌀해진 거 같다",
          "나는 신랑이랑 둘이 산다",
          "나는 아이가 없다. 나는 오빠네도 아이가 없어서 조카가 없다",
          "나는 사촌 조카들이 많다",
          "나는 비혼 주의자인 조카가 있다",
          "나는 결혼을 했지만 비혼도 나쁘지 않다",
          "나는 남편이 불러서 나간다"
        ]
      },
      "prevAggregatedpersonaSummary": {
        "speaker1": [
          "나는 50대 여성이다",
          "나는 일주일에 한두 번 버스로 출퇴근한다",
          "나는 소설을 꾸준히 읽는다",
          "나는 필라테스가 힘들다",
          "나는 DDR을 TV로 연결해봤다",
          "나는 TV 뉴스 보는 걸 싫어한다"
        ],
        "speaker2": [
          "나는 40대 여자다",
          "나는 자산운용 가이다. 나는 하루 종일 컴퓨터 앞에 앉아 있다.",
          "나는 필라테스를 자주 한다",
          "나는 필라테스를 시작한 지 1년이 됐으며 아직도 힘들다. 나는 콘솔 게임을 좋아한다",
          "나는 학교 다닐 때 오락실에서 많이 했다",
          "나는 대형 오락실은 안 가봤다",
          "나는 지금 대형 오락실 간다"
        ]
      }
    },
    {
      "prevSessionID": "4-00434-2",
      "prevTimeInfo": {
        "timeNum": "20",
        "timeUnit": "시간"
      },
      "nthSession": "3",
      "numberOfUtterances": "14",
      "numberOfTurns": "7",
      "sessionID": "4-00434-3",
      "dialog": [
        {
          "speaker": "speaker1",
          "personaID": "51323",
          "participantID": "3015",
          "utterance": "반가워요 ~20시간 만이네요~잘 지내셨나요 ?",
          "summary": "",
          "date": "2022-10-28",
          "time": "08:34:07",
          "terminate": "false"
        },
        {
          "speaker": "speaker2",
          "personaID": "41754",
          "participantID": "3405",
          "utterance": "거의 하루가 지났네요. 저는 어제 너무 일찍 잤어요. 필라테스 하고 오면 잠이 잘 와요. 오늘 아침도 일찍 일어났네요.간만에 일찍 일어나니 이것도 좋은데요",
          "summary": "나는 어제 일찍 잤다. 나는 필라테스를 하고 오면 잠이 잘 온다. 나는 오늘 일찍 일어났다",
          "date": "2022-10-28",
          "time": "08:37:00",
          "terminate": "false"
        },
        {
          "speaker": "speaker1",
          "personaID": "51323",
          "participantID": "3015",
          "utterance": "그렇죠~ 필라테스 자주 하셔서 웬지 몸이 가뿐하실꺼 같아요 ^^ 저는 어제 시댁쪽 조카 결혼식으로 통화했었네요",
          "summary": "나는 시댁 쪽 조카 결혼식으로 통화했다",
          "date": "2022-10-28",
          "time": "08:41:14",
          "terminate": "false"
        },
        {
          "speaker": "speaker2",
          "personaID": "41754",
          "participantID": "3405",
          "utterance": "시댁쪽 조카들과도 친하신가봐요. 저는 왠지 서먹할 것 같거든요. 시댁이라 그런가봐요",
          "summary": "나는 시댁 쪽 조카들은 서먹할 거 같다",
          "date": "2022-10-28",
          "time": "08:48:55",
          "terminate": "false"
        },
        {
          "speaker": "speaker1",
          "personaID": "51323",
          "participantID": "3015",
          "utterance": "저도 결혼식이 얼마안 남아서 통화했네요~아무래도 시댁은 서먹하죠 ㅎㅎ",
          "summary": "나는 시댁은 서먹하다",
          "date": "2022-10-28",
          "time": "13:00:03",
          "terminate": "false"
        },
        {
          "speaker": "speaker2",
          "personaID": "41754",
          "participantID": "3405",
          "utterance": "우리 조카들도 얼른 결혼했음 좋겠어요.그나마 결혼식이라도 해야 가족들 얼굴들을 볼 수 있으니까요",
          "summary": "나는 조카들이 얼른 결혼했으면 좋겠다",
          "date": "2022-10-28",
          "time": "14:36:40",
          "terminate": "false"
        },
        {
          "speaker": "speaker1",
          "personaID": "51323",
          "participantID": "3015",
          "utterance": "그러긴해요~점점 갈수록 친척들이 모이는게 힘들더라구요 ",
          "summary": "",
          "date": "2022-10-28",
          "time": "16:12:01",
          "terminate": "false"
        },
        {
          "speaker": "speaker2",
          "personaID": "41754",
          "participantID": "3405",
          "utterance": "저는 친정오빠가 얼른 아이를 낳아서 친조카가 생겼음 좋겠어요.",
          "summary": "나는 친조카가 생겼으면 좋겠다",
          "date": "2022-10-28",
          "time": "16:20:27",
          "terminate": "false"
        },
        {
          "speaker": "speaker1",
          "personaID": "51323",
          "participantID": "3015",
          "utterance": "그럼 정말 예쁘겠네요ㅎㅎ 요즘 저는 늙었나봐요~아기들이 넘 예뻐요~",
          "summary": "나는 요즘 내가 늙은 기분이다. 나는 아기들이 너무 예쁘다.",
          "date": "2022-10-28",
          "time": "22:30:29",
          "terminate": "false"
        },
        {
          "speaker": "speaker2",
          "personaID": "41754",
          "participantID": "3405",
          "utterance": "저도 그래요. 원래 애들을 별로 안좋아하거든요. 근데 신기하게 요즘은 예쁘더라구요",
          "summary": "나는 애들은 별로 안 좋아하지만 요즘은 아기들이 예쁘다.",
          "date": "2022-10-28",
          "time": "22:34:21",
          "terminate": "false"
        },
        {
          "speaker": "speaker1",
          "personaID": "51323",
          "participantID": "3015",
          "utterance": "너무 귀여워요~제 자식들 키울때는 힘들었던 기억이 많은데ㅜㅜ 그래서 손자들이 예쁜가봐요",
          "summary": "나는 손자들이 예쁘다고 생각한다",
          "date": "2022-10-28",
          "time": "22:46:38",
          "terminate": "false"
        },
        {
          "speaker": "speaker2",
          "personaID": "41754",
          "participantID": "3405",
          "utterance": "저희 친정엄마는 연세가 72세인데 저희가 모두 자식이 없어서 여태 할머니 소릴 못듣고 계세요",
          "summary": "나는 자식이 없어서 친정 엄마가 여태 할머니 소릴 못 듣고 계신다",
          "date": "2022-10-28",
          "time": "22:52:22",
          "terminate": "false"
        },
        {
          "speaker": "speaker1",
          "personaID": "51323",
          "participantID": "3015",
          "utterance": "어머님이 젊게 사셔야겠어요^^~손자 보고 싶어하지 않으세요?",
          "summary": "",
          "date": "2022-10-28",
          "time": "23:13:51",
          "terminate": "false"
        },
        {
          "speaker": "speaker2",
          "personaID": "41754",
          "participantID": "3405",
          "utterance": "저희 엄마는 지금도 할머니는 되기 싫으시대요. ㅎㅎ 저도 오빠네도 아이를 낳아야한다고 생각을 안해서 그런가봐요. 전 이만 나가볼게요",
          "summary": "나는 일 보러 간다",
          "date": "2022-10-29",
          "time": "08:05:52",
          "terminate": "true"
        }
      ],
      "sessionPersonaSummary": {
        "speaker1": [
          "나는 시댁 쪽 조카 결혼식으로 통화했다",
          "나는 시댁은 서먹하다",
          "나는 요즘 내가 늙은 기분이다. 나는 아기들이 너무 예쁘다.",
          "나는 손자들이 예쁘다고 생각한다"
        ],
        "speaker2": [
          "나는 어제 일찍 잤다. 나는 필라테스를 하고 오면 잠이 잘 온다.",
          "나는 오늘 일찍 일어났다",
          "나는 시댁 쪽 조카들은 서먹할 거 같다",
          "나는 조카들이 얼른 결혼했으면 좋겠다",
          "나는 친조카가 생겼으면 좋겠다",
          "나는 애들은 별로 안 좋아하지만 요즘은 아기들이 예쁘다.",
          "나는 자식이 없어서 친정 엄마가 여태 할머니 소릴 못 듣고 계신다",
          "나는 일 보러 간다"
        ]
      },
      "prevAggregatedpersonaSummary": {
        "speaker1": [
          "나는 50대 여성이다",
          "나는 일주일에 한두 번 버스로 출퇴근한다",
          "나는 소설을 꾸준히 읽는다",
          "나는 필라테스가 힘들다",
          "나는 DDR을 TV로 연결해봤다",
          "나는 TV 뉴스 보는 걸 싫어한다",
          "나는 여전히 소설을 읽는 게 취미이며 소설이 너무 좋다.",
          "나는 아들 하나, 딸 하나로 4인 가족이다",
          "나는 조카가 친정, 시댁 모두 합하면 11명 있다",
          "나는 시댁 조카들 결혼식만 올해 두 번 있었다",
          "나는 비혼 주의인 조카가 있다"
        ],
        "speaker2": [
          "나는 40대 여자다",
          "나는 자산운용 가이다. 나는 하루 종일 컴퓨터 앞에 앉아 있다.",
          "나는 필라테스를 자주 한다",
          "나는 필라테스를 시작한 지 1년이 됐으며 아직도 힘들다. 나는 콘솔 게임을 좋아한다",
          "나는 학교 다닐 때 오락실에서 많이 했다",
          "나는 대형 오락실은 안 가봤다",
          "나는 지금 대형 오락실 간다",
          "나는 날씨가 많이 쌀쌀해진 거 같다",
          "나는 신랑이랑 둘이 산다",
          "나는 아이가 없다. 나는 오빠네도 아이가 없어서 조카가 없다",
          "나는 사촌 조카들이 많다",
          "나는 비혼 주의자인 조카가 있다",
          "나는 결혼을 했지만 비혼도 나쁘지 않다",
          "나는 남편이 불러서 나간다"
        ]
      }
    },
    {
      "prevSessionID": "4-00434-3",
      "prevTimeInfo": {
        "timeNum": "5",
        "timeUnit": "주"
      },
      "nthSession": "4",
      "numberOfUtterances": "14",
      "numberOfTurns": "7",
      "sessionID": "4-00434-4",
      "dialog": [
        {
          "speaker": "speaker1",
          "personaID": "51323",
          "participantID": "3015",
          "utterance": "와~5주 만이네요~잘 지내셨어요?",
          "summary": "",
          "date": "2022-10-29",
          "time": "11:44:46",
          "terminate": "false"
        },
        {
          "speaker": "speaker2",
          "personaID": "41754",
          "participantID": "3405",
          "utterance": "5주가 후딱 지났네요. 그사이 조카는 결혼을 했나요?",
          "summary": "나는 상대방 조카가 결혼을 했는지 궁금하다",
          "date": "2022-10-29",
          "time": "12:33:18",
          "terminate": "false"
        },
        {
          "speaker": "speaker1",
          "personaID": "51323",
          "participantID": "3015",
          "utterance": "아직 안했어요~12월초여서 좀 남았네요~부산에서 결혼식 해요",
          "summary": "나는 12월에 부산에서 조카 결혼식이 있다",
          "date": "2022-10-29",
          "time": "15:03:24",
          "terminate": "false"
        },
        {
          "speaker": "speaker2",
          "personaID": "41754",
          "participantID": "3405",
          "utterance": "12월의 신부인가요? 신랑인가요?",
          "summary": "",
          "date": "2022-10-29",
          "time": "15:14:44",
          "terminate": "false"
        },
        {
          "speaker": "speaker1",
          "personaID": "51323",
          "participantID": "3015",
          "utterance": "신랑이네요~시댁 결혼식이어서인지 입고 갈 옷도 고민되네요~",
          "summary": "나는 결혼식에 입고 갈 옷이 고민이다",
          "date": "2022-10-29",
          "time": "15:45:05",
          "terminate": "false"
        },
        {
          "speaker": "speaker2",
          "personaID": "41754",
          "participantID": "3405",
          "utterance": "결혼식 룩도 은근히 신경쓰이죠. 특히 시댁 식구들이 모이는 자리니깐요",
          "summary": "나는 결혼식 룩이 신경 쓰인다",
          "date": "2022-10-29",
          "time": "15:49:59",
          "terminate": "false"
        },
        {
          "speaker": "speaker1",
          "personaID": "51323",
          "participantID": "3015",
          "utterance": "맞아요~한복을 입을지,그냥 정장을 입을지 고민돼요",
          "summary": "나는 조카 결혼식 때 한복을 입을지 정장을 입을지 고민이다",
          "date": "2022-10-29",
          "time": "15:50:59",
          "terminate": "false"
        },
        {
          "speaker": "speaker2",
          "personaID": "41754",
          "participantID": "3405",
          "utterance": "요즘에도 한복을 입나요? 요즘은 한복은 잘 안입는것 같아요. 근데 또 시댁 어른들 눈에는 한복이 익숙할 수도 있겠네요",
          "summary": "나는 요즘 결혼식에 한복은 잘 안 입는 걸로 알고 있다",
          "date": "2022-10-29",
          "time": "15:53:20",
          "terminate": "false"
        },
        {
          "speaker": "speaker1",
          "personaID": "51323",
          "participantID": "3015",
          "utterance": "봄에 시댁쪽 여조카 결혼식 있었는데 시댁 고모들은 다 한복을 맞춰입고 왔더라구요~그래서 고민이에요",
          "summary": "",
          "date": "2022-10-29",
          "time": "15:54:44",
          "terminate": "false"
        },
        {
          "speaker": "speaker2",
          "personaID": "41754",
          "participantID": "3405",
          "utterance": "예비 신랑은 지금 한창 좋을 시기겠어요. 바쁘고 정신없기도 하고 말이죠. 근데 신부보단 덜 바쁘겠죠?",
          "summary": "",
          "date": "2022-10-29",
          "time": "16:01:46",
          "terminate": "false"
        },
        {
          "speaker": "speaker1",
          "personaID": "51323",
          "participantID": "3015",
          "utterance": "아무래도~신부쪽이 준비할것이 더 많겠죠~결혼 준비하면서 많이 다투기도 할텐데요",
          "summary": "",
          "date": "2022-10-29",
          "time": "16:51:35",
          "terminate": "false"
        },
        {
          "speaker": "speaker2",
          "personaID": "41754",
          "participantID": "3405",
          "utterance": "결혼 준비하면서 많이 싸우는 과정이야말로 찐 가족이 되어가는 과정이란 생각이 들어요",
          "summary": "나는 결혼 준비하면서 많이 싸우는 것은 진짜 가족이 되어가는 과정이라고 생각한다",
          "date": "2022-10-29",
          "time": "16:55:56",
          "terminate": "false"
        },
        {
          "speaker": "speaker1",
          "personaID": "51323",
          "participantID": "3015",
          "utterance": "그러긴하죠~올해만 시댁 조카 결혼이 두번이나 있어서 돈 부담도 만만치 않네요 ㅜㅜ",
          "summary": "나는 올해 조카 결혼이 두 번이나 있어서 비용 부담이 된다",
          "date": "2022-10-29",
          "time": "20:30:59",
          "terminate": "false"
        },
        {
          "speaker": "speaker2",
          "personaID": "41754",
          "participantID": "3405",
          "utterance": "돈에 대한 부담은 정말 크겠네요. 또 얼마를 넣어야 할지도 고민이 되겠네요. 전 이만 나가볼게요",
          "summary": "",
          "date": "2022-10-29",
          "time": "21:31:09",
          "terminate": "true"
        }
      ],
      "sessionPersonaSummary": {
        "speaker1": [
          "나는 12월에 부산에서 조카 결혼식이 있다",
          "나는 결혼식에 입고 갈 옷이 고민이다",
          "나는 조카 결혼식 때 한복을 입을지 정장을 입을지 고민이다",
          "나는 올해 조카 결혼이 두 번이나 있어서 비용 부담이 된다"
        ],
        "speaker2": [
          "나는 상대방 조카가 결혼을 했는지 궁금하다",
          "나는 결혼식 룩이 신경 쓰인다",
          "나는 요즘 결혼식에 한복은 잘 안 입는 걸로 알고 있다",
          "나는 결혼 준비하면서 많이 싸우는 것은 진짜 가족이 되어가는 과정이라고 생각한다"
        ]
      },
      "prevAggregatedpersonaSummary": {
        "speaker1": [
          "나는 50대 여성이다",
          "나는 일주일에 한두 번 버스로 출퇴근한다",
          "나는 소설을 꾸준히 읽는다",
          "나는 필라테스가 힘들다",
          "나는 DDR을 TV로 연결해봤다",
          "나는 TV 뉴스 보는 걸 싫어한다",
          "나는 여전히 소설을 읽는 게 취미이며 소설이 너무 좋다.",
          "나는 아들 하나, 딸 하나로 4인 가족이다",
          "나는 조카가 친정, 시댁 모두 합하면 11명 있다",
          "나는 시댁 조카들 결혼식만 올해 두 번 있었다",
          "나는 비혼 주의인 조카가 있다",
          "나는 시댁 쪽 조카 결혼식으로 통화했다",
          "나는 시댁은 서먹하다",
          "나는 요즘 내가 늙은 기분이다. 나는 아기들이 너무 예쁘다.",
          "나는 손자들이 예쁘다고 생각한다"
        ],
        "speaker2": [
          "나는 40대 여자다",
          "나는 자산운용 가이다. 나는 하루 종일 컴퓨터 앞에 앉아 있다.",
          "나는 필라테스를 자주 한다",
          "나는 필라테스를 시작한 지 1년이 됐으며 아직도 힘들다. 나는 콘솔 게임을 좋아한다",
          "나는 학교 다닐 때 오락실에서 많이 했다",
          "나는 대형 오락실은 안 가봤다",
          "나는 지금 대형 오락실 간다",
          "나는 날씨가 많이 쌀쌀해진 거 같다",
          "나는 신랑이랑 둘이 산다",
          "나는 아이가 없다. 나는 오빠네도 아이가 없어서 조카가 없다",
          "나는 사촌 조카들이 많다",
          "나는 비혼 주의자인 조카가 있다",
          "나는 결혼을 했지만 비혼도 나쁘지 않다",
          "나는 남편이 불러서 나간다",
          "나는 어제 일찍 잤다. 나는 필라테스를 하고 오면 잠이 잘 온다.",
          "나는 오늘 일찍 일어났다",
          "나는 시댁 쪽 조카들은 서먹할 거 같다",
          "나는 조카들이 얼른 결혼했으면 좋겠다",
          "나는 친조카가 생겼으면 좋겠다",
          "나는 애들은 별로 안 좋아하지만 요즘은 아기들이 예쁘다.",
          "나는 자식이 없어서 친정 엄마가 여태 할머니 소릴 못 듣고 계신다",
          "나는 일 보러 간다"
        ]
      }
    }
  ]
}