{
  "FileInfo": {
    "filename": "K4-00276-CL31826-CP30788-16-14-S4.json",
    "sessionLevel": "4"
  },
  "participantsInfo": {
    "numberOfParticipants": "2",
    "speaker1": {
      "participantID": "3087",
      "gender": "여성",
      "age": "30대",
      "occupation": "무직",
      "bPlace": "서울/경기/인천",
      "gPlace": "서울/경기/인천",
      "rPlace": "서울/경기/인천",
      "educationLevel": "대졸"
    },
    "speaker2": {
      "participantID": "3507",
      "gender": "남성",
      "age": "30대",
      "occupation": "서비스직",
      "bPlace": "대전/세종/충청/강원",
      "gPlace": "대전/세종/충청/강원",
      "rPlace": "대전/세종/충청/강원",
      "educationLevel": "대졸"
    }
  },
  "multisessionInfo": {
    "multisessionID": "4-00276"
  },
  "personaInfo": {
    "clInfo": {
      "personaID": "31826",
      "personaFeatures": [
        "나는 여자이다.",
        "나는 30대이다.",
        "나는 병무청 공무원이다",
        "나는 자주 질투가 난다",
        "나는 레게 음악을 자주 듣는다"
      ],
      "speakerType": "speaker1"
    },
    "cpInfo": {
      "personaID": "30788",
      "personaFeatures": [
        "나는 남자이다.",
        "나는 30대이다.",
        "나는 중국어에 관심이 있다",
        "나는 호기심이 많다",
        "나는 단 음식을 안 먹는다"
      ],
      "speakerType": "speaker2"
    }
  },
  "topicInfo": {
    "topicID": "16-14",
    "topicType": "미용과 건강>미용",
    "topicTitle": "주름"
  },
  "sessionInfo": [
    {
      "prevSessionID": null,
      "prevTimeInfo": {
        "timeNum": null,
        "timeUnit": null
      },
      "nthSession": "1",
      "numberOfUtterances": "14",
      "numberOfTurns": "7",
      "sessionID": "4-00276-1",
      "dialog": [
        {
          "speaker": "speaker1",
          "personaID": "31826",
          "participantID": "3087",
          "utterance": "안녕하세요. 저는 30대 여성입니다.반갑습니다.",
          "summary": "나는 30대 여성이다.",
          "date": "2022-10-18",
          "time": "15:38:11",
          "terminate": "false"
        },
        {
          "speaker": "speaker2",
          "personaID": "30788",
          "participantID": "3507",
          "utterance": "반갑습니다. 저는 30대 남성입니다. 회사원이에요.",
          "summary": "나는 30대 남성이다.",
          "date": "2022-10-18",
          "time": "15:39:05",
          "terminate": "false"
        },
        {
          "speaker": "speaker1",
          "personaID": "31826",
          "participantID": "3087",
          "utterance": "저는 병무청 공무원으로 일하고 있습니다. ",
          "summary": "나는 병무청 공무원이다.",
          "date": "2022-10-18",
          "time": "15:53:58",
          "terminate": "false"
        },
        {
          "speaker": "speaker2",
          "personaID": "30788",
          "participantID": "3507",
          "utterance": "공무원이시군요. 저는 중국어에 관심이 많은 평범한 회사원입니다.",
          "summary": "나는 중국어에 관심이 많다. \n나는 회사원이다. ",
          "date": "2022-10-18",
          "time": "15:54:37",
          "terminate": "false"
        },
        {
          "speaker": "speaker1",
          "personaID": "31826",
          "participantID": "3087",
          "utterance": "혹시  어떤 음악장르를 선호하세요?저는 레게  음악을 자주 듣는편입니다.",
          "summary": "나는 레게음악을 자주 듣는다.",
          "date": "2022-10-18",
          "time": "15:56:24",
          "terminate": "false"
        },
        {
          "speaker": "speaker2",
          "personaID": "30788",
          "participantID": "3507",
          "utterance": "저는 호기심이 많아서 여러 장르의 음악을 다 들어요. 음식은 뭐 좋아하세요?",
          "summary": "나는 여러 장르의 음악을 다 듣는다.",
          "date": "2022-10-18",
          "time": "15:58:59",
          "terminate": "false"
        },
        {
          "speaker": "speaker1",
          "personaID": "31826",
          "participantID": "3087",
          "utterance": "음식은 해산물 같은 거를 엄청 좋아하는 편이에요. 님은 어떤 음식좋아하세요?",
          "summary": "나는 해산물을 엄청 좋아한다.",
          "date": "2022-10-18",
          "time": "16:00:41",
          "terminate": "false"
        },
        {
          "speaker": "speaker2",
          "personaID": "30788",
          "participantID": "3507",
          "utterance": "저는 다 좋아하는데 단 음식은 싫어해서 안 먹어요. 다른건 뭐 좋아하세요?",
          "summary": "나는 단 음식은 싫어한다.",
          "date": "2022-10-18",
          "time": "16:02:03",
          "terminate": "false"
        },
        {
          "speaker": "speaker1",
          "personaID": "31826",
          "participantID": "3087",
          "utterance": "하하 저는 단걸 엄청 잘 먹습니다. 좋아하기도 하구요.",
          "summary": "나는 단 걸 잘 먹고 좋아한다.",
          "date": "2022-10-18",
          "time": "16:03:34",
          "terminate": "false"
        },
        {
          "speaker": "speaker2",
          "personaID": "30788",
          "participantID": "3507",
          "utterance": "저는 커피도 아메리카노만 마셔요. 단거는 맛없어서",
          "summary": "나는 커피는 아메리카노만 마신다.",
          "date": "2022-10-18",
          "time": "16:04:21",
          "terminate": "false"
        },
        {
          "speaker": "speaker1",
          "personaID": "31826",
          "participantID": "3087",
          "utterance": "그건 저도 마찬가지에요. 사탕 젤리 같은거를 좋아할뿐 음식을 달게 먹진 않아요.",
          "summary": "나는 사탕, 젤리를 좋아하고 음식은 달게 먹진 않는다.",
          "date": "2022-10-18",
          "time": "16:05:27",
          "terminate": "false"
        },
        {
          "speaker": "speaker2",
          "personaID": "30788",
          "participantID": "3507",
          "utterance": "운동하는건 있으세요? 저는 주로 헬스 다녀요",
          "summary": "나는 헬스를 다닌다.",
          "date": "2022-10-18",
          "time": "16:08:33",
          "terminate": "false"
        },
        {
          "speaker": "speaker1",
          "personaID": "31826",
          "participantID": "3087",
          "utterance": "저는 운동은 딱 질색입니다. 그냥 산책정도가 다에요.",
          "summary": "나는 운동은 질색이고 산책 정도만 한다.",
          "date": "2022-10-18",
          "time": "16:09:49",
          "terminate": "false"
        },
        {
          "speaker": "speaker2",
          "personaID": "30788",
          "participantID": "3507",
          "utterance": "하하 운동싫어하는 분 많죠. 저는 그럼 이만 헬스하러 가봐야겠어요. 다음에 또 대화나눠요~",
          "summary": "나는 헬스 하러 간다.",
          "date": "2022-10-18",
          "time": "16:26:46",
          "terminate": "true"
        }
      ],
      "sessionPersonaSummary": {
        "speaker1": [
          "나는 30대 여성이다.",
          "나는 병무청 공무원이다.",
          "나는 레게음악을 자주 듣는다.",
          "나는 해산물을 엄청 좋아한다.",
          "나는 단 걸 잘 먹고 좋아한다.",
          "나는 사탕, 젤리를 좋아하고 음식은 달게 먹진 않는다.",
          "나는 운동은 질색이고 산책 정도만 한다."
        ],
        "speaker2": [
          "나는 30대 남성이다.",
          "나는 중국어에 관심이 많다. \n나는 회사원이다. ",
          "나는 여러 장르의 음악을 다 듣는다.",
          "나는 단 음식은 싫어한다.",
          "나는 커피는 아메리카노만 마신다.",
          "나는 헬스를 다닌다.",
          "나는 헬스 하러 간다."
        ]
      },
      "prevAggregatedpersonaSummary": {
        "speaker1": [],
        "speaker2": []
      }
    },
    {
      "prevSessionID": "4-00276-1",
      "prevTimeInfo": {
        "timeNum": "5",
        "timeUnit": "주"
      },
      "nthSession": "2",
      "numberOfUtterances": "14",
      "numberOfTurns": "7",
      "sessionID": "4-00276-2",
      "dialog": [
        {
          "speaker": "speaker1",
          "personaID": "31826",
          "participantID": "3087",
          "utterance": "5주가 지났습니다. 잘 지내셨죠?",
          "summary": "나는 5주간 잘 지냈나 궁금하다.",
          "date": "2022-10-18",
          "time": "16:32:50",
          "terminate": "false"
        },
        {
          "speaker": "speaker2",
          "personaID": "30788",
          "participantID": "3507",
          "utterance": "네 잘지냈습니다. 가을이라 그런지 엄청 건조하네요.",
          "summary": "나는 가을이라 건조한 것 같다.",
          "date": "2022-10-18",
          "time": "16:37:24",
          "terminate": "false"
        },
        {
          "speaker": "speaker1",
          "personaID": "31826",
          "participantID": "3087",
          "utterance": "네 피부가 저도 너무 건조한것 같아여. 안그래도 건성인데.",
          "summary": "나는 피부가 너무 건조하다.",
          "date": "2022-10-18",
          "time": "16:45:52",
          "terminate": "false"
        },
        {
          "speaker": "speaker2",
          "personaID": "30788",
          "participantID": "3507",
          "utterance": "피부가 건조해서 그런지 나이를 먹어서 그런지 이제 얼굴에 주름살이 보이기 시작하네요",
          "summary": "나는 얼굴에 주름살이 보이기 시작했다.",
          "date": "2022-10-18",
          "time": "16:47:32",
          "terminate": "false"
        },
        {
          "speaker": "speaker1",
          "personaID": "31826",
          "participantID": "3087",
          "utterance": "맞아요. 피부는 나이를 숨기기가 어렵나봐요.저도 주름이 많이 생겨서 속상한데 20대의 탱탱한 피부가 질투가 나요. ",
          "summary": "나는 주름이 많아져서 속상한데 20대의 피부가 질투 난다.",
          "date": "2022-10-18",
          "time": "16:48:38",
          "terminate": "false"
        },
        {
          "speaker": "speaker2",
          "personaID": "30788",
          "participantID": "3507",
          "utterance": "그러시군요. 제가 남자다 보니 화장품에 별 관심이 없었는데 주름이 생기고부터는 부쩍 화장품에 관심이 생기기 시작하더군요",
          "summary": "나는 주름 때문에 부쩍 화장품에 관심이 생겼다.",
          "date": "2022-10-18",
          "time": "16:56:04",
          "terminate": "false"
        },
        {
          "speaker": "speaker1",
          "personaID": "31826",
          "participantID": "3087",
          "utterance": "맞아요. 남자나 여자나 피부관리가 중요한 것 같아요. 주름은 더더군다나.",
          "summary": "나는 남녀 모두 피부관리가 중요한 것 같다.",
          "date": "2022-10-18",
          "time": "16:58:07",
          "terminate": "false"
        },
        {
          "speaker": "speaker2",
          "personaID": "30788",
          "participantID": "3507",
          "utterance": "주름은 한번 생기면 잘 안없어진다고 생기기 전에 관리가 더 중요하다고 하네요",
          "summary": "나는 주름은 한 번 생기면 잘 안 없어져 관리가 중요하다고 생각한다.",
          "date": "2022-10-18",
          "time": "17:01:53",
          "terminate": "false"
        },
        {
          "speaker": "speaker1",
          "personaID": "31826",
          "participantID": "3087",
          "utterance": "네. 생긴 주름을 없애기도 힘들고 관리해도 얕아지기만 하겠지요.",
          "summary": "나는 생긴 주름은 없애기 힘들고 관리해도 얕아만 진다.",
          "date": "2022-10-18",
          "time": "17:02:47",
          "terminate": "false"
        },
        {
          "speaker": "speaker2",
          "personaID": "30788",
          "participantID": "3507",
          "utterance": "여자친구에게 주름방지 크림을 선물받았는데 발라도 잘되고있는건지 티가 안나서 모르겠네요",
          "summary": "나는 여자 친구에게 주름방지 크림을 선물 받았다.",
          "date": "2022-10-18",
          "time": "17:06:13",
          "terminate": "false"
        },
        {
          "speaker": "speaker1",
          "personaID": "31826",
          "participantID": "3087",
          "utterance": "화장품 종류는 한 두번 해서는 몰라요. 몇 달 꾸준히 쓰셔야 효과를 보실 거에요.",
          "summary": "나는 화장품은 몇 달 꾸준히 써야 효과를 본다.",
          "date": "2022-10-18",
          "time": "17:07:07",
          "terminate": "false"
        },
        {
          "speaker": "speaker2",
          "personaID": "30788",
          "participantID": "3507",
          "utterance": "그런건가요? 전 한달정도 쓰면 효과보는 건줄 알고 있었네요. 몇달 써야 효과가 있는 거군요",
          "summary": "나는 크림이 한 달 정도 쓰면 효과가 있는 건 줄 알았다.",
          "date": "2022-10-18",
          "time": "17:18:41",
          "terminate": "false"
        },
        {
          "speaker": "speaker1",
          "personaID": "31826",
          "participantID": "3087",
          "utterance": "그렇죠. 한 달 만에 효과가 있으면 정말 드라마틱하겠네요.",
          "summary": "나는 한 달 만에 효과 있으면 드라마틱하다고 본다.",
          "date": "2022-10-18",
          "time": "17:50:30",
          "terminate": "false"
        },
        {
          "speaker": "speaker2",
          "personaID": "30788",
          "participantID": "3507",
          "utterance": "하하 그러게요. 저녁시간이라서 밥먹으러 가야겠네요. 다음에 또 말씀 나눠요",
          "summary": "나는 밥 먹으러 간다.",
          "date": "2022-10-18",
          "time": "17:52:09",
          "terminate": "true"
        }
      ],
      "sessionPersonaSummary": {
        "speaker1": [
          "나는 5주간 잘 지냈나 궁금하다.",
          "나는 피부가 너무 건조하다.",
          "나는 주름이 많아져서 속상한데 20대의 피부가 질투 난다.",
          "나는 남녀 모두 피부관리가 중요한 것 같다.",
          "나는 생긴 주름은 없애기 힘들고 관리해도 얕아만 진다.",
          "나는 화장품은 몇 달 꾸준히 써야 효과를 본다.",
          "나는 한 달 만에 효과 있으면 드라마틱하다고 본다."
        ],
        "speaker2": [
          "나는 가을이라 건조한 것 같다.",
          "나는 얼굴에 주름살이 보이기 시작했다.",
          "나는 주름 때문에 부쩍 화장품에 관심이 생겼다.",
          "나는 주름은 한 번 생기면 잘 안 없어져 관리가 중요하다고 생각한다.",
          "나는 여자 친구에게 주름방지 크림을 선물 받았다.",
          "나는 크림이 한 달 정도 쓰면 효과가 있는 건 줄 알았다.",
          "나는 밥 먹으러 간다."
        ]
      },
      "prevAggregatedpersonaSummary": {
        "speaker1": [
          "나는 30대 여성이다.",
          "나는 병무청 공무원이다.",
          "나는 레게음악을 자주 듣는다.",
          "나는 해산물을 엄청 좋아한다.",
          "나는 단 걸 잘 먹고 좋아한다.",
          "나는 사탕, 젤리를 좋아하고 음식은 달게 먹진 않는다.",
          "나는 운동은 질색이고 산책 정도만 한다."
        ],
        "speaker2": [
          "나는 30대 남성이다.",
          "나는 중국어에 관심이 많다. \n나는 회사원이다. ",
          "나는 여러 장르의 음악을 다 듣는다.",
          "나는 단 음식은 싫어한다.",
          "나는 커피는 아메리카노만 마신다.",
          "나는 헬스를 다닌다.",
          "나는 헬스 하러 간다."
        ]
      }
    },
    {
      "prevSessionID": "4-00276-2",
      "prevTimeInfo": {
        "timeNum": "4",
        "timeUnit": "시간"
      },
      "nthSession": "3",
      "numberOfUtterances": "14",
      "numberOfTurns": "7",
      "sessionID": "4-00276-3",
      "dialog": [
        {
          "speaker": "speaker1",
          "personaID": "31826",
          "participantID": "3087",
          "utterance": "4시간이 흘렀네요. 모하고 계셨어요?",
          "summary": "나는 당신이 뭐 하고 있었나 궁금하다.",
          "date": "2022-10-18",
          "time": "20:39:22",
          "terminate": "false"
        },
        {
          "speaker": "speaker2",
          "personaID": "30788",
          "participantID": "3507",
          "utterance": "저 중국어 공부하면서 팩하고 있었어요 하하",
          "summary": "나는 중국어 공부하면서 팩을 하고 있다.",
          "date": "2022-10-18",
          "time": "20:41:21",
          "terminate": "false"
        },
        {
          "speaker": "speaker1",
          "personaID": "31826",
          "participantID": "3087",
          "utterance": "저도 일인일팩해요. 팩을하면 수분보충이 잘 되는 것 같아요.",
          "summary": "나는 팩을 하면 수분 보충이 잘 되는 것 같다.",
          "date": "2022-10-18",
          "time": "20:42:15",
          "terminate": "false"
        },
        {
          "speaker": "speaker2",
          "personaID": "30788",
          "participantID": "3507",
          "utterance": "얼굴팩하고 나서 마무리로 목주름 생기지말라고 목에도 남은 팩 바르는거 저만 그런거 아니죠?",
          "summary": "나는 팩을 하고 남은 것을 목에 발라 마무리한다.",
          "date": "2022-10-18",
          "time": "20:43:00",
          "terminate": "false"
        },
        {
          "speaker": "speaker1",
          "personaID": "31826",
          "participantID": "3087",
          "utterance": "네.발라도 주름은 생기는 것 같지만 에센스가 아까워서 온 몸에 덕지덕지 발라요.",
          "summary": "나는 에센스가 아까워 온 몸에 바른다.",
          "date": "2022-10-18",
          "time": "20:44:03",
          "terminate": "false"
        },
        {
          "speaker": "speaker2",
          "personaID": "30788",
          "participantID": "3507",
          "utterance": "제가 찾아보니까 주름을 펴는 시술이 있다고 하던데.. 보톡스인가요?",
          "summary": "",
          "date": "2022-10-18",
          "time": "20:45:48",
          "terminate": "false"
        },
        {
          "speaker": "speaker1",
          "personaID": "31826",
          "participantID": "3087",
          "utterance": "보톡스도 주기적으로 시술을 해야 효과가 있습니다.",
          "summary": "나는 보톡스도 주기적 시술을 해야 효과가 있다.",
          "date": "2022-10-18",
          "time": "20:46:48",
          "terminate": "false"
        },
        {
          "speaker": "speaker2",
          "personaID": "30788",
          "participantID": "3507",
          "utterance": "이마에 주름이 좀 생기기 시작해서 이마보톡스를 맞아보고 싶었는데 그것도 한번 맞는게 아니군요",
          "summary": "나는 이마에 보톡스를 맞고 싶다.",
          "date": "2022-10-18",
          "time": "20:49:18",
          "terminate": "false"
        },
        {
          "speaker": "speaker1",
          "personaID": "31826",
          "participantID": "3087",
          "utterance": "네. 그래도 남성분이신데도 이런 미용쪽에 관심이 많고 아는 것도 많으시네요.",
          "summary": "나는 당신이 남자인데도 미용에 아는 것도 많아서 놀랍다.",
          "date": "2022-10-18",
          "time": "20:50:23",
          "terminate": "false"
        },
        {
          "speaker": "speaker2",
          "personaID": "30788",
          "participantID": "3507",
          "utterance": "남자도 나이들수록 꾸며야 한다고 들어서요. 오히려 젊을땐 관심없다가 나이들어서 주름생기니 외모에 관심이 생기네요",
          "summary": "나는 나이 들어 주름 때문에 외모에 관심이 생긴다.",
          "date": "2022-10-18",
          "time": "20:53:19",
          "terminate": "false"
        },
        {
          "speaker": "speaker1",
          "personaID": "31826",
          "participantID": "3087",
          "utterance": "하긴 요즘은 관리잘하는 남성분들은 여성이상으로 아는 게 많아요. 여자친구가 좋아하겠어요.",
          "summary": "나는 관리 잘하는 남성은 여자 친구가 좋아할 것 같다.",
          "date": "2022-10-18",
          "time": "20:54:45",
          "terminate": "false"
        },
        {
          "speaker": "speaker2",
          "personaID": "30788",
          "participantID": "3507",
          "utterance": "그래도 주름펴는 시술받는건 싫어할수도 있으니 보톡스는 여자친구 몰래 맞아야겠어요",
          "summary": "나는 여자 친구 몰래 보톡스를 맞을 것이다.",
          "date": "2022-10-18",
          "time": "21:02:01",
          "terminate": "false"
        },
        {
          "speaker": "speaker1",
          "personaID": "31826",
          "participantID": "3087",
          "utterance": "하하 그거 좋은 생각이네요. 근데 싫어하진 않을 것 같아요.",
          "summary": "나는 좋은 생각이고 싫어하진 않을 것 같다.",
          "date": "2022-10-18",
          "time": "21:02:35",
          "terminate": "false"
        },
        {
          "speaker": "speaker2",
          "personaID": "30788",
          "participantID": "3507",
          "utterance": "앗 여자친구에게 전화가 오네요. 이만 가볼게요. 대화 즐거웠어요.",
          "summary": "나는 여자 친구에 전화가 와서 이만 가본다.",
          "date": "2022-10-18",
          "time": "21:04:57",
          "terminate": "true"
        }
      ],
      "sessionPersonaSummary": {
        "speaker1": [
          "나는 당신이 뭐 하고 있었나 궁금하다.",
          "나는 팩을 하면 수분 보충이 잘 되는 것 같다.",
          "나는 에센스가 아까워 온 몸에 바른다.",
          "나는 보톡스도 주기적 시술을 해야 효과가 있다.",
          "나는 당신이 남자인데도 미용에 아는 것도 많아서 놀랍다.",
          "나는 관리 잘하는 남성은 여자 친구가 좋아할 것 같다.",
          "나는 좋은 생각이고 싫어하진 않을 것 같다."
        ],
        "speaker2": [
          "나는 중국어 공부하면서 팩을 하고 있다.",
          "나는 팩을 하고 남은 것을 목에 발라 마무리한다.",
          "나는 이마에 보톡스를 맞고 싶다.",
          "나는 나이 들어 주름 때문에 외모에 관심이 생긴다.",
          "나는 여자 친구 몰래 보톡스를 맞을 것이다.",
          "나는 여자 친구에 전화가 와서 이만 가본다."
        ]
      },
      "prevAggregatedpersonaSummary": {
        "speaker1": [
          "나는 30대 여성이다.",
          "나는 병무청 공무원이다.",
          "나는 레게음악을 자주 듣는다.",
          "나는 해산물을 엄청 좋아한다.",
          "나는 단 걸 잘 먹고 좋아한다.",
          "나는 사탕, 젤리를 좋아하고 음식은 달게 먹진 않는다.",
          "나는 운동은 질색이고 산책 정도만 한다.",
          "나는 5주간 잘 지냈나 궁금하다.",
          "나는 피부가 너무 건조하다.",
          "나는 주름이 많아져서 속상한데 20대의 피부가 질투 난다.",
          "나는 남녀 모두 피부관리가 중요한 것 같다.",
          "나는 생긴 주름은 없애기 힘들고 관리해도 얕아만 진다.",
          "나는 화장품은 몇 달 꾸준히 써야 효과를 본다.",
          "나는 한 달 만에 효과 있으면 드라마틱하다고 본다."
        ],
        "speaker2": [
          "나는 30대 남성이다.",
          "나는 중국어에 관심이 많다. \n나는 회사원이다. ",
          "나는 여러 장르의 음악을 다 듣는다.",
          "나는 단 음식은 싫어한다.",
          "나는 커피는 아메리카노만 마신다.",
          "나는 헬스를 다닌다.",
          "나는 헬스 하러 간다.",
          "나는 가을이라 건조한 것 같다.",
          "나는 얼굴에 주름살이 보이기 시작했다.",
          "나는 주름 때문에 부쩍 화장품에 관심이 생겼다.",
          "나는 주름은 한 번 생기면 잘 안 없어져 관리가 중요하다고 생각한다.",
          "나는 여자 친구에게 주름방지 크림을 선물 받았다.",
          "나는 크림이 한 달 정도 쓰면 효과가 있는 건 줄 알았다.",
          "나는 밥 먹으러 간다."
        ]
      }
    },
    {
      "prevSessionID": "4-00276-3",
      "prevTimeInfo": {
        "timeNum": "4",
        "timeUnit": "주"
      },
      "nthSession": "4",
      "numberOfUtterances": "14",
      "numberOfTurns": "7",
      "sessionID": "4-00276-4",
      "dialog": [
        {
          "speaker": "speaker1",
          "personaID": "31826",
          "participantID": "3087",
          "utterance": "벌써 한달 가까이 시간이 지났어요. 4주동안 잘 계셨나요?",
          "summary": "나는 4주간 잘 지냈나 궁금하다.",
          "date": "2022-10-18",
          "time": "21:09:43",
          "terminate": "false"
        },
        {
          "speaker": "speaker2",
          "personaID": "30788",
          "participantID": "3507",
          "utterance": "네. 잘 있었습니다. 별일 없으셨나요?",
          "summary": "",
          "date": "2022-10-18",
          "time": "21:11:00",
          "terminate": "false"
        },
        {
          "speaker": "speaker1",
          "personaID": "31826",
          "participantID": "3087",
          "utterance": "네. 저는 잘 지냈습니다. 어떠세요?주름방지 크림을 발라보니 효과가 슬슬 보이나요?",
          "summary": "나는 잘 지냈고 주름방지 크림 효과가 슬슬 있는지 궁금하다.",
          "date": "2022-10-18",
          "time": "21:11:42",
          "terminate": "false"
        },
        {
          "speaker": "speaker2",
          "personaID": "30788",
          "participantID": "3507",
          "utterance": "아니요. 빠른 효과를 보고싶어서 보톡스 맞았습니다!! 이마랑 팔자주름 근처에요. 그래서 잘 입꼬리가 잘 안올라가요 ",
          "summary": "나는 보톡스를 맞았다.",
          "date": "2022-10-18",
          "time": "21:19:18",
          "terminate": "false"
        },
        {
          "speaker": "speaker1",
          "personaID": "31826",
          "participantID": "3087",
          "utterance": "우와 어떤것 같아요?궁굼해요~",
          "summary": "나는 어떤지 궁금하다.",
          "date": "2022-10-19",
          "time": "08:38:13",
          "terminate": "false"
        },
        {
          "speaker": "speaker2",
          "personaID": "30788",
          "participantID": "3507",
          "utterance": "표정이 굳어서 자연스럽지 못하긴 한데, 확실한건 주름은 펴졌네요",
          "summary": "나는 보톡스를 맞아서 주름이 펴졌다.",
          "date": "2022-10-19",
          "time": "08:39:50",
          "terminate": "false"
        },
        {
          "speaker": "speaker1",
          "personaID": "31826",
          "participantID": "3087",
          "utterance": "정말 열심히시네요. 근데 얼굴에 주름하나 있고 없고의 차이가 큰 것 같기는 해요.",
          "summary": "나는 얼굴에 주름 하나 있고 없고이 차이가 큰 것 같다.",
          "date": "2022-10-19",
          "time": "08:40:42",
          "terminate": "false"
        },
        {
          "speaker": "speaker2",
          "personaID": "30788",
          "participantID": "3507",
          "utterance": "네. 이래서 다들 시술을 그렇게 받나 싶어요. 보톡스 한번 맞으니까 계속 맞을 것 같은데요?",
          "summary": "나는 계속 보톡스를 맞을 수도 있다.",
          "date": "2022-10-19",
          "time": "08:42:05",
          "terminate": "false"
        },
        {
          "speaker": "speaker1",
          "personaID": "31826",
          "participantID": "3087",
          "utterance": "그렇죠. 그것도 중독이라서... 이김에 저도 한 번 맞아야 겠네요. 또 질투가 나서...",
          "summary": "나는 이김에 한 번 맞아야겠다.",
          "date": "2022-10-19",
          "time": "08:42:49",
          "terminate": "false"
        },
        {
          "speaker": "speaker2",
          "personaID": "30788",
          "participantID": "3507",
          "utterance": "하하하하 주름크림으로는 안되겠죠? 원래 다른사람이 한거보면 따라하고 싶은게 사람 심리잖아요",
          "summary": "나는 다른 사람이 한 거 보면 따라 하고 싶은 데 사람 심리인 것 같다.",
          "date": "2022-10-19",
          "time": "08:45:48",
          "terminate": "false"
        },
        {
          "speaker": "speaker1",
          "personaID": "31826",
          "participantID": "3087",
          "utterance": "네. 워낙 자주 질투를 해서. 오늘 알아봐야겠는 걸요.이제 10년 젊어지셨을것 같아요~",
          "summary": "나는 오늘 알아봐야겠다.",
          "date": "2022-10-19",
          "time": "08:47:09",
          "terminate": "false"
        },
        {
          "speaker": "speaker2",
          "personaID": "30788",
          "participantID": "3507",
          "utterance": "그 정도는 아니구요. 건조하지 않게 가습기도 빵빵하게 틀어놨습니다",
          "summary": "나는 건조하지 않게 가습기도 빵빵 틀어놨다.",
          "date": "2022-10-19",
          "time": "08:51:02",
          "terminate": "false"
        },
        {
          "speaker": "speaker1",
          "personaID": "31826",
          "participantID": "3087",
          "utterance": "아 역시 관리를 잘 하시네요. 아주 훌륭해요. ",
          "summary": "나는 당신이 관리 잘한다고 생각한다.",
          "date": "2022-10-19",
          "time": "08:51:38",
          "terminate": "false"
        },
        {
          "speaker": "speaker2",
          "personaID": "30788",
          "participantID": "3507",
          "utterance": "네 관리 잘하시구요. 저는 이만 일하러 가봐야겠네요. 다음에 또 얘기해요~",
          "summary": "나는 일하러 간다.",
          "date": "2022-10-19",
          "time": "08:52:48",
          "terminate": "true"
        }
      ],
      "sessionPersonaSummary": {
        "speaker1": [
          "나는 4주간 잘 지냈나 궁금하다.",
          "나는 잘 지냈고 주름방지 크림 효과가 슬슬 있는지 궁금하다.",
          "나는 어떤지 궁금하다.",
          "나는 얼굴에 주름 하나 있고 없고이 차이가 큰 것 같다.",
          "나는 이김에 한 번 맞아야겠다.",
          "나는 오늘 알아봐야겠다.",
          "나는 당신이 관리 잘한다고 생각한다."
        ],
        "speaker2": [
          "나는 보톡스를 맞았다.",
          "나는 보톡스를 맞아서 주름이 펴졌다.",
          "나는 계속 보톡스를 맞을 수도 있다.",
          "나는 다른 사람이 한 거 보면 따라 하고 싶은 데 사람 심리인 것 같다.",
          "나는 건조하지 않게 가습기도 빵빵 틀어놨다.",
          "나는 일하러 간다."
        ]
      },
      "prevAggregatedpersonaSummary": {
        "speaker1": [
          "나는 30대 여성이다.",
          "나는 병무청 공무원이다.",
          "나는 레게음악을 자주 듣는다.",
          "나는 해산물을 엄청 좋아한다.",
          "나는 단 걸 잘 먹고 좋아한다.",
          "나는 사탕, 젤리를 좋아하고 음식은 달게 먹진 않는다.",
          "나는 운동은 질색이고 산책 정도만 한다.",
          "나는 5주간 잘 지냈나 궁금하다.",
          "나는 피부가 너무 건조하다.",
          "나는 주름이 많아져서 속상한데 20대의 피부가 질투 난다.",
          "나는 남녀 모두 피부관리가 중요한 것 같다.",
          "나는 생긴 주름은 없애기 힘들고 관리해도 얕아만 진다.",
          "나는 화장품은 몇 달 꾸준히 써야 효과를 본다.",
          "나는 한 달 만에 효과 있으면 드라마틱하다고 본다.",
          "나는 당신이 뭐 하고 있었나 궁금하다.",
          "나는 팩을 하면 수분 보충이 잘 되는 것 같다.",
          "나는 에센스가 아까워 온 몸에 바른다.",
          "나는 보톡스도 주기적 시술을 해야 효과가 있다.",
          "나는 당신이 남자인데도 미용에 아는 것도 많아서 놀랍다.",
          "나는 관리 잘하는 남성은 여자 친구가 좋아할 것 같다.",
          "나는 좋은 생각이고 싫어하진 않을 것 같다."
        ],
        "speaker2": [
          "나는 30대 남성이다.",
          "나는 중국어에 관심이 많다. \n나는 회사원이다. ",
          "나는 여러 장르의 음악을 다 듣는다.",
          "나는 단 음식은 싫어한다.",
          "나는 커피는 아메리카노만 마신다.",
          "나는 헬스를 다닌다.",
          "나는 헬스 하러 간다.",
          "나는 가을이라 건조한 것 같다.",
          "나는 얼굴에 주름살이 보이기 시작했다.",
          "나는 주름 때문에 부쩍 화장품에 관심이 생겼다.",
          "나는 주름은 한 번 생기면 잘 안 없어져 관리가 중요하다고 생각한다.",
          "나는 여자 친구에게 주름방지 크림을 선물 받았다.",
          "나는 크림이 한 달 정도 쓰면 효과가 있는 건 줄 알았다.",
          "나는 밥 먹으러 간다.",
          "나는 중국어 공부하면서 팩을 하고 있다.",
          "나는 팩을 하고 남은 것을 목에 발라 마무리한다.",
          "나는 이마에 보톡스를 맞고 싶다.",
          "나는 나이 들어 주름 때문에 외모에 관심이 생긴다.",
          "나는 여자 친구 몰래 보톡스를 맞을 것이다.",
          "나는 여자 친구에 전화가 와서 이만 가본다."
        ]
      }
    }
  ]
}