{
  "FileInfo": {
    "filename": "K4-00497-CL41462-CP51946-20-01-S4.json",
    "sessionLevel": "4"
  },
  "participantsInfo": {
    "numberOfParticipants": "2",
    "speaker1": {
      "participantID": "9020",
      "gender": "여성",
      "age": "30대",
      "occupation": "무직",
      "bPlace": "서울/경기/인천",
      "gPlace": "서울/경기/인천",
      "rPlace": "서울/경기/인천",
      "educationLevel": "대졸"
    },
    "speaker2": {
      "participantID": "9026",
      "gender": "여성",
      "age": "50대",
      "occupation": "주부",
      "bPlace": "대전/세종/충청/강원",
      "gPlace": "서울/경기/인천",
      "rPlace": "서울/경기/인천",
      "educationLevel": "고졸"
    }
  },
  "multisessionInfo": {
    "multisessionID": "4-00497"
  },
  "personaInfo": {
    "clInfo": {
      "personaID": "41462",
      "personaFeatures": [
        "나는 여자이다.",
        "나는 40대이다.",
        "나는 인테리어 디자이너이다",
        "나는 장마철을 싫어한다",
        "나는 공포 영화를 가끔 본다"
      ],
      "speakerType": "speaker1"
    },
    "cpInfo": {
      "personaID": "51946",
      "personaFeatures": [
        "나는 여자이다.",
        "나는 50대이다.",
        "나는 요즘, 매일 외롭다",
        "나는 직업 상담사 자격증을 취득했다",
        "나는 한식을 좋아한다"
      ],
      "speakerType": "speaker2"
    }
  },
  "topicInfo": {
    "topicID": "20-01",
    "topicType": "예술문화 생활>영화/만화",
    "topicTitle": "장르"
  },
  "sessionInfo": [
    {
      "prevSessionID": null,
      "prevTimeInfo": {
        "timeNum": null,
        "timeUnit": null
      },
      "nthSession": "1",
      "numberOfUtterances": "14",
      "numberOfTurns": "7",
      "sessionID": "4-00497-1",
      "dialog": [
        {
          "speaker": "speaker1",
          "personaID": "41462",
          "participantID": "9020",
          "utterance": "안녕하세요, 인테리어 디자이너로 일하고있는 사십대 여성입니다.",
          "summary": "나는 사십 대 여성이다",
          "date": "2022-10-14",
          "time": "14:08:37",
          "terminate": "false"
        },
        {
          "speaker": "speaker2",
          "personaID": "51946",
          "participantID": "9026",
          "utterance": "반갑습니다. 저는 오십대 여성입니다.",
          "summary": "나는 오십 대 여성이다.",
          "date": "2022-10-14",
          "time": "14:10:48",
          "terminate": "false"
        },
        {
          "speaker": "speaker1",
          "personaID": "41462",
          "participantID": "9020",
          "utterance": "반가워요. 지금 뭘 하고 계신가요?",
          "summary": "",
          "date": "2022-10-14",
          "time": "14:11:12",
          "terminate": "false"
        },
        {
          "speaker": "speaker2",
          "personaID": "51946",
          "participantID": "9026",
          "utterance": "저는 근래에 직업 상담사  자격증을 취득했어요 그리고 요즘은 한식을 좋아해서 맛집을 찾아 다녀요.",
          "summary": "나는 최근 직업 상담사 자격증을 취득했다.\n나는 한식을 좋아해 맛집을 찾아 다닌다.",
          "date": "2022-10-14",
          "time": "14:13:52",
          "terminate": "false"
        },
        {
          "speaker": "speaker1",
          "personaID": "41462",
          "participantID": "9020",
          "utterance": "그럼 직업 상담사로 일하고 계신가요?",
          "summary": "",
          "date": "2022-10-14",
          "time": "14:14:32",
          "terminate": "false"
        },
        {
          "speaker": "speaker2",
          "personaID": "51946",
          "participantID": "9026",
          "utterance": " 저도 빨리 상담사로 일하고 싶지만 아직 아니에요.",
          "summary": "나는 빨리 상담사로 일하고 싶지만 아직 하지 않는다.",
          "date": "2022-10-14",
          "time": "14:16:39",
          "terminate": "false"
        },
        {
          "speaker": "speaker1",
          "personaID": "41462",
          "participantID": "9020",
          "utterance": "그렇군요. 전 가끔 공포 영화를 보는데 혹시 영화 좋아하시나요?",
          "summary": "나는 가끔 공포 영화를 본다",
          "date": "2022-10-14",
          "time": "14:17:31",
          "terminate": "false"
        },
        {
          "speaker": "speaker2",
          "personaID": "51946",
          "participantID": "9026",
          "utterance": " 물론 영화 좋아합니다. 장르는 다 좋아하지만 스릴러나 공포도 좋아합니다.",
          "summary": "나는 영화를 좋아한다.",
          "date": "2022-10-14",
          "time": "14:22:36",
          "terminate": "false"
        },
        {
          "speaker": "speaker1",
          "personaID": "41462",
          "participantID": "9020",
          "utterance": "공포는 비가 올때 보는게 가장 좋죠. 전 장마철은 싫어하는데 비올 때 공포영화는 챙겨보게 되더라구요.",
          "summary": "나는 장마철을 싫어한다.",
          "date": "2022-10-14",
          "time": "14:26:01",
          "terminate": "false"
        },
        {
          "speaker": "speaker2",
          "personaID": "51946",
          "participantID": "9026",
          "utterance": "비가 올 때라고 하시니까 저는 비가 오면 싫어요 요즘 매일 외롭다는 느낌이라서요.",
          "summary": "나는 비가 오가 오는게 싫다.\n나는 요즘 매일 외롭다는 느낌이 든다.",
          "date": "2022-10-14",
          "time": "14:30:19",
          "terminate": "false"
        },
        {
          "speaker": "speaker1",
          "personaID": "41462",
          "participantID": "9020",
          "utterance": "그럴 수 있죠. 저도 공포영화 볼 때나 파전먹을 때 아니면 비 오는 거 싫어해요. 특히나 장마철은 싫죠.",
          "summary": "",
          "date": "2022-10-14",
          "time": "16:30:04",
          "terminate": "false"
        },
        {
          "speaker": "speaker2",
          "personaID": "51946",
          "participantID": "9026",
          "utterance": "요즘 영화관은 가 본 지가 오래됐어요.",
          "summary": "나는 요즘 영화관을 가 본 지 오래됐다.",
          "date": "2022-10-14",
          "time": "16:42:57",
          "terminate": "false"
        },
        {
          "speaker": "speaker1",
          "personaID": "41462",
          "participantID": "9020",
          "utterance": "저도 오래됐어요. 아무래도 코로나때문에 안 가게되다보니 그게 지금까지 이어지는 것 같아요.",
          "summary": "나는 코로나 때문에 영화관에 안 가게 되었다.",
          "date": "2022-10-14",
          "time": "17:25:56",
          "terminate": "false"
        },
        {
          "speaker": "speaker2",
          "personaID": "51946",
          "participantID": "9026",
          "utterance": "그렇죠 코로나 조심하시고요 오늘 즐거웠습니다.",
          "summary": "",
          "date": "2022-10-14",
          "time": "17:28:07",
          "terminate": "true"
        }
      ],
      "sessionPersonaSummary": {
        "speaker1": [
          "나는 사십 대 여성이다",
          "나는 가끔 공포 영화를 본다",
          "나는 장마철을 싫어한다.",
          "나는 코로나 때문에 영화관에 안 가게 되었다."
        ],
        "speaker2": [
          "나는 오십 대 여성이다.",
          "나는 최근 직업 상담사 자격증을 취득했다.\n나는 한식을 좋아해 맛집을 찾아 다닌다.",
          "나는 빨리 상담사로 일하고 싶지만 아직 하지 않는다.",
          "나는 영화를 좋아한다.",
          "나는 비가 오가 오는게 싫다.\n나는 요즘 매일 외롭다는 느낌이 든다.",
          "나는 요즘 영화관을 가 본 지 오래됐다."
        ]
      },
      "prevAggregatedpersonaSummary": {
        "speaker1": [],
        "speaker2": []
      }
    },
    {
      "prevSessionID": "4-00497-1",
      "prevTimeInfo": {
        "timeNum": "1",
        "timeUnit": "주"
      },
      "nthSession": "2",
      "numberOfUtterances": "17",
      "numberOfTurns": "8",
      "sessionID": "4-00497-2",
      "dialog": [
        {
          "speaker": "speaker1",
          "personaID": "41462",
          "participantID": "9020",
          "utterance": "일주일만이네요. 영화 좋아하신다고 하셨는데 혹시 한산이라는 영화 보셨나요?",
          "summary": "",
          "date": "2022-10-14",
          "time": "17:37:27",
          "terminate": "false"
        },
        {
          "speaker": "speaker2",
          "personaID": "51946",
          "participantID": "9026",
          "utterance": "네 벌써 시간이 빠르네요  주말에 영화를 보셨군요  한산은 아직 안 봤어요. ",
          "summary": "나는 한산을 아직 보지 않았다.",
          "date": "2022-10-14",
          "time": "17:42:23",
          "terminate": "false"
        },
        {
          "speaker": "speaker1",
          "personaID": "41462",
          "participantID": "9020",
          "utterance": "몇 일전에 봤는데 재밌더라구요. 사극을 엄청 좋아하는 편은 아닌데 실화를 바탕으로 하는 사극은 챙겨보는 편이거든요.",
          "summary": "나는 실화를 바탕으로 하는 사극을 챙겨 본다.",
          "date": "2022-10-14",
          "time": "17:44:12",
          "terminate": "false"
        },
        {
          "speaker": "speaker2",
          "personaID": "51946",
          "participantID": "9026",
          "utterance": "그럼 혹시 명랑도 보셨나요? 처음에 보고 좀 뭉클했어요.",
          "summary": "나는 명량을 보고 뭉클했다.",
          "date": "2022-10-14",
          "time": "17:47:58",
          "terminate": "false"
        },
        {
          "speaker": "speaker1",
          "personaID": "41462",
          "participantID": "9020",
          "utterance": "물론 명량도 봤죠! 배우들 연기도 너무 좋고 뭔가 상상으로만 하던 부분들이 눈앞에 펼쳐지니까 너무 재밌더라구요!",
          "summary": "나는 명랑을 봤다.",
          "date": "2022-10-14",
          "time": "17:49:43",
          "terminate": "false"
        },
        {
          "speaker": "speaker2",
          "personaID": "51946",
          "participantID": "9026",
          "utterance": "솔직히 명랑을 보고  감동 받아서 눈물 좀 흘렸는데 창피했어요.",
          "summary": "나는 명량을 보고 감동받아 눈물을 흘렸는데 창피했다.",
          "date": "2022-10-14",
          "time": "17:53:23",
          "terminate": "false"
        },
        {
          "speaker": "speaker1",
          "personaID": "41462",
          "participantID": "9020",
          "utterance": "한국인이라면 당연히 감동받는 부분인데요 뭐. 저도 살짝 울었어요.",
          "summary": "",
          "date": "2022-10-14",
          "time": "17:54:06",
          "terminate": "false"
        },
        {
          "speaker": "speaker2",
          "personaID": "51946",
          "participantID": "9026",
          "utterance": "그렇죠 저랑 공감하는 부분이 있어서 다행이네요.",
          "summary": "나는 공감되는 부분이 있어 다행이라고 생각한다.",
          "date": "2022-10-14",
          "time": "17:55:28",
          "terminate": "false"
        },
        {
          "speaker": "speaker1",
          "personaID": "41462",
          "participantID": "9020",
          "utterance": "영화 어떤 장르 좋아하세요? 저는 범죄, 스릴러 이런 장르를 가장 좋아하고 가끔 공포영화도 봐요",
          "summary": "나는 범죄, 스릴러 장르를 가장 좋아하고 가끔 공포 영화도 가끔 본다",
          "date": "2022-10-14",
          "time": "17:57:18",
          "terminate": "false"
        },
        {
          "speaker": "speaker2",
          "personaID": "51946",
          "participantID": "9026",
          "utterance": "저도 좋아해요 그런 장르요! 혹시 기억에 남는 영화가 있었나요?",
          "summary": "",
          "date": "2022-10-14",
          "time": "17:59:11",
          "terminate": "false"
        },
        {
          "speaker": "speaker1",
          "personaID": "41462",
          "participantID": "9020",
          "utterance": "외국영화 중에 오펀이라는 영화가 기억나네요. 처음 봤을 때 굉장히 놀랐어요.",
          "summary": "나는 오펀이라는 영화가 놀라웠다.",
          "date": "2022-10-17",
          "time": "09:57:44",
          "terminate": "false"
        },
        {
          "speaker": "speaker2",
          "personaID": "51946",
          "participantID": "9026",
          "utterance": " 제목은 들어봤어요 시리즈로 나왔던 것 같아요 아직 안 봤어요. 근데 영화 스포는 싫어하시는지요?",
          "summary": "",
          "date": "2022-10-17",
          "time": "10:03:45",
          "terminate": "false"
        },
        {
          "speaker": "speaker1",
          "personaID": "41462",
          "participantID": "9020",
          "utterance": "아, 너무 싫죠. 스포를 당하더라도 보긴 보는 편이에요.",
          "summary": "나는 여화 스포를 싫어한다.",
          "date": "2022-10-17",
          "time": "10:04:43",
          "terminate": "false"
        },
        {
          "speaker": "speaker2",
          "personaID": "51946",
          "participantID": "9026",
          "utterance": "아 저는 스포를 해도 별로 화가 안 나요. 오히려 너무 궁금하면 아예 스포를 보고 영화를 본 적도 있어요.",
          "summary": "나는 스포를 해도 별로 화가 나지 않는다.\n나는 아예 스포를 보고 영화를 본 적이 있다.",
          "date": "2022-10-17",
          "time": "10:08:00",
          "terminate": "false"
        },
        {
          "speaker": "speaker1",
          "personaID": "41462",
          "participantID": "9020",
          "utterance": "결말을 알고 봐도 재밌는 영화들이 있죠! 스토리가 재밌으면 스포를 당해도 재밌긴 하더라구요.",
          "summary": "",
          "date": "2022-10-17",
          "time": "10:10:08",
          "terminate": "false"
        },
        {
          "speaker": "speaker2",
          "personaID": "51946",
          "participantID": "9026",
          "utterance": "근데  커뮤니티에서 스포 당했다고 화를 내는 사람들도 있더라고요. 진짜 스포 싫어하는 사람들은 화도 날 것 같아요.",
          "summary": "",
          "date": "2022-10-17",
          "time": "10:12:11",
          "terminate": "false"
        },
        {
          "speaker": "speaker1",
          "personaID": "41462",
          "participantID": "9020",
          "utterance": "그럴 수 있죠. 그렇게까지 화 낼일은 아니라고 생각하지만요. 잠깐 사무실에 가야 할 것 같네요. 다음에 괜찮은 영화있으면 추천해주세요!",
          "summary": "",
          "date": "2022-10-17",
          "time": "10:13:58",
          "terminate": "true"
        }
      ],
      "sessionPersonaSummary": {
        "speaker1": [
          "나는 실화를 바탕으로 하는 사극을 챙겨 본다.",
          "나는 명랑을 봤다.",
          "나는 범죄, 스릴러 장르를 가장 좋아하고 가끔 공포 영화도 가끔 본다",
          "나는 오펀이라는 영화가 놀라웠다.",
          "나는 여화 스포를 싫어한다."
        ],
        "speaker2": [
          "나는 한산을 아직 보지 않았다.",
          "나는 명량을 보고 뭉클했다.",
          "나는 명량을 보고 감동받아 눈물을 흘렸는데 창피했다.",
          "나는 공감되는 부분이 있어 다행이라고 생각한다.",
          "나는 스포를 해도 별로 화가 나지 않는다.\n나는 아예 스포를 보고 영화를 본 적이 있다."
        ]
      },
      "prevAggregatedpersonaSummary": {
        "speaker1": [
          "나는 사십 대 여성이다",
          "나는 가끔 공포 영화를 본다",
          "나는 장마철을 싫어한다.",
          "나는 코로나 때문에 영화관에 안 가게 되었다."
        ],
        "speaker2": [
          "나는 오십 대 여성이다.",
          "나는 최근 직업 상담사 자격증을 취득했다.\n나는 한식을 좋아해 맛집을 찾아 다닌다.",
          "나는 빨리 상담사로 일하고 싶지만 아직 하지 않는다.",
          "나는 영화를 좋아한다.",
          "나는 비가 오가 오는게 싫다.\n나는 요즘 매일 외롭다는 느낌이 든다.",
          "나는 요즘 영화관을 가 본 지 오래됐다."
        ]
      }
    },
    {
      "prevSessionID": "4-00497-2",
      "prevTimeInfo": {
        "timeNum": "1",
        "timeUnit": "주"
      },
      "nthSession": "3",
      "numberOfUtterances": "14",
      "numberOfTurns": "7",
      "sessionID": "4-00497-3",
      "dialog": [
        {
          "speaker": "speaker1",
          "personaID": "41462",
          "participantID": "9020",
          "utterance": "안녕하세요 @이름@님. 한 주동안 잘 지내셨어요?",
          "summary": "",
          "date": "2022-10-17",
          "time": "10:20:37",
          "terminate": "false"
        },
        {
          "speaker": "speaker2",
          "personaID": "51946",
          "participantID": "9026",
          "utterance": "아 벌써 일주일이 지났네요. 요즘 영화관에서 새로 개봉하는 영화가 많더라고요 홍보를 많이 하더군요.",
          "summary": "",
          "date": "2022-10-17",
          "time": "10:30:26",
          "terminate": "false"
        },
        {
          "speaker": "speaker1",
          "personaID": "41462",
          "participantID": "9020",
          "utterance": "그런가요? 어떤 영화들이 있나요?",
          "summary": "",
          "date": "2022-10-17",
          "time": "10:31:36",
          "terminate": "false"
        },
        {
          "speaker": "speaker2",
          "personaID": "51946",
          "participantID": "9026",
          "utterance": "인생은 아름다워, 공조투 정직한 후보투등등 근데 저는공조투가 재밌을 것 같아요. 공포 스릴러 장르도 재밌지만 액션, 코미디 장르도 재밌어요. ",
          "summary": "나는 공조 투가 재미있을 것 같다.",
          "date": "2022-10-17",
          "time": "10:37:20",
          "terminate": "false"
        },
        {
          "speaker": "speaker1",
          "personaID": "41462",
          "participantID": "9020",
          "utterance": "다 재밌어보이는 영화네요. 정직한 후보 1편은 봤었는데 너무 재밌었어요.",
          "summary": "나는 정직한 후보 1편을 봤다. 재밌었다.",
          "date": "2022-10-17",
          "time": "10:40:16",
          "terminate": "false"
        },
        {
          "speaker": "speaker2",
          "personaID": "51946",
          "participantID": "9026",
          "utterance": "저는 공조1를 너무 재밌게 봐서 공조2가 기대가 되네요. 현빈 씨도 멋있지만 유해진 씨의 코믹 연기도 기대가 되요",
          "summary": "나는 현빈 씨도 멋있지만 유해진 씨의 코믹 연기가 기대된다.",
          "date": "2022-10-17",
          "time": "10:43:31",
          "terminate": "false"
        },
        {
          "speaker": "speaker1",
          "personaID": "41462",
          "participantID": "9020",
          "utterance": "아 맞아요. 두 배우의 케미스트리가 너무 좋았죠. 전 공조 1에서 윤아의 연기가 의외였어요. 생각보다 훨씬 좋더라구요.",
          "summary": "나는 공조 1에서 윤아의 연기가 생각보다 좋았다.",
          "date": "2022-10-17",
          "time": "10:45:58",
          "terminate": "false"
        },
        {
          "speaker": "speaker2",
          "personaID": "51946",
          "participantID": "9026",
          "utterance": "저는 윤아 씨가 공조에 나와서 의외였어요. 로맨틱한 영화의 여주인공이 어울릴 것 같았는데요.",
          "summary": "나는 윤아 씨가 공조에 나와 의외였다.",
          "date": "2022-10-17",
          "time": "10:49:29",
          "terminate": "false"
        },
        {
          "speaker": "speaker1",
          "personaID": "41462",
          "participantID": "9020",
          "utterance": "맞아요. 그런데 코믹 연기도 잘하더라구요. 그 후로 윤아가 나오는 영화나 드라마는 거부감이 없어진 것 같아요.",
          "summary": "나는 윤아의 연기가 거부감이 없어졌다.",
          "date": "2022-10-17",
          "time": "10:55:07",
          "terminate": "false"
        },
        {
          "speaker": "speaker2",
          "personaID": "51946",
          "participantID": "9026",
          "utterance": "전에 코로나 때문에 영화관에 잘 안 가신다고 하셨는데 요즘은 어떠세요?",
          "summary": "",
          "date": "2022-10-17",
          "time": "10:59:02",
          "terminate": "false"
        },
        {
          "speaker": "speaker1",
          "personaID": "41462",
          "participantID": "9020",
          "utterance": "요즘은 바빠서 못 가고 있어요. 시간만 되면 가서 보고싶은데 쉽지 않네요.",
          "summary": "나는 영화관을 바빠서 못 가고 있다.",
          "date": "2022-10-17",
          "time": "11:03:12",
          "terminate": "false"
        },
        {
          "speaker": "speaker2",
          "personaID": "51946",
          "participantID": "9026",
          "utterance": "저도 아직까지는 주로 집에서 봐요 영화관 상영작을  같이 볼 수 있어서 나쁘지 않네요.",
          "summary": "나는 아직까지도 집에서 주로 영화를 본다.",
          "date": "2022-10-17",
          "time": "11:06:30",
          "terminate": "false"
        },
        {
          "speaker": "speaker1",
          "personaID": "41462",
          "participantID": "9020",
          "utterance": "저도 주말엔 집에서 영화를 보고있어요. 오티티로 볼 수 있는 영화들이 많아서 좋더라구요.",
          "summary": "나는 주로 주말에 집에서 영화를 본다.",
          "date": "2022-10-17",
          "time": "11:08:42",
          "terminate": "false"
        },
        {
          "speaker": "speaker2",
          "personaID": "51946",
          "participantID": "9026",
          "utterance": "그렇죠! 오늘 즐거웠어요 다음에 또 봬요.",
          "summary": "",
          "date": "2022-10-17",
          "time": "11:09:46",
          "terminate": "true"
        }
      ],
      "sessionPersonaSummary": {
        "speaker1": [
          "나는 정직한 후보 1편을 봤다. 재밌었다.",
          "나는 공조 1에서 윤아의 연기가 생각보다 좋았다.",
          "나는 윤아의 연기가 거부감이 없어졌다.",
          "나는 영화관을 바빠서 못 가고 있다.",
          "나는 주로 주말에 집에서 영화를 본다."
        ],
        "speaker2": [
          "나는 공조 투가 재미있을 것 같다.",
          "나는 현빈 씨도 멋있지만 유해진 씨의 코믹 연기가 기대된다.",
          "나는 윤아 씨가 공조에 나와 의외였다.",
          "나는 아직까지도 집에서 주로 영화를 본다."
        ]
      },
      "prevAggregatedpersonaSummary": {
        "speaker1": [
          "나는 사십 대 여성이다",
          "나는 가끔 공포 영화를 본다",
          "나는 장마철을 싫어한다.",
          "나는 코로나 때문에 영화관에 안 가게 되었다.",
          "나는 실화를 바탕으로 하는 사극을 챙겨 본다.",
          "나는 명랑을 봤다.",
          "나는 범죄, 스릴러 장르를 가장 좋아하고 가끔 공포 영화도 가끔 본다",
          "나는 오펀이라는 영화가 놀라웠다.",
          "나는 여화 스포를 싫어한다."
        ],
        "speaker2": [
          "나는 오십 대 여성이다.",
          "나는 최근 직업 상담사 자격증을 취득했다.\n나는 한식을 좋아해 맛집을 찾아 다닌다.",
          "나는 빨리 상담사로 일하고 싶지만 아직 하지 않는다.",
          "나는 영화를 좋아한다.",
          "나는 비가 오가 오는게 싫다.\n나는 요즘 매일 외롭다는 느낌이 든다.",
          "나는 요즘 영화관을 가 본 지 오래됐다.",
          "나는 한산을 아직 보지 않았다.",
          "나는 명량을 보고 뭉클했다.",
          "나는 명량을 보고 감동받아 눈물을 흘렸는데 창피했다.",
          "나는 공감되는 부분이 있어 다행이라고 생각한다.",
          "나는 스포를 해도 별로 화가 나지 않는다.\n나는 아예 스포를 보고 영화를 본 적이 있다."
        ]
      }
    },
    {
      "prevSessionID": "4-00497-3",
      "prevTimeInfo": {
        "timeNum": "1",
        "timeUnit": "주"
      },
      "nthSession": "4",
      "numberOfUtterances": "14",
      "numberOfTurns": "7",
      "sessionID": "4-00497-4",
      "dialog": [
        {
          "speaker": "speaker1",
          "personaID": "41462",
          "participantID": "9020",
          "utterance": "한 주동안 잘지내셨나요? 저번에 공조 투가 기대된다고 하셨는데 보셨어요?",
          "summary": "",
          "date": "2022-10-17",
          "time": "11:17:03",
          "terminate": "false"
        },
        {
          "speaker": "speaker2",
          "personaID": "51946",
          "participantID": "9026",
          "utterance": "네 지난주에 봤어요. 역시 액션과 재미가 있네요 거기다가 다니엘 헤니까지 등장하니 좋네요!",
          "summary": "나는 지난주에 공조 투를 봤다.",
          "date": "2022-10-17",
          "time": "11:21:18",
          "terminate": "false"
        },
        {
          "speaker": "speaker1",
          "personaID": "41462",
          "participantID": "9020",
          "utterance": "@이름@ 헤니도 나오나요? 너무 재미었을 것 같네요. 일단 눈이 즐겁잖아요.",
          "summary": "나는@이름@가 눈도 즐겁고 기대된다.",
          "date": "2022-10-17",
          "time": "11:24:33",
          "terminate": "false"
        },
        {
          "speaker": "speaker2",
          "personaID": "51946",
          "participantID": "9026",
          "utterance": "그렇죠 잘생긴 주인공들이 나와야 일단 흥미가 가죠. 근데 전에 실화를 바탕으로 하는 사극을 보신다고 하셨는데 추천 좀 해주세요. ",
          "summary": "",
          "date": "2022-10-17",
          "time": "11:27:39",
          "terminate": "false"
        },
        {
          "speaker": "speaker1",
          "personaID": "41462",
          "participantID": "9020",
          "utterance": "사도도 재밌게 봤었고 사극은 아니지만 변호인도 전 좋았어요.",
          "summary": "나는 사도도 재밌고 변호인도 좋았다.",
          "date": "2022-10-17",
          "time": "11:31:24",
          "terminate": "false"
        },
        {
          "speaker": "speaker2",
          "personaID": "51946",
          "participantID": "9026",
          "utterance": "사도는 저도 봤어요! 변호인이면 송강호 씨가 나오는 영화죠 법정 영화는 진짜 연기하는 분들이 힘들 것 같아요. ",
          "summary": "나는 영화 사도를 봤었다.",
          "date": "2022-10-17",
          "time": "11:36:42",
          "terminate": "false"
        },
        {
          "speaker": "speaker1",
          "personaID": "41462",
          "participantID": "9020",
          "utterance": "맞아요. 대사가 워낙 길어서 그걸 어떻게 외우나 싶어요.",
          "summary": "",
          "date": "2022-10-17",
          "time": "11:38:10",
          "terminate": "false"
        },
        {
          "speaker": "speaker2",
          "personaID": "51946",
          "participantID": "9026",
          "utterance": "법정 영화나 드라마는 진짜 그럴 것 같아요. 그 대사 속에서 캐릭터가 녹아들어야 하니까요. 뭐 화려한 액션이 있는 것도 아니고요.",
          "summary": "",
          "date": "2022-10-17",
          "time": "11:40:52",
          "terminate": "false"
        },
        {
          "speaker": "speaker1",
          "personaID": "41462",
          "participantID": "9020",
          "utterance": "그 긴 대사를 외우면서 감정을 섞는게 대단한 것 같아요. 액션도 재밌지만 그런 대사속에서 느끼는 재미가 커요.",
          "summary": "나는 배우들의 긴 대사 속에서 느껴지는 연기력이 더 재미가 크다.",
          "date": "2022-10-17",
          "time": "11:43:00",
          "terminate": "false"
        },
        {
          "speaker": "speaker2",
          "personaID": "51946",
          "participantID": "9026",
          "utterance": "맞아요. 근데 가끔은 또 아무 생각 없이 통쾌한 액션이나 코믹물도 보고 싶고 슬플 땐 저는 슬픈 영화도 봐요.",
          "summary": "나는 슬플 땐 슬픈 영화를 본다.\n나는 가끔 아무 생각없이 통쾌한 액션이나 코믹물이 보고싶다.",
          "date": "2022-10-17",
          "time": "11:45:33",
          "terminate": "false"
        },
        {
          "speaker": "speaker1",
          "personaID": "41462",
          "participantID": "9020",
          "utterance": "일부러 울고 싶어서 보시는 거죠? 저도 그럴 때가 있어요.",
          "summary": "나도 울고 싶어서 슬픈 영화를 볼 때가 있다.",
          "date": "2022-10-17",
          "time": "11:46:02",
          "terminate": "false"
        },
        {
          "speaker": "speaker2",
          "personaID": "51946",
          "participantID": "9026",
          "utterance": "맞아요 울면 카타르시스가 일어나서 기분이 괜찮아져요. 요즘도 범죄 스릴러 장르에 관심이 있으신지요?",
          "summary": "나는 울고 나면 카타르시스가 일어나 기분이 괜찮아진다.",
          "date": "2022-10-17",
          "time": "11:49:34",
          "terminate": "false"
        },
        {
          "speaker": "speaker1",
          "personaID": "41462",
          "participantID": "9020",
          "utterance": "크게 가리지 않고 재밌어보이는 거면 그냥 보고 있어요. OTT 영화중에 혹시 추천해주실 만한 거 있으세요?",
          "summary": "",
          "date": "2022-10-17",
          "time": "11:53:23",
          "terminate": "false"
        },
        {
          "speaker": "speaker2",
          "personaID": "51946",
          "participantID": "9026",
          "utterance": "추천해 줄 만한 게 없어서 참 이제 나갈 볼 시간이 되어서 다음 기회에 추천해 줄게요. 오늘 즐거웠어요.",
          "summary": "",
          "date": "2022-10-17",
          "time": "11:55:42",
          "terminate": "true"
        }
      ],
      "sessionPersonaSummary": {
        "speaker1": [
          "나는@이름@가 눈도 즐겁고 기대된다.",
          "나는 사도도 재밌고 변호인도 좋았다.",
          "나는 배우들의 긴 대사 속에서 느껴지는 연기력이 더 재미가 크다.",
          "나도 울고 싶어서 슬픈 영화를 볼 때가 있다."
        ],
        "speaker2": [
          "나는 지난주에 공조 투를 봤다.",
          "나는 영화 사도를 봤었다.",
          "나는 슬플 땐 슬픈 영화를 본다.\n나는 가끔 아무 생각없이 통쾌한 액션이나 코믹물이 보고싶다.",
          "나는 울고 나면 카타르시스가 일어나 기분이 괜찮아진다."
        ]
      },
      "prevAggregatedpersonaSummary": {
        "speaker1": [
          "나는 사십 대 여성이다",
          "나는 가끔 공포 영화를 본다",
          "나는 장마철을 싫어한다.",
          "나는 코로나 때문에 영화관에 안 가게 되었다.",
          "나는 실화를 바탕으로 하는 사극을 챙겨 본다.",
          "나는 명랑을 봤다.",
          "나는 범죄, 스릴러 장르를 가장 좋아하고 가끔 공포 영화도 가끔 본다",
          "나는 오펀이라는 영화가 놀라웠다.",
          "나는 여화 스포를 싫어한다.",
          "나는 정직한 후보 1편을 봤다. 재밌었다.",
          "나는 공조 1에서 윤아의 연기가 생각보다 좋았다.",
          "나는 윤아의 연기가 거부감이 없어졌다.",
          "나는 영화관을 바빠서 못 가고 있다.",
          "나는 주로 주말에 집에서 영화를 본다."
        ],
        "speaker2": [
          "나는 오십 대 여성이다.",
          "나는 최근 직업 상담사 자격증을 취득했다.\n나는 한식을 좋아해 맛집을 찾아 다닌다.",
          "나는 빨리 상담사로 일하고 싶지만 아직 하지 않는다.",
          "나는 영화를 좋아한다.",
          "나는 비가 오가 오는게 싫다.\n나는 요즘 매일 외롭다는 느낌이 든다.",
          "나는 요즘 영화관을 가 본 지 오래됐다.",
          "나는 한산을 아직 보지 않았다.",
          "나는 명량을 보고 뭉클했다.",
          "나는 명량을 보고 감동받아 눈물을 흘렸는데 창피했다.",
          "나는 공감되는 부분이 있어 다행이라고 생각한다.",
          "나는 스포를 해도 별로 화가 나지 않는다.\n나는 아예 스포를 보고 영화를 본 적이 있다.",
          "나는 공조 투가 재미있을 것 같다.",
          "나는 현빈 씨도 멋있지만 유해진 씨의 코믹 연기가 기대된다.",
          "나는 윤아 씨가 공조에 나와 의외였다.",
          "나는 아직까지도 집에서 주로 영화를 본다."
        ]
      }
    }
  ]
}