{
  "FileInfo": {
    "filename": "K4-00386-CL02423-CP04556-09-01-S4.json",
    "sessionLevel": "4"
  },
  "participantsInfo": {
    "numberOfParticipants": "2",
    "speaker1": {
      "participantID": "0029",
      "gender": "남성",
      "age": "30대",
      "occupation": "사무직",
      "bPlace": "서울/경기/인천",
      "gPlace": "서울/경기/인천",
      "rPlace": "서울/경기/인천",
      "educationLevel": "대졸"
    },
    "speaker2": {
      "participantID": "0048",
      "gender": "남성",
      "age": "50대",
      "occupation": "서비스직",
      "bPlace": "부산/대구/울산/경상",
      "gPlace": "부산/대구/울산/경상",
      "rPlace": "부산/대구/울산/경상",
      "educationLevel": "고졸"
    }
  },
  "multisessionInfo": {
    "multisessionID": "4-00386"
  },
  "personaInfo": {
    "clInfo": {
      "personaID": "02423",
      "personaFeatures": [
        "나는 남자이다.",
        "나는 30대이다.",
        "나의 남자 형제는 회사원이다.",
        "나는 된장찌개를 좋아한다.",
        "나는 국회의원 비서관이다."
      ],
      "speakerType": "speaker1"
    },
    "cpInfo": {
      "personaID": "04556",
      "personaFeatures": [
        "나는 남자이다.",
        "나는 50대이다.",
        "나의 거주지는 전라도이다.",
        "나는 가끔 국내 여행을 한다.",
        "나는 비숑 세 마리를 키운다."
      ],
      "speakerType": "speaker2"
    }
  },
  "topicInfo": {
    "topicID": "09-01",
    "topicType": "개인 및 관계>반려동물",
    "topicTitle": "강아지"
  },
  "sessionInfo": [
    {
      "prevSessionID": null,
      "prevTimeInfo": {
        "timeNum": null,
        "timeUnit": null
      },
      "nthSession": "1",
      "numberOfUtterances": "16",
      "numberOfTurns": "8",
      "sessionID": "4-00386-1",
      "dialog": [
        {
          "speaker": "speaker1",
          "personaID": "02423",
          "participantID": "0029",
          "utterance": "안녕하세요. 저는 30대 남자입니다.",
          "summary": "나는 30대 남자이다.",
          "date": "2022-08-12",
          "time": "10:31:32",
          "terminate": "false"
        },
        {
          "speaker": "speaker2",
          "personaID": "04556",
          "participantID": "0048",
          "utterance": "안녕하세요. 저는 50대 남자입니다.",
          "summary": "나는 50대 남자이다.",
          "date": "2022-08-12",
          "time": "10:31:33",
          "terminate": "false"
        },
        {
          "speaker": "speaker1",
          "personaID": "02423",
          "participantID": "0029",
          "utterance": "만나서 반갑습니다. 혹시 반려동물 좋아하세요?",
          "summary": "",
          "date": "2022-08-12",
          "time": "10:31:49",
          "terminate": "false"
        },
        {
          "speaker": "speaker2",
          "personaID": "04556",
          "participantID": "0048",
          "utterance": "예 좋아합니다. 저는 비숑 세 마리 키우고 있어요.",
          "summary": "나는 비숑 세 마리를 키우고 있다.",
          "date": "2022-08-12",
          "time": "10:31:58",
          "terminate": "false"
        },
        {
          "speaker": "speaker1",
          "personaID": "02423",
          "participantID": "0029",
          "utterance": "와 진짜 많이 키우고 계시네요. 저는 강아지 입양을 고민 중이거든요.",
          "summary": "나는 강아지 입양을 고민 중이다.",
          "date": "2022-08-12",
          "time": "10:32:14",
          "terminate": "false"
        },
        {
          "speaker": "speaker2",
          "personaID": "04556",
          "participantID": "0048",
          "utterance": "아 그렇군요. 어떤 점이 고민인가요?",
          "summary": "",
          "date": "2022-08-12",
          "time": "10:32:25",
          "terminate": "false"
        },
        {
          "speaker": "speaker1",
          "personaID": "02423",
          "participantID": "0029",
          "utterance": "일단 비용하고 산책같은 부분이요. 그런데 강아지가 저한테 도움을 많이 준다고 해서요.",
          "summary": "",
          "date": "2022-08-12",
          "time": "10:32:51",
          "terminate": "false"
        },
        {
          "speaker": "speaker2",
          "personaID": "04556",
          "participantID": "0048",
          "utterance": "비용이 확실히 만만치는 않을겁니다.",
          "summary": "",
          "date": "2022-08-12",
          "time": "10:33:17",
          "terminate": "false"
        },
        {
          "speaker": "speaker1",
          "personaID": "02423",
          "participantID": "0029",
          "utterance": "강아리 한마리 돌보는데 보통 얼마나 쓰세요?",
          "summary": "",
          "date": "2022-08-12",
          "time": "10:33:30",
          "terminate": "false"
        },
        {
          "speaker": "speaker2",
          "personaID": "04556",
          "participantID": "0048",
          "utterance": "초기에 필요한 용품을 다 구입했다는 가정하에 요즘엔 한 마리당 10만원정도 듭니다.",
          "summary": "나는 반려동물 한 마리에 10만 원씩 쓴다.",
          "date": "2022-08-12",
          "time": "10:34:12",
          "terminate": "false"
        },
        {
          "speaker": "speaker1",
          "personaID": "02423",
          "participantID": "0029",
          "utterance": "10만원 정도면 낼수도 있으니까 고려해보는건데 말이죠. 이게 더 들어갈수도 있잖아요.",
          "summary": "",
          "date": "2022-08-12",
          "time": "10:34:55",
          "terminate": "false"
        },
        {
          "speaker": "speaker2",
          "personaID": "04556",
          "participantID": "0048",
          "utterance": "아기때부터 키우는거면 예방접종비에 초기 용품비용이 또 더 들어가겠지요. 아프면 더 들어가고요.",
          "summary": "",
          "date": "2022-08-12",
          "time": "10:35:22",
          "terminate": "false"
        },
        {
          "speaker": "speaker1",
          "personaID": "02423",
          "participantID": "0029",
          "utterance": "그렇긴 하겠네요. 비용이 그러면 대충 위험할땐 3~40정도 들어간다고 보면 될까요?",
          "summary": "",
          "date": "2022-08-12",
          "time": "10:35:47",
          "terminate": "false"
        },
        {
          "speaker": "speaker2",
          "personaID": "04556",
          "participantID": "0048",
          "utterance": "네 그정도 들어갈 겁니다.",
          "summary": "",
          "date": "2022-08-12",
          "time": "10:35:59",
          "terminate": "false"
        },
        {
          "speaker": "speaker1",
          "personaID": "02423",
          "participantID": "0029",
          "utterance": "일단은 알겠습니다. 좋은 조언 감사해요. 더욱 고민 해 봐야 겠어요. 이만 가볼게요.",
          "summary": "",
          "date": "2022-08-12",
          "time": "10:36:19",
          "terminate": "false"
        },
        {
          "speaker": "speaker2",
          "personaID": "04556",
          "participantID": "0048",
          "utterance": "네 고민해 보세요. 안녕히 계세요.",
          "summary": "",
          "date": "2022-08-12",
          "time": "10:36:28",
          "terminate": "true"
        }
      ],
      "sessionPersonaSummary": {
        "speaker1": [
          "나는 30대 남자이다.",
          "나는 강아지 입양을 고민 중이다."
        ],
        "speaker2": [
          "나는 50대 남자이다.",
          "나는 비숑 세 마리를 키우고 있다.",
          "나는 반려동물 한 마리에 10만 원씩 쓴다."
        ]
      },
      "prevAggregatedpersonaSummary": {
        "speaker1": [],
        "speaker2": []
      }
    },
    {
      "prevSessionID": "4-00386-1",
      "prevTimeInfo": {
        "timeNum": "7",
        "timeUnit": "일"
      },
      "nthSession": "2",
      "numberOfUtterances": "16",
      "numberOfTurns": "8",
      "sessionID": "4-00386-2",
      "dialog": [
        {
          "speaker": "speaker1",
          "personaID": "02423",
          "participantID": "0029",
          "utterance": "혹시 제가 입양을 아직도 고민중인데. 강아지 키우면 뭐가 제일 좋은지 말씀해주실수 있나요?",
          "summary": "",
          "date": "2022-08-12",
          "time": "10:36:42",
          "terminate": "false"
        },
        {
          "speaker": "speaker2",
          "personaID": "04556",
          "participantID": "0048",
          "utterance": "@이름1@이 저에게 주는 사랑이 너무도 큽니다.",
          "summary": "나의 강아지가 나한테 주는 사랑이 참 크다.",
          "date": "2022-08-12",
          "time": "10:37:12",
          "terminate": "false"
        },
        {
          "speaker": "speaker1",
          "personaID": "02423",
          "participantID": "0029",
          "utterance": "아 그래요? 그정도 인가요? 사랑을 느낄 정도인가요?",
          "summary": "",
          "date": "2022-08-12",
          "time": "10:37:25",
          "terminate": "false"
        },
        {
          "speaker": "speaker2",
          "personaID": "04556",
          "participantID": "0048",
          "utterance": "그럼요. 강아지처럼 순수하게 충성하는 생명체도 드물지요.",
          "summary": "",
          "date": "2022-08-12",
          "time": "10:37:58",
          "terminate": "false"
        },
        {
          "speaker": "speaker1",
          "personaID": "02423",
          "participantID": "0029",
          "utterance": "아하 그렇군요. 아직 그런사랑을 느껴 보지 못해서 그런가봐요. 제가 직업에만 충실하다보니까요.",
          "summary": "",
          "date": "2022-08-12",
          "time": "10:38:22",
          "terminate": "false"
        },
        {
          "speaker": "speaker2",
          "personaID": "04556",
          "participantID": "0048",
          "utterance": "무슨 일을 하시나요? 궁금하네요.",
          "summary": "",
          "date": "2022-08-12",
          "time": "10:38:33",
          "terminate": "false"
        },
        {
          "speaker": "speaker1",
          "personaID": "02423",
          "participantID": "0029",
          "utterance": "저는 국회의원 비서관으로 일하고 있어요.",
          "summary": "나는 국회의원 비서관이다.",
          "date": "2022-08-12",
          "time": "10:38:47",
          "terminate": "false"
        },
        {
          "speaker": "speaker2",
          "personaID": "04556",
          "participantID": "0048",
          "utterance": "오 국회의원 비서관이면 강아지 키울 시간을 내기가 좀 힘들겠네요.",
          "summary": "",
          "date": "2022-08-12",
          "time": "10:39:12",
          "terminate": "false"
        },
        {
          "speaker": "speaker1",
          "personaID": "02423",
          "participantID": "0029",
          "utterance": "이번에 직급이 바뀌어서 시간이 좀 날것 같긴한데 말이죠. 다만 제가 일만 바라보다 보니까 주변에 누가 없더라고요.",
          "summary": "나는 일만 바라봐서 주변에 누가 없다.",
          "date": "2022-08-12",
          "time": "10:39:42",
          "terminate": "false"
        },
        {
          "speaker": "speaker2",
          "personaID": "04556",
          "participantID": "0048",
          "utterance": "아 그렇군요. 아.. 아직 연인이나 결혼은 안 하신건가요?",
          "summary": "",
          "date": "2022-08-12",
          "time": "10:40:05",
          "terminate": "false"
        },
        {
          "speaker": "speaker1",
          "personaID": "02423",
          "participantID": "0029",
          "utterance": "네 맞아요. 그냥 이 직급이 될 때 까지 죽어라 일만했네요.",
          "summary": "나는 연인이 없다.",
          "date": "2022-08-12",
          "time": "10:40:22",
          "terminate": "false"
        },
        {
          "speaker": "speaker2",
          "personaID": "04556",
          "participantID": "0048",
          "utterance": "그래도 삼십대시면 젊으니까 이제부터 시작해보셔도 되지요. 물론 관심이 있으시다면요.",
          "summary": "",
          "date": "2022-08-12",
          "time": "10:40:43",
          "terminate": "false"
        },
        {
          "speaker": "speaker1",
          "personaID": "02423",
          "participantID": "0029",
          "utterance": "네 그래서, 연인은 아직 좀 무리고. 반려동물을 입양할까 생각중이었거든요. 경제적으로는 그래도 낼수있을것 같아요.",
          "summary": "",
          "date": "2022-08-12",
          "time": "10:41:20",
          "terminate": "false"
        },
        {
          "speaker": "speaker2",
          "personaID": "04556",
          "participantID": "0048",
          "utterance": "그렇군요.. 그럼 잘 고민해 보시면 좋겠네요.",
          "summary": "",
          "date": "2022-08-12",
          "time": "10:41:36",
          "terminate": "false"
        },
        {
          "speaker": "speaker1",
          "personaID": "02423",
          "participantID": "0029",
          "utterance": "감사합니다. 긍정적인 영향을 미칠것 같아요. 이만 가볼게요.",
          "summary": "",
          "date": "2022-08-12",
          "time": "10:41:53",
          "terminate": "false"
        },
        {
          "speaker": "speaker2",
          "personaID": "04556",
          "participantID": "0048",
          "utterance": "다행이네요. 저도 이만 국내 여행을 좀 알아보러 가볼게요.",
          "summary": "",
          "date": "2022-08-12",
          "time": "10:42:00",
          "terminate": "true"
        }
      ],
      "sessionPersonaSummary": {
        "speaker1": [
          "나는 국회의원 비서관이다.",
          "나는 일만 바라봐서 주변에 누가 없다.",
          "나는 연인이 없다."
        ],
        "speaker2": [
          "나의 강아지가 나한테 주는 사랑이 참 크다."
        ]
      },
      "prevAggregatedpersonaSummary": {
        "speaker1": [
          "나는 30대 남자이다.",
          "나는 강아지 입양을 고민 중이다."
        ],
        "speaker2": [
          "나는 50대 남자이다.",
          "나는 비숑 세 마리를 키우고 있다.",
          "나는 반려동물 한 마리에 10만 원씩 쓴다."
        ]
      }
    },
    {
      "prevSessionID": "4-00386-2",
      "prevTimeInfo": {
        "timeNum": "4",
        "timeUnit": "일"
      },
      "nthSession": "3",
      "numberOfUtterances": "16",
      "numberOfTurns": "8",
      "sessionID": "4-00386-3",
      "dialog": [
        {
          "speaker": "speaker1",
          "personaID": "02423",
          "participantID": "0029",
          "utterance": "안녕하세요. 국내 여행 준비는 잘 되세요?",
          "summary": "",
          "date": "2022-08-12",
          "time": "10:42:26",
          "terminate": "false"
        },
        {
          "speaker": "speaker2",
          "personaID": "04556",
          "participantID": "0048",
          "utterance": "예 이렇게 더울 때 또 한 번 다녀와야죠. 저는 가끔 국내 여행 가거든요.",
          "summary": "나는 가끔 국내 여행에 간다.",
          "date": "2022-08-12",
          "time": "10:42:56",
          "terminate": "false"
        },
        {
          "speaker": "speaker1",
          "personaID": "02423",
          "participantID": "0029",
          "utterance": "어디로 가세요? 저도 한번쯤 가고싶네요.",
          "summary": "",
          "date": "2022-08-12",
          "time": "10:43:11",
          "terminate": "false"
        },
        {
          "speaker": "speaker2",
          "personaID": "04556",
          "participantID": "0048",
          "utterance": "이번에는 가까운 보성 녹차밭에를 좀 가볼까 합니다.",
          "summary": "",
          "date": "2022-08-12",
          "time": "10:43:27",
          "terminate": "false"
        },
        {
          "speaker": "speaker1",
          "personaID": "02423",
          "participantID": "0029",
          "utterance": "좋네요. 최근에 저는 일만 했더니 그런곳에 눈길이 가더라고요.",
          "summary": "나는 최근 일만 해서 여행에 눈길이 간다.",
          "date": "2022-08-12",
          "time": "10:43:49",
          "terminate": "false"
        },
        {
          "speaker": "speaker2",
          "personaID": "04556",
          "participantID": "0048",
          "utterance": "그렇군요. 그럼 여행을 좀 다녀보시면 어때요?",
          "summary": "",
          "date": "2022-08-12",
          "time": "10:44:07",
          "terminate": "false"
        },
        {
          "speaker": "speaker1",
          "personaID": "02423",
          "participantID": "0029",
          "utterance": "그러게요. 그런데 제 직장이 휴가 내기가 빡세서 말이죠.",
          "summary": "나의 직장은 휴가 내기가 힘들다.",
          "date": "2022-08-12",
          "time": "10:44:36",
          "terminate": "false"
        },
        {
          "speaker": "speaker2",
          "personaID": "04556",
          "participantID": "0048",
          "utterance": "아 그렇군요.. 주말에 잠시 다녀오는 것도 힘든가요?",
          "summary": "",
          "date": "2022-08-12",
          "time": "10:44:49",
          "terminate": "false"
        },
        {
          "speaker": "speaker1",
          "personaID": "02423",
          "participantID": "0029",
          "utterance": "그러니까요. 주말에 잠깐 다녀오는것도 힘들어요. 직급이 바뀌고 나면 그떄 가겠네요.",
          "summary": "",
          "date": "2022-08-12",
          "time": "10:45:21",
          "terminate": "false"
        },
        {
          "speaker": "speaker2",
          "personaID": "04556",
          "participantID": "0048",
          "utterance": "예 그러시면 좋겠네요. 그때 좀 숨통이 트이시나봐요.",
          "summary": "",
          "date": "2022-08-12",
          "time": "10:45:37",
          "terminate": "false"
        },
        {
          "speaker": "speaker1",
          "personaID": "02423",
          "participantID": "0029",
          "utterance": "네 맞아요. 한 2달 뒤쯤 숨통이 트여요.",
          "summary": "나는 2달 뒤쯤 일에서 숨통이 트인다.",
          "date": "2022-08-12",
          "time": "10:46:17",
          "terminate": "false"
        },
        {
          "speaker": "speaker2",
          "personaID": "04556",
          "participantID": "0048",
          "utterance": "그래도 그동안 정말 고생하셨네요. 2달만 더 버티시면 훨씬 낫겠어요.",
          "summary": "",
          "date": "2022-08-12",
          "time": "10:46:41",
          "terminate": "false"
        },
        {
          "speaker": "speaker1",
          "personaID": "02423",
          "participantID": "0029",
          "utterance": "네. 이제 일은 좀 뒤로 미뤄두고 유유자적한삶을 사려고요.",
          "summary": "",
          "date": "2022-08-12",
          "time": "10:46:59",
          "terminate": "false"
        },
        {
          "speaker": "speaker2",
          "personaID": "04556",
          "participantID": "0048",
          "utterance": "30대에 그런 삶이면 정말 행복하네요.",
          "summary": "",
          "date": "2022-08-12",
          "time": "10:47:15",
          "terminate": "false"
        },
        {
          "speaker": "speaker1",
          "personaID": "02423",
          "participantID": "0029",
          "utterance": "저도 이만하면 행복한 삶이지 싶어요. 이만 저는 회사원인 형을 좀 도와주러 가볼게요.",
          "summary": "나의 형은 회사원이다.",
          "date": "2022-08-12",
          "time": "10:47:28",
          "terminate": "false"
        },
        {
          "speaker": "speaker2",
          "personaID": "04556",
          "participantID": "0048",
          "utterance": "예 수고하세요. 저도 이만 가볼게요.",
          "summary": "",
          "date": "2022-08-12",
          "time": "10:47:37",
          "terminate": "true"
        }
      ],
      "sessionPersonaSummary": {
        "speaker1": [
          "나는 최근 일만 해서 여행에 눈길이 간다.",
          "나의 직장은 휴가 내기가 힘들다.",
          "나는 2달 뒤쯤 일에서 숨통이 트인다.",
          "나의 형은 회사원이다."
        ],
        "speaker2": [
          "나는 가끔 국내 여행에 간다."
        ]
      },
      "prevAggregatedpersonaSummary": {
        "speaker1": [
          "나는 30대 남자이다.",
          "나는 강아지 입양을 고민 중이다.",
          "나는 국회의원 비서관이다.",
          "나는 일만 바라봐서 주변에 누가 없다.",
          "나는 연인이 없다."
        ],
        "speaker2": [
          "나는 50대 남자이다.",
          "나는 비숑 세 마리를 키우고 있다.",
          "나는 반려동물 한 마리에 10만 원씩 쓴다.",
          "나의 강아지가 나한테 주는 사랑이 참 크다."
        ]
      }
    },
    {
      "prevSessionID": "4-00386-3",
      "prevTimeInfo": {
        "timeNum": "6",
        "timeUnit": "일"
      },
      "nthSession": "4",
      "numberOfUtterances": "16",
      "numberOfTurns": "8",
      "sessionID": "4-00386-4",
      "dialog": [
        {
          "speaker": "speaker1",
          "personaID": "02423",
          "participantID": "0029",
          "utterance": "안녕하세요. 저 강아지 한마리를 데려오기로 했어요.",
          "summary": "나는 강아지 한 마리를 데려오기로 했다.",
          "date": "2022-08-12",
          "time": "10:47:41",
          "terminate": "false"
        },
        {
          "speaker": "speaker2",
          "personaID": "04556",
          "participantID": "0048",
          "utterance": "안녕하세요. 벌써요? 괜찮으신가요?",
          "summary": "",
          "date": "2022-08-12",
          "time": "10:47:56",
          "terminate": "false"
        },
        {
          "speaker": "speaker1",
          "personaID": "02423",
          "participantID": "0029",
          "utterance": "지금 데려오는건 아니고요. 형이 2마리 키우기 힘들다고 해서, 한마리를 저한테 보내주기로 했네요.",
          "summary": "나의 형은 강아지 두 마리를 키운다.",
          "date": "2022-08-12",
          "time": "10:48:19",
          "terminate": "false"
        },
        {
          "speaker": "speaker2",
          "personaID": "04556",
          "participantID": "0048",
          "utterance": "아 형이 2마리를 키우시는군요. 잘 되었네요.",
          "summary": "",
          "date": "2022-08-12",
          "time": "10:48:34",
          "terminate": "false"
        },
        {
          "speaker": "speaker1",
          "personaID": "02423",
          "participantID": "0029",
          "utterance": "네 애시당초 키우자는 생각도 형이 키워서 시작된거거든요.",
          "summary": "",
          "date": "2022-08-12",
          "time": "10:48:56",
          "terminate": "false"
        },
        {
          "speaker": "speaker2",
          "personaID": "04556",
          "participantID": "0048",
          "utterance": "그렇군요. 형은 어떻게 잘 키우고 계세요?",
          "summary": "",
          "date": "2022-08-12",
          "time": "10:49:20",
          "terminate": "false"
        },
        {
          "speaker": "speaker1",
          "personaID": "02423",
          "participantID": "0029",
          "utterance": "네. 다만 밖에 있는 시간이 많나봐요.",
          "summary": "",
          "date": "2022-08-12",
          "time": "10:49:39",
          "terminate": "false"
        },
        {
          "speaker": "speaker2",
          "personaID": "04556",
          "participantID": "0048",
          "utterance": "밖에 있는 시간이 많다고요?",
          "summary": "",
          "date": "2022-08-12",
          "time": "10:50:08",
          "terminate": "false"
        },
        {
          "speaker": "speaker1",
          "personaID": "02423",
          "participantID": "0029",
          "utterance": "강아지가 아니라 형이요. 집을 비운시간 동안 강아지 둘이 싸우고 사이가 안좋나봐요.",
          "summary": "",
          "date": "2022-08-12",
          "time": "10:50:33",
          "terminate": "false"
        },
        {
          "speaker": "speaker2",
          "personaID": "04556",
          "participantID": "0048",
          "utterance": "아 그렇군요. 그것 참 고민이 크겠어요. 저는 전라도에 사는데 이제 은퇴하고 여기서 @이름1@에게 집중하고 있거든요.",
          "summary": "나는 전라도에 거주한다. 나는 은퇴했다.",
          "date": "2022-08-12",
          "time": "10:51:19",
          "terminate": "false"
        },
        {
          "speaker": "speaker1",
          "personaID": "02423",
          "participantID": "0029",
          "utterance": "하긴 50대 이시면 은퇴해도 좋은 나이시긴 하시죠. 일은 그러면 아예 안하시는거에요?",
          "summary": "",
          "date": "2022-08-12",
          "time": "10:51:57",
          "terminate": "false"
        },
        {
          "speaker": "speaker2",
          "personaID": "04556",
          "participantID": "0048",
          "utterance": "예 그동안 열심히 살아와서 이제 좀 여유를 즐겨보려고요.",
          "summary": "나는 여유를 즐기는 삶을 살고 있다.",
          "date": "2022-08-12",
          "time": "10:52:16",
          "terminate": "false"
        },
        {
          "speaker": "speaker1",
          "personaID": "02423",
          "participantID": "0029",
          "utterance": "그런삶이 정말 부럽네요. 저도 그런 삶을 살고 싶어요.",
          "summary": "",
          "date": "2022-08-12",
          "time": "10:52:47",
          "terminate": "false"
        },
        {
          "speaker": "speaker2",
          "personaID": "04556",
          "participantID": "0048",
          "utterance": "그래도 30대에 그런 삶 비슷하게 곧 사실 수 있잖아요. 저는 엄청 성공한거라고 봅니다.",
          "summary": "",
          "date": "2022-08-12",
          "time": "10:53:09",
          "terminate": "false"
        },
        {
          "speaker": "speaker1",
          "personaID": "02423",
          "participantID": "0029",
          "utterance": "감사합니다. 저는 그럼 이만 좋아하는 된장찌개를 먹으러 가볼게요.",
          "summary": "나는 된장찌개를 좋아한다.",
          "date": "2022-08-12",
          "time": "10:53:26",
          "terminate": "false"
        },
        {
          "speaker": "speaker2",
          "personaID": "04556",
          "participantID": "0048",
          "utterance": "예 대화 즐거웠습니다. 잘 가요.",
          "summary": "",
          "date": "2022-08-12",
          "time": "10:53:32",
          "terminate": "true"
        }
      ],
      "sessionPersonaSummary": {
        "speaker1": [
          "나는 강아지 한 마리를 데려오기로 했다.",
          "나의 형은 강아지 두 마리를 키운다.",
          "나는 된장찌개를 좋아한다."
        ],
        "speaker2": [
          "나는 전라도에 거주한다. 나는 은퇴했다.",
          "나는 여유를 즐기는 삶을 살고 있다."
        ]
      },
      "prevAggregatedpersonaSummary": {
        "speaker1": [
          "나는 30대 남자이다.",
          "나는 강아지 입양을 고민 중이다.",
          "나는 국회의원 비서관이다.",
          "나는 일만 바라봐서 주변에 누가 없다.",
          "나는 연인이 없다.",
          "나는 최근 일만 해서 여행에 눈길이 간다.",
          "나의 직장은 휴가 내기가 힘들다.",
          "나는 2달 뒤쯤 일에서 숨통이 트인다.",
          "나의 형은 회사원이다."
        ],
        "speaker2": [
          "나는 50대 남자이다.",
          "나는 비숑 세 마리를 키우고 있다.",
          "나는 반려동물 한 마리에 10만 원씩 쓴다.",
          "나의 강아지가 나한테 주는 사랑이 참 크다.",
          "나는 가끔 국내 여행에 간다."
        ]
      }
    }
  ]
}