{
  "FileInfo": {
    "filename": "K4-00261-CL21522-CP21279-05-09-S4.json",
    "sessionLevel": "4"
  },
  "participantsInfo": {
    "numberOfParticipants": "2",
    "speaker1": {
      "participantID": "0968",
      "gender": "여성",
      "age": "20대",
      "occupation": "무직",
      "bPlace": "서울/경기/인천",
      "gPlace": "서울/경기/인천",
      "rPlace": "서울/경기/인천",
      "educationLevel": "대졸"
    },
    "speaker2": {
      "participantID": "0996",
      "gender": "남성",
      "age": "20대",
      "occupation": "사무직",
      "bPlace": "서울/경기/인천",
      "gPlace": "서울/경기/인천",
      "rPlace": "서울/경기/인천",
      "educationLevel": "고졸"
    }
  },
  "multisessionInfo": {
    "multisessionID": "4-00261"
  },
  "personaInfo": {
    "clInfo": {
      "personaID": "21522",
      "personaFeatures": [
        "나는 여자이다.",
        "나는 20대이다.",
        "나는 라쿤 한 마리를 키운다.",
        "나는 금융 상품 개발자이다.",
        "나는 태블릿을 수집한다."
      ],
      "speakerType": "speaker1"
    },
    "cpInfo": {
      "personaID": "21279",
      "personaFeatures": [
        "나는 남자이다.",
        "나는 20대이다.",
        "나의 가족은 1명이다.",
        "나는 주말에 공원에 간다.",
        "나는 보드게임을 매일 한다."
      ],
      "speakerType": "speaker2"
    }
  },
  "topicInfo": {
    "topicID": "05-09",
    "topicType": "일과 직업>군대",
    "topicTitle": "면회"
  },
  "sessionInfo": [
    {
      "prevSessionID": null,
      "prevTimeInfo": {
        "timeNum": null,
        "timeUnit": null
      },
      "nthSession": "1",
      "numberOfUtterances": "18",
      "numberOfTurns": "9",
      "sessionID": "4-00261-1",
      "dialog": [
        {
          "speaker": "speaker1",
          "personaID": "21522",
          "participantID": "0968",
          "utterance": "안녕하세요. 저는 20대 여자이고 직업은 금융상품 개발자에요.",
          "summary": "나는 20대 여자이고 직업은 금융상품 개발자이다.",
          "date": "2022-10-22",
          "time": "19:32:00",
          "terminate": "false"
        },
        {
          "speaker": "speaker2",
          "personaID": "21279",
          "participantID": "0996",
          "utterance": "안녕하세요.저는 20대 남자이고 저는 아직 대학생이에요.",
          "summary": "나는 20대 남자이고 아직 대학생이다.",
          "date": "2022-10-22",
          "time": "19:32:01",
          "terminate": "false"
        },
        {
          "speaker": "speaker1",
          "personaID": "21522",
          "participantID": "0968",
          "utterance": "만나서 반가워요! 대학생이라니 무슨과에 다니시나요?",
          "summary": "",
          "date": "2022-10-22",
          "time": "19:32:02",
          "terminate": "false"
        },
        {
          "speaker": "speaker2",
          "personaID": "21279",
          "participantID": "0996",
          "utterance": "저는 지금 시각 디자인과에 다니고있어요.",
          "summary": "나는 시각디자인과에 다닌다.",
          "date": "2022-10-22",
          "time": "19:32:03",
          "terminate": "false"
        },
        {
          "speaker": "speaker1",
          "personaID": "21522",
          "participantID": "0968",
          "utterance": "아하~ 멋져요. 시간디자인과 라니~ 취미는 무엇인가요? 저는 태블릿 수집을해요.",
          "summary": "나는 태블릿을 모은다.",
          "date": "2022-10-22",
          "time": "19:32:04",
          "terminate": "false"
        },
        {
          "speaker": "speaker2",
          "personaID": "21279",
          "participantID": "0996",
          "utterance": "아 저는 매일 보드게임을 해요 보드게임 모으는것도 좋아하고요.",
          "summary": "나는 매일 보드게임을 한다.",
          "date": "2022-10-22",
          "time": "19:32:05",
          "terminate": "false"
        },
        {
          "speaker": "speaker1",
          "personaID": "21522",
          "participantID": "0968",
          "utterance": "아하 멋지네요! 애완동물 안키우시나요? 저는 라쿤을 키우고있어요!",
          "summary": "나는 라쿤을 키운다.",
          "date": "2022-10-22",
          "time": "19:32:06",
          "terminate": "false"
        },
        {
          "speaker": "speaker2",
          "personaID": "21279",
          "participantID": "0996",
          "utterance": "엄청귀여울것같아요. 저는 가족이 1명이에요. 강아지를키우고있어요. 그래서 주말마다 공원에가서 산책을 해요.",
          "summary": "나는 가족이 1명 이이고 강아지를 키운다.",
          "date": "2022-10-22",
          "time": "19:32:07",
          "terminate": "false"
        },
        {
          "speaker": "speaker1",
          "personaID": "21522",
          "participantID": "0968",
          "utterance": "멋지네요 저도 주말에 공원 자주가요. 걷는거 좋아하세요?",
          "summary": "나는 주말에 공원을 자주 간다.",
          "date": "2022-10-22",
          "time": "19:32:08",
          "terminate": "false"
        },
        {
          "speaker": "speaker2",
          "personaID": "21279",
          "participantID": "0996",
          "utterance": "음.. 저는 걷는걸 좋아하기보단 산책때문에 끌려가는 느낌이죠 ㅋㅋㅋ.",
          "summary": "",
          "date": "2022-10-22",
          "time": "19:32:09",
          "terminate": "false"
        },
        {
          "speaker": "speaker1",
          "personaID": "21522",
          "participantID": "0968",
          "utterance": "아하 ㅋㅋ 강아지들은 산책하는거 좋아하죠. 그럼 몇학년 이세요?",
          "summary": "",
          "date": "2022-10-22",
          "time": "19:32:10",
          "terminate": "false"
        },
        {
          "speaker": "speaker2",
          "personaID": "21279",
          "participantID": "0996",
          "utterance": "아.. 저는 아직 1학년이에요. 나중에 뭐하고 살건지 고민하고있어요.",
          "summary": "",
          "date": "2022-10-22",
          "time": "19:32:11",
          "terminate": "false"
        },
        {
          "speaker": "speaker1",
          "personaID": "21522",
          "participantID": "0968",
          "utterance": "아하 아직 1학년이시면 고민이 많으시겠어요. 저도 고민 많이 했었죠.",
          "summary": "",
          "date": "2022-10-22",
          "time": "19:32:12",
          "terminate": "false"
        },
        {
          "speaker": "speaker2",
          "personaID": "21279",
          "participantID": "0996",
          "utterance": "네 맞아요. 디자인 전공이라 뭔가 막막하기도 하네요.",
          "summary": "",
          "date": "2022-10-22",
          "time": "19:32:13",
          "terminate": "false"
        },
        {
          "speaker": "speaker1",
          "personaID": "21522",
          "participantID": "0968",
          "utterance": "저런 그래도 아직 1학년이 더 생각해보면 되겠죠.",
          "summary": "",
          "date": "2022-10-22",
          "time": "19:32:14",
          "terminate": "false"
        },
        {
          "speaker": "speaker2",
          "personaID": "21279",
          "participantID": "0996",
          "utterance": "맞아요. 앗 지금 교수님 호출때문에 가봐야겠어요.",
          "summary": "",
          "date": "2022-10-22",
          "time": "19:32:15",
          "terminate": "false"
        },
        {
          "speaker": "speaker1",
          "personaID": "21522",
          "participantID": "0968",
          "utterance": "앗 교수님 호출이라면 당장가봐야죠. 나중에 또 연락해요!",
          "summary": "",
          "date": "2022-10-22",
          "time": "19:32:16",
          "terminate": "false"
        },
        {
          "speaker": "speaker2",
          "personaID": "21279",
          "participantID": "0996",
          "utterance": "네 나중에 갔다와서 다시 이야기 해요. 나중에 봐요!",
          "summary": "",
          "date": "2022-10-22",
          "time": "19:32:17",
          "terminate": "true"
        }
      ],
      "sessionPersonaSummary": {
        "speaker1": [
          "나는 20대 여자이고 직업은 금융상품 개발자이다.",
          "나는 태블릿을 모은다.",
          "나는 라쿤을 키운다.",
          "나는 주말에 공원을 자주 간다."
        ],
        "speaker2": [
          "나는 20대 남자이고 아직 대학생이다.",
          "나는 시각디자인과에 다닌다.",
          "나는 매일 보드게임을 한다.",
          "나는 가족이 1명 이이고 강아지를 키운다."
        ]
      },
      "prevAggregatedpersonaSummary": {
        "speaker1": [],
        "speaker2": []
      }
    },
    {
      "prevSessionID": "4-00261-1",
      "prevTimeInfo": {
        "timeNum": "2",
        "timeUnit": "시간"
      },
      "nthSession": "2",
      "numberOfUtterances": "18",
      "numberOfTurns": "9",
      "sessionID": "4-00261-2",
      "dialog": [
        {
          "speaker": "speaker1",
          "personaID": "21522",
          "participantID": "0968",
          "utterance": "어머 벌써 2시간이나 지났어요. 교수님께 잘갔다오셨나요?",
          "summary": "",
          "date": "2022-10-22",
          "time": "19:32:18",
          "terminate": "false"
        },
        {
          "speaker": "speaker2",
          "personaID": "21279",
          "participantID": "0996",
          "utterance": "네! 벌써 시간이 이렇게 흘렀네요.. 잘갔다왔어요.",
          "summary": "",
          "date": "2022-10-22",
          "time": "19:32:19",
          "terminate": "false"
        },
        {
          "speaker": "speaker1",
          "personaID": "21522",
          "participantID": "0968",
          "utterance": "무슨일때문에 호출하셨데요? 큰일이라도 생겼나요?",
          "summary": "",
          "date": "2022-10-22",
          "time": "19:32:20",
          "terminate": "false"
        },
        {
          "speaker": "speaker2",
          "personaID": "21279",
          "participantID": "0996",
          "utterance": "그게.. 제가 군대를 가야해서 휴학에 대해서 이야기 하고왔어요.",
          "summary": "나는 군대 때문에 휴학 예정이다.",
          "date": "2022-10-22",
          "time": "19:32:21",
          "terminate": "false"
        },
        {
          "speaker": "speaker1",
          "personaID": "21522",
          "participantID": "0968",
          "utterance": "저런 2학기끝나고 군대 많이 가더라고요. 어떻게 됬나요?",
          "summary": "",
          "date": "2022-10-22",
          "time": "19:32:22",
          "terminate": "false"
        },
        {
          "speaker": "speaker2",
          "personaID": "21279",
          "participantID": "0996",
          "utterance": "네 저도 2학기끝나고 갔다올 생각이에요. 아는 선배도 빨리갔다 오는게 좋다고 하더라고요..",
          "summary": "나는 2 학기 끝나고 군대에 할 예정이다.",
          "date": "2022-10-22",
          "time": "19:32:23",
          "terminate": "false"
        },
        {
          "speaker": "speaker1",
          "personaID": "21522",
          "participantID": "0968",
          "utterance": "네 아마 일찍 갔다오는게 더 좋을것 같긴해요..",
          "summary": "",
          "date": "2022-10-22",
          "time": "19:32:24",
          "terminate": "false"
        },
        {
          "speaker": "speaker2",
          "personaID": "21279",
          "participantID": "0996",
          "utterance": "저런 군대가기전에 하고싶은거 다하고 가세요.무슨 음식 좋아하세요?",
          "summary": "",
          "date": "2022-10-22",
          "time": "19:32:25",
          "terminate": "false"
        },
        {
          "speaker": "speaker1",
          "personaID": "21522",
          "participantID": "0968",
          "utterance": "음..좋아하는 음식이 너무 많아서 엄청 고민되네요..",
          "summary": "",
          "date": "2022-10-22",
          "time": "19:32:26",
          "terminate": "false"
        },
        {
          "speaker": "speaker2",
          "personaID": "21279",
          "participantID": "0996",
          "utterance": "음~ 저는 치킨을 엄청 좋아해요.하긴 치킨 싫어하는 사람은 없겠죠?",
          "summary": "나는 치킨을 좋아한다.",
          "date": "2022-10-22",
          "time": "19:32:27",
          "terminate": "false"
        },
        {
          "speaker": "speaker1",
          "personaID": "21522",
          "participantID": "0968",
          "utterance": "네 저도 치킨 엄청 좋아해요. 피자도 좋아하고요..",
          "summary": "나는 치킨이랑 피자를 좋아한다.",
          "date": "2022-10-22",
          "time": "19:32:28",
          "terminate": "false"
        },
        {
          "speaker": "speaker2",
          "personaID": "21279",
          "participantID": "0996",
          "utterance": "저도 피자 좋아해요! 군대가기전에 여행 다녀오시는거 어때요?",
          "summary": "",
          "date": "2022-10-22",
          "time": "19:39:29",
          "terminate": "false"
        },
        {
          "speaker": "speaker1",
          "personaID": "21522",
          "participantID": "0968",
          "utterance": "오 좋은생각이네요. 제가 모아둔 돈이 별로없어서 해외 여행은 좀 힘들것같아요.",
          "summary": "나는 돈이 별로 없다.",
          "date": "2022-10-22",
          "time": "19:44:30",
          "terminate": "false"
        },
        {
          "speaker": "speaker2",
          "personaID": "21279",
          "participantID": "0996",
          "utterance": "음.. 그럼 제가 한번 추천해드려도될까요?",
          "summary": "",
          "date": "2022-10-22",
          "time": "19:46:49",
          "terminate": "false"
        },
        {
          "speaker": "speaker1",
          "personaID": "21522",
          "participantID": "0968",
          "utterance": "네 좋아요. 음 저는 해외여행까지는 돈이 없을것 같으니 국내 여행을갔다와야겠어요.",
          "summary": "나는 국내여행을 갈 것이다.",
          "date": "2022-10-22",
          "time": "19:49:36",
          "terminate": "false"
        },
        {
          "speaker": "speaker2",
          "personaID": "21279",
          "participantID": "0996",
          "utterance": "음.. 그럼 제주도나 경주 이런곳 어때요?",
          "summary": "",
          "date": "2022-10-22",
          "time": "19:49:54",
          "terminate": "false"
        },
        {
          "speaker": "speaker1",
          "personaID": "21522",
          "participantID": "0968",
          "utterance": "음 좋을것같아요. 지금 당장 알아봐야겠어요! 나중에 또 연락해요!",
          "summary": "",
          "date": "2022-10-22",
          "time": "19:57:27",
          "terminate": "false"
        },
        {
          "speaker": "speaker2",
          "personaID": "21279",
          "participantID": "0996",
          "utterance": "네 좋은 생각이에요. 저도 밥먹으러 갔다와야겠어요.나중에 또 연락해요.",
          "summary": "",
          "date": "2022-10-22",
          "time": "19:57:47",
          "terminate": "true"
        }
      ],
      "sessionPersonaSummary": {
        "speaker1": [
          "나는 치킨이랑 피자를 좋아한다.",
          "나는 돈이 별로 없다.",
          "나는 국내여행을 갈 것이다."
        ],
        "speaker2": [
          "나는 군대 때문에 휴학 예정이다.",
          "나는 2 학기 끝나고 군대에 할 예정이다.",
          "나는 치킨을 좋아한다."
        ]
      },
      "prevAggregatedpersonaSummary": {
        "speaker1": [
          "나는 20대 여자이고 직업은 금융상품 개발자이다.",
          "나는 태블릿을 모은다.",
          "나는 라쿤을 키운다.",
          "나는 주말에 공원을 자주 간다."
        ],
        "speaker2": [
          "나는 20대 남자이고 아직 대학생이다.",
          "나는 시각디자인과에 다닌다.",
          "나는 매일 보드게임을 한다.",
          "나는 가족이 1명 이이고 강아지를 키운다."
        ]
      }
    },
    {
      "prevSessionID": "4-00261-2",
      "prevTimeInfo": {
        "timeNum": "2",
        "timeUnit": "시간"
      },
      "nthSession": "3",
      "numberOfUtterances": "18",
      "numberOfTurns": "9",
      "sessionID": "4-00261-3",
      "dialog": [
        {
          "speaker": "speaker1",
          "personaID": "21522",
          "participantID": "0968",
          "utterance": "어머 벌써 2시간이나 지났네요. 지금 뭐하고 있나요?",
          "summary": "",
          "date": "2022-10-22",
          "time": "19:59:06",
          "terminate": "false"
        },
        {
          "speaker": "speaker2",
          "personaID": "21279",
          "participantID": "0996",
          "utterance": "아 벌써 시간이 그렇게 지났나요? 저는 지금 아르바이트를 찾고있었어요.",
          "summary": "나는 아르바이트를 찾고 있었다.",
          "date": "2022-10-22",
          "time": "19:59:52",
          "terminate": "false"
        },
        {
          "speaker": "speaker1",
          "personaID": "21522",
          "participantID": "0968",
          "utterance": "아하~ 아르바이트요? 여행가기전에 돈 모으시려고요?",
          "summary": "",
          "date": "2022-10-22",
          "time": "20:00:15",
          "terminate": "false"
        },
        {
          "speaker": "speaker2",
          "personaID": "21279",
          "participantID": "0996",
          "utterance": "네 친구가 최근에 제주도 갔다길래 저도 가보고싶어서요.",
          "summary": "",
          "date": "2022-10-22",
          "time": "20:00:54",
          "terminate": "false"
        },
        {
          "speaker": "speaker1",
          "personaID": "21522",
          "participantID": "0968",
          "utterance": "오~ 좋은 생각이에요. 무슨일 해보시려고요?",
          "summary": "",
          "date": "2022-10-22",
          "time": "20:02:46",
          "terminate": "false"
        },
        {
          "speaker": "speaker2",
          "personaID": "21279",
          "participantID": "0996",
          "utterance": "저는 제 전공을 살려서 할수있는일 찾아보고있어요!",
          "summary": "",
          "date": "2022-10-22",
          "time": "20:03:09",
          "terminate": "false"
        },
        {
          "speaker": "speaker1",
          "personaID": "21522",
          "participantID": "0968",
          "utterance": "좋네요.시각디자인과를 나오면 보통 무슨일을 하나요?",
          "summary": "",
          "date": "2022-10-22",
          "time": "20:05:14",
          "terminate": "false"
        },
        {
          "speaker": "speaker2",
          "personaID": "21279",
          "participantID": "0996",
          "utterance": "음.. 영상디자인이나 광고 디자인 같은 작업을해요.",
          "summary": "",
          "date": "2022-10-22",
          "time": "20:05:15",
          "terminate": "false"
        },
        {
          "speaker": "speaker1",
          "personaID": "21522",
          "participantID": "0968",
          "utterance": "오호 멋지네요. 그럼 집에서 프리랜서로 일할수도 있겠네요?",
          "summary": "",
          "date": "2022-10-22",
          "time": "20:06:02",
          "terminate": "false"
        },
        {
          "speaker": "speaker2",
          "personaID": "21279",
          "participantID": "0996",
          "utterance": "맞아요. 군대가기전에 열심히 돈벌어서 여행갔다와야죠.",
          "summary": "",
          "date": "2022-10-23",
          "time": "12:04:45",
          "terminate": "false"
        },
        {
          "speaker": "speaker1",
          "personaID": "21522",
          "participantID": "0968",
          "utterance": "네 좋은생각인것 같아요.저는 남자친구가 군대갔을때 면회 갔던게 생가나네요.",
          "summary": "",
          "date": "2022-10-23",
          "time": "12:06:45",
          "terminate": "false"
        },
        {
          "speaker": "speaker2",
          "personaID": "21279",
          "participantID": "0996",
          "utterance": "아하 진짜요. 저도 곧 군대 가있으면 면회 와주겠죠.",
          "summary": "",
          "date": "2022-10-23",
          "time": "12:08:17",
          "terminate": "false"
        },
        {
          "speaker": "speaker1",
          "personaID": "21522",
          "participantID": "0968",
          "utterance": "그럼요. 혹시 여자친구분 있으신가요? 제 친구는 남자친구 면회간다고 엄청 준비해서 갔었는데.",
          "summary": "",
          "date": "2022-10-23",
          "time": "12:08:59",
          "terminate": "false"
        },
        {
          "speaker": "speaker2",
          "personaID": "21279",
          "participantID": "0996",
          "utterance": "네 저도 지금 사귀는 여자친구가있는데 면회 와주겠죠.",
          "summary": "",
          "date": "2022-10-23",
          "time": "12:09:52",
          "terminate": "false"
        },
        {
          "speaker": "speaker1",
          "personaID": "21522",
          "participantID": "0968",
          "utterance": "맞아요. 여자친구분이 면회 와주시겠죠.군대가기전에 신검 받아야하죠?",
          "summary": "",
          "date": "2022-10-23",
          "time": "12:10:38",
          "terminate": "false"
        },
        {
          "speaker": "speaker2",
          "personaID": "21279",
          "participantID": "0996",
          "utterance": "네 맞아요. 신검 받아야 배정 받고들어갈수있어요.",
          "summary": "",
          "date": "2022-10-23",
          "time": "12:10:58",
          "terminate": "false"
        },
        {
          "speaker": "speaker1",
          "personaID": "21522",
          "participantID": "0968",
          "utterance": "아하 그렇군요. 저는 이제 운동하러 가야겠어요. 나중에 또연락해요!",
          "summary": "나는 운동하러 갈것이다. \\.",
          "date": "2022-10-23",
          "time": "12:11:31",
          "terminate": "false"
        },
        {
          "speaker": "speaker2",
          "personaID": "21279",
          "participantID": "0996",
          "utterance": "네 운동 잘갔다오세요. 나중에 또 연락합시다!",
          "summary": "",
          "date": "2022-10-23",
          "time": "12:11:45",
          "terminate": "true"
        }
      ],
      "sessionPersonaSummary": {
        "speaker1": [
          "나는 운동하러 갈것이다. \\."
        ],
        "speaker2": [
          "나는 아르바이트를 찾고 있었다."
        ]
      },
      "prevAggregatedpersonaSummary": {
        "speaker1": [
          "나는 20대 여자이고 직업은 금융상품 개발자이다.",
          "나는 태블릿을 모은다.",
          "나는 라쿤을 키운다.",
          "나는 주말에 공원을 자주 간다.",
          "나는 치킨이랑 피자를 좋아한다.",
          "나는 돈이 별로 없다.",
          "나는 국내여행을 갈 것이다."
        ],
        "speaker2": [
          "나는 20대 남자이고 아직 대학생이다.",
          "나는 시각디자인과에 다닌다.",
          "나는 매일 보드게임을 한다.",
          "나는 가족이 1명 이이고 강아지를 키운다.",
          "나는 군대 때문에 휴학 예정이다.",
          "나는 2 학기 끝나고 군대에 할 예정이다.",
          "나는 치킨을 좋아한다."
        ]
      }
    },
    {
      "prevSessionID": "4-00261-3",
      "prevTimeInfo": {
        "timeNum": "3",
        "timeUnit": "시간"
      },
      "nthSession": "4",
      "numberOfUtterances": "18",
      "numberOfTurns": "9",
      "sessionID": "4-00261-4",
      "dialog": [
        {
          "speaker": "speaker1",
          "personaID": "21522",
          "participantID": "0968",
          "utterance": "와 저는 운동갔다왔어요. 벌써 3시간이나 흘렀어요! 뭐하고있나요?",
          "summary": "",
          "date": "2022-10-23",
          "time": "12:12:20",
          "terminate": "false"
        },
        {
          "speaker": "speaker2",
          "personaID": "21279",
          "participantID": "0996",
          "utterance": "아 저는 집에서 액션영화 보고있었어요!",
          "summary": "나는 액션 영화를 보고 있었다.",
          "date": "2022-10-23",
          "time": "12:12:41",
          "terminate": "false"
        },
        {
          "speaker": "speaker1",
          "personaID": "21522",
          "participantID": "0968",
          "utterance": "아하 액션영화 재밌겠네요. 저도 영화 보는거 좋아해요. 일하느라 바빠서 못보고 있지만요.",
          "summary": "나는 영화 보는 거 좋아한다.",
          "date": "2022-10-23",
          "time": "12:13:25",
          "terminate": "false"
        },
        {
          "speaker": "speaker2",
          "personaID": "21279",
          "participantID": "0996",
          "utterance": "맞아요. 저는 군대 가기전에 보고싶은 영화 다 보고들어갈거에요.",
          "summary": "",
          "date": "2022-10-23",
          "time": "12:13:56",
          "terminate": "false"
        },
        {
          "speaker": "speaker1",
          "personaID": "21522",
          "participantID": "0968",
          "utterance": "좋은생각이에요. 근데 요즘 군대 이야기 많이나오던데 밥이부실하다거나 그렇다고?",
          "summary": "",
          "date": "2022-10-23",
          "time": "12:14:28",
          "terminate": "false"
        },
        {
          "speaker": "speaker2",
          "personaID": "21279",
          "participantID": "0996",
          "utterance": "네 맞아요. 저도 봤아요. 일도 많이시키는데 밥도 적게 주다니..",
          "summary": "",
          "date": "2022-10-23",
          "time": "12:15:23",
          "terminate": "false"
        },
        {
          "speaker": "speaker1",
          "personaID": "21522",
          "participantID": "0968",
          "utterance": "맞아요. 요즘도 선임이 갈구거나 때리는 일이 많을까요?",
          "summary": "",
          "date": "2022-10-23",
          "time": "12:16:20",
          "terminate": "false"
        },
        {
          "speaker": "speaker2",
          "personaID": "21279",
          "participantID": "0996",
          "utterance": "음.. 그래도 옛날보다는 많이 나아졌다고는 들었는데 지금은 어떤지 모르겠네요.",
          "summary": "",
          "date": "2022-10-23",
          "time": "12:17:21",
          "terminate": "false"
        },
        {
          "speaker": "speaker1",
          "personaID": "21522",
          "participantID": "0968",
          "utterance": "그래도 지금은 많이 나아진것 같아서 다행이에요. 저는 지금 일하고 있는데 아직 영화보고있나요?",
          "summary": "",
          "date": "2022-10-23",
          "time": "12:20:23",
          "terminate": "false"
        },
        {
          "speaker": "speaker2",
          "personaID": "21279",
          "participantID": "0996",
          "utterance": "아니요. 지금은 다시 일자리 찾아보고있어요. 금융 상품 개발자라고 하셨죠. 멋지네요.",
          "summary": "나는 일자리를 찾고 있다.",
          "date": "2022-10-23",
          "time": "12:21:12",
          "terminate": "false"
        },
        {
          "speaker": "speaker1",
          "personaID": "21522",
          "participantID": "0968",
          "utterance": "음.. 무슨 좋은 일자리 찾으셨나요? 아르바이트?",
          "summary": "",
          "date": "2022-10-23",
          "time": "12:21:39",
          "terminate": "false"
        },
        {
          "speaker": "speaker2",
          "personaID": "21279",
          "participantID": "0996",
          "utterance": "제가 전공살리는 일을 하고싶은데 잘없네요..",
          "summary": "",
          "date": "2022-10-23",
          "time": "12:22:03",
          "terminate": "false"
        },
        {
          "speaker": "speaker1",
          "personaID": "21522",
          "participantID": "0968",
          "utterance": "음.. 그럼 제가 아는 사이트가 있는데 추천해 드릴까요?",
          "summary": "",
          "date": "2022-10-23",
          "time": "12:22:36",
          "terminate": "false"
        },
        {
          "speaker": "speaker2",
          "personaID": "21279",
          "participantID": "0996",
          "utterance": "네 좋아요. 무슨 아르바이트 모집 사이트같은건가요?",
          "summary": "",
          "date": "2022-10-23",
          "time": "12:23:12",
          "terminate": "false"
        },
        {
          "speaker": "speaker1",
          "personaID": "21522",
          "participantID": "0968",
          "utterance": "아니요 이건 자기 전공에 맞춰서 일자리 찾아주는 사이트에요.",
          "summary": "",
          "date": "2022-10-23",
          "time": "12:23:44",
          "terminate": "false"
        },
        {
          "speaker": "speaker2",
          "personaID": "21279",
          "participantID": "0996",
          "utterance": "아하~ 좋을것같아요. 어떤 사이트인지 보내주세요.",
          "summary": "",
          "date": "2022-10-23",
          "time": "12:24:08",
          "terminate": "false"
        },
        {
          "speaker": "speaker1",
          "personaID": "21522",
          "participantID": "0968",
          "utterance": "넵 그럼 보내드릴게요. 오늘 대화즐거웠어요. 화이팅!",
          "summary": "",
          "date": "2022-10-23",
          "time": "12:24:37",
          "terminate": "false"
        },
        {
          "speaker": "speaker2",
          "personaID": "21279",
          "participantID": "0996",
          "utterance": "네 저도 오늘 대화 즐거웠어요. 화이팅하겠습니다. 아자아자!",
          "summary": "",
          "date": "2022-10-23",
          "time": "12:25:00",
          "terminate": "true"
        }
      ],
      "sessionPersonaSummary": {
        "speaker1": [
          "나는 영화 보는 거 좋아한다."
        ],
        "speaker2": [
          "나는 액션 영화를 보고 있었다.",
          "나는 일자리를 찾고 있다."
        ]
      },
      "prevAggregatedpersonaSummary": {
        "speaker1": [
          "나는 20대 여자이고 직업은 금융상품 개발자이다.",
          "나는 태블릿을 모은다.",
          "나는 라쿤을 키운다.",
          "나는 주말에 공원을 자주 간다.",
          "나는 치킨이랑 피자를 좋아한다.",
          "나는 돈이 별로 없다.",
          "나는 국내여행을 갈 것이다.",
          "나는 운동하러 갈것이다. \\."
        ],
        "speaker2": [
          "나는 20대 남자이고 아직 대학생이다.",
          "나는 시각디자인과에 다닌다.",
          "나는 매일 보드게임을 한다.",
          "나는 가족이 1명 이이고 강아지를 키운다.",
          "나는 군대 때문에 휴학 예정이다.",
          "나는 2 학기 끝나고 군대에 할 예정이다.",
          "나는 치킨을 좋아한다.",
          "나는 아르바이트를 찾고 있었다."
        ]
      }
    }
  ]
}