{
  "FileInfo": {
    "filename": "K4-00521-CL21931-CP22084-01-06-S4.json",
    "sessionLevel": "4"
  },
  "participantsInfo": {
    "numberOfParticipants": "2",
    "speaker1": {
      "participantID": "0886",
      "gender": "여성",
      "age": "20대",
      "occupation": "사무직",
      "bPlace": "부산/대구/울산/경상",
      "gPlace": "부산/대구/울산/경상",
      "rPlace": "부산/대구/울산/경상",
      "educationLevel": "대졸"
    },
    "speaker2": {
      "participantID": "0891",
      "gender": "여성",
      "age": "20대",
      "occupation": "사무직",
      "bPlace": "부산/대구/울산/경상",
      "gPlace": "부산/대구/울산/경상",
      "rPlace": "부산/대구/울산/경상",
      "educationLevel": "대졸"
    }
  },
  "multisessionInfo": {
    "multisessionID": "4-00521"
  },
  "personaInfo": {
    "clInfo": {
      "personaID": "21931",
      "personaFeatures": [
        "나는 여자이다.",
        "나는 20대이다.",
        "나는 요즘, 가끔 안도감이 든다.",
        "나는 비행기를 타는 것을 좋아한다.",
        "나는 노트북을 리뷰하는 것을 좋아한다."
      ],
      "speakerType": "speaker1"
    },
    "cpInfo": {
      "personaID": "22084",
      "personaFeatures": [
        "나는 여자이다.",
        "나는 20대이다.",
        "나의 가족은 4명이다.",
        "나는 초등학교 교사이다.",
        "나는 멜로 영화를 가끔 본다."
      ],
      "speakerType": "speaker2"
    }
  },
  "topicInfo": {
    "topicID": "01-06",
    "topicType": "식음료",
    "topicTitle": "배달"
  },
  "sessionInfo": [
    {
      "prevSessionID": null,
      "prevTimeInfo": {
        "timeNum": null,
        "timeUnit": null
      },
      "nthSession": "1",
      "numberOfUtterances": "14",
      "numberOfTurns": "7",
      "sessionID": "4-00521-1",
      "dialog": [
        {
          "speaker": "speaker1",
          "personaID": "21931",
          "participantID": "0886",
          "utterance": "반가워요~ 저는 20대 여자입니다람쥐~!",
          "summary": "나는 20대 여자이다.",
          "date": "2022-10-30",
          "time": "22:34:41",
          "terminate": "false"
        },
        {
          "speaker": "speaker2",
          "personaID": "22084",
          "participantID": "0891",
          "utterance": "반갑습니다~~~ 저는 20대고요들레이요~ 여자랍니다~",
          "summary": "나는 20대 여자이다.",
          "date": "2022-10-30",
          "time": "22:34:48",
          "terminate": "false"
        },
        {
          "speaker": "speaker1",
          "personaID": "21931",
          "participantID": "0886",
          "utterance": "노래 잘하실 것같은데.. 맞아요? 방금 음성 지원 됐거든요~!",
          "summary": "",
          "date": "2022-10-30",
          "time": "22:35:11",
          "terminate": "false"
        },
        {
          "speaker": "speaker2",
          "personaID": "22084",
          "participantID": "0891",
          "utterance": "하하 그래요? 부끄럽네요~ 방금 귀가 빨개졌어요.",
          "summary": "",
          "date": "2022-10-30",
          "time": "22:35:20",
          "terminate": "false"
        },
        {
          "speaker": "speaker1",
          "personaID": "21931",
          "participantID": "0886",
          "utterance": "요즘, 가끔 안도감이 드는데 선생님 요들송에 더 안도감을 느꼈어요~!",
          "summary": "나는 요즘, 가끔 안도감이 든다.",
          "date": "2022-10-30",
          "time": "22:35:49",
          "terminate": "false"
        },
        {
          "speaker": "speaker2",
          "personaID": "22084",
          "participantID": "0891",
          "utterance": "하하 그정도인가요? 간단한게 뭐하는지 물어봐도 될까요?",
          "summary": "",
          "date": "2022-10-30",
          "time": "22:36:03",
          "terminate": "false"
        },
        {
          "speaker": "speaker1",
          "personaID": "21931",
          "participantID": "0886",
          "utterance": "저는 유튜버로 일하고 있습니다 ^^ 선생님은요?",
          "summary": "나는 유튜버이다.",
          "date": "2022-10-30",
          "time": "22:36:28",
          "terminate": "false"
        },
        {
          "speaker": "speaker2",
          "personaID": "22084",
          "participantID": "0891",
          "utterance": "오 그러세요? 저는 초등학교에서 @이름1@을 가르치고 있어요.",
          "summary": "나는 초등학교 교사이다.",
          "date": "2022-10-30",
          "time": "22:36:41",
          "terminate": "false"
        },
        {
          "speaker": "speaker1",
          "personaID": "21931",
          "participantID": "0886",
          "utterance": "우와~ 초등학교 선생님이여서 요들송 잘 부르시나봐요.",
          "summary": "",
          "date": "2022-10-30",
          "time": "22:38:00",
          "terminate": "false"
        },
        {
          "speaker": "speaker2",
          "personaID": "22084",
          "participantID": "0891",
          "utterance": "하하 그러긴해요 @이름1@이 저를 알프스선생님이라고 부르나봐요.",
          "summary": "",
          "date": "2022-10-30",
          "time": "22:38:15",
          "terminate": "false"
        },
        {
          "speaker": "speaker1",
          "personaID": "21931",
          "participantID": "0886",
          "utterance": "우와~ 알프스 선생님 너무 좋은데요? ㅋㅋㅋ저도 알프스님이라고 부를래요~",
          "summary": "",
          "date": "2022-10-30",
          "time": "22:38:51",
          "terminate": "false"
        },
        {
          "speaker": "speaker2",
          "personaID": "22084",
          "participantID": "0891",
          "utterance": "제가 양갈래가 잘어울리거든요~ 호호 너무 귀엽겠죠.",
          "summary": "나는 양갈래가 잘 어울린다.",
          "date": "2022-10-30",
          "time": "22:39:07",
          "terminate": "false"
        },
        {
          "speaker": "speaker1",
          "personaID": "21931",
          "participantID": "0886",
          "utterance": "제 중학교 때 선생님 생각나요.. 양갈래는 안하시면 안되요? ㅠ 그 선생님 제가 진짜 싫어했거든요.",
          "summary": "",
          "date": "2022-10-30",
          "time": "22:39:30",
          "terminate": "false"
        },
        {
          "speaker": "speaker2",
          "personaID": "22084",
          "participantID": "0891",
          "utterance": "아그래요? 그럼 저 머리좀 풀고올게요.. 잠시만요.",
          "summary": "",
          "date": "2022-10-30",
          "time": "22:39:46",
          "terminate": "true"
        }
      ],
      "sessionPersonaSummary": {
        "speaker1": [
          "나는 20대 여자이다.",
          "나는 요즘, 가끔 안도감이 든다.",
          "나는 유튜버이다."
        ],
        "speaker2": [
          "나는 20대 여자이다.",
          "나는 초등학교 교사이다.",
          "나는 양갈래가 잘 어울린다."
        ]
      },
      "prevAggregatedpersonaSummary": {
        "speaker1": [],
        "speaker2": []
      }
    },
    {
      "prevSessionID": "4-00521-1",
      "prevTimeInfo": {
        "timeNum": "1",
        "timeUnit": "시간"
      },
      "nthSession": "2",
      "numberOfUtterances": "14",
      "numberOfTurns": "7",
      "sessionID": "4-00521-2",
      "dialog": [
        {
          "speaker": "speaker1",
          "personaID": "21931",
          "participantID": "0886",
          "utterance": "머리를 한시간동안 푸세요?ㅠㅠ언제오세요~!!",
          "summary": "",
          "date": "2022-10-30",
          "time": "22:39:58",
          "terminate": "false"
        },
        {
          "speaker": "speaker2",
          "personaID": "22084",
          "participantID": "0891",
          "utterance": "제가 반곱슬이라 지금 풀고나니까 머리가 산적이네요..",
          "summary": "나는 반곱슬이다.",
          "date": "2022-10-30",
          "time": "22:40:13",
          "terminate": "false"
        },
        {
          "speaker": "speaker1",
          "personaID": "21931",
          "participantID": "0886",
          "utterance": "저 갑자기 산적먹고싶은데.. 산적 배달하는 곳 있나요?",
          "summary": "나는 산적이 먹고 싶다.",
          "date": "2022-10-30",
          "time": "22:40:29",
          "terminate": "false"
        },
        {
          "speaker": "speaker2",
          "personaID": "22084",
          "participantID": "0891",
          "utterance": "너무해요..제 머리 걱정은 안해주고.. @브랜드명1@찾아봐요.",
          "summary": "",
          "date": "2022-10-30",
          "time": "22:40:44",
          "terminate": "false"
        },
        {
          "speaker": "speaker1",
          "personaID": "21931",
          "participantID": "0886",
          "utterance": "아 죄송해요..ㅠ 사질 오늘 콘텐츠로 먹방하기로 한 날이라서.. 메뉴 결정 해야하거든요ㅠㅠ.",
          "summary": "",
          "date": "2022-10-30",
          "time": "22:40:52",
          "terminate": "false"
        },
        {
          "speaker": "speaker2",
          "personaID": "22084",
          "participantID": "0891",
          "utterance": "그럴수도있죠 그런데 선생님도 배달음식 자주이용하시나봐요?",
          "summary": "",
          "date": "2022-10-30",
          "time": "22:41:11",
          "terminate": "false"
        },
        {
          "speaker": "speaker1",
          "personaID": "21931",
          "participantID": "0886",
          "utterance": "네~ 등급도 귀하신분입니다^^근데 시간이 얼마 안남아서 배달 빨리 시켜야하는데 진짜 뭐먹죠?",
          "summary": "",
          "date": "2022-10-30",
          "time": "22:41:23",
          "terminate": "false"
        },
        {
          "speaker": "speaker2",
          "personaID": "22084",
          "participantID": "0891",
          "utterance": "아 대박이다 그래서 오늘은 어떤음식을 배달해먹으려구요? 어서 정해야죠 저는 선택장애라ㅠㅠ.",
          "summary": "나는 선택 장애이다.",
          "date": "2022-10-30",
          "time": "22:41:43",
          "terminate": "false"
        },
        {
          "speaker": "speaker1",
          "personaID": "21931",
          "participantID": "0886",
          "utterance": "음음..!! 떡볶이 먹방 할까요? 그래도 떡볶이가 배달도 빠르고 국민 음식이잖아요~!",
          "summary": "",
          "date": "2022-10-30",
          "time": "22:42:27",
          "terminate": "false"
        },
        {
          "speaker": "speaker2",
          "personaID": "22084",
          "participantID": "0891",
          "utterance": "오 좋은데요? 맵기를 아주 맵게해서~ 사람들도 도전해보게해보세요!",
          "summary": "",
          "date": "2022-10-30",
          "time": "22:42:40",
          "terminate": "false"
        },
        {
          "speaker": "speaker1",
          "personaID": "21931",
          "participantID": "0886",
          "utterance": "안맵게 해서.. 매운척하는 건 어때요..? 저 맵찔인데ㅠㅠ.",
          "summary": "나는 맵 찔이다.",
          "date": "2022-10-30",
          "time": "22:42:58",
          "terminate": "false"
        },
        {
          "speaker": "speaker2",
          "personaID": "22084",
          "participantID": "0891",
          "utterance": "근데 혹시 먹뱉도 하는거 아니죠? 이정도면 할거같기도한데..",
          "summary": "",
          "date": "2022-10-30",
          "time": "22:43:13",
          "terminate": "false"
        },
        {
          "speaker": "speaker1",
          "personaID": "21931",
          "participantID": "0886",
          "utterance": "요즘은..ㅎㅎ 그렇게 하면 다 잡아내서 못해요~ 우선 저 떡볶이 배달 시키고 올게요!",
          "summary": "",
          "date": "2022-10-30",
          "time": "22:43:35",
          "terminate": "false"
        },
        {
          "speaker": "speaker2",
          "personaID": "22084",
          "participantID": "0891",
          "utterance": "네 다녀와서 방송하고 연락줘요 기다리고 있을게요^^",
          "summary": "",
          "date": "2022-10-30",
          "time": "22:43:39",
          "terminate": "true"
        }
      ],
      "sessionPersonaSummary": {
        "speaker1": [
          "나는 산적이 먹고 싶다.",
          "나는 맵 찔이다."
        ],
        "speaker2": [
          "나는 반곱슬이다.",
          "나는 선택 장애이다."
        ]
      },
      "prevAggregatedpersonaSummary": {
        "speaker1": [
          "나는 20대 여자이다.",
          "나는 요즘, 가끔 안도감이 든다.",
          "나는 유튜버이다."
        ],
        "speaker2": [
          "나는 20대 여자이다.",
          "나는 초등학교 교사이다.",
          "나는 양갈래가 잘 어울린다."
        ]
      }
    },
    {
      "prevSessionID": "4-00521-2",
      "prevTimeInfo": {
        "timeNum": "5",
        "timeUnit": "시간"
      },
      "nthSession": "3",
      "numberOfUtterances": "14",
      "numberOfTurns": "7",
      "sessionID": "4-00521-3",
      "dialog": [
        {
          "speaker": "speaker1",
          "personaID": "21931",
          "participantID": "0886",
          "utterance": "어후~ 방송 끝나니까 다섯시간이 지나있네요~ 뭐하고 계셨어요?",
          "summary": "",
          "date": "2022-10-30",
          "time": "22:43:47",
          "terminate": "false"
        },
        {
          "speaker": "speaker2",
          "personaID": "22084",
          "participantID": "0891",
          "utterance": "저는 가족들과 다과를 먹으면서 시간을 보내고있어요~",
          "summary": "나는 가족들과 다과를 먹으며 시간을 보내고 있다.",
          "date": "2022-10-30",
          "time": "22:43:55",
          "terminate": "false"
        },
        {
          "speaker": "speaker1",
          "personaID": "21931",
          "participantID": "0886",
          "utterance": "오 너무 화목해보이는데요? 원래 가족들이랑 시간을 자주 보내시나요?",
          "summary": "",
          "date": "2022-10-30",
          "time": "22:44:32",
          "terminate": "false"
        },
        {
          "speaker": "speaker2",
          "personaID": "22084",
          "participantID": "0891",
          "utterance": "그런가요? 저희가족이 엄마랑 언니 둘 그리고 저까지~ 여자들밖에 없어서 그런가봐요.",
          "summary": "나의 가족은 4명이다. 나는 엄마와 언니 두 명이 있다.",
          "date": "2022-10-30",
          "time": "22:44:56",
          "terminate": "false"
        },
        {
          "speaker": "speaker1",
          "personaID": "21931",
          "participantID": "0886",
          "utterance": "ㅋㅋㅋ다들 수다쟁이들만 모여사는군요?",
          "summary": "",
          "date": "2022-10-30",
          "time": "22:45:21",
          "terminate": "false"
        },
        {
          "speaker": "speaker2",
          "personaID": "22084",
          "participantID": "0891",
          "utterance": "여자들이 많으면 접시가 깨진다는말도있죠? 저희집 깨진적 많아요.",
          "summary": "우리 집은 수다쟁이다.",
          "date": "2022-10-30",
          "time": "22:45:47",
          "terminate": "false"
        },
        {
          "speaker": "speaker1",
          "personaID": "21931",
          "participantID": "0886",
          "utterance": "재밌으신 분이네요?ㅋㅋㅋ근데 여자끼리라서 쇼핑도 자주 하고 여행 스타일도 잘 맞겠어요~",
          "summary": "",
          "date": "2022-10-30",
          "time": "22:45:59",
          "terminate": "false"
        },
        {
          "speaker": "speaker2",
          "personaID": "22084",
          "participantID": "0891",
          "utterance": "당연하죠! 확실히 그건 그렇더라구요~ 쇼핑가는것도, 여행하는것도 참여를 잘해요.",
          "summary": "",
          "date": "2022-10-30",
          "time": "22:46:31",
          "terminate": "false"
        },
        {
          "speaker": "speaker1",
          "personaID": "21931",
          "participantID": "0886",
          "utterance": "오~ 최근에 여행 다녀온 곳있어요? 저 곧 해외여행 가거든요^^",
          "summary": "나는 곧 해외여행을 간다.",
          "date": "2022-10-30",
          "time": "22:46:51",
          "terminate": "false"
        },
        {
          "speaker": "speaker2",
          "personaID": "22084",
          "participantID": "0891",
          "utterance": "오 그래요? 저는 제주도뿐인데~ 어디로 가시나요?",
          "summary": "나는 최근에 제주도에 갔다 왔다.",
          "date": "2022-10-30",
          "time": "22:47:17",
          "terminate": "false"
        },
        {
          "speaker": "speaker1",
          "personaID": "21931",
          "participantID": "0886",
          "utterance": "이번에 실버 버튼 받아가지구ㅎㅎ괌으로 다녀오려구요~ 휴양하러^^",
          "summary": "나는 이번에 실버 버튼을 받았다. 나는 괌으로 휴양을 하러 간다.",
          "date": "2022-10-30",
          "time": "22:47:29",
          "terminate": "false"
        },
        {
          "speaker": "speaker2",
          "personaID": "22084",
          "participantID": "0891",
          "utterance": "괌이요? 와 대박이다.. 실버면 진짜 유명한 BJ겠네요? 먹뱉안하죠?",
          "summary": "",
          "date": "2022-10-30",
          "time": "22:47:59",
          "terminate": "false"
        },
        {
          "speaker": "speaker1",
          "personaID": "21931",
          "participantID": "0886",
          "utterance": "안한다니까요^^호호.. 제가 비행기 타는걸 진짜 좋아하는데~ 이번 콘텐츠거리 생겨서 넘 좋네요^^",
          "summary": "나는 비행기를 타는 것을 좋아한다.",
          "date": "2022-10-30",
          "time": "22:48:14",
          "terminate": "false"
        },
        {
          "speaker": "speaker2",
          "personaID": "22084",
          "participantID": "0891",
          "utterance": "부러워요.. 그럼 저는 언니들이랑 시간보내고있을게요~ 나중에 또 연락줘요.",
          "summary": "",
          "date": "2022-10-30",
          "time": "22:48:25",
          "terminate": "true"
        }
      ],
      "sessionPersonaSummary": {
        "speaker1": [
          "나는 곧 해외여행을 간다.",
          "나는 이번에 실버 버튼을 받았다. 나는 괌으로 휴양을 하러 간다.",
          "나는 비행기를 타는 것을 좋아한다."
        ],
        "speaker2": [
          "나는 가족들과 다과를 먹으며 시간을 보내고 있다.",
          "나의 가족은 4명이다. 나는 엄마와 언니 두 명이 있다.",
          "우리 집은 수다쟁이다.",
          "나는 최근에 제주도에 갔다 왔다."
        ]
      },
      "prevAggregatedpersonaSummary": {
        "speaker1": [
          "나는 20대 여자이다.",
          "나는 요즘, 가끔 안도감이 든다.",
          "나는 유튜버이다.",
          "나는 산적이 먹고 싶다.",
          "나는 맵 찔이다."
        ],
        "speaker2": [
          "나는 20대 여자이다.",
          "나는 초등학교 교사이다.",
          "나는 양갈래가 잘 어울린다.",
          "나는 반곱슬이다.",
          "나는 선택 장애이다."
        ]
      }
    },
    {
      "prevSessionID": "4-00521-3",
      "prevTimeInfo": {
        "timeNum": "3",
        "timeUnit": "일"
      },
      "nthSession": "4",
      "numberOfUtterances": "14",
      "numberOfTurns": "7",
      "sessionID": "4-00521-4",
      "dialog": [
        {
          "speaker": "speaker1",
          "personaID": "21931",
          "participantID": "0886",
          "utterance": "3일만에 연락드리네요~ 주말 어떻게 보내고 계세요?",
          "summary": "",
          "date": "2022-10-30",
          "time": "22:48:37",
          "terminate": "false"
        },
        {
          "speaker": "speaker2",
          "personaID": "22084",
          "participantID": "0891",
          "utterance": "그러게요 저는 오늘 언니들이랑 외출나왔어요^^",
          "summary": "나는 언니들과 외출에 나왔다.",
          "date": "2022-10-30",
          "time": "22:48:49",
          "terminate": "false"
        },
        {
          "speaker": "speaker1",
          "personaID": "21931",
          "participantID": "0886",
          "utterance": "어디로 외출을 나가셨나요? 진짜 자매들끼리 사이 좋아서 너무 부럽네요!!",
          "summary": "",
          "date": "2022-10-30",
          "time": "22:49:07",
          "terminate": "false"
        },
        {
          "speaker": "speaker2",
          "personaID": "22084",
          "participantID": "0891",
          "utterance": "오늘 영화보고 쇼핑하려구요~ 영화 재밌는게 개봉했더라구요.",
          "summary": "나는 언니들과 쇼핑하고 영화 볼 것이다.",
          "date": "2022-10-30",
          "time": "22:49:30",
          "terminate": "false"
        },
        {
          "speaker": "speaker1",
          "personaID": "21931",
          "participantID": "0886",
          "utterance": "오 어떤 영화인데요? 저는 영화 안 본지 진짜 오래 된 것같아요.",
          "summary": "",
          "date": "2022-10-30",
          "time": "22:49:44",
          "terminate": "false"
        },
        {
          "speaker": "speaker2",
          "personaID": "22084",
          "participantID": "0891",
          "utterance": "내머릿속에 지우개라고~ 멜로영화인데 제가 멜로영화는 개봉하면 가끔보거든요.",
          "summary": "나는 멜로 영화를 가끔 본다.",
          "date": "2022-10-30",
          "time": "22:50:05",
          "terminate": "false"
        },
        {
          "speaker": "speaker1",
          "personaID": "21931",
          "participantID": "0886",
          "utterance": "우와 그거 재밌다던데 보고 후기 알려줘요!!",
          "summary": "",
          "date": "2022-10-30",
          "time": "22:50:18",
          "terminate": "false"
        },
        {
          "speaker": "speaker2",
          "personaID": "22084",
          "participantID": "0891",
          "utterance": "알겠어요! 선생님은 오늘 뭐하시려고요? 오늘도 방송하나요?",
          "summary": "",
          "date": "2022-10-30",
          "time": "22:50:31",
          "terminate": "false"
        },
        {
          "speaker": "speaker1",
          "personaID": "21931",
          "participantID": "0886",
          "utterance": "네~~저는 오늘도 열심히 방송해야죠~ㅎㅎ.",
          "summary": "나는 오늘도 방송을 한다.",
          "date": "2022-10-30",
          "time": "22:50:46",
          "terminate": "false"
        },
        {
          "speaker": "speaker2",
          "personaID": "22084",
          "participantID": "0891",
          "utterance": "와 진짜 열심히하시네요 오늘 콘테츠는 뭐에요?",
          "summary": "",
          "date": "2022-10-30",
          "time": "22:51:00",
          "terminate": "false"
        },
        {
          "speaker": "speaker1",
          "personaID": "21931",
          "participantID": "0886",
          "utterance": "제가 원래 주 콘텐츠가 노트북 리뷰에요~! 제가 노트북 리뷰하는 걸 좋아하거든요!",
          "summary": "나는 노트북을 리뷰하는 것을 좋아한다.",
          "date": "2022-10-30",
          "time": "22:51:14",
          "terminate": "false"
        },
        {
          "speaker": "speaker2",
          "personaID": "22084",
          "participantID": "0891",
          "utterance": "먹방만 하는게 아니였군요~ 근데 채널이름이 뭐에요? 구독해줄게요.",
          "summary": "",
          "date": "2022-10-30",
          "time": "22:51:31",
          "terminate": "false"
        },
        {
          "speaker": "speaker1",
          "personaID": "21931",
          "participantID": "0886",
          "utterance": "잡종 채널입니다...하핫 구독 했는지 확인할겁니다^^우선 영화 재밌게 보고오셔요~ 저도 방송 준비 할게요!",
          "summary": "",
          "date": "2022-10-30",
          "time": "22:51:44",
          "terminate": "false"
        },
        {
          "speaker": "speaker2",
          "personaID": "22084",
          "participantID": "0891",
          "utterance": "하하 진짜 잡종 맞네요~ 그럼 저는 언니들이랑 시간보내고 나중에 연락줄게요.",
          "summary": "",
          "date": "2022-10-30",
          "time": "22:52:03",
          "terminate": "true"
        }
      ],
      "sessionPersonaSummary": {
        "speaker1": [
          "나는 오늘도 방송을 한다.",
          "나는 노트북을 리뷰하는 것을 좋아한다."
        ],
        "speaker2": [
          "나는 언니들과 외출에 나왔다.",
          "나는 언니들과 쇼핑하고 영화 볼 것이다.",
          "나는 멜로 영화를 가끔 본다."
        ]
      },
      "prevAggregatedpersonaSummary": {
        "speaker1": [
          "나는 20대 여자이다.",
          "나는 요즘, 가끔 안도감이 든다.",
          "나는 유튜버이다.",
          "나는 산적이 먹고 싶다.",
          "나는 맵 찔이다.",
          "나는 곧 해외여행을 간다.",
          "나는 이번에 실버 버튼을 받았다. 나는 괌으로 휴양을 하러 간다.",
          "나는 비행기를 타는 것을 좋아한다."
        ],
        "speaker2": [
          "나는 20대 여자이다.",
          "나는 초등학교 교사이다.",
          "나는 양갈래가 잘 어울린다.",
          "나는 반곱슬이다.",
          "나는 선택 장애이다.",
          "나는 가족들과 다과를 먹으며 시간을 보내고 있다.",
          "나의 가족은 4명이다. 나는 엄마와 언니 두 명이 있다.",
          "우리 집은 수다쟁이다.",
          "나는 최근에 제주도에 갔다 왔다."
        ]
      }
    }
  ]
}