{
  "FileInfo": {
    "filename": "K4-00541-CL21605-CP20975-14-09-S4.json",
    "sessionLevel": "4"
  },
  "participantsInfo": {
    "numberOfParticipants": "2",
    "speaker1": {
      "participantID": "0719",
      "gender": "여성",
      "age": "20대",
      "occupation": "학생",
      "bPlace": "부산/대구/울산/경상",
      "gPlace": "부산/대구/울산/경상",
      "rPlace": "부산/대구/울산/경상",
      "educationLevel": "고졸"
    },
    "speaker2": {
      "participantID": "0662",
      "gender": "남성",
      "age": "20대",
      "occupation": "학생",
      "bPlace": "광주/전라/제주",
      "gPlace": "광주/전라/제주",
      "rPlace": "광주/전라/제주",
      "educationLevel": "고졸"
    }
  },
  "multisessionInfo": {
    "multisessionID": "4-00541"
  },
  "personaInfo": {
    "clInfo": {
      "personaID": "21605",
      "personaFeatures": [
        "나는 여자이다.",
        "나는 20대이다.",
        "나는 고슴도치 두 마리를 키운다.",
        "나는 수리과학부 전공이다.",
        "나는 비올라 연주를 가끔 한다."
      ],
      "speakerType": "speaker1"
    },
    "cpInfo": {
      "personaID": "20975",
      "personaFeatures": [
        "나는 남자이다.",
        "나는 20대이다.",
        "나는 다소 소극적이다.",
        "나는 대학생이다.",
        "나는 스릴러 영화를 가끔 본다."
      ],
      "speakerType": "speaker2"
    }
  },
  "topicInfo": {
    "topicID": "14-09",
    "topicType": "시사/사회>사회이슈(국내)",
    "topicTitle": "방역"
  },
  "sessionInfo": [
    {
      "prevSessionID": null,
      "prevTimeInfo": {
        "timeNum": null,
        "timeUnit": null
      },
      "nthSession": "1",
      "numberOfUtterances": "14",
      "numberOfTurns": "7",
      "sessionID": "4-00541-1",
      "dialog": [
        {
          "speaker": "speaker1",
          "personaID": "21605",
          "participantID": "0719",
          "utterance": "안녕하세요~ 저는 20대 여성입니다.",
          "summary": "나는 20대 여성이다.",
          "date": "2022-10-13",
          "time": "04:21:41",
          "terminate": "false"
        },
        {
          "speaker": "speaker2",
          "personaID": "20975",
          "participantID": "0662",
          "utterance": "안녕하세요. 저는 20대 남성이고 대학생 입니다.",
          "summary": "나는 20대 남성이다. 나는 대학생이다.",
          "date": "2022-10-13",
          "time": "04:22:03",
          "terminate": "false"
        },
        {
          "speaker": "speaker1",
          "personaID": "21605",
          "participantID": "0719",
          "utterance": "아 대학생이시구나. 저도 대학생이에요! 무슨 전공이세요?저는 수리과학부 전공이거든요.",
          "summary": "나는 수리과학부 전공이다. 나는 대학생이다.",
          "date": "2022-10-13",
          "time": "04:22:34",
          "terminate": "false"
        },
        {
          "speaker": "speaker2",
          "personaID": "20975",
          "participantID": "0662",
          "utterance": "저는 관현악 전공이에요. 현재 음대 다니고 있어요.",
          "summary": "나는 관현악 전공이다. 나는 음대를 다닌다.",
          "date": "2022-10-13",
          "time": "04:23:07",
          "terminate": "false"
        },
        {
          "speaker": "speaker1",
          "personaID": "21605",
          "participantID": "0719",
          "utterance": "앗 정말요? 음대 다니시는구나. 저 가끔 비올라 연주 하거든요.",
          "summary": "나는 가끔 비올라 연주를 한다.",
          "date": "2022-10-13",
          "time": "04:23:59",
          "terminate": "false"
        },
        {
          "speaker": "speaker2",
          "personaID": "20975",
          "participantID": "0662",
          "utterance": "그러시군요. 취미로 연주 하시는건가요? 아님 가끔 공연을 하시는건가요?",
          "summary": "",
          "date": "2022-10-13",
          "time": "04:24:32",
          "terminate": "false"
        },
        {
          "speaker": "speaker1",
          "personaID": "21605",
          "participantID": "0719",
          "utterance": "아, 제가 키우는 고슴도치 두마리 앞에서 공연하긴 해요. ㅎㅎ 아직 어디서 공연할 실력은 아니에요.",
          "summary": "나는 고슴도치 두 마리를 키운다.",
          "date": "2022-10-13",
          "time": "04:25:13",
          "terminate": "false"
        },
        {
          "speaker": "speaker2",
          "personaID": "20975",
          "participantID": "0662",
          "utterance": "그러시군요.. 고슴도치 두마리 너무 귀여울 것 같아요. 관람매너 좋은가요?ㅎㅎ.",
          "summary": "",
          "date": "2022-10-13",
          "time": "04:25:39",
          "terminate": "false"
        },
        {
          "speaker": "speaker1",
          "personaID": "21605",
          "participantID": "0719",
          "utterance": "ㅎㅎ네, 잘 듣고있는건진 모르겠지만 엄청 듣기 싫어하는 티는 안내는것 같아요.",
          "summary": "",
          "date": "2022-10-13",
          "time": "04:26:09",
          "terminate": "false"
        },
        {
          "speaker": "speaker2",
          "personaID": "20975",
          "participantID": "0662",
          "utterance": "그렇군요. 근데 그런식으로 동물앞에서라도 연주 연습하는게 좋은 습관이에요.",
          "summary": "",
          "date": "2022-10-13",
          "time": "04:26:34",
          "terminate": "false"
        },
        {
          "speaker": "speaker1",
          "personaID": "21605",
          "participantID": "0719",
          "utterance": "앗 정말요? 그냥 우연히 그렇게 된건데 그렇기도 하군요.",
          "summary": "",
          "date": "2022-10-13",
          "time": "04:27:05",
          "terminate": "false"
        },
        {
          "speaker": "speaker2",
          "personaID": "20975",
          "participantID": "0662",
          "utterance": "네, 저는 혼자 연주하는 버릇을 들였더니 엄청 소심하거든요. 그래서 다소 소극적인 태도도 있구요.",
          "summary": "나는 다소 소극적이다.",
          "date": "2022-10-13",
          "time": "04:27:42",
          "terminate": "false"
        },
        {
          "speaker": "speaker1",
          "personaID": "21605",
          "participantID": "0719",
          "utterance": "아, 그런게 있군요. 신기하네요. 일단 제가 집에 거의 다와서요. 집 들어가서 연락 드릴게요!",
          "summary": "",
          "date": "2022-10-13",
          "time": "04:28:20",
          "terminate": "false"
        },
        {
          "speaker": "speaker2",
          "personaID": "20975",
          "participantID": "0662",
          "utterance": "네, 그럼 집 들어가서 편할때 연락 주세요!",
          "summary": "",
          "date": "2022-10-13",
          "time": "04:28:43",
          "terminate": "true"
        }
      ],
      "sessionPersonaSummary": {
        "speaker1": [
          "나는 20대 여성이다.",
          "나는 수리과학부 전공이다. 나는 대학생이다.",
          "나는 가끔 비올라 연주를 한다.",
          "나는 고슴도치 두 마리를 키운다."
        ],
        "speaker2": [
          "나는 20대 남성이다. 나는 대학생이다.",
          "나는 관현악 전공이다. 나는 음대를 다닌다.",
          "나는 다소 소극적이다."
        ]
      },
      "prevAggregatedpersonaSummary": {
        "speaker1": [],
        "speaker2": []
      }
    },
    {
      "prevSessionID": "4-00541-1",
      "prevTimeInfo": {
        "timeNum": "1",
        "timeUnit": "시간"
      },
      "nthSession": "2",
      "numberOfUtterances": "14",
      "numberOfTurns": "7",
      "sessionID": "4-00541-2",
      "dialog": [
        {
          "speaker": "speaker1",
          "personaID": "21605",
          "participantID": "0719",
          "utterance": "안녕하세요~ 집에서 이것저것 하다보니 벌써 한시간이나 지났네요.",
          "summary": "",
          "date": "2022-10-13",
          "time": "04:29:24",
          "terminate": "false"
        },
        {
          "speaker": "speaker2",
          "personaID": "20975",
          "participantID": "0662",
          "utterance": "그러게요. 이것저것 뭐 하셨어요? 고슴도치들은 잘 있었나요?",
          "summary": "",
          "date": "2022-10-13",
          "time": "04:29:59",
          "terminate": "false"
        },
        {
          "speaker": "speaker1",
          "personaID": "21605",
          "participantID": "0719",
          "utterance": "네 그럼요! ㅎㅎ 고슴도치들 밥주고, 배변치워주고 하다보니 시간이 너무 빨리가요.",
          "summary": "",
          "date": "2022-10-13",
          "time": "04:30:22",
          "terminate": "false"
        },
        {
          "speaker": "speaker2",
          "personaID": "20975",
          "participantID": "0662",
          "utterance": "아 그랬겠네요.ㅎㅎ 고슴도치들이 기다리고 있으니 집에 서둘러 가시겠어요.",
          "summary": "",
          "date": "2022-10-13",
          "time": "04:30:56",
          "terminate": "false"
        },
        {
          "speaker": "speaker1",
          "personaID": "21605",
          "participantID": "0719",
          "utterance": "네~ 그런것도 있죠.ㅎㅎ 아무래도 자주 보니까 제 가족같기도하고, 친한 친구같기도 하고 그래요.",
          "summary": "나는 고슴도치들에게 유대감을 느낀다.",
          "date": "2022-10-13",
          "time": "04:32:05",
          "terminate": "false"
        },
        {
          "speaker": "speaker2",
          "personaID": "20975",
          "participantID": "0662",
          "utterance": "아, 그래서 앞에서 연주도 하신다구 하셨죠? 그런 이유여서 였군요.",
          "summary": "",
          "date": "2022-10-13",
          "time": "04:32:37",
          "terminate": "false"
        },
        {
          "speaker": "speaker1",
          "personaID": "21605",
          "participantID": "0719",
          "utterance": "네, 뭔가 가끔 제 연주에 반응해주는것 같기도 하고 그래요. 너무 신기해요.ㅎㅎ.",
          "summary": "",
          "date": "2022-10-13",
          "time": "04:33:07",
          "terminate": "false"
        },
        {
          "speaker": "speaker2",
          "personaID": "20975",
          "participantID": "0662",
          "utterance": "정말 신기하긴 하네요~ 저도 애완동물을 키웠으면 앞에서 자주 연습했을 것 같아요.",
          "summary": "",
          "date": "2022-10-13",
          "time": "04:34:45",
          "terminate": "false"
        },
        {
          "speaker": "speaker1",
          "personaID": "21605",
          "participantID": "0719",
          "utterance": "지금이라도 키워보시는건 어때요? 집에 가면 쓸쓸하지 않아요? 가족들이랑 같이 사세요?",
          "summary": "",
          "date": "2022-10-13",
          "time": "04:35:30",
          "terminate": "false"
        },
        {
          "speaker": "speaker2",
          "personaID": "20975",
          "participantID": "0662",
          "utterance": "아니요, 가족들이랑 안살고 저 혼자서 살아요.집에 와서 쓸쓸하죠..",
          "summary": "나는 혼자서 산다.",
          "date": "2022-10-13",
          "time": "04:35:58",
          "terminate": "false"
        },
        {
          "speaker": "speaker1",
          "personaID": "21605",
          "participantID": "0719",
          "utterance": "그럼 보통 집에 가서 뭐하시는 편이세요?",
          "summary": "",
          "date": "2022-10-13",
          "time": "04:36:42",
          "terminate": "false"
        },
        {
          "speaker": "speaker2",
          "personaID": "20975",
          "participantID": "0662",
          "utterance": "음.. 가끔 스릴러 영화를 보는편이에요. 그렇게 스트레스를 풀곤 하거든요.",
          "summary": "나는 가끔 스릴러 영화를 본다.",
          "date": "2022-10-13",
          "time": "04:37:29",
          "terminate": "false"
        },
        {
          "speaker": "speaker1",
          "personaID": "21605",
          "participantID": "0719",
          "utterance": "아 그러시군요.. 한번 반려동물 입양 알아보시는건 어때요? 일단 전 저녁먹으러 가볼게요! 나중에 봬요.",
          "summary": "",
          "date": "2022-10-13",
          "time": "04:39:24",
          "terminate": "false"
        },
        {
          "speaker": "speaker2",
          "personaID": "20975",
          "participantID": "0662",
          "utterance": "네 좋아요! 한번 알아봐야겠어요. 또 얘기해요!",
          "summary": "나는 반려동물 입양에 관심이 있다.",
          "date": "2022-10-13",
          "time": "04:41:18",
          "terminate": "true"
        }
      ],
      "sessionPersonaSummary": {
        "speaker1": [
          "나는 고슴도치들에게 유대감을 느낀다."
        ],
        "speaker2": [
          "나는 혼자서 산다.",
          "나는 가끔 스릴러 영화를 본다.",
          "나는 반려동물 입양에 관심이 있다."
        ]
      },
      "prevAggregatedpersonaSummary": {
        "speaker1": [
          "나는 20대 여성이다.",
          "나는 수리과학부 전공이다. 나는 대학생이다.",
          "나는 가끔 비올라 연주를 한다.",
          "나는 고슴도치 두 마리를 키운다."
        ],
        "speaker2": [
          "나는 20대 남성이다. 나는 대학생이다.",
          "나는 관현악 전공이다. 나는 음대를 다닌다.",
          "나는 다소 소극적이다."
        ]
      }
    },
    {
      "prevSessionID": "4-00541-2",
      "prevTimeInfo": {
        "timeNum": "1",
        "timeUnit": "주"
      },
      "nthSession": "3",
      "numberOfUtterances": "14",
      "numberOfTurns": "7",
      "sessionID": "4-00541-3",
      "dialog": [
        {
          "speaker": "speaker1",
          "personaID": "21605",
          "participantID": "0719",
          "utterance": "안녕하세요~ 벌써 일주일이나 지났네요. 잘 지내셨나요?",
          "summary": "",
          "date": "2022-10-13",
          "time": "04:41:54",
          "terminate": "false"
        },
        {
          "speaker": "speaker2",
          "personaID": "20975",
          "participantID": "0662",
          "utterance": "네~ 저는 저번에 얘기나왔던 반려동물을 키우려고 알아보고 다녔어요.",
          "summary": "나는 반려동물 입양을 알아봤다.",
          "date": "2022-10-13",
          "time": "04:42:58",
          "terminate": "false"
        },
        {
          "speaker": "speaker1",
          "personaID": "21605",
          "participantID": "0719",
          "utterance": "아 그러셨어요? 어떤 동물 키우시기로 하셨나요?",
          "summary": "",
          "date": "2022-10-13",
          "time": "04:43:29",
          "terminate": "false"
        },
        {
          "speaker": "speaker2",
          "personaID": "20975",
          "participantID": "0662",
          "utterance": "저도 고슴도치를 키워볼까 생각중이였는데, 아무래도 요즘 코로나 때문에 힘들 것 같더라구요.",
          "summary": "",
          "date": "2022-10-13",
          "time": "04:44:36",
          "terminate": "false"
        },
        {
          "speaker": "speaker1",
          "personaID": "21605",
          "participantID": "0719",
          "utterance": "앗 정말요? 코로나 때문에요? 왜요...?",
          "summary": "",
          "date": "2022-10-13",
          "time": "04:44:58",
          "terminate": "false"
        },
        {
          "speaker": "speaker2",
          "personaID": "20975",
          "participantID": "0662",
          "utterance": "네, 요즘 매장을 방역하느라 손님들을 못받고 있대요.",
          "summary": "나는 입양을 하려 했으나 방역 때문에 방문하지 못했다.",
          "date": "2022-10-13",
          "time": "04:45:31",
          "terminate": "false"
        },
        {
          "speaker": "speaker1",
          "personaID": "21605",
          "participantID": "0719",
          "utterance": "아 그렇군요. ㅠㅠ 직접 보시면서 얘기도 들으셔야 키울 수 있을지 예상이 될텐데요..",
          "summary": "",
          "date": "2022-10-13",
          "time": "04:47:18",
          "terminate": "false"
        },
        {
          "speaker": "speaker2",
          "personaID": "20975",
          "participantID": "0662",
          "utterance": "네 맞아요. 그래서 대면입양이 가능한 곳을 찾고 있는데 쉽지 않네요.",
          "summary": "",
          "date": "2022-10-13",
          "time": "04:47:53",
          "terminate": "false"
        },
        {
          "speaker": "speaker1",
          "personaID": "21605",
          "participantID": "0719",
          "utterance": "그럴것같네요.. 아무래도 방역하면 고슴도치들도 스트레스 받을테니까요. ㅠㅠ.",
          "summary": "",
          "date": "2022-10-13",
          "time": "04:49:08",
          "terminate": "false"
        },
        {
          "speaker": "speaker2",
          "personaID": "20975",
          "participantID": "0662",
          "utterance": "그러게요.. 얼른 코로나가 잠잠해졌으면 좋겠네요..ㅠㅠ.",
          "summary": "",
          "date": "2022-10-13",
          "time": "04:50:07",
          "terminate": "false"
        },
        {
          "speaker": "speaker1",
          "personaID": "21605",
          "participantID": "0719",
          "utterance": "그러게 말이에요. 방역시즌이 따로 있다고하니 며칠 지나면 방역 안하는날도 있을 거 같은데요?",
          "summary": "",
          "date": "2022-10-13",
          "time": "04:51:02",
          "terminate": "false"
        },
        {
          "speaker": "speaker2",
          "personaID": "20975",
          "participantID": "0662",
          "utterance": "앗 정말요? 방역시즌이 또 따로 있군요. 몰랐네요.ㅎㅎ.",
          "summary": "",
          "date": "2022-10-13",
          "time": "04:51:54",
          "terminate": "false"
        },
        {
          "speaker": "speaker1",
          "personaID": "21605",
          "participantID": "0719",
          "utterance": "네 그럼요! 조금 더 기다려보시면 괜찮을거 같아요.ㅎㅎ.",
          "summary": "",
          "date": "2022-10-13",
          "time": "04:52:27",
          "terminate": "false"
        },
        {
          "speaker": "speaker2",
          "personaID": "20975",
          "participantID": "0662",
          "utterance": "네, 그래야겠어요. 고마워요.ㅎㅎ.",
          "summary": "",
          "date": "2022-10-13",
          "time": "04:52:38",
          "terminate": "true"
        }
      ],
      "sessionPersonaSummary": {
        "speaker1": [],
        "speaker2": [
          "나는 반려동물 입양을 알아봤다.",
          "나는 입양을 하려 했으나 방역 때문에 방문하지 못했다."
        ]
      },
      "prevAggregatedpersonaSummary": {
        "speaker1": [
          "나는 20대 여성이다.",
          "나는 수리과학부 전공이다. 나는 대학생이다.",
          "나는 가끔 비올라 연주를 한다.",
          "나는 고슴도치 두 마리를 키운다.",
          "나는 고슴도치들에게 유대감을 느낀다."
        ],
        "speaker2": [
          "나는 20대 남성이다. 나는 대학생이다.",
          "나는 관현악 전공이다. 나는 음대를 다닌다.",
          "나는 다소 소극적이다.",
          "나는 혼자서 산다.",
          "나는 가끔 스릴러 영화를 본다.",
          "나는 반려동물 입양에 관심이 있다."
        ]
      }
    },
    {
      "prevSessionID": "4-00541-3",
      "prevTimeInfo": {
        "timeNum": "2",
        "timeUnit": "주"
      },
      "nthSession": "4",
      "numberOfUtterances": "14",
      "numberOfTurns": "7",
      "sessionID": "4-00541-4",
      "dialog": [
        {
          "speaker": "speaker1",
          "personaID": "21605",
          "participantID": "0719",
          "utterance": "안녕하세요~ 잘 지내셨어요? 벌써 2주나 지났네요!",
          "summary": "",
          "date": "2022-10-13",
          "time": "04:53:04",
          "terminate": "false"
        },
        {
          "speaker": "speaker2",
          "personaID": "20975",
          "participantID": "0662",
          "utterance": "네 반가워요~ 그러게요. 저는 잘 지냈어요. 잘 지내셨나요?",
          "summary": "",
          "date": "2022-10-13",
          "time": "04:53:17",
          "terminate": "false"
        },
        {
          "speaker": "speaker1",
          "personaID": "21605",
          "participantID": "0719",
          "utterance": "네,ㅎㅎ 방역시즌 지났던데, 혹시 입양 하셨어요?",
          "summary": "",
          "date": "2022-10-13",
          "time": "04:53:42",
          "terminate": "false"
        },
        {
          "speaker": "speaker2",
          "personaID": "20975",
          "participantID": "0662",
          "utterance": "안그래도 말씀드리려고 했었는데! 네, 저도 고슴도치 두마리를 입양했어요.ㅎㅎ.",
          "summary": "나는 고슴도치 두 마리를 입양했다.",
          "date": "2022-10-13",
          "time": "04:54:01",
          "terminate": "false"
        },
        {
          "speaker": "speaker1",
          "personaID": "21605",
          "participantID": "0719",
          "utterance": "앗 정말요?ㅎㅎ 매장 가서 설명 잘 들으시고 입양하신건가요?",
          "summary": "",
          "date": "2022-10-13",
          "time": "04:55:02",
          "terminate": "false"
        },
        {
          "speaker": "speaker2",
          "personaID": "20975",
          "participantID": "0662",
          "utterance": "네.ㅎㅎ 한마리는 너무 심심해 할 것 같아서 같이 지내던 두마리를 함께 입양했어요.",
          "summary": "",
          "date": "2022-10-13",
          "time": "04:55:23",
          "terminate": "false"
        },
        {
          "speaker": "speaker1",
          "personaID": "21605",
          "participantID": "0719",
          "utterance": "앗, 정말요? 너무 다행이네요! 어때요? 너무 행복하죠?",
          "summary": "",
          "date": "2022-10-13",
          "time": "04:55:55",
          "terminate": "false"
        },
        {
          "speaker": "speaker2",
          "personaID": "20975",
          "participantID": "0662",
          "utterance": "네, 요즘 저도 집에 가는게 너무 행복하네요. 근데 은근 손이 많이 가더라구요.",
          "summary": "",
          "date": "2022-10-13",
          "time": "04:56:59",
          "terminate": "false"
        },
        {
          "speaker": "speaker1",
          "personaID": "21605",
          "participantID": "0719",
          "utterance": "네 맞아요.ㅎㅎ 아무래도 초반이기도 해서 더 그럴거에요. 그러면서 친해지는거구요.ㅎㅎ.",
          "summary": "",
          "date": "2022-10-13",
          "time": "04:57:56",
          "terminate": "false"
        },
        {
          "speaker": "speaker2",
          "personaID": "20975",
          "participantID": "0662",
          "utterance": "아 그렇군요! 그러면서 친해진다는걸 몰랐네요.ㅎㅎ 알려주셔서 감사해요!",
          "summary": "",
          "date": "2022-10-13",
          "time": "04:58:57",
          "terminate": "false"
        },
        {
          "speaker": "speaker1",
          "personaID": "21605",
          "participantID": "0719",
          "utterance": "그럼 요즘은 집에 가면 주로 고슴도치들과 시간을 보내시겠네요.ㅎㅎ.",
          "summary": "",
          "date": "2022-10-13",
          "time": "04:59:37",
          "terminate": "false"
        },
        {
          "speaker": "speaker2",
          "personaID": "20975",
          "participantID": "0662",
          "utterance": "네 맞아요. 스릴러영화도 마지막으로 본것도 까마득한거같아요.ㅎㅎ.",
          "summary": "나는 고슴도치들을 입양 후 스릴러 영화를 보는 횟수가 줄었다.",
          "date": "2022-10-13",
          "time": "05:00:59",
          "terminate": "false"
        },
        {
          "speaker": "speaker1",
          "personaID": "21605",
          "participantID": "0719",
          "utterance": "앗 정말요?ㅎㅎ 그래도 나중엔 애들이랑 같이 봐도 되겠네요. 얘기 너무 즐거웠어요. 담에 봬요!",
          "summary": "",
          "date": "2022-10-13",
          "time": "05:02:28",
          "terminate": "false"
        },
        {
          "speaker": "speaker2",
          "personaID": "20975",
          "participantID": "0662",
          "utterance": "아, 그래도 되겠군요.ㅎㅎ 아이디어 감사해요. 네, 담에 또 얘기해요!",
          "summary": "",
          "date": "2022-10-13",
          "time": "05:03:52",
          "terminate": "true"
        }
      ],
      "sessionPersonaSummary": {
        "speaker1": [],
        "speaker2": [
          "나는 고슴도치 두 마리를 입양했다.",
          "나는 고슴도치들을 입양 후 스릴러 영화를 보는 횟수가 줄었다."
        ]
      },
      "prevAggregatedpersonaSummary": {
        "speaker1": [
          "나는 20대 여성이다.",
          "나는 수리과학부 전공이다. 나는 대학생이다.",
          "나는 가끔 비올라 연주를 한다.",
          "나는 고슴도치 두 마리를 키운다.",
          "나는 고슴도치들에게 유대감을 느낀다."
        ],
        "speaker2": [
          "나는 20대 남성이다. 나는 대학생이다.",
          "나는 관현악 전공이다. 나는 음대를 다닌다.",
          "나는 다소 소극적이다.",
          "나는 혼자서 산다.",
          "나는 가끔 스릴러 영화를 본다.",
          "나는 반려동물 입양에 관심이 있다.",
          "나는 반려동물 입양을 알아봤다.",
          "나는 입양을 하려 했으나 방역 때문에 방문하지 못했다."
        ]
      }
    }
  ]
}