{
  "FileInfo": {
    "filename": "K4-00362-CL69745-CP90372-08-11-S4.json",
    "sessionLevel": "4"
  },
  "participantsInfo": {
    "numberOfParticipants": "2",
    "speaker1": {
      "participantID": "21214",
      "gender": "여성",
      "age": "30대",
      "occupation": "서비스직",
      "bPlace": "서울/경기/인천",
      "gPlace": "서울/경기/인천",
      "rPlace": "서울/경기/인천",
      "educationLevel": "대졸"
    },
    "speaker2": {
      "participantID": "20198",
      "gender": "여성",
      "age": "30대",
      "occupation": "학생",
      "bPlace": "서울/경기/인천",
      "gPlace": "서울/경기/인천",
      "rPlace": "서울/경기/인천",
      "educationLevel": "대졸"
    }
  },
  "multisessionInfo": {
    "multisessionID": "4-00362"
  },
  "personaInfo": {
    "clInfo": {
      "personaID": "69745",
      "personaFeatures": [
        "나는 여자이다.",
        "나는 30대이다.",
        "나는 중국어 공부를 싫어한다.",
        "나의 생일은 10월이다.",
        "나는 요즘, 생각하는 것이 귀찮다.",
        "나는 화분에 물 주는 것을 싫어한다."
      ],
      "speakerType": "speaker1"
    },
    "cpInfo": {
      "personaID": "90372",
      "personaFeatures": [
        "나는 여자이다.",
        "나는 30대이다.",
        "나는 여름을 싫어한다.",
        "나는 주말에 요리를 한다.",
        "나는 에어로빅을 자주 한다.",
        "나는 블루베리를 좋아한다.",
        "나는 혈액형이 B형이다."
      ],
      "speakerType": "speaker2"
    }
  },
  "topicInfo": {
    "topicID": "08-11",
    "topicType": "개인 및 관계>연애/결혼",
    "topicTitle": "혼수"
  },
  "sessionInfo": [
    {
      "prevSessionID": null,
      "prevTimeInfo": {
        "timeNum": null,
        "timeUnit": null
      },
      "nthSession": "1",
      "numberOfUtterances": "14",
      "numberOfTurns": "7",
      "sessionID": "4-00362-1",
      "dialog": [
        {
          "speaker": "speaker1",
          "personaID": "69745",
          "participantID": "21214",
          "utterance": "반갑습니다! 저는 30대 여성입니다~ 간단한 소개 부탁드려요.",
          "summary": "나는 30대 여성이다.",
          "date": "2022-11-23",
          "time": "23:56:09",
          "terminate": "false"
        },
        {
          "speaker": "speaker2",
          "personaID": "90372",
          "participantID": "20198",
          "utterance": "안녕하세요 저는 30대 여자입니다. 반가워요^^",
          "summary": "나는 30대 여성이다.",
          "date": "2022-11-23",
          "time": "23:56:22",
          "terminate": "false"
        },
        {
          "speaker": "speaker1",
          "personaID": "69745",
          "participantID": "21214",
          "utterance": "즐거운 대화합시당 혹시 선생님은 혈액형이 뭐에요~~??",
          "summary": "",
          "date": "2022-11-23",
          "time": "23:56:23",
          "terminate": "false"
        },
        {
          "speaker": "speaker2",
          "personaID": "90372",
          "participantID": "20198",
          "utterance": "저는 B형입니다. 선생님은 어떤 날씨를 가장 싫어하세요?",
          "summary": "나는 혈액형이 B형이다.",
          "date": "2022-11-23",
          "time": "23:56:38",
          "terminate": "false"
        },
        {
          "speaker": "speaker1",
          "personaID": "69745",
          "participantID": "21214",
          "utterance": "저는 습한날씨를 싫어합니다! 선생님은요?",
          "summary": "나는 습한 날씨를 싫어한다.",
          "date": "2022-11-23",
          "time": "23:56:47",
          "terminate": "false"
        },
        {
          "speaker": "speaker2",
          "personaID": "90372",
          "participantID": "20198",
          "utterance": "저는 여름을 가장 싫어해요~~^^ 취미는 어떻게 되세요?",
          "summary": "나는 여름을 싫어한다.",
          "date": "2022-11-23",
          "time": "23:57:03",
          "terminate": "false"
        },
        {
          "speaker": "speaker1",
          "personaID": "69745",
          "participantID": "21214",
          "utterance": "저는 눕는게 취미입니다 ^^ 회사에서 중국어 자격증따라고 해서 중국어 공부중인데 너무 하기 싫어요 ㅠㅠ.",
          "summary": "나는 눕는 게 취미다. 나는 중국어 공부를 싫어한다.",
          "date": "2022-11-23",
          "time": "23:57:28",
          "terminate": "false"
        },
        {
          "speaker": "speaker2",
          "personaID": "90372",
          "participantID": "20198",
          "utterance": "그러시구나.. 하기싫은거 억지로 하면 더 안되던데..그래도 힘내세요~~ 저는 요즘 에어로빅을 자주 하는데 재밌어요!",
          "summary": "나는 에어로빅을 자주 한다.",
          "date": "2022-11-23",
          "time": "23:57:51",
          "terminate": "false"
        },
        {
          "speaker": "speaker1",
          "personaID": "69745",
          "participantID": "21214",
          "utterance": "요즘, 생각하는 것이 귀찮은데 멍만 때리고 싶어요 ㅠㅠ 에어로빅은 재밌어요?",
          "summary": "나는 요즘, 생각하는 것이 귀찮다. 나는 멍 때리고 싶다.",
          "date": "2022-11-23",
          "time": "23:58:24",
          "terminate": "false"
        },
        {
          "speaker": "speaker2",
          "personaID": "90372",
          "participantID": "20198",
          "utterance": "네 에어로빅 재밌어요 그렇게 귀찮을 때 재밌는걸 해보세요!",
          "summary": "나는 에어로빅이 재밌다.",
          "date": "2022-11-23",
          "time": "23:58:40",
          "terminate": "false"
        },
        {
          "speaker": "speaker1",
          "personaID": "69745",
          "participantID": "21214",
          "utterance": "네! 알겠습니다 ㅎㅎ 선생님은 생일이 언제에요?",
          "summary": "",
          "date": "2022-11-23",
          "time": "23:58:48",
          "terminate": "false"
        },
        {
          "speaker": "speaker2",
          "personaID": "90372",
          "participantID": "20198",
          "utterance": "저는 @생일@ 생일이에요 선생님은 생일이 언제에요?",
          "summary": "나의 생일은 @생일@이다.",
          "date": "2022-11-23",
          "time": "23:58:55",
          "terminate": "false"
        },
        {
          "speaker": "speaker1",
          "personaID": "69745",
          "participantID": "21214",
          "utterance": "저는 10월달이요!! ㅎㅎ 선생님은 주말에 주로 뭐하세요?",
          "summary": "나의 생일은 10월이다.",
          "date": "2022-11-23",
          "time": "23:59:06",
          "terminate": "false"
        },
        {
          "speaker": "speaker2",
          "personaID": "90372",
          "participantID": "20198",
          "utterance": "아 그러시구나 저는 주말에 요리를 해요~~ 내일 주말이라 오늘 장 보러 가야해서 마트에 다녀올게요!",
          "summary": "나는 주말에 요리를 한다.",
          "date": "2022-11-23",
          "time": "23:59:16",
          "terminate": "true"
        }
      ],
      "sessionPersonaSummary": {
        "speaker1": [
          "나는 30대 여성이다.",
          "나는 습한 날씨를 싫어한다.",
          "나는 눕는 게 취미다. 나는 중국어 공부를 싫어한다.",
          "나는 요즘, 생각하는 것이 귀찮다. 나는 멍 때리고 싶다.",
          "나의 생일은 10월이다."
        ],
        "speaker2": [
          "나는 30대 여성이다.",
          "나는 혈액형이 B형이다.",
          "나는 여름을 싫어한다.",
          "나는 에어로빅을 자주 한다.",
          "나는 에어로빅이 재밌다.",
          "나의 생일은 @생일@이다.",
          "나는 주말에 요리를 한다."
        ]
      },
      "prevAggregatedpersonaSummary": {
        "speaker1": [],
        "speaker2": []
      }
    },
    {
      "prevSessionID": "4-00362-1",
      "prevTimeInfo": {
        "timeNum": "4",
        "timeUnit": "시간"
      },
      "nthSession": "2",
      "numberOfUtterances": "14",
      "numberOfTurns": "7",
      "sessionID": "4-00362-2",
      "dialog": [
        {
          "speaker": "speaker1",
          "personaID": "69745",
          "participantID": "21214",
          "utterance": "4 시간이 지났어요~! 장은 잘 보셨어요~?",
          "summary": "",
          "date": "2022-11-23",
          "time": "23:59:22",
          "terminate": "false"
        },
        {
          "speaker": "speaker2",
          "personaID": "90372",
          "participantID": "20198",
          "utterance": "네 잘 보고 왔어요^^ 선생님은 결혼 하셨나요?",
          "summary": "",
          "date": "2022-11-23",
          "time": "23:59:48",
          "terminate": "false"
        },
        {
          "speaker": "speaker1",
          "personaID": "69745",
          "participantID": "21214",
          "utterance": "네~ 저는 결혼했어요 선생님도 결혼 하셨어요??",
          "summary": "나는 결혼을 했다.",
          "date": "2022-11-23",
          "time": "23:59:58",
          "terminate": "false"
        },
        {
          "speaker": "speaker2",
          "personaID": "90372",
          "participantID": "20198",
          "utterance": "저도 결혼 했어요^^ 한달 전에 결혼해서 완전 신혼이에요^^",
          "summary": "나는 결혼을 했다.",
          "date": "2022-11-24",
          "time": "00:00:12",
          "terminate": "false"
        },
        {
          "speaker": "speaker1",
          "personaID": "69745",
          "participantID": "21214",
          "utterance": "어머 신혼이면 좋을때네요 ^^ 그럼 결혼때 혼수도 했어요?",
          "summary": "",
          "date": "2022-11-24",
          "time": "00:00:28",
          "terminate": "false"
        },
        {
          "speaker": "speaker2",
          "personaID": "90372",
          "participantID": "20198",
          "utterance": "양가 어르신들의 뜻을 반영하여 혼수는 생략 했어요~",
          "summary": "나는 혼수를 생략했다.",
          "date": "2022-11-24",
          "time": "00:00:41",
          "terminate": "false"
        },
        {
          "speaker": "speaker1",
          "personaID": "69745",
          "participantID": "21214",
          "utterance": "요즘 혼수 생략한다는 사람들이 많더라구요~! ㅋㅋ.",
          "summary": "",
          "date": "2022-11-24",
          "time": "00:01:02",
          "terminate": "false"
        },
        {
          "speaker": "speaker2",
          "personaID": "90372",
          "participantID": "20198",
          "utterance": "네 맞아요^^ 그나저나 얼마나 연애 하다가 결혼에 골인 하셨어요?",
          "summary": "",
          "date": "2022-11-24",
          "time": "00:01:15",
          "terminate": "false"
        },
        {
          "speaker": "speaker1",
          "personaID": "69745",
          "participantID": "21214",
          "utterance": "네~ 10년 만나고 결혼했어요 첫남자에요!",
          "summary": "나는 연애 10년 하고 결혼했다. 나는 남편이 첫 남자이다.",
          "date": "2022-11-24",
          "time": "00:01:27",
          "terminate": "false"
        },
        {
          "speaker": "speaker2",
          "personaID": "90372",
          "participantID": "20198",
          "utterance": "와 대박 진짜 오래 연애 하셨네요..저는 나이가 있어서 1년 연애 하고 결혼했거든요~",
          "summary": "",
          "date": "2022-11-24",
          "time": "00:01:54",
          "terminate": "false"
        },
        {
          "speaker": "speaker1",
          "personaID": "69745",
          "participantID": "21214",
          "utterance": "그렇군요 선생님은 아이 계획도 있나요?",
          "summary": "",
          "date": "2022-11-24",
          "time": "00:02:02",
          "terminate": "false"
        },
        {
          "speaker": "speaker2",
          "personaID": "90372",
          "participantID": "20198",
          "utterance": "네 당연히 있죠^^ 그런데 신혼을 조금 더 즐기다가 계획 하려구요^^",
          "summary": "",
          "date": "2022-11-24",
          "time": "00:02:14",
          "terminate": "false"
        },
        {
          "speaker": "speaker1",
          "personaID": "69745",
          "participantID": "21214",
          "utterance": "즐기다가 갑자기 훅 생길수도 있어요~! 저 잠시 외출하고 올께요!",
          "summary": "나는 외출을 하러 간다.",
          "date": "2022-11-24",
          "time": "00:02:28",
          "terminate": "false"
        },
        {
          "speaker": "speaker2",
          "personaID": "90372",
          "participantID": "20198",
          "utterance": "하하 그러면 어쩔 수 없죠^^ 외출 잘 다녀오세요~~",
          "summary": "",
          "date": "2022-11-24",
          "time": "00:02:41",
          "terminate": "true"
        }
      ],
      "sessionPersonaSummary": {
        "speaker1": [
          "나는 결혼을 했다.",
          "나는 연애 10년 하고 결혼했다. 나는 남편이 첫 남자이다.",
          "나는 외출을 하러 간다."
        ],
        "speaker2": [
          "나는 결혼을 했다.",
          "나는 혼수를 생략했다."
        ]
      },
      "prevAggregatedpersonaSummary": {
        "speaker1": [
          "나는 30대 여성이다.",
          "나는 습한 날씨를 싫어한다.",
          "나는 눕는 게 취미다. 나는 중국어 공부를 싫어한다.",
          "나는 요즘, 생각하는 것이 귀찮다. 나는 멍 때리고 싶다.",
          "나의 생일은 10월이다."
        ],
        "speaker2": [
          "나는 30대 여성이다.",
          "나는 혈액형이 B형이다.",
          "나는 여름을 싫어한다.",
          "나는 에어로빅을 자주 한다.",
          "나는 에어로빅이 재밌다.",
          "나의 생일은 @생일@이다.",
          "나는 주말에 요리를 한다."
        ]
      }
    },
    {
      "prevSessionID": "4-00362-2",
      "prevTimeInfo": {
        "timeNum": "1",
        "timeUnit": "일"
      },
      "nthSession": "3",
      "numberOfUtterances": "14",
      "numberOfTurns": "7",
      "sessionID": "4-00362-3",
      "dialog": [
        {
          "speaker": "speaker1",
          "personaID": "69745",
          "participantID": "21214",
          "utterance": "어제 잘 잤나요? 오늘 주말인데 요리 안해요??",
          "summary": "",
          "date": "2022-11-24",
          "time": "00:02:49",
          "terminate": "false"
        },
        {
          "speaker": "speaker2",
          "personaID": "90372",
          "participantID": "20198",
          "utterance": "요리는 진작 다 했죠 요리 하고 시간 나서 대화 하는거에요~~^^",
          "summary": "",
          "date": "2022-11-24",
          "time": "00:03:20",
          "terminate": "false"
        },
        {
          "speaker": "speaker1",
          "personaID": "69745",
          "participantID": "21214",
          "utterance": "오늘은 어떤 요리를 하셨나요~~??",
          "summary": "",
          "date": "2022-11-24",
          "time": "00:03:29",
          "terminate": "false"
        },
        {
          "speaker": "speaker2",
          "personaID": "90372",
          "participantID": "20198",
          "utterance": "오늘은 남편이 된장찌개 먹고싶다고해서 미니 돈까스에 된장찌개 해줬어요~",
          "summary": "나는 된장찌개를 만들었다.",
          "date": "2022-11-24",
          "time": "00:03:53",
          "terminate": "false"
        },
        {
          "speaker": "speaker1",
          "personaID": "69745",
          "participantID": "21214",
          "utterance": "그렇군요~ 요리하는걸 원래 좋아하는거에요???",
          "summary": "",
          "date": "2022-11-24",
          "time": "00:04:02",
          "terminate": "false"
        },
        {
          "speaker": "speaker2",
          "personaID": "90372",
          "participantID": "20198",
          "utterance": "네 원래 요리하는걸 좋아해요~~^^ 남편이 제 요리실력에 반했어요ㅋㅋ.",
          "summary": "나의 요리실력에 남편은 반했다.",
          "date": "2022-11-24",
          "time": "00:04:22",
          "terminate": "false"
        },
        {
          "speaker": "speaker1",
          "personaID": "69745",
          "participantID": "21214",
          "utterance": "오~ 저도 한번 먹어 보고 싶네요 제일 잘하는 요리가 뭐에요?",
          "summary": "",
          "date": "2022-11-24",
          "time": "00:04:31",
          "terminate": "false"
        },
        {
          "speaker": "speaker2",
          "personaID": "90372",
          "participantID": "20198",
          "utterance": "저는 한식을 좋아해서 한식 쪽으로 강해요!",
          "summary": "나는 한식 요리를 잘한다.",
          "date": "2022-11-24",
          "time": "00:04:42",
          "terminate": "false"
        },
        {
          "speaker": "speaker1",
          "personaID": "69745",
          "participantID": "21214",
          "utterance": "그렇군요 저는 요리를 잘 못하거든요..ㅋㅋ 남편이 맨날 밖에서 먹고 들어와요.",
          "summary": "나는 요리를 못 한다.",
          "date": "2022-11-24",
          "time": "00:04:56",
          "terminate": "false"
        },
        {
          "speaker": "speaker2",
          "personaID": "90372",
          "participantID": "20198",
          "utterance": "ㅋㅋㅋㅋ 선생님 요즘 레시피 다 나오는데... 그대로 해보세요ㅠㅠ.",
          "summary": "",
          "date": "2022-11-24",
          "time": "00:05:08",
          "terminate": "false"
        },
        {
          "speaker": "speaker1",
          "personaID": "69745",
          "participantID": "21214",
          "utterance": "그대로 해도 손맛이라는게..ㅋㅋㅋ 저는 그닥 맛있지는 않더라구요 ㅋㅋ.",
          "summary": "",
          "date": "2022-11-24",
          "time": "00:05:26",
          "terminate": "false"
        },
        {
          "speaker": "speaker2",
          "personaID": "90372",
          "participantID": "20198",
          "utterance": "하긴..레시피 보고 해도 맛없는 경우도 있을 수 있죠ㅋㅋ.",
          "summary": "",
          "date": "2022-11-24",
          "time": "00:05:46",
          "terminate": "false"
        },
        {
          "speaker": "speaker1",
          "personaID": "69745",
          "participantID": "21214",
          "utterance": "그러게요 ㅎㅎ 오늘 날씨가 좋아서 창문열고 청소를 해야겠네요.",
          "summary": "나는 청소를 한다.",
          "date": "2022-11-24",
          "time": "00:05:56",
          "terminate": "false"
        },
        {
          "speaker": "speaker2",
          "personaID": "90372",
          "participantID": "20198",
          "utterance": "네 그럼 청소 잘 하시구요 시간나면 또 대화 나눠요~",
          "summary": "",
          "date": "2022-11-24",
          "time": "00:06:13",
          "terminate": "true"
        }
      ],
      "sessionPersonaSummary": {
        "speaker1": [
          "나는 요리를 못 한다.",
          "나는 청소를 한다."
        ],
        "speaker2": [
          "나는 된장찌개를 만들었다.",
          "나의 요리실력에 남편은 반했다.",
          "나는 한식 요리를 잘한다."
        ]
      },
      "prevAggregatedpersonaSummary": {
        "speaker1": [
          "나는 30대 여성이다.",
          "나는 습한 날씨를 싫어한다.",
          "나는 눕는 게 취미다. 나는 중국어 공부를 싫어한다.",
          "나는 요즘, 생각하는 것이 귀찮다. 나는 멍 때리고 싶다.",
          "나의 생일은 10월이다.",
          "나는 결혼을 했다.",
          "나는 연애 10년 하고 결혼했다. 나는 남편이 첫 남자이다.",
          "나는 외출을 하러 간다."
        ],
        "speaker2": [
          "나는 30대 여성이다.",
          "나는 혈액형이 B형이다.",
          "나는 여름을 싫어한다.",
          "나는 에어로빅을 자주 한다.",
          "나는 에어로빅이 재밌다.",
          "나의 생일은 @생일@이다.",
          "나는 주말에 요리를 한다.",
          "나는 결혼을 했다.",
          "나는 혼수를 생략했다."
        ]
      }
    },
    {
      "prevSessionID": "4-00362-3",
      "prevTimeInfo": {
        "timeNum": "4",
        "timeUnit": "시간"
      },
      "nthSession": "4",
      "numberOfUtterances": "14",
      "numberOfTurns": "7",
      "sessionID": "4-00362-4",
      "dialog": [
        {
          "speaker": "speaker1",
          "personaID": "69745",
          "participantID": "21214",
          "utterance": "4시간동안 청소하는데 힘들어 죽겠네요 ㅋㅋㅋ.",
          "summary": "",
          "date": "2022-11-24",
          "time": "00:06:15",
          "terminate": "false"
        },
        {
          "speaker": "speaker2",
          "personaID": "90372",
          "participantID": "20198",
          "utterance": "4시간동안이나 청소하셨으면 정말 힘들긴 하겠네요..",
          "summary": "",
          "date": "2022-11-24",
          "time": "00:06:28",
          "terminate": "false"
        },
        {
          "speaker": "speaker1",
          "personaID": "69745",
          "participantID": "21214",
          "utterance": "완전 대청소했어요~! 그래도 기분이 상쾌하네요 ㅎㅎ.",
          "summary": "나는 대청소를 했다. 나는 기분이 상쾌하다.",
          "date": "2022-11-24",
          "time": "00:06:39",
          "terminate": "false"
        },
        {
          "speaker": "speaker2",
          "personaID": "90372",
          "participantID": "20198",
          "utterance": "그렇다면 다행이네요~~ 힘들어도 상쾌하면 그 힘든것도 없어지잖아요 그쵸?ㅋㅋ.",
          "summary": "",
          "date": "2022-11-24",
          "time": "00:06:53",
          "terminate": "false"
        },
        {
          "speaker": "speaker1",
          "personaID": "69745",
          "participantID": "21214",
          "utterance": "맞아요 이제 이불만 다 돌아가면 끝이에요! 뭐하고 있어요?",
          "summary": "",
          "date": "2022-11-24",
          "time": "00:07:07",
          "terminate": "false"
        },
        {
          "speaker": "speaker2",
          "personaID": "90372",
          "participantID": "20198",
          "utterance": "저는 @동영상@ 에어로빅 영상 보면서 남편이랑 에어로빅 하고 있었어요~",
          "summary": "나는 남편이랑 에어로빅을 하고 있었다.",
          "date": "2022-11-24",
          "time": "00:07:25",
          "terminate": "false"
        },
        {
          "speaker": "speaker1",
          "personaID": "69745",
          "participantID": "21214",
          "utterance": "ㅋㅋ그렇군요~! 저는 요즘 생각하는게 너무 귀찮아서 생각을 안했더니 뇌가 굳는 기분이에요?",
          "summary": "나는 뇌가 굳는 기분이다.",
          "date": "2022-11-24",
          "time": "00:07:44",
          "terminate": "false"
        },
        {
          "speaker": "speaker2",
          "personaID": "90372",
          "participantID": "20198",
          "utterance": "그럼 생각을 좀 해보세요.. 보드 게임 중 루미큐브 있는데 그거 해보세요!",
          "summary": "",
          "date": "2022-11-24",
          "time": "00:07:55",
          "terminate": "false"
        },
        {
          "speaker": "speaker1",
          "personaID": "69745",
          "participantID": "21214",
          "utterance": "그러게요.. 아니 저 스도쿠를 해보려구요~ ㅋㅋ.",
          "summary": "나는 스도쿠를 해보려 한다.",
          "date": "2022-11-24",
          "time": "00:08:18",
          "terminate": "false"
        },
        {
          "speaker": "speaker2",
          "personaID": "90372",
          "participantID": "20198",
          "utterance": "오 저는 그거 어려워서 잘 못하겠더라구요..ㅋㅋ.",
          "summary": "나는 스도쿠를 잘 못한다.",
          "date": "2022-11-24",
          "time": "00:08:33",
          "terminate": "false"
        },
        {
          "speaker": "speaker1",
          "personaID": "69745",
          "participantID": "21214",
          "utterance": "저도 한번도 해본적이 없는데 이렇게라도 머리를 써야겠어요 ㅋㅋ.",
          "summary": "나는 스도쿠를 해본 적이 없다.",
          "date": "2022-11-24",
          "time": "00:08:56",
          "terminate": "false"
        },
        {
          "speaker": "speaker2",
          "personaID": "90372",
          "participantID": "20198",
          "utterance": "그래요 그러다가 진짜 뇌 굳으면 큰일나니까..뭐라도해보세요ㅠㅠ.",
          "summary": "",
          "date": "2022-11-24",
          "time": "00:09:09",
          "terminate": "false"
        },
        {
          "speaker": "speaker1",
          "personaID": "69745",
          "participantID": "21214",
          "utterance": "네 ㅎㅎ 그럼 저는 스도쿠를 해보러 갈께요~",
          "summary": "",
          "date": "2022-11-24",
          "time": "00:09:18",
          "terminate": "false"
        },
        {
          "speaker": "speaker2",
          "personaID": "90372",
          "participantID": "20198",
          "utterance": "네 선생님 잘 하고 오세요 오늘 대화 즐거웠습니당.",
          "summary": "",
          "date": "2022-11-24",
          "time": "00:09:27",
          "terminate": "true"
        }
      ],
      "sessionPersonaSummary": {
        "speaker1": [
          "나는 대청소를 했다. 나는 기분이 상쾌하다.",
          "나는 뇌가 굳는 기분이다.",
          "나는 스도쿠를 해보려 한다.",
          "나는 스도쿠를 해본 적이 없다."
        ],
        "speaker2": [
          "나는 남편이랑 에어로빅을 하고 있었다.",
          "나는 스도쿠를 잘 못한다."
        ]
      },
      "prevAggregatedpersonaSummary": {
        "speaker1": [
          "나는 30대 여성이다.",
          "나는 습한 날씨를 싫어한다.",
          "나는 눕는 게 취미다. 나는 중국어 공부를 싫어한다.",
          "나는 요즘, 생각하는 것이 귀찮다. 나는 멍 때리고 싶다.",
          "나의 생일은 10월이다.",
          "나는 결혼을 했다.",
          "나는 연애 10년 하고 결혼했다. 나는 남편이 첫 남자이다.",
          "나는 외출을 하러 간다.",
          "나는 요리를 못 한다.",
          "나는 청소를 한다."
        ],
        "speaker2": [
          "나는 30대 여성이다.",
          "나는 혈액형이 B형이다.",
          "나는 여름을 싫어한다.",
          "나는 에어로빅을 자주 한다.",
          "나는 에어로빅이 재밌다.",
          "나의 생일은 @생일@이다.",
          "나는 주말에 요리를 한다.",
          "나는 결혼을 했다.",
          "나는 혼수를 생략했다.",
          "나는 된장찌개를 만들었다.",
          "나의 요리실력에 남편은 반했다.",
          "나는 한식 요리를 잘한다."
        ]
      }
    }
  ]
}