{
  "FileInfo": {
    "filename": "K4-00137-CL35794-CP52493-17-04-S4.json",
    "sessionLevel": "4"
  },
  "participantsInfo": {
    "numberOfParticipants": "2",
    "speaker1": {
      "participantID": "4243",
      "gender": "여성",
      "age": "30대",
      "occupation": "무직",
      "bPlace": "부산/대구/울산/경상",
      "gPlace": "대전/세종/충청/강원",
      "rPlace": "서울/경기/인천",
      "educationLevel": "대졸"
    },
    "speaker2": {
      "participantID": "3886",
      "gender": "남성",
      "age": "40대",
      "occupation": "자영업",
      "bPlace": "부산/대구/울산/경상",
      "gPlace": "부산/대구/울산/경상",
      "rPlace": "부산/대구/울산/경상",
      "educationLevel": "대졸"
    }
  },
  "multisessionInfo": {
    "multisessionID": "4-00137"
  },
  "personaInfo": {
    "clInfo": {
      "personaID": "35794",
      "personaFeatures": [
        "나는 여자이다.",
        "나는 30대이다.",
        "나는 멜로 영화를 가끔 본다",
        "나는 건축학과를 전공했다",
        "나는 저녁에 청소를 한다",
        "나의 생일은 12월이다",
        "나는 비 오는 날씨를 싫어한다"
      ],
      "speakerType": "speaker1"
    },
    "cpInfo": {
      "personaID": "52493",
      "personaFeatures": [
        "나는 남자이다.",
        "나는 50대이다.",
        "나는 항해사이다",
        "나는 배를 안 먹는다",
        "나는 요즘, 자주 부끄러운 감정이 든다",
        "나는 태블릿 PC에 관심 없다"
      ],
      "speakerType": "speaker2"
    }
  },
  "topicInfo": {
    "topicID": "17-04",
    "topicType": "미용과 건강>건강",
    "topicTitle": "질병"
  },
  "sessionInfo": [
    {
      "prevSessionID": null,
      "prevTimeInfo": {
        "timeNum": null,
        "timeUnit": null
      },
      "nthSession": "1",
      "numberOfUtterances": "14",
      "numberOfTurns": "7",
      "sessionID": "4-00137-1",
      "dialog": [
        {
          "speaker": "speaker1",
          "personaID": "35794",
          "participantID": "4243",
          "utterance": "안녕하세요 저는 30대 여성입니다",
          "summary": "나는 30대 여성이다",
          "date": "2022-11-25",
          "time": "16:05:43",
          "terminate": "false"
        },
        {
          "speaker": "speaker2",
          "personaID": "52493",
          "participantID": "3886",
          "utterance": "안녕하세요.저는 50대 남성입니다",
          "summary": "나는 50대 남성이다",
          "date": "2022-11-25",
          "time": "16:06:15",
          "terminate": "false"
        },
        {
          "speaker": "speaker1",
          "personaID": "35794",
          "participantID": "4243",
          "utterance": "저는 건축학과를 전공했어요 무슨 일 하세요?",
          "summary": "나는 건축학과를 전공했다",
          "date": "2022-11-25",
          "time": "16:07:55",
          "terminate": "false"
        },
        {
          "speaker": "speaker2",
          "personaID": "52493",
          "participantID": "3886",
          "utterance": "저는 항해사입니다.일년의 절반이상을 바다에 살죠",
          "summary": "나는 항해사이다",
          "date": "2022-11-25",
          "time": "16:09:36",
          "terminate": "false"
        },
        {
          "speaker": "speaker1",
          "personaID": "35794",
          "participantID": "4243",
          "utterance": "멋진 직업이시네요!! 날씨가 정말 중요하겠어요~ 전 비오는 날씨를 싫어하는데 어떠세요?",
          "summary": "나는 비 오는 날을 싫어하다",
          "date": "2022-11-25",
          "time": "16:10:56",
          "terminate": "false"
        },
        {
          "speaker": "speaker2",
          "personaID": "52493",
          "participantID": "3886",
          "utterance": "저도 비 오는 날을 싫어합니다. 좋아하는 과일은 있습니까? 저는 과일은 다 좋은데 배는 안 먹습니다",
          "summary": "난 비오는 날을 싫어한다\n나는 배를 안 먹는다",
          "date": "2022-11-25",
          "time": "18:33:44",
          "terminate": "false"
        },
        {
          "speaker": "speaker1",
          "personaID": "35794",
          "participantID": "4243",
          "utterance": "전 과일은 다 좋아해요!ㅎㅎ 저녁엔 뭐하세요? 전 청소를 좀 하려고요~",
          "summary": "나는 과일을 좋아한다. 나는 저녁에 청소를 한다.",
          "date": "2022-11-25",
          "time": "18:46:56",
          "terminate": "false"
        },
        {
          "speaker": "speaker2",
          "personaID": "52493",
          "participantID": "3886",
          "utterance": "요즘 자주 부끄러운 감정이 들어서 자존감에 관한 책을 읽으려구요",
          "summary": "나는 요즘 자주 부끄러운 감정이 든다\n자존감에 관한 책을 읽을 예정이다",
          "date": "2022-11-25",
          "time": "18:50:37",
          "terminate": "false"
        },
        {
          "speaker": "speaker1",
          "personaID": "35794",
          "participantID": "4243",
          "utterance": "자존감을 키우는 거 정말 중요하죠!ㅎㅎ 전 12월이 생일이라 조만간 파티를 할 준비를 하려고요!",
          "summary": "나는 12월이 생일이다",
          "date": "2022-11-25",
          "time": "18:51:30",
          "terminate": "false"
        },
        {
          "speaker": "speaker2",
          "personaID": "52493",
          "participantID": "3886",
          "utterance": "미리 축하드립니다. 저는 폰으로 음악 듣는게 취미입니다.태블릿 pc보다 폰이 편해서 관심이 없어요!",
          "summary": "나는 휴대폰으로 음악을 듣는 게 취미이다. 나는 태블릿 pc에 관심이 없다.",
          "date": "2022-11-25",
          "time": "18:57:13",
          "terminate": "false"
        },
        {
          "speaker": "speaker1",
          "personaID": "35794",
          "participantID": "4243",
          "utterance": "맞아요~ 요즘엔 컴퓨터보다 휴대폰이 편리하죠! 저도 가끔 멜로 영화를 보는데 휴대폰으로 볼 때도 많아요~",
          "summary": "나는 휴대폰이 편리하다. 나는 가끔 멜로 영화를 본다.",
          "date": "2022-11-25",
          "time": "22:17:21",
          "terminate": "false"
        },
        {
          "speaker": "speaker2",
          "personaID": "52493",
          "participantID": "3886",
          "utterance": "그렇죠.태블릿에는 관심이 없어지더군요.",
          "summary": "나는 태블릿에는 관심이 없다",
          "date": "2022-11-26",
          "time": "06:37:51",
          "terminate": "false"
        },
        {
          "speaker": "speaker1",
          "personaID": "35794",
          "participantID": "4243",
          "utterance": "하긴 요즘 폰이 화면도 크고 기능도 좋아서 특별한 작업을 하는 게 아니면 휴대폰으로도 충분하죠!",
          "summary": "",
          "date": "2022-11-26",
          "time": "12:42:13",
          "terminate": "false"
        },
        {
          "speaker": "speaker2",
          "personaID": "52493",
          "participantID": "3886",
          "utterance": "제가 일이  있어서 나갔다 다시 얘기해요.",
          "summary": "",
          "date": "2022-11-26",
          "time": "18:30:57",
          "terminate": "true"
        }
      ],
      "sessionPersonaSummary": {
        "speaker1": [
          "나는 30대 여성이다",
          "나는 건축학과를 전공했다",
          "나는 비 오는 날을 싫어하다",
          "나는 과일을 좋아한다. 나는 저녁에 청소를 한다.",
          "나는 12월이 생일이다",
          "나는 휴대폰이 편리하다. 나는 가끔 멜로 영화를 본다."
        ],
        "speaker2": [
          "나는 50대 남성이다",
          "나는 항해사이다",
          "난 비오는 날을 싫어한다\n나는 배를 안 먹는다",
          "나는 요즘 자주 부끄러운 감정이 든다\n자존감에 관한 책을 읽을 예정이다",
          "나는 휴대폰으로 음악을 듣는 게 취미이다. 나는 태블릿 pc에 관심이 없다.",
          "나는 태블릿에는 관심이 없다"
        ]
      },
      "prevAggregatedpersonaSummary": {
        "speaker1": [],
        "speaker2": []
      }
    },
    {
      "prevSessionID": "4-00137-1",
      "prevTimeInfo": {
        "timeNum": "2",
        "timeUnit": "주"
      },
      "nthSession": "2",
      "numberOfUtterances": "14",
      "numberOfTurns": "7",
      "sessionID": "4-00137-2",
      "dialog": [
        {
          "speaker": "speaker1",
          "personaID": "35794",
          "participantID": "4243",
          "utterance": "2주만에 연락 드리네요~ 잘 지내셨나요?",
          "summary": "",
          "date": "2022-11-26",
          "time": "23:09:14",
          "terminate": "false"
        },
        {
          "speaker": "speaker2",
          "personaID": "52493",
          "participantID": "3886",
          "utterance": "네.날이 갑자기 추워졌군요.건강은 어떠십니까?",
          "summary": "",
          "date": "2022-11-27",
          "time": "08:39:55",
          "terminate": "false"
        },
        {
          "speaker": "speaker1",
          "personaID": "35794",
          "participantID": "4243",
          "utterance": "최근 알러지성 결막염으로 안과에 다녀왔어요",
          "summary": "나는 알러지성 결막염에 걸렸다",
          "date": "2022-11-27",
          "time": "13:02:39",
          "terminate": "false"
        },
        {
          "speaker": "speaker2",
          "personaID": "52493",
          "participantID": "3886",
          "utterance": "알러지 정말 괴롭죠.저는 알러지 비염이 있습니다.",
          "summary": "나는 알러지성 비염이 있다",
          "date": "2022-11-27",
          "time": "13:33:29",
          "terminate": "false"
        },
        {
          "speaker": "speaker1",
          "personaID": "35794",
          "participantID": "4243",
          "utterance": "비염도 정말 고생이겠네요ㅜ 전 이번에 처음 걸렸는데 환절기에 이런 질병을 앓는 사람들이 꽤 많더라고요!",
          "summary": "",
          "date": "2022-11-27",
          "time": "15:49:54",
          "terminate": "false"
        },
        {
          "speaker": "speaker2",
          "personaID": "52493",
          "participantID": "3886",
          "utterance": "환절기에도 그렇고 먼지 많은 곳에 가도 콧물 줄줄 납니다. 훌쩍 훌쩍 하려니 남들한테 민폐 끼지는 것 같기도 하고 스스로도 괴롭고 그렇네요.",
          "summary": "나는 비염으로 인해 괴롭다",
          "date": "2022-11-27",
          "time": "18:03:19",
          "terminate": "false"
        },
        {
          "speaker": "speaker1",
          "personaID": "35794",
          "participantID": "4243",
          "utterance": "비염은 완치가 어려운 질병이라 더욱 그런 기분이 드시겠어요ㅜ 그래도 님의 잘못은 아니니까 너무 자책하지 마세요~그때 부끄러운 감정이 들어서 자존감에 관한 책은 읽고 도움이 되셨나요?",
          "summary": "",
          "date": "2022-11-27",
          "time": "18:35:12",
          "terminate": "false"
        },
        {
          "speaker": "speaker2",
          "personaID": "52493",
          "participantID": "3886",
          "utterance": "네 생각의 전환이 필요한 것 같더라구요! 그리고 면역이 떨어지면 알러지도  더 심해지더군요. 님도 면역 강화에 신경 써 보십시오",
          "summary": "",
          "date": "2022-11-27",
          "time": "18:41:18",
          "terminate": "false"
        },
        {
          "speaker": "speaker1",
          "personaID": "35794",
          "participantID": "4243",
          "utterance": "면역력의 문제도 있는 거였군요! 면역력에 좋은 생활습관같은거 추천해주실 수 있나요?",
          "summary": "",
          "date": "2022-11-27",
          "time": "18:48:30",
          "terminate": "false"
        },
        {
          "speaker": "speaker2",
          "personaID": "52493",
          "participantID": "3886",
          "utterance": "저는 고용량 비타민 먹고 물을 자주 마셔요.",
          "summary": "나는 고용량 비타민을 먹고 물을 자주 마신다",
          "date": "2022-11-28",
          "time": "08:43:02",
          "terminate": "false"
        },
        {
          "speaker": "speaker1",
          "personaID": "35794",
          "participantID": "4243",
          "utterance": "고용량 비타민이 면역력 향상에 도움이 되는군요! 복합제재를 드시는건가요?",
          "summary": "",
          "date": "2022-11-28",
          "time": "10:15:58",
          "terminate": "false"
        },
        {
          "speaker": "speaker2",
          "personaID": "52493",
          "participantID": "3886",
          "utterance": "복합제재가 뭡니까? 저는 주는대로 먹고 있습니다",
          "summary": "",
          "date": "2022-11-28",
          "time": "11:13:06",
          "terminate": "false"
        },
        {
          "speaker": "speaker1",
          "personaID": "35794",
          "participantID": "4243",
          "utterance": "여러가지 비타민이 섞인 걸 말해요~ 아내분이 주로 챙겨주시는 걸로 드시나보네요~",
          "summary": "",
          "date": "2022-11-28",
          "time": "11:42:20",
          "terminate": "false"
        },
        {
          "speaker": "speaker2",
          "personaID": "52493",
          "participantID": "3886",
          "utterance": "비타민 acd 이런게 섞인 걸 말하나보군요.일이 있어서 다음에 또 대화해요",
          "summary": "",
          "date": "2022-11-28",
          "time": "13:10:59",
          "terminate": "true"
        }
      ],
      "sessionPersonaSummary": {
        "speaker1": [
          "나는 알러지성 결막염에 걸렸다"
        ],
        "speaker2": [
          "나는 알러지성 비염이 있다",
          "나는 비염으로 인해 괴롭다",
          "나는 고용량 비타민을 먹고 물을 자주 마신다"
        ]
      },
      "prevAggregatedpersonaSummary": {
        "speaker1": [
          "나는 30대 여성이다",
          "나는 건축학과를 전공했다",
          "나는 비 오는 날을 싫어하다",
          "나는 과일을 좋아한다. 나는 저녁에 청소를 한다.",
          "나는 12월이 생일이다",
          "나는 휴대폰이 편리하다. 나는 가끔 멜로 영화를 본다."
        ],
        "speaker2": [
          "나는 50대 남성이다",
          "나는 항해사이다",
          "난 비오는 날을 싫어한다\n나는 배를 안 먹는다",
          "나는 요즘 자주 부끄러운 감정이 든다\n자존감에 관한 책을 읽을 예정이다",
          "나는 휴대폰으로 음악을 듣는 게 취미이다. 나는 태블릿 pc에 관심이 없다.",
          "나는 태블릿에는 관심이 없다"
        ]
      }
    },
    {
      "prevSessionID": "4-00137-2",
      "prevTimeInfo": {
        "timeNum": "1",
        "timeUnit": "일"
      },
      "nthSession": "3",
      "numberOfUtterances": "14",
      "numberOfTurns": "7",
      "sessionID": "4-00137-3",
      "dialog": [
        {
          "speaker": "speaker1",
          "personaID": "35794",
          "participantID": "4243",
          "utterance": "하루만에 연락드리네요~ 비염은 좀 괜찮으세요?",
          "summary": "",
          "date": "2022-11-28",
          "time": "18:48:32",
          "terminate": "false"
        },
        {
          "speaker": "speaker2",
          "personaID": "52493",
          "participantID": "3886",
          "utterance": "네.저희 동네에 비가 내리기 시작하니 괜찮아지네요.님은 어떤가요?",
          "summary": "나는 비 오는 날은 비염이 괜찮아진다",
          "date": "2022-11-28",
          "time": "18:56:39",
          "terminate": "false"
        },
        {
          "speaker": "speaker1",
          "personaID": "35794",
          "participantID": "4243",
          "utterance": "오~ 비 오는 날은 좀 나은가보네요! 저도 아침 저녁으로 안약 넣었더니 좋아졌어요! 요즘 코로나가 다시 극성이라던데 괜찮으신가요?",
          "summary": "나는 아침저녁으로 안약을 넣었더니 좋아졌다.",
          "date": "2022-11-28",
          "time": "18:57:58",
          "terminate": "false"
        },
        {
          "speaker": "speaker2",
          "personaID": "52493",
          "participantID": "3886",
          "utterance": "다행히 괜찮습니다. 장에 탈이 났는지 배가 자주 아프네요",
          "summary": "나는 장에 탈이 난 것 같다",
          "date": "2022-11-28",
          "time": "19:01:16",
          "terminate": "false"
        },
        {
          "speaker": "speaker1",
          "personaID": "35794",
          "participantID": "4243",
          "utterance": "뭐 잘 못 드신게 있으신 건가요?",
          "summary": "",
          "date": "2022-11-28",
          "time": "19:03:03",
          "terminate": "false"
        },
        {
          "speaker": "speaker2",
          "personaID": "52493",
          "participantID": "3886",
          "utterance": "음식은 평소와 같이 먹었는데  그렇네요.제가 장이 좀 약합니다",
          "summary": "나는 장이 약하다",
          "date": "2022-11-28",
          "time": "19:22:31",
          "terminate": "false"
        },
        {
          "speaker": "speaker1",
          "personaID": "35794",
          "participantID": "4243",
          "utterance": "장이 약하면 면역력이 떨어진다고 하던데 비염이 장건강과 연관이 있을지도 모르겠네요! 유산균은 드시나요?",
          "summary": "",
          "date": "2022-11-28",
          "time": "22:45:38",
          "terminate": "false"
        },
        {
          "speaker": "speaker2",
          "personaID": "52493",
          "participantID": "3886",
          "utterance": "네.그것도 먹고 있습니다.바실러스 코아큘런스가 들어가 유산균은 안좋다더군요.",
          "summary": "나는 유산균을 먹는다",
          "date": "2022-11-29",
          "time": "07:18:24",
          "terminate": "false"
        },
        {
          "speaker": "speaker1",
          "personaID": "35794",
          "participantID": "4243",
          "utterance": "그건 어떤 유산균인가요? 처음 들어봐요!",
          "summary": "",
          "date": "2022-11-29",
          "time": "07:41:57",
          "terminate": "false"
        },
        {
          "speaker": "speaker2",
          "personaID": "52493",
          "participantID": "3886",
          "utterance": "유산균 성분  중에 바실러스코아귤런스란게 있는데 이게 실제 유산균 효능은 없으면서 균수 검사에서는 유산균으로 나온대요.보장균수 얼마얼마 하는 그 균수요.그래서 저가 유산균 만들 때 바실러스 코아귤런스를 넣어서 단가는 낮추면서 균수는 많은 것처럼 보이는 거죠.",
          "summary": "",
          "date": "2022-11-29",
          "time": "08:27:28",
          "terminate": "false"
        },
        {
          "speaker": "speaker1",
          "personaID": "35794",
          "participantID": "4243",
          "utterance": "가짜 유산균인 거네요!! 좋은 정보 감사해요! 성분을 볼 때 주의해서 보고 사야겠네요~",
          "summary": "나는 성분을 볼 때 주의해서 보고 살 것이다.",
          "date": "2022-11-29",
          "time": "12:44:16",
          "terminate": "false"
        },
        {
          "speaker": "speaker2",
          "personaID": "52493",
          "participantID": "3886",
          "utterance": "그렇죠.알고 먹어야 겠더군요.저도 아이 때문에 검색하다가 알게 됐습니다",
          "summary": "나는 유산균에 대해 알고 먹어야 한다고 생각한다",
          "date": "2022-11-29",
          "time": "12:45:49",
          "terminate": "false"
        },
        {
          "speaker": "speaker1",
          "personaID": "35794",
          "participantID": "4243",
          "utterance": "질좋은 유산균으로 잘 챙겨 드시고 장건강 좋아지시길 바라겠습니다!!ㅎㅎ",
          "summary": "",
          "date": "2022-11-29",
          "time": "12:51:01",
          "terminate": "false"
        },
        {
          "speaker": "speaker2",
          "personaID": "52493",
          "participantID": "3886",
          "utterance": "감사합니다.점심 먹고 다시 대화해요",
          "summary": "나는 점심을 먹는다",
          "date": "2022-11-29",
          "time": "12:53:06",
          "terminate": "true"
        }
      ],
      "sessionPersonaSummary": {
        "speaker1": [
          "나는 아침저녁으로 안약을 넣었더니 좋아졌다.",
          "나는 성분을 볼 때 주의해서 보고 살 것이다."
        ],
        "speaker2": [
          "나는 비 오는 날은 비염이 괜찮아진다",
          "나는 장에 탈이 난 것 같다",
          "나는 장이 약하다",
          "나는 유산균을 먹는다",
          "나는 유산균에 대해 알고 먹어야 한다고 생각한다",
          "나는 점심을 먹는다"
        ]
      },
      "prevAggregatedpersonaSummary": {
        "speaker1": [
          "나는 30대 여성이다",
          "나는 건축학과를 전공했다",
          "나는 비 오는 날을 싫어하다",
          "나는 과일을 좋아한다. 나는 저녁에 청소를 한다.",
          "나는 12월이 생일이다",
          "나는 휴대폰이 편리하다. 나는 가끔 멜로 영화를 본다.",
          "나는 알러지성 결막염에 걸렸다"
        ],
        "speaker2": [
          "나는 50대 남성이다",
          "나는 항해사이다",
          "난 비오는 날을 싫어한다\n나는 배를 안 먹는다",
          "나는 요즘 자주 부끄러운 감정이 든다\n자존감에 관한 책을 읽을 예정이다",
          "나는 휴대폰으로 음악을 듣는 게 취미이다. 나는 태블릿 pc에 관심이 없다.",
          "나는 태블릿에는 관심이 없다",
          "나는 알러지성 비염이 있다",
          "나는 비염으로 인해 괴롭다",
          "나는 고용량 비타민을 먹고 물을 자주 마신다"
        ]
      }
    },
    {
      "prevSessionID": "4-00137-3",
      "prevTimeInfo": {
        "timeNum": "5",
        "timeUnit": "일"
      },
      "nthSession": "4",
      "numberOfUtterances": "14",
      "numberOfTurns": "7",
      "sessionID": "4-00137-4",
      "dialog": [
        {
          "speaker": "speaker1",
          "personaID": "35794",
          "participantID": "4243",
          "utterance": "5일만에 연락드리네요 유산균은 구매하셨나요?",
          "summary": "",
          "date": "2022-11-29",
          "time": "17:11:33",
          "terminate": "false"
        },
        {
          "speaker": "speaker2",
          "personaID": "52493",
          "participantID": "3886",
          "utterance": "네.영양제만  몇십만원치 결제 됐더군요.",
          "summary": "나는 영양제를 많이 구매했다",
          "date": "2022-11-29",
          "time": "17:47:07",
          "terminate": "false"
        },
        {
          "speaker": "speaker1",
          "personaID": "35794",
          "participantID": "4243",
          "utterance": "요즘 영양제들 가격이 비싸긴 하죠~ 어떤 것들 구매하셨어요?",
          "summary": "",
          "date": "2022-11-29",
          "time": "17:48:48",
          "terminate": "false"
        },
        {
          "speaker": "speaker2",
          "personaID": "52493",
          "participantID": "3886",
          "utterance": "리포조말 형태의 고용량 비타민을 샀습니다",
          "summary": "나는 고용량 비타민을 샀다",
          "date": "2022-11-29",
          "time": "17:51:04",
          "terminate": "false"
        },
        {
          "speaker": "speaker1",
          "personaID": "35794",
          "participantID": "4243",
          "utterance": "요즘 유행하는 액상형태의 비타민을 말하는 건가요?",
          "summary": "",
          "date": "2022-11-29",
          "time": "19:27:02",
          "terminate": "false"
        },
        {
          "speaker": "speaker2",
          "personaID": "52493",
          "participantID": "3886",
          "utterance": "리포솜은 사람의 세포막과 구조가 유사한 걸로 알고 있습니다",
          "summary": "나는 리포솜이 사람의 세포와 구조가 유사한 걸로 알고 있다.",
          "date": "2022-11-29",
          "time": "19:36:36",
          "terminate": "false"
        },
        {
          "speaker": "speaker1",
          "personaID": "35794",
          "participantID": "4243",
          "utterance": "우와 신기하네요~ 체세포와 비슷하면 어떤 효능이 있나요? 흡수가 더 잘 되는 걸까요?",
          "summary": "",
          "date": "2022-11-29",
          "time": "19:46:04",
          "terminate": "false"
        },
        {
          "speaker": "speaker2",
          "personaID": "52493",
          "participantID": "3886",
          "utterance": "독성이나 부작용을 줄이고 치료 효과를 높인다고 합니다",
          "summary": "",
          "date": "2022-11-29",
          "time": "19:52:10",
          "terminate": "false"
        },
        {
          "speaker": "speaker1",
          "personaID": "35794",
          "participantID": "4243",
          "utterance": "비타민이라고 해서 가볍게 생각했는데 생각보다 효능이 좋은가보네요~ 질병예방에 도움이 많이 되겠어요 ㅎㅎ",
          "summary": "",
          "date": "2022-11-29",
          "time": "21:11:59",
          "terminate": "false"
        },
        {
          "speaker": "speaker2",
          "personaID": "52493",
          "participantID": "3886",
          "utterance": "자질구레한 병만 없어도 살 거 같습니다",
          "summary": "나는 잔병이 없으면 좋겠다",
          "date": "2022-11-29",
          "time": "21:15:21",
          "terminate": "false"
        },
        {
          "speaker": "speaker1",
          "personaID": "35794",
          "participantID": "4243",
          "utterance": "맞아요 진짜 잔병들이 사람을 예민하게 만드는 것 같아요 요즘처럼 추운 날씨엔 더욱 면역력 강화에 힘써야 해요",
          "summary": "",
          "date": "2022-11-29",
          "time": "21:37:00",
          "terminate": "false"
        },
        {
          "speaker": "speaker2",
          "personaID": "52493",
          "participantID": "3886",
          "utterance": "맞아요.건강을 지키기 위한 본인만의 팁 있습니까",
          "summary": "",
          "date": "2022-11-29",
          "time": "21:39:34",
          "terminate": "false"
        },
        {
          "speaker": "speaker1",
          "personaID": "35794",
          "participantID": "4243",
          "utterance": "전 아침에 꼭 스트레칭을 해요! 그래야 하루가 조금 더 개운하게 시작되더라고요!",
          "summary": "나는 아침에 꼭 스트레칭을 한다",
          "date": "2022-11-29",
          "time": "21:46:46",
          "terminate": "false"
        },
        {
          "speaker": "speaker2",
          "personaID": "52493",
          "participantID": "3886",
          "utterance": "저도 한 번 도전해봐야겠습니다.대화 즐거웠습니다",
          "summary": "",
          "date": "2022-11-29",
          "time": "21:55:34",
          "terminate": "true"
        }
      ],
      "sessionPersonaSummary": {
        "speaker1": [
          "나는 아침에 꼭 스트레칭을 한다"
        ],
        "speaker2": [
          "나는 영양제를 많이 구매했다",
          "나는 고용량 비타민을 샀다",
          "나는 리포솜이 사람의 세포와 구조가 유사한 걸로 알고 있다.",
          "나는 잔병이 없으면 좋겠다"
        ]
      },
      "prevAggregatedpersonaSummary": {
        "speaker1": [
          "나는 30대 여성이다",
          "나는 건축학과를 전공했다",
          "나는 비 오는 날을 싫어하다",
          "나는 과일을 좋아한다. 나는 저녁에 청소를 한다.",
          "나는 12월이 생일이다",
          "나는 휴대폰이 편리하다. 나는 가끔 멜로 영화를 본다.",
          "나는 알러지성 결막염에 걸렸다",
          "나는 아침저녁으로 안약을 넣었더니 좋아졌다.",
          "나는 성분을 볼 때 주의해서 보고 살 것이다."
        ],
        "speaker2": [
          "나는 50대 남성이다",
          "나는 항해사이다",
          "난 비오는 날을 싫어한다\n나는 배를 안 먹는다",
          "나는 요즘 자주 부끄러운 감정이 든다\n자존감에 관한 책을 읽을 예정이다",
          "나는 휴대폰으로 음악을 듣는 게 취미이다. 나는 태블릿 pc에 관심이 없다.",
          "나는 태블릿에는 관심이 없다",
          "나는 알러지성 비염이 있다",
          "나는 비염으로 인해 괴롭다",
          "나는 고용량 비타민을 먹고 물을 자주 마신다",
          "나는 비 오는 날은 비염이 괜찮아진다",
          "나는 장에 탈이 난 것 같다",
          "나는 장이 약하다",
          "나는 유산균을 먹는다",
          "나는 유산균에 대해 알고 먹어야 한다고 생각한다",
          "나는 점심을 먹는다"
        ]
      }
    }
  ]
}