{
  "FileInfo": {
    "filename": "K4-00322-CL91165-CP67123-04-14-S4.json",
    "sessionLevel": "4"
  },
  "participantsInfo": {
    "numberOfParticipants": "2",
    "speaker1": {
      "participantID": "31271",
      "gender": "남성",
      "age": "40대",
      "occupation": "기능직",
      "bPlace": "광주/전라/제주",
      "gPlace": "광주/전라/제주",
      "rPlace": "광주/전라/제주",
      "educationLevel": "고졸"
    },
    "speaker2": {
      "participantID": "31661",
      "gender": "남성",
      "age": "20대",
      "occupation": "학생",
      "bPlace": "서울/경기/인천",
      "gPlace": "서울/경기/인천",
      "rPlace": "서울/경기/인천",
      "educationLevel": "고졸"
    }
  },
  "multisessionInfo": {
    "multisessionID": "4-00322"
  },
  "personaInfo": {
    "clInfo": {
      "personaID": "91165",
      "personaFeatures": [
        "나는 남자이다.",
        "나는 40대이다.",
        "나는 힐링 여행을 좋아한다.",
        "나는 혈액형이 AB형이다.",
        "나는 매우 조용하다.",
        "나는 공항에 가는 것을 좋아한다."
      ],
      "speakerType": "speaker1"
    },
    "cpInfo": {
      "personaID": "67123",
      "personaFeatures": [
        "나는 남자이다.",
        "나는 20대이다.",
        "나는 서늘한 날씨를 좋아한다.",
        "나는 역사/문화 여행을 가끔 간다.",
        "나는 매우 부정적이다.",
        "나는 포도를 안 먹는다.",
        "나는 혈액형이 A형이다."
      ],
      "speakerType": "speaker2"
    }
  },
  "topicInfo": {
    "topicID": "04-14",
    "topicType": "일과 직업>회사/아르바이트",
    "topicTitle": "상사"
  },
  "sessionInfo": [
    {
      "prevSessionID": null,
      "prevTimeInfo": {
        "timeNum": null,
        "timeUnit": null
      },
      "nthSession": "1",
      "numberOfUtterances": "14",
      "numberOfTurns": "7",
      "sessionID": "4-00322-1",
      "dialog": [
        {
          "speaker": "speaker1",
          "personaID": "91165",
          "participantID": "31271",
          "utterance": "반가워라. 저는 40대 남자입니다. ㅎㅎ.",
          "summary": "나는 40대 남자이다.",
          "date": "2022-11-20",
          "time": "00:18:18",
          "terminate": "false"
        },
        {
          "speaker": "speaker2",
          "personaID": "67123",
          "participantID": "31661",
          "utterance": "안녕하세요. 저는 20대 남자인데. 반가워요~~",
          "summary": "나는 20대 남자이다.",
          "date": "2022-11-20",
          "time": "00:18:24",
          "terminate": "false"
        },
        {
          "speaker": "speaker1",
          "personaID": "91165",
          "participantID": "31271",
          "utterance": "ㅎㅎ. 그러면 서로 같이 잘 지내봐요~ 취미 있으세요?",
          "summary": "",
          "date": "2022-11-20",
          "time": "00:18:37",
          "terminate": "false"
        },
        {
          "speaker": "speaker2",
          "personaID": "67123",
          "participantID": "31661",
          "utterance": "저는 역사 여행을 가끔 가는데! 아저씨는요?",
          "summary": "나는 역사/문화 여행을 가끔 간다.",
          "date": "2022-11-20",
          "time": "00:18:56",
          "terminate": "false"
        },
        {
          "speaker": "speaker1",
          "personaID": "91165",
          "participantID": "31271",
          "utterance": "저는 힐링 여행 좋아하는데 조용한걸 좋아해요 ㅎㅎ. 제가 매우 조용해서 그런가봐요.",
          "summary": "나는 힐링 여행을 좋아한다. 나는 매우 조용하다.",
          "date": "2022-11-20",
          "time": "00:19:05",
          "terminate": "false"
        },
        {
          "speaker": "speaker2",
          "personaID": "67123",
          "participantID": "31661",
          "utterance": "오. 그렇군요.ㅎ 저는 서늘한 날을 좋아해서 이럴때면 또 여행에 가고 싶어요.",
          "summary": "나는 서늘한 날씨를 좋아한다.",
          "date": "2022-11-20",
          "time": "00:19:24",
          "terminate": "false"
        },
        {
          "speaker": "speaker1",
          "personaID": "91165",
          "participantID": "31271",
          "utterance": "그렇죠? 너무 추워지기전인 지금이 적기죠. 그러면 누구랑 같이 가시나요?",
          "summary": "",
          "date": "2022-11-20",
          "time": "00:19:30",
          "terminate": "false"
        },
        {
          "speaker": "speaker2",
          "personaID": "67123",
          "participantID": "31661",
          "utterance": "저도 소심한 A형이라 혼자 조용히 뭐 보는거 좋아하거든요.",
          "summary": "나는 혈액형이 A형이다.",
          "date": "2022-11-20",
          "time": "00:19:45",
          "terminate": "false"
        },
        {
          "speaker": "speaker1",
          "personaID": "91165",
          "participantID": "31271",
          "utterance": "저는 AB형인데 ㅎㅎ. A형 같다는 말 자주 들어요.",
          "summary": "나는 혈액형이 AB형이다.",
          "date": "2022-11-20",
          "time": "00:19:49",
          "terminate": "false"
        },
        {
          "speaker": "speaker2",
          "personaID": "67123",
          "participantID": "31661",
          "utterance": "그렇구나.ㅎ AB에는 A형의 피가 흐르는거 아닌가요!ㅋㅋ.",
          "summary": "",
          "date": "2022-11-20",
          "time": "00:20:20",
          "terminate": "false"
        },
        {
          "speaker": "speaker1",
          "personaID": "91165",
          "participantID": "31271",
          "utterance": "그런 논리도 그럴싸하군요 ㅋㅋ. 재밌네요~",
          "summary": "",
          "date": "2022-11-20",
          "time": "00:20:27",
          "terminate": "false"
        },
        {
          "speaker": "speaker2",
          "personaID": "67123",
          "participantID": "31661",
          "utterance": "그럼 여행은 보통 어디를 가시는거에요?",
          "summary": "",
          "date": "2022-11-20",
          "time": "00:20:47",
          "terminate": "false"
        },
        {
          "speaker": "speaker1",
          "personaID": "91165",
          "participantID": "31271",
          "utterance": "저는 조용한 휴양지요 ㅎㅎ. 저는 이만 다음에 연락할게요!",
          "summary": "나는 휴양지를 좋아한다.",
          "date": "2022-11-20",
          "time": "00:20:51",
          "terminate": "false"
        },
        {
          "speaker": "speaker2",
          "personaID": "67123",
          "participantID": "31661",
          "utterance": "아 그렇구나.ㅎ그럼 다음에 또 봐요~ 안녕히~",
          "summary": "",
          "date": "2022-11-20",
          "time": "00:21:03",
          "terminate": "true"
        }
      ],
      "sessionPersonaSummary": {
        "speaker1": [
          "나는 40대 남자이다.",
          "나는 힐링 여행을 좋아한다. 나는 매우 조용하다.",
          "나는 혈액형이 AB형이다.",
          "나는 휴양지를 좋아한다."
        ],
        "speaker2": [
          "나는 20대 남자이다.",
          "나는 역사/문화 여행을 가끔 간다.",
          "나는 서늘한 날씨를 좋아한다.",
          "나는 혈액형이 A형이다."
        ]
      },
      "prevAggregatedpersonaSummary": {
        "speaker1": [],
        "speaker2": []
      }
    },
    {
      "prevSessionID": "4-00322-1",
      "prevTimeInfo": {
        "timeNum": "3",
        "timeUnit": "일"
      },
      "nthSession": "2",
      "numberOfUtterances": "14",
      "numberOfTurns": "7",
      "sessionID": "4-00322-2",
      "dialog": [
        {
          "speaker": "speaker1",
          "personaID": "91165",
          "participantID": "31271",
          "utterance": "사흘만입니다. 요즘은 잘 지내시는가요?",
          "summary": "",
          "date": "2022-11-20",
          "time": "00:21:11",
          "terminate": "false"
        },
        {
          "speaker": "speaker2",
          "personaID": "67123",
          "participantID": "31661",
          "utterance": "반가워요. 저는 잘 못지내요.ㅋㅋ 원체 부정적인 사람이라.ㅋㅋㅋ.",
          "summary": "나는 매우 부정적이다.",
          "date": "2022-11-20",
          "time": "00:21:34",
          "terminate": "false"
        },
        {
          "speaker": "speaker1",
          "personaID": "91165",
          "participantID": "31271",
          "utterance": "아이구... 그러셨군요. 그거 참 힘들지않나요?",
          "summary": "",
          "date": "2022-11-20",
          "time": "00:21:36",
          "terminate": "false"
        },
        {
          "speaker": "speaker2",
          "personaID": "67123",
          "participantID": "31661",
          "utterance": "그냥 사람이 그렇게 생겨먹은거죠.ㅋㅋ 그러고보니 아저씨는 무슨일 하시는거에요?",
          "summary": "",
          "date": "2022-11-20",
          "time": "00:21:46",
          "terminate": "false"
        },
        {
          "speaker": "speaker1",
          "personaID": "91165",
          "participantID": "31271",
          "utterance": "저는 뭐 지금은 회사에서 과장 하고있습니다.",
          "summary": "나는 회사 과장이다.",
          "date": "2022-11-20",
          "time": "00:21:49",
          "terminate": "false"
        },
        {
          "speaker": "speaker2",
          "personaID": "67123",
          "participantID": "31661",
          "utterance": "오~ 과장이면 회사에서 몇번째로 높은건가요?",
          "summary": "",
          "date": "2022-11-20",
          "time": "00:22:08",
          "terminate": "false"
        },
        {
          "speaker": "speaker1",
          "personaID": "91165",
          "participantID": "31271",
          "utterance": "글쎄요~ 다 치면 몇십번 되지 않으련가요?",
          "summary": "",
          "date": "2022-11-20",
          "time": "00:22:19",
          "terminate": "false"
        },
        {
          "speaker": "speaker2",
          "personaID": "67123",
          "participantID": "31661",
          "utterance": "직급 싸잡아서요.ㅋㅋ 아니면 부서에서는 서열 몇위!?",
          "summary": "",
          "date": "2022-11-20",
          "time": "00:22:30",
          "terminate": "false"
        },
        {
          "speaker": "speaker1",
          "personaID": "91165",
          "participantID": "31271",
          "utterance": "하하. 저희 부서에서는 부장님 아래긴하죠.",
          "summary": "",
          "date": "2022-11-20",
          "time": "00:22:38",
          "terminate": "false"
        },
        {
          "speaker": "speaker2",
          "personaID": "67123",
          "participantID": "31661",
          "utterance": "그렇구나~ㅎ 근데 위에 몇백명이 있으면 대기업인가봐요!",
          "summary": "",
          "date": "2022-11-20",
          "time": "00:22:54",
          "terminate": "false"
        },
        {
          "speaker": "speaker1",
          "personaID": "91165",
          "participantID": "31271",
          "utterance": "맞아요. 뭐 위에 부서도 또 있고 복잡하죠~ 위에 부장님 눈치도 보이고 ㅋㅋ.",
          "summary": "나는 부장님 눈치를 본다.",
          "date": "2022-11-20",
          "time": "00:23:01",
          "terminate": "false"
        },
        {
          "speaker": "speaker2",
          "personaID": "67123",
          "participantID": "31661",
          "utterance": "멋지다.ㅎㅎ 그러면 상사분들도 되게 무섭겠어요.",
          "summary": "",
          "date": "2022-11-20",
          "time": "00:24:17",
          "terminate": "false"
        },
        {
          "speaker": "speaker1",
          "personaID": "91165",
          "participantID": "31271",
          "utterance": "그럼요. 매일 보면 의기소침해지네요. 저도 이만 가봐야겠어요.",
          "summary": "나는 의기소침해진다.",
          "date": "2022-11-20",
          "time": "00:24:25",
          "terminate": "false"
        },
        {
          "speaker": "speaker2",
          "personaID": "67123",
          "participantID": "31661",
          "utterance": "대기업은 사내정치가 참 무섭네요.ㅋㅋ 그럼 다음에 또 봐요~",
          "summary": "",
          "date": "2022-11-20",
          "time": "00:24:35",
          "terminate": "true"
        }
      ],
      "sessionPersonaSummary": {
        "speaker1": [
          "나는 회사 과장이다.",
          "나는 부장님 눈치를 본다.",
          "나는 의기소침해진다."
        ],
        "speaker2": [
          "나는 매우 부정적이다."
        ]
      },
      "prevAggregatedpersonaSummary": {
        "speaker1": [
          "나는 40대 남자이다.",
          "나는 힐링 여행을 좋아한다. 나는 매우 조용하다.",
          "나는 혈액형이 AB형이다.",
          "나는 휴양지를 좋아한다."
        ],
        "speaker2": [
          "나는 20대 남자이다.",
          "나는 역사/문화 여행을 가끔 간다.",
          "나는 서늘한 날씨를 좋아한다.",
          "나는 혈액형이 A형이다."
        ]
      }
    },
    {
      "prevSessionID": "4-00322-2",
      "prevTimeInfo": {
        "timeNum": "2",
        "timeUnit": "일"
      },
      "nthSession": "3",
      "numberOfUtterances": "14",
      "numberOfTurns": "7",
      "sessionID": "4-00322-3",
      "dialog": [
        {
          "speaker": "speaker1",
          "personaID": "91165",
          "participantID": "31271",
          "utterance": "이틀만입니다. 오늘은 쉬는 날이네요 ㅎㅎ.",
          "summary": "",
          "date": "2022-11-20",
          "time": "00:24:44",
          "terminate": "false"
        },
        {
          "speaker": "speaker2",
          "personaID": "67123",
          "participantID": "31661",
          "utterance": "반가워요. 쉬는날 좋겠다~ 그럼 뭐하세요?",
          "summary": "",
          "date": "2022-11-20",
          "time": "00:24:55",
          "terminate": "false"
        },
        {
          "speaker": "speaker1",
          "personaID": "91165",
          "participantID": "31271",
          "utterance": "저는 오늘은 여행 계획 세우면서 쉬려고요.",
          "summary": "나는 여행 계획을 한다.",
          "date": "2022-11-20",
          "time": "00:25:03",
          "terminate": "false"
        },
        {
          "speaker": "speaker2",
          "personaID": "67123",
          "participantID": "31661",
          "utterance": "오~ 휴양지 자주 간다 하셨는데 어디 가시려구요?",
          "summary": "",
          "date": "2022-11-20",
          "time": "00:25:18",
          "terminate": "false"
        },
        {
          "speaker": "speaker1",
          "personaID": "91165",
          "participantID": "31271",
          "utterance": "요즘은 따뜻한 나라를 가고싶은데 어디 추천 있나요?",
          "summary": "",
          "date": "2022-11-20",
          "time": "00:25:28",
          "terminate": "false"
        },
        {
          "speaker": "speaker2",
          "personaID": "67123",
          "participantID": "31661",
          "utterance": "오키나와 가보셨어요? 거기 싸고 좋다던데~",
          "summary": "나는 오키나와를 추천한다.",
          "date": "2022-11-20",
          "time": "00:25:52",
          "terminate": "false"
        },
        {
          "speaker": "speaker1",
          "personaID": "91165",
          "participantID": "31271",
          "utterance": "오키나와 한번도 안가봤네요. 가볼만한가요?",
          "summary": "",
          "date": "2022-11-20",
          "time": "00:25:58",
          "terminate": "false"
        },
        {
          "speaker": "speaker2",
          "personaID": "67123",
          "participantID": "31661",
          "utterance": "일본이라서 비행기 값도 저렴하고 좋아요.ㅎㅎ.",
          "summary": "",
          "date": "2022-11-20",
          "time": "00:26:10",
          "terminate": "false"
        },
        {
          "speaker": "speaker1",
          "personaID": "91165",
          "participantID": "31271",
          "utterance": "한번 검색해보고 알아볼만하군요 ㅎㅎ. 감사합니다.",
          "summary": "나는 오키나와를 알아본다.",
          "date": "2022-11-20",
          "time": "00:26:17",
          "terminate": "false"
        },
        {
          "speaker": "speaker2",
          "personaID": "67123",
          "participantID": "31661",
          "utterance": "뭘요.ㅎ 제가 못가니까 가서 대리만족이라도 시켜주세요.",
          "summary": "",
          "date": "2022-11-20",
          "time": "00:26:33",
          "terminate": "false"
        },
        {
          "speaker": "speaker1",
          "personaID": "91165",
          "participantID": "31271",
          "utterance": "여행 얘기 재밌네요 ㅎㅎ.그러면 다음에 서로 여행 자랑이라도 할까요?",
          "summary": "",
          "date": "2022-11-20",
          "time": "00:26:40",
          "terminate": "false"
        },
        {
          "speaker": "speaker2",
          "personaID": "67123",
          "participantID": "31661",
          "utterance": "그거 좋네요.ㅋㅋ 저는 안간지 3년이 넘어서 자랑하기 뭐하지만요.",
          "summary": "",
          "date": "2022-11-20",
          "time": "00:26:55",
          "terminate": "false"
        },
        {
          "speaker": "speaker1",
          "personaID": "91165",
          "participantID": "31271",
          "utterance": "오래되셨네요. 그러면 또 얘기 나눠요 ㅎㅎ.",
          "summary": "",
          "date": "2022-11-20",
          "time": "00:27:00",
          "terminate": "false"
        },
        {
          "speaker": "speaker2",
          "personaID": "67123",
          "participantID": "31661",
          "utterance": "그래요~ 그럼 다음에 또 봐요.ㅎ 사진 많이 찍어오세요~",
          "summary": "",
          "date": "2022-11-20",
          "time": "00:27:06",
          "terminate": "true"
        }
      ],
      "sessionPersonaSummary": {
        "speaker1": [
          "나는 여행 계획을 한다.",
          "나는 오키나와를 알아본다."
        ],
        "speaker2": [
          "나는 오키나와를 추천한다."
        ]
      },
      "prevAggregatedpersonaSummary": {
        "speaker1": [
          "나는 40대 남자이다.",
          "나는 힐링 여행을 좋아한다. 나는 매우 조용하다.",
          "나는 혈액형이 AB형이다.",
          "나는 휴양지를 좋아한다.",
          "나는 회사 과장이다.",
          "나는 부장님 눈치를 본다.",
          "나는 의기소침해진다."
        ],
        "speaker2": [
          "나는 20대 남자이다.",
          "나는 역사/문화 여행을 가끔 간다.",
          "나는 서늘한 날씨를 좋아한다.",
          "나는 혈액형이 A형이다.",
          "나는 매우 부정적이다."
        ]
      }
    },
    {
      "prevSessionID": "4-00322-3",
      "prevTimeInfo": {
        "timeNum": "1",
        "timeUnit": "일"
      },
      "nthSession": "4",
      "numberOfUtterances": "16",
      "numberOfTurns": "8",
      "sessionID": "4-00322-4",
      "dialog": [
        {
          "speaker": "speaker1",
          "personaID": "91165",
          "participantID": "31271",
          "utterance": "어제는 좀 인터넷으로 알아봤네요 ㅎㅎ. 하루만입니다.",
          "summary": "",
          "date": "2022-11-20",
          "time": "00:27:13",
          "terminate": "false"
        },
        {
          "speaker": "speaker2",
          "personaID": "67123",
          "participantID": "31661",
          "utterance": "방가링~ㅎ 어떠신가요? 갈 마음이 드세요?",
          "summary": "",
          "date": "2022-11-20",
          "time": "00:27:25",
          "terminate": "false"
        },
        {
          "speaker": "speaker1",
          "personaID": "91165",
          "participantID": "31271",
          "utterance": "보니까 역사 문화 여행으로 가기에도 좋아보이네요.",
          "summary": "",
          "date": "2022-11-20",
          "time": "00:27:38",
          "terminate": "false"
        },
        {
          "speaker": "speaker2",
          "personaID": "67123",
          "participantID": "31661",
          "utterance": "그래요? 그건 몰랐네요.ㅋㅋ 그런쪽은 교토만 생각했는데.",
          "summary": "",
          "date": "2022-11-20",
          "time": "00:27:59",
          "terminate": "false"
        },
        {
          "speaker": "speaker1",
          "personaID": "91165",
          "participantID": "31271",
          "utterance": "그쪽에 전통 문화가 있던 왕국이 있다니까 재밌을거같아요.",
          "summary": "",
          "date": "2022-11-20",
          "time": "00:28:05",
          "terminate": "false"
        },
        {
          "speaker": "speaker2",
          "personaID": "67123",
          "participantID": "31661",
          "utterance": "아~ 류큐왕국 말이죠?ㅋㅋ 저도 역사여행 좋아해서 대충은 알아요.",
          "summary": "나는 일본 역사에 대해 안다.",
          "date": "2022-11-20",
          "time": "00:28:26",
          "terminate": "false"
        },
        {
          "speaker": "speaker1",
          "personaID": "91165",
          "participantID": "31271",
          "utterance": "그렇죠 ㅎㅎ. 근데 휴가를 부장님한테 내야하는데 걱정이에요.",
          "summary": "",
          "date": "2022-11-20",
          "time": "00:28:31",
          "terminate": "false"
        },
        {
          "speaker": "speaker2",
          "personaID": "67123",
          "participantID": "31661",
          "utterance": "부장님이 평소에 대하기 어려운가봐요. 안친해요?",
          "summary": "",
          "date": "2022-11-20",
          "time": "00:29:14",
          "terminate": "false"
        },
        {
          "speaker": "speaker1",
          "personaID": "91165",
          "participantID": "31271",
          "utterance": "안친하다 해야할지 ㅎㅎ. 제가 찍힌 입장이죠.",
          "summary": "나는 부장과 사이가 안 좋다.",
          "date": "2022-11-20",
          "time": "00:29:21",
          "terminate": "false"
        },
        {
          "speaker": "speaker2",
          "personaID": "67123",
          "participantID": "31661",
          "utterance": "왜 그러셨어요.ㅠ 발령이라도 기다려야겠다...ㅋㅋ.",
          "summary": "",
          "date": "2022-11-20",
          "time": "00:29:37",
          "terminate": "false"
        },
        {
          "speaker": "speaker1",
          "personaID": "91165",
          "participantID": "31271",
          "utterance": "그러진않을거에요. 그래도 진급은 좀 모르겠네요 ㅋㅋ.",
          "summary": "",
          "date": "2022-11-20",
          "time": "00:29:47",
          "terminate": "false"
        },
        {
          "speaker": "speaker2",
          "personaID": "67123",
          "participantID": "31661",
          "utterance": "ㅎㅎ. 아무쪼록 휴가 잘 받기를 바랄게요..",
          "summary": "",
          "date": "2022-11-20",
          "time": "00:30:01",
          "terminate": "false"
        },
        {
          "speaker": "speaker1",
          "personaID": "91165",
          "participantID": "31271",
          "utterance": "그래요~ 제가 어린분한테 괜히 푸념을 한거같네요.",
          "summary": "",
          "date": "2022-11-20",
          "time": "00:30:05",
          "terminate": "false"
        },
        {
          "speaker": "speaker2",
          "personaID": "67123",
          "participantID": "31661",
          "utterance": "괜찮아요.ㅋㅋ 제가 그 부장 뒷담이라도 같이 해줄게요.",
          "summary": "",
          "date": "2022-11-20",
          "time": "00:30:21",
          "terminate": "false"
        },
        {
          "speaker": "speaker1",
          "personaID": "91165",
          "participantID": "31271",
          "utterance": "그러면 다음에 또 얘기해요. 얘기 즐거웠어요 ㅎㅎ.",
          "summary": "",
          "date": "2022-11-20",
          "time": "00:30:26",
          "terminate": "false"
        },
        {
          "speaker": "speaker2",
          "personaID": "67123",
          "participantID": "31661",
          "utterance": "그래요~ 그럼 다음에 또 봐요.ㅎ 휴가 가게되면 말 해주세요~",
          "summary": "",
          "date": "2022-11-20",
          "time": "00:30:36",
          "terminate": "true"
        }
      ],
      "sessionPersonaSummary": {
        "speaker1": [
          "나는 부장과 사이가 안 좋다."
        ],
        "speaker2": [
          "나는 일본 역사에 대해 안다."
        ]
      },
      "prevAggregatedpersonaSummary": {
        "speaker1": [
          "나는 40대 남자이다.",
          "나는 힐링 여행을 좋아한다. 나는 매우 조용하다.",
          "나는 혈액형이 AB형이다.",
          "나는 휴양지를 좋아한다.",
          "나는 회사 과장이다.",
          "나는 부장님 눈치를 본다.",
          "나는 의기소침해진다.",
          "나는 여행 계획을 한다.",
          "나는 오키나와를 알아본다."
        ],
        "speaker2": [
          "나는 20대 남자이다.",
          "나는 역사/문화 여행을 가끔 간다.",
          "나는 서늘한 날씨를 좋아한다.",
          "나는 혈액형이 A형이다.",
          "나는 매우 부정적이다.",
          "나는 오키나와를 추천한다."
        ]
      }
    }
  ]
}