{
  "FileInfo": {
    "filename": "K4-00559-CL66131-CP95244-01-01-S4.json",
    "sessionLevel": "4"
  },
  "participantsInfo": {
    "numberOfParticipants": "2",
    "speaker1": {
      "participantID": "30758",
      "gender": "남성",
      "age": "20대",
      "occupation": "학생",
      "bPlace": "부산/대구/울산/경상",
      "gPlace": "부산/대구/울산/경상",
      "rPlace": "부산/대구/울산/경상",
      "educationLevel": "고졸"
    },
    "speaker2": {
      "participantID": "31818",
      "gender": "여성",
      "age": "50대",
      "occupation": "서비스직",
      "bPlace": "부산/대구/울산/경상",
      "gPlace": "부산/대구/울산/경상",
      "rPlace": "부산/대구/울산/경상",
      "educationLevel": "고졸"
    }
  },
  "multisessionInfo": {
    "multisessionID": "4-00559"
  },
  "personaInfo": {
    "clInfo": {
      "personaID": "66131",
      "personaFeatures": [
        "나는 남자이다.",
        "나는 20대이다.",
        "나는 줄넘기를 좋아한다.",
        "나의 생일은 1월이다.",
        "나는 요즘, 매일 행복하다.",
        "나는 사과를 안 먹는다."
      ],
      "speakerType": "speaker1"
    },
    "cpInfo": {
      "personaID": "95244",
      "personaFeatures": [
        "나는 여자이다.",
        "나는 50대이다.",
        "나는 영화를 자주 본다.",
        "나의 생일은 8월이다.",
        "나는 자주 느긋해진다.",
        "나는 앵무새 두 마리를 키운다.",
        "나는 혈액형이 B형이다."
      ],
      "speakerType": "speaker2"
    }
  },
  "topicInfo": {
    "topicID": "01-01",
    "topicType": "식음료",
    "topicTitle": "식사"
  },
  "sessionInfo": [
    {
      "prevSessionID": null,
      "prevTimeInfo": {
        "timeNum": null,
        "timeUnit": null
      },
      "nthSession": "1",
      "numberOfUtterances": "14",
      "numberOfTurns": "7",
      "sessionID": "4-00559-1",
      "dialog": [
        {
          "speaker": "speaker1",
          "personaID": "66131",
          "participantID": "30758",
          "utterance": "전 20대 여성이에요! ㅎㅎ 만나서 정말로 반갑습니다~",
          "summary": "나는 20대 남성이다.",
          "date": "2022-11-18",
          "time": "16:01:35",
          "terminate": "false"
        },
        {
          "speaker": "speaker2",
          "personaID": "95244",
          "participantID": "31818",
          "utterance": "안녕하세요! 저는 50대 여자입니다, 반갑습니다 ㅎ.",
          "summary": "나는 50대 여성이다.",
          "date": "2022-11-18",
          "time": "16:02:09",
          "terminate": "false"
        },
        {
          "speaker": "speaker1",
          "personaID": "66131",
          "participantID": "30758",
          "utterance": "ㅋㅋ저는 요즘 줄넘기를 좋아하서 자주 하고 있네요! 추억이 있어서요~",
          "summary": "나는 줄넘기를 좋아한다.",
          "date": "2022-11-18",
          "time": "16:02:14",
          "terminate": "false"
        },
        {
          "speaker": "speaker2",
          "personaID": "95244",
          "participantID": "31818",
          "utterance": "그러시군요! 저도 줄넘기를 좋아하는데, 즐거우시겠어요 ㅎㅎ.",
          "summary": "",
          "date": "2022-11-18",
          "time": "16:02:27",
          "terminate": "false"
        },
        {
          "speaker": "speaker1",
          "personaID": "66131",
          "participantID": "30758",
          "utterance": "ㅋㅋ제 생일이 1월인데 이번 1월에 줄넘기를 선물받아서 그렇습니다!",
          "summary": "나의 생일은 1월이다.",
          "date": "2022-11-18",
          "time": "16:02:32",
          "terminate": "false"
        },
        {
          "speaker": "speaker2",
          "personaID": "95244",
          "participantID": "31818",
          "utterance": "그렇군요! 너무 뜻깊을 거 같은데요 ㅎㅎ 저의 생일은 8월인데, 저도 좋아하는 걸 받으면 좋겠어요!",
          "summary": "나의 생일은 8월이다.",
          "date": "2022-11-18",
          "time": "16:02:51",
          "terminate": "false"
        },
        {
          "speaker": "speaker1",
          "personaID": "66131",
          "participantID": "30758",
          "utterance": "ㅎㅎ그래서인지 요즘, 매일 행복한 기분이 드네요~ 그쪽은 어떻게 살고 있나요?",
          "summary": "나는 요즘, 매일 행복하다.",
          "date": "2022-11-18",
          "time": "16:02:56",
          "terminate": "false"
        },
        {
          "speaker": "speaker2",
          "personaID": "95244",
          "participantID": "31818",
          "utterance": "저는 요즘 영화를 자주 보고 있습니다 ㅎㅎ 덕분에 자주 느긋해져요..!",
          "summary": "나는 영화를 자주 본다. 나는 자주 느긋해진다.",
          "date": "2022-11-18",
          "time": "16:03:03",
          "terminate": "false"
        },
        {
          "speaker": "speaker1",
          "personaID": "66131",
          "participantID": "30758",
          "utterance": "오 ㅋㅋ 영화는 보통 어떤 장르를 보시고 있으신건지 궁금하네요.",
          "summary": "",
          "date": "2022-11-18",
          "time": "16:03:48",
          "terminate": "false"
        },
        {
          "speaker": "speaker2",
          "personaID": "95244",
          "participantID": "31818",
          "utterance": "저는 액션영화를 좋아해서, 액션영화를 많이 봅니다! 제가 고집이 세서 이것 밖에 안 보네요 ㅎㅎ.",
          "summary": "나는 액션 영화를 자주 본다.",
          "date": "2022-11-18",
          "time": "16:03:51",
          "terminate": "false"
        },
        {
          "speaker": "speaker1",
          "personaID": "66131",
          "participantID": "30758",
          "utterance": "와 ㅋㅋ 그런가요? 그쪽은 왜 고집이 센 거죠? 사실 저는 팔랑귀라서요 ㅎㅎ.",
          "summary": "",
          "date": "2022-11-18",
          "time": "16:04:06",
          "terminate": "false"
        },
        {
          "speaker": "speaker2",
          "personaID": "95244",
          "participantID": "31818",
          "utterance": "저는 B형이라 고집이 센 것 같아요! 그래도 나름 볼 만해서 재밌어요 ㅎㅎ.",
          "summary": "나는 혈액형이 B형이다.",
          "date": "2022-11-18",
          "time": "16:04:08",
          "terminate": "false"
        },
        {
          "speaker": "speaker1",
          "personaID": "66131",
          "participantID": "30758",
          "utterance": "ㅎㅎ그러시군요! 저 친구에게 연락이 와서 잠깐 통화하고 올게요!",
          "summary": "나는 통화를 할 것이다.",
          "date": "2022-11-18",
          "time": "16:04:19",
          "terminate": "false"
        },
        {
          "speaker": "speaker2",
          "personaID": "95244",
          "participantID": "31818",
          "utterance": "알겠습니다! 오늘 정말 즐거운 대화를 나누었네요, 또 연락주세요 ㅎㅎ.",
          "summary": "",
          "date": "2022-11-18",
          "time": "16:04:21",
          "terminate": "true"
        }
      ],
      "sessionPersonaSummary": {
        "speaker1": [
          "나는 20대 남성이다.",
          "나는 줄넘기를 좋아한다.",
          "나의 생일은 1월이다.",
          "나는 요즘, 매일 행복하다.",
          "나는 통화를 할 것이다."
        ],
        "speaker2": [
          "나는 50대 여성이다.",
          "나의 생일은 8월이다.",
          "나는 영화를 자주 본다. 나는 자주 느긋해진다.",
          "나는 액션 영화를 자주 본다.",
          "나는 혈액형이 B형이다."
        ]
      },
      "prevAggregatedpersonaSummary": {
        "speaker1": [],
        "speaker2": []
      }
    },
    {
      "prevSessionID": "4-00559-1",
      "prevTimeInfo": {
        "timeNum": "1",
        "timeUnit": "일"
      },
      "nthSession": "2",
      "numberOfUtterances": "14",
      "numberOfTurns": "7",
      "sessionID": "4-00559-2",
      "dialog": [
        {
          "speaker": "speaker1",
          "personaID": "66131",
          "participantID": "30758",
          "utterance": "안녕하세요, 1일 지나갔습니다! 그쪽은 지금 뭐 하시고 있어요?",
          "summary": "",
          "date": "2022-11-18",
          "time": "16:04:35",
          "terminate": "false"
        },
        {
          "speaker": "speaker2",
          "personaID": "95244",
          "participantID": "31818",
          "utterance": "안녕하세요! 저는 오늘 식사를 하려고 하는데, 고민이 많아졌네요 ㅎㅎ..",
          "summary": "나는 식사를 하려고 한다.",
          "date": "2022-11-18",
          "time": "16:04:37",
          "terminate": "false"
        },
        {
          "speaker": "speaker1",
          "personaID": "66131",
          "participantID": "30758",
          "utterance": "그러시군요, 식사를 하는데 고민이 생긴다니 ㅎㅎ 매뉴 고민하시는 건가요?",
          "summary": "",
          "date": "2022-11-18",
          "time": "16:05:01",
          "terminate": "false"
        },
        {
          "speaker": "speaker2",
          "personaID": "95244",
          "participantID": "31818",
          "utterance": "어떤 메뉴를 먹어야할 지 몰라서 고민이에요, 추천해 주실 수 있을까요?",
          "summary": "나는 어떤 메뉴를 먹어야 할지 모르겠다.",
          "date": "2022-11-18",
          "time": "16:05:07",
          "terminate": "false"
        },
        {
          "speaker": "speaker1",
          "personaID": "66131",
          "participantID": "30758",
          "utterance": "ㅋㅋ 저는 뭐 삼겹살 먹을 것 같습니다! 이게 딱 정석이잖아요.",
          "summary": "나는 삼겹살을 먹을 것 같다.",
          "date": "2022-11-18",
          "time": "16:05:18",
          "terminate": "false"
        },
        {
          "speaker": "speaker2",
          "personaID": "95244",
          "participantID": "31818",
          "utterance": "오! 사실 그 음식은 못 먹고 있어서 정말 슬프네요 ㅠㅠ..",
          "summary": "",
          "date": "2022-11-18",
          "time": "16:05:23",
          "terminate": "false"
        },
        {
          "speaker": "speaker1",
          "personaID": "66131",
          "participantID": "30758",
          "utterance": "ㅠㅠ정말이신가요? 왜 삼겹살을 못 드시는거죠? 참으로다가 안타까워요!",
          "summary": "",
          "date": "2022-11-18",
          "time": "16:05:35",
          "terminate": "false"
        },
        {
          "speaker": "speaker2",
          "personaID": "95244",
          "participantID": "31818",
          "utterance": "제가 요즘 돈이 없어서요.. 사업을 하다가 힘들게 되어서 식비를 아껴야 하는데 저렴한 건 없을까요?",
          "summary": "나는 돈이 없다.",
          "date": "2022-11-18",
          "time": "16:05:37",
          "terminate": "false"
        },
        {
          "speaker": "speaker1",
          "personaID": "66131",
          "participantID": "30758",
          "utterance": "ㅋㅋ그러면 뭐 계란이라도 드셔 보세요! 저렴하고 영양소도 많습니다.",
          "summary": "",
          "date": "2022-11-18",
          "time": "16:05:54",
          "terminate": "false"
        },
        {
          "speaker": "speaker2",
          "personaID": "95244",
          "participantID": "31818",
          "utterance": "좋은데요? 계란으로 계란찜을 해먹으면 정말 간편할 거 같아요 ㅎㅎ 계란찜 좋아해요?",
          "summary": "",
          "date": "2022-11-18",
          "time": "16:06:03",
          "terminate": "false"
        },
        {
          "speaker": "speaker1",
          "personaID": "66131",
          "participantID": "30758",
          "utterance": "오 ㅋㅋ 전 소금 많이 넣어서 만들어 먹습니다! 계란찜 엄청 좋아하죠 ㅋㅋ.",
          "summary": "나는 계란찜을 좋아한다.",
          "date": "2022-11-18",
          "time": "16:06:25",
          "terminate": "false"
        },
        {
          "speaker": "speaker2",
          "personaID": "95244",
          "participantID": "31818",
          "utterance": "그러시구나 ㅎㅎ 저는 이만 슬슬 요리를 해보러 가볼게요!",
          "summary": "",
          "date": "2022-11-18",
          "time": "16:06:34",
          "terminate": "false"
        },
        {
          "speaker": "speaker1",
          "personaID": "66131",
          "participantID": "30758",
          "utterance": "ㅎㅎ그러면 식사 맛있게 하세요! 저도 밥좀 먹으러 가야겠어요~",
          "summary": "나는 밥을 먹을 것이다.",
          "date": "2022-11-18",
          "time": "16:06:43",
          "terminate": "false"
        },
        {
          "speaker": "speaker2",
          "personaID": "95244",
          "participantID": "31818",
          "utterance": "네 덕분에 즐거운 시간이였습니다! 저녁먹고 또 연락해요~!",
          "summary": "",
          "date": "2022-11-18",
          "time": "16:06:48",
          "terminate": "true"
        }
      ],
      "sessionPersonaSummary": {
        "speaker1": [
          "나는 삼겹살을 먹을 것 같다.",
          "나는 계란찜을 좋아한다.",
          "나는 밥을 먹을 것이다."
        ],
        "speaker2": [
          "나는 식사를 하려고 한다.",
          "나는 어떤 메뉴를 먹어야 할지 모르겠다.",
          "나는 돈이 없다."
        ]
      },
      "prevAggregatedpersonaSummary": {
        "speaker1": [
          "나는 20대 남성이다.",
          "나는 줄넘기를 좋아한다.",
          "나의 생일은 1월이다.",
          "나는 요즘, 매일 행복하다.",
          "나는 통화를 할 것이다."
        ],
        "speaker2": [
          "나는 50대 여성이다.",
          "나의 생일은 8월이다.",
          "나는 영화를 자주 본다. 나는 자주 느긋해진다.",
          "나는 액션 영화를 자주 본다.",
          "나는 혈액형이 B형이다."
        ]
      }
    },
    {
      "prevSessionID": "4-00559-2",
      "prevTimeInfo": {
        "timeNum": "2",
        "timeUnit": "일"
      },
      "nthSession": "3",
      "numberOfUtterances": "14",
      "numberOfTurns": "7",
      "sessionID": "4-00559-3",
      "dialog": [
        {
          "speaker": "speaker1",
          "personaID": "66131",
          "participantID": "30758",
          "utterance": "2일이 지나갔어요! ㅋㅋ 저번에 대화 즐거워서 또 연락드렸어용~",
          "summary": "",
          "date": "2022-11-18",
          "time": "16:07:01",
          "terminate": "false"
        },
        {
          "speaker": "speaker2",
          "personaID": "95244",
          "participantID": "31818",
          "utterance": "안녕하세요! 정말 즐거웠습니다 ㅎㅎ 오늘은 무엇을 하시나요?",
          "summary": "",
          "date": "2022-11-18",
          "time": "16:07:07",
          "terminate": "false"
        },
        {
          "speaker": "speaker1",
          "personaID": "66131",
          "participantID": "30758",
          "utterance": "ㅋㅋ저는 요즘 줄넘기를 한 덕분에 체력이 좋아져서 회사 업무가 쉽네요!",
          "summary": "나는 체력이 좋다.",
          "date": "2022-11-18",
          "time": "16:07:18",
          "terminate": "false"
        },
        {
          "speaker": "speaker2",
          "personaID": "95244",
          "participantID": "31818",
          "utterance": "오오! 줄넘기를 하시는군요, 운동을 하신다니 멋진데요?",
          "summary": "",
          "date": "2022-11-18",
          "time": "16:07:28",
          "terminate": "false"
        },
        {
          "speaker": "speaker1",
          "personaID": "66131",
          "participantID": "30758",
          "utterance": "ㅋㅋ그런가요? 사실 제가 예전에는 체력이 안 좋아서 불편했거든요 ㅜㅜ.",
          "summary": "나는 체력이 안 좋아서 불편했다.",
          "date": "2022-11-18",
          "time": "16:07:42",
          "terminate": "false"
        },
        {
          "speaker": "speaker2",
          "personaID": "95244",
          "participantID": "31818",
          "utterance": "어떤 이유가 있으셔서 체력이 안 좋으셨던 걸까요..ㅠㅠ.",
          "summary": "",
          "date": "2022-11-18",
          "time": "16:07:55",
          "terminate": "false"
        },
        {
          "speaker": "speaker1",
          "personaID": "66131",
          "participantID": "30758",
          "utterance": "ㅋㅋ 일을 하다가도 잠이 쏟아지기 일수였습니다! 그래서 운동 시작헀어요.",
          "summary": "나는 운동을 시작했다.",
          "date": "2022-11-18",
          "time": "16:07:57",
          "terminate": "false"
        },
        {
          "speaker": "speaker2",
          "personaID": "95244",
          "participantID": "31818",
          "utterance": "그러시구나, 또 다른 운동 중에 좋아하시는 운동이 있으실까요?",
          "summary": "",
          "date": "2022-11-18",
          "time": "16:08:04",
          "terminate": "false"
        },
        {
          "speaker": "speaker1",
          "personaID": "66131",
          "participantID": "30758",
          "utterance": "저는 보통 달리기를 좋아하네요! 그쪽은 달리기 좋아하시고 있나요?",
          "summary": "나는 달리기를 좋아한다.",
          "date": "2022-11-18",
          "time": "16:08:11",
          "terminate": "false"
        },
        {
          "speaker": "speaker2",
          "personaID": "95244",
          "participantID": "31818",
          "utterance": "오! 정말 좋은 운동이라고 생각하네요, 저는 달리기는 아쉽게 못해요 ㅠㅠ.",
          "summary": "나는 달리기를 못 한다.",
          "date": "2022-11-18",
          "time": "16:08:19",
          "terminate": "false"
        },
        {
          "speaker": "speaker1",
          "personaID": "66131",
          "participantID": "30758",
          "utterance": "ㅜㅜ정말이신가요? 그쪽은 왜 달리기를 못 하시고 있으신건가요??",
          "summary": "",
          "date": "2022-11-18",
          "time": "16:08:32",
          "terminate": "false"
        },
        {
          "speaker": "speaker2",
          "personaID": "95244",
          "participantID": "31818",
          "utterance": "저는 무릎이 아파서 달리기는 힘든 부분이 많네요 ㅎㅎ...ㅠ.",
          "summary": "나는 무릎이 아프다.",
          "date": "2022-11-18",
          "time": "16:08:38",
          "terminate": "false"
        },
        {
          "speaker": "speaker1",
          "personaID": "66131",
          "participantID": "30758",
          "utterance": "아하..ㅜㅜ 그런 이유 때문이라면 충분히 어려우실 듯 합니다 ㅜㅜ.",
          "summary": "",
          "date": "2022-11-18",
          "time": "16:09:11",
          "terminate": "false"
        },
        {
          "speaker": "speaker2",
          "personaID": "95244",
          "participantID": "31818",
          "utterance": "네 알겠습니다! 저는 이만 산책을 나갔다 올게요, 덕분에 즐거웠습니다~!!",
          "summary": "나는 산책을 다녀온다.",
          "date": "2022-11-18",
          "time": "16:09:19",
          "terminate": "true"
        }
      ],
      "sessionPersonaSummary": {
        "speaker1": [
          "나는 체력이 좋다.",
          "나는 체력이 안 좋아서 불편했다.",
          "나는 운동을 시작했다.",
          "나는 달리기를 좋아한다."
        ],
        "speaker2": [
          "나는 달리기를 못 한다.",
          "나는 무릎이 아프다.",
          "나는 산책을 다녀온다."
        ]
      },
      "prevAggregatedpersonaSummary": {
        "speaker1": [
          "나는 20대 남성이다.",
          "나는 줄넘기를 좋아한다.",
          "나의 생일은 1월이다.",
          "나는 요즘, 매일 행복하다.",
          "나는 통화를 할 것이다.",
          "나는 삼겹살을 먹을 것 같다.",
          "나는 계란찜을 좋아한다.",
          "나는 밥을 먹을 것이다."
        ],
        "speaker2": [
          "나는 50대 여성이다.",
          "나의 생일은 8월이다.",
          "나는 영화를 자주 본다. 나는 자주 느긋해진다.",
          "나는 액션 영화를 자주 본다.",
          "나는 혈액형이 B형이다.",
          "나는 식사를 하려고 한다.",
          "나는 어떤 메뉴를 먹어야 할지 모르겠다.",
          "나는 돈이 없다."
        ]
      }
    },
    {
      "prevSessionID": "4-00559-3",
      "prevTimeInfo": {
        "timeNum": "2",
        "timeUnit": "시간"
      },
      "nthSession": "4",
      "numberOfUtterances": "14",
      "numberOfTurns": "7",
      "sessionID": "4-00559-4",
      "dialog": [
        {
          "speaker": "speaker1",
          "personaID": "66131",
          "participantID": "30758",
          "utterance": "반갑습니다, 금방 다시 연락드려요! 산책은 잘 하시고 오신건가요?",
          "summary": "",
          "date": "2022-11-18",
          "time": "16:09:43",
          "terminate": "false"
        },
        {
          "speaker": "speaker2",
          "personaID": "95244",
          "participantID": "31818",
          "utterance": "저는 산책을 즐겁게 다녀왔네요! 이제는 집에서 휴식을 취하려고요!",
          "summary": "나는 산책을 즐겁게 다녀왔다.",
          "date": "2022-11-18",
          "time": "16:09:48",
          "terminate": "false"
        },
        {
          "speaker": "speaker1",
          "personaID": "66131",
          "participantID": "30758",
          "utterance": "오 ㅋㅋ 휴식 할때는 보통 뭐 하시고 있으신건가요??",
          "summary": "",
          "date": "2022-11-18",
          "time": "16:10:01",
          "terminate": "false"
        },
        {
          "speaker": "speaker2",
          "personaID": "95244",
          "participantID": "31818",
          "utterance": "저는 주로 영화를 보면서 휴식을 취합니다! 좋아하는 영화가 생겼네요!",
          "summary": "나는 영화를 보면서 휴식을 취한다.",
          "date": "2022-11-18",
          "time": "16:10:07",
          "terminate": "false"
        },
        {
          "speaker": "speaker1",
          "personaID": "66131",
          "participantID": "30758",
          "utterance": "와 ㅋㅋ 저도 영화 좋아하는데! 어제도 영화관 다녀왔거든요~",
          "summary": "나는 영화를 좋아한다.",
          "date": "2022-11-18",
          "time": "16:10:15",
          "terminate": "false"
        },
        {
          "speaker": "speaker2",
          "personaID": "95244",
          "participantID": "31818",
          "utterance": "저는 멜로 영화를 좋아합니다, 이유가 있거든요 ㅎㅎ..",
          "summary": "나는 멜로 영화를 좋아한다.",
          "date": "2022-11-18",
          "time": "16:10:19",
          "terminate": "false"
        },
        {
          "speaker": "speaker1",
          "personaID": "66131",
          "participantID": "30758",
          "utterance": "와 ㅋㅋ 멜로 영화요? 전 잘 안 보지만 왜 보시는지 궁금한데요??",
          "summary": "",
          "date": "2022-11-18",
          "time": "16:10:29",
          "terminate": "false"
        },
        {
          "speaker": "speaker2",
          "personaID": "95244",
          "participantID": "31818",
          "utterance": "제가 어렸을 적 사랑을 했던 그 때가 떠올라서요! 멜로 영화 좋아하세요?",
          "summary": "나는 어렸을 적 사랑을 했던 그때가 떠오른다.",
          "date": "2022-11-18",
          "time": "16:10:33",
          "terminate": "false"
        },
        {
          "speaker": "speaker1",
          "personaID": "66131",
          "participantID": "30758",
          "utterance": "ㅋㅋ 사실 저는 멜로 영화를 좀 싫어하고 있기는 하네요! ㅜㅜ.",
          "summary": "나는 멜로 영화를 싫어한다.",
          "date": "2022-11-18",
          "time": "16:10:43",
          "terminate": "false"
        },
        {
          "speaker": "speaker2",
          "personaID": "95244",
          "participantID": "31818",
          "utterance": "그러시구나, 어떤 이유가 있으셔서 멜로 영화를 싫어하시는 걸까요?",
          "summary": "",
          "date": "2022-11-18",
          "time": "16:10:53",
          "terminate": "false"
        },
        {
          "speaker": "speaker1",
          "personaID": "66131",
          "participantID": "30758",
          "utterance": "ㅜㅜ제가 아직 연애를 한번도 못 해봐서 정말 질투가 나서 그렇습니다! ㅜㅜ.",
          "summary": "나는 연애를 못 해봤다.",
          "date": "2022-11-18",
          "time": "16:11:02",
          "terminate": "false"
        },
        {
          "speaker": "speaker2",
          "personaID": "95244",
          "participantID": "31818",
          "utterance": "그런 이유라면 충분히 동의를 하게 되네요..! 저도 가끔은 새로운 연애를 해보고 싶어요!",
          "summary": "나는 상대에게 동의한다.",
          "date": "2022-11-18",
          "time": "16:11:10",
          "terminate": "false"
        },
        {
          "speaker": "speaker1",
          "personaID": "66131",
          "participantID": "30758",
          "utterance": "와 ㅋㅋ 그렇군요! 저도 연습 겸 멜로 영화좀 봐야겠네요! 대화 즐거웠어요.",
          "summary": "나는 멜로 영화를 볼 것이다.",
          "date": "2022-11-18",
          "time": "16:11:24",
          "terminate": "false"
        },
        {
          "speaker": "speaker2",
          "personaID": "95244",
          "participantID": "31818",
          "utterance": "네 알겠습니다 ㅎㅎ 덕분에 정말 즐거운 대화를 나누어서 행복했습니다~!",
          "summary": "",
          "date": "2022-11-18",
          "time": "16:11:27",
          "terminate": "true"
        }
      ],
      "sessionPersonaSummary": {
        "speaker1": [
          "나는 영화를 좋아한다.",
          "나는 멜로 영화를 싫어한다.",
          "나는 연애를 못 해봤다.",
          "나는 멜로 영화를 볼 것이다."
        ],
        "speaker2": [
          "나는 산책을 즐겁게 다녀왔다.",
          "나는 영화를 보면서 휴식을 취한다.",
          "나는 멜로 영화를 좋아한다.",
          "나는 어렸을 적 사랑을 했던 그때가 떠오른다.",
          "나는 상대에게 동의한다."
        ]
      },
      "prevAggregatedpersonaSummary": {
        "speaker1": [
          "나는 20대 남성이다.",
          "나는 줄넘기를 좋아한다.",
          "나의 생일은 1월이다.",
          "나는 요즘, 매일 행복하다.",
          "나는 통화를 할 것이다.",
          "나는 삼겹살을 먹을 것 같다.",
          "나는 계란찜을 좋아한다.",
          "나는 밥을 먹을 것이다.",
          "나는 체력이 좋다.",
          "나는 체력이 안 좋아서 불편했다.",
          "나는 운동을 시작했다.",
          "나는 달리기를 좋아한다."
        ],
        "speaker2": [
          "나는 50대 여성이다.",
          "나의 생일은 8월이다.",
          "나는 영화를 자주 본다. 나는 자주 느긋해진다.",
          "나는 액션 영화를 자주 본다.",
          "나는 혈액형이 B형이다.",
          "나는 식사를 하려고 한다.",
          "나는 어떤 메뉴를 먹어야 할지 모르겠다.",
          "나는 돈이 없다.",
          "나는 달리기를 못 한다.",
          "나는 무릎이 아프다.",
          "나는 산책을 다녀온다."
        ]
      }
    }
  ]
}