{
  "FileInfo": {
    "filename": "K4-00565-CL01143-CP04676-02-10-S4.json",
    "sessionLevel": "4"
  },
  "participantsInfo": {
    "numberOfParticipants": "2",
    "speaker1": {
      "participantID": "0142",
      "gender": "남성",
      "age": "20대",
      "occupation": "학생",
      "bPlace": "부산/대구/울산/경상",
      "gPlace": "부산/대구/울산/경상",
      "rPlace": "부산/대구/울산/경상",
      "educationLevel": "고졸"
    },
    "speaker2": {
      "participantID": "0315",
      "gender": "남성",
      "age": "50대",
      "occupation": "자영업",
      "bPlace": "부산/대구/울산/경상",
      "gPlace": "부산/대구/울산/경상",
      "rPlace": "부산/대구/울산/경상",
      "educationLevel": "대졸"
    }
  },
  "multisessionInfo": {
    "multisessionID": "4-00565"
  },
  "personaInfo": {
    "clInfo": {
      "personaID": "01143",
      "personaFeatures": [
        "나는 남자이다.",
        "나는 20대이다.",
        "나의 가족은 3명이다.",
        "나는 마케팅 및 홍보 담당자이다.",
        "나는 백화점에 가는 게 지루하다."
      ],
      "speakerType": "speaker1"
    },
    "cpInfo": {
      "personaID": "04676",
      "personaFeatures": [
        "나는 남자이다.",
        "나는 50대이다.",
        "나의 종교는 개신교이다.",
        "나는 첼로를 배우고 있다.",
        "나는 화분에 물을 주는 게 짜증 난다."
      ],
      "speakerType": "speaker2"
    }
  },
  "topicInfo": {
    "topicID": "02-10",
    "topicType": "주거와 생활",
    "topicTitle": "주거 환경"
  },
  "sessionInfo": [
    {
      "prevSessionID": null,
      "prevTimeInfo": {
        "timeNum": null,
        "timeUnit": null
      },
      "nthSession": "1",
      "numberOfUtterances": "20",
      "numberOfTurns": "10",
      "sessionID": "4-00565-1",
      "dialog": [
        {
          "speaker": "speaker1",
          "personaID": "01143",
          "participantID": "0142",
          "utterance": "안녕하세요~ 마케팅 및 홍보 담당자로 일하는 20대 남성입니다~ㅎㅎ.",
          "summary": "나는 마케팅 및 홍보 담당자이다. 나는 20대 남자이다.",
          "date": "2022-09-15",
          "time": "16:45:30",
          "terminate": "false"
        },
        {
          "speaker": "speaker2",
          "personaID": "04676",
          "participantID": "0315",
          "utterance": "안녕하세요~ 저는 남자고 50대입니다~ 잘 부탁드려요~",
          "summary": "나는 50대 남자이다.",
          "date": "2022-09-15",
          "time": "16:45:53",
          "terminate": "false"
        },
        {
          "speaker": "speaker1",
          "personaID": "01143",
          "participantID": "0142",
          "utterance": "반가워요~ㅎㅎ 주말인데 뭐 하세요?",
          "summary": "",
          "date": "2022-09-15",
          "time": "16:46:10",
          "terminate": "false"
        },
        {
          "speaker": "speaker2",
          "personaID": "04676",
          "participantID": "0315",
          "utterance": "반가워요 ㅎㅎ 제가 개신교라서 교회에 가려고요~ 계획 있으신가요~?",
          "summary": "나의 종교는 개신교이다.",
          "date": "2022-09-15",
          "time": "16:46:25",
          "terminate": "false"
        },
        {
          "speaker": "speaker1",
          "personaID": "01143",
          "participantID": "0142",
          "utterance": "그러시군요~ 저는 여친이 백화점 가자고 하는데 저는 백화점가는게 지루하네요~ㅠㅠ.",
          "summary": "나는 백화점 가는 지루하다.",
          "date": "2022-09-15",
          "time": "16:46:40",
          "terminate": "false"
        },
        {
          "speaker": "speaker2",
          "personaID": "04676",
          "participantID": "0315",
          "utterance": "남자한테 백화점이 지루하긴 하죠~ 저도 그래요~",
          "summary": "나는 백화점이 지루하다.",
          "date": "2022-09-15",
          "time": "16:46:56",
          "terminate": "false"
        },
        {
          "speaker": "speaker1",
          "personaID": "01143",
          "participantID": "0142",
          "utterance": "남자들은 쇼핑할때 살거 정해두고 그것만 사고 나오잖아요~ㅠㅠ.",
          "summary": "",
          "date": "2022-09-15",
          "time": "16:47:10",
          "terminate": "false"
        },
        {
          "speaker": "speaker2",
          "personaID": "04676",
          "participantID": "0315",
          "utterance": "맞아요~ 쇼핑은 도대체 무슨 재미인지 모르겠어요~",
          "summary": "",
          "date": "2022-09-15",
          "time": "16:47:28",
          "terminate": "false"
        },
        {
          "speaker": "speaker1",
          "personaID": "01143",
          "participantID": "0142",
          "utterance": "여자들은~ 살거있어도 온갖 가게 다 둘러보고 결국은 처음 갔던곳에서 사더군요~ㅠㅠ.",
          "summary": "",
          "date": "2022-09-15",
          "time": "16:47:42",
          "terminate": "false"
        },
        {
          "speaker": "speaker2",
          "personaID": "04676",
          "participantID": "0315",
          "utterance": "아.. 그거 정말 스트레스인데.. 저는 그래서 아내가 가면 따라가지도 않아요~",
          "summary": "",
          "date": "2022-09-15",
          "time": "16:47:59",
          "terminate": "false"
        },
        {
          "speaker": "speaker1",
          "personaID": "01143",
          "participantID": "0142",
          "utterance": "그렇군요~ㅠㅠ 결혼을 하면 모르겠는데~ 아직은 따라 다녀야되는 입장이네요~ㅋㅋ.",
          "summary": "",
          "date": "2022-09-15",
          "time": "16:48:15",
          "terminate": "false"
        },
        {
          "speaker": "speaker2",
          "personaID": "04676",
          "participantID": "0315",
          "utterance": "그쵸~ 저도 그랬던 기억이 있네요 ㅋㅋㅋ.",
          "summary": "",
          "date": "2022-09-15",
          "time": "16:48:25",
          "terminate": "false"
        },
        {
          "speaker": "speaker1",
          "personaID": "01143",
          "participantID": "0142",
          "utterance": "막상 안간다고 혼자 가라고 하면 엄청 서운해 할테니까요~ㅠㅠ.",
          "summary": "",
          "date": "2022-09-15",
          "time": "16:48:35",
          "terminate": "false"
        },
        {
          "speaker": "speaker2",
          "personaID": "04676",
          "participantID": "0315",
          "utterance": "서운해 하기도 하는데 저희 아내는 화를 냈어요~",
          "summary": "",
          "date": "2022-09-15",
          "time": "16:48:37",
          "terminate": "false"
        },
        {
          "speaker": "speaker1",
          "personaID": "01143",
          "participantID": "0142",
          "utterance": "그렇군요~ 제 여친도 만약 제가 그러면 화낼것 같긴해요~",
          "summary": "",
          "date": "2022-09-15",
          "time": "16:49:08",
          "terminate": "false"
        },
        {
          "speaker": "speaker2",
          "personaID": "04676",
          "participantID": "0315",
          "utterance": "기가 세신 여친 분이시네~ 그러면 귀찮은데~ ㅋㅋㅋ.",
          "summary": "",
          "date": "2022-09-15",
          "time": "16:49:17",
          "terminate": "false"
        },
        {
          "speaker": "speaker1",
          "personaID": "01143",
          "participantID": "0142",
          "utterance": "어쩔수없죠~ 다른건 다 좋으니까요~ 저한테 잘 맞춰주기도 하고~",
          "summary": "",
          "date": "2022-09-15",
          "time": "16:49:29",
          "terminate": "false"
        },
        {
          "speaker": "speaker2",
          "personaID": "04676",
          "participantID": "0315",
          "utterance": "그러면 서로 배려하고 있는 거네요~ 좋은 거죠~",
          "summary": "",
          "date": "2022-09-15",
          "time": "16:49:43",
          "terminate": "false"
        },
        {
          "speaker": "speaker1",
          "personaID": "01143",
          "participantID": "0142",
          "utterance": "맞아요~ 이제 약속시간이 다 됬어요~ 다음에 이야기 해요!",
          "summary": "",
          "date": "2022-09-15",
          "time": "16:49:59",
          "terminate": "false"
        },
        {
          "speaker": "speaker2",
          "personaID": "04676",
          "participantID": "0315",
          "utterance": "네~ 알겠습니다~ 다음에 연락 주세요~",
          "summary": "",
          "date": "2022-09-15",
          "time": "16:50:07",
          "terminate": "true"
        }
      ],
      "sessionPersonaSummary": {
        "speaker1": [
          "나는 마케팅 및 홍보 담당자이다. 나는 20대 남자이다.",
          "나는 백화점 가는 지루하다."
        ],
        "speaker2": [
          "나는 50대 남자이다.",
          "나의 종교는 개신교이다.",
          "나는 백화점이 지루하다."
        ]
      },
      "prevAggregatedpersonaSummary": {
        "speaker1": [],
        "speaker2": []
      }
    },
    {
      "prevSessionID": "4-00565-1",
      "prevTimeInfo": {
        "timeNum": "3",
        "timeUnit": "일"
      },
      "nthSession": "2",
      "numberOfUtterances": "20",
      "numberOfTurns": "10",
      "sessionID": "4-00565-2",
      "dialog": [
        {
          "speaker": "speaker1",
          "personaID": "01143",
          "participantID": "0142",
          "utterance": "오랜만입니다~ 뉴스 보셨나요? 서울에 물난리가 났어요~ㅠㅠ.",
          "summary": "",
          "date": "2022-09-15",
          "time": "16:50:21",
          "terminate": "false"
        },
        {
          "speaker": "speaker2",
          "personaID": "04676",
          "participantID": "0315",
          "utterance": "오랜만이에요~ 저도 그 뉴스 봤습니다~ 터미널이 완전 물난리 됐더라고요~",
          "summary": "",
          "date": "2022-09-15",
          "time": "16:50:41",
          "terminate": "false"
        },
        {
          "speaker": "speaker1",
          "personaID": "01143",
          "participantID": "0142",
          "utterance": "그러니까요~ 아무래도 이사를 가야겠어요~ 무서워서~",
          "summary": "나는 이사를 계획한다.",
          "date": "2022-09-15",
          "time": "16:50:49",
          "terminate": "false"
        },
        {
          "speaker": "speaker2",
          "personaID": "04676",
          "participantID": "0315",
          "utterance": "이사 가는 것도 방법이긴 한데~ 주거 환경이 바뀌면 조금 불편하지 않을까요~?",
          "summary": "",
          "date": "2022-09-15",
          "time": "16:51:04",
          "terminate": "false"
        },
        {
          "speaker": "speaker1",
          "personaID": "01143",
          "participantID": "0142",
          "utterance": "지금보다 불편할까요~? 지금 반지하라서요~ㅋㅋ.",
          "summary": "",
          "date": "2022-09-15",
          "time": "16:51:11",
          "terminate": "false"
        },
        {
          "speaker": "speaker2",
          "personaID": "04676",
          "participantID": "0315",
          "utterance": "아~ 반지하에서 생활하시고 계시는구나~ 그러면 이사 가는 게 좋겠죠~",
          "summary": "",
          "date": "2022-09-15",
          "time": "16:51:27",
          "terminate": "false"
        },
        {
          "speaker": "speaker1",
          "personaID": "01143",
          "participantID": "0142",
          "utterance": "월세가 조금 세더라도 지상으로 가야겠어요~ 지금 동네는 이번에는 괜찮았는데 다음에는 장담을 못 하니까요~",
          "summary": "",
          "date": "2022-09-15",
          "time": "16:51:44",
          "terminate": "false"
        },
        {
          "speaker": "speaker2",
          "personaID": "04676",
          "participantID": "0315",
          "utterance": "맞아요~ 반지하에 살다가 그런 봉변을 맞으면 억울하겠죠~",
          "summary": "",
          "date": "2022-09-15",
          "time": "16:52:07",
          "terminate": "false"
        },
        {
          "speaker": "speaker1",
          "personaID": "01143",
          "participantID": "0142",
          "utterance": "뉴스에서 보니까 반지하 사시는 몇몇 분들이 피해를 엄청 입으셨더라고요~",
          "summary": "",
          "date": "2022-09-15",
          "time": "16:52:15",
          "terminate": "false"
        },
        {
          "speaker": "speaker2",
          "personaID": "04676",
          "participantID": "0315",
          "utterance": "확실히 상상만 해도 엄청난 피해일 것 같네요..",
          "summary": "",
          "date": "2022-09-15",
          "time": "16:52:27",
          "terminate": "false"
        },
        {
          "speaker": "speaker1",
          "personaID": "01143",
          "participantID": "0142",
          "utterance": "인명피해도 있었어요~ㅠㅠ 정말 슬프네요~ㅠㅠ.",
          "summary": "",
          "date": "2022-09-15",
          "time": "16:52:33",
          "terminate": "false"
        },
        {
          "speaker": "speaker2",
          "personaID": "04676",
          "participantID": "0315",
          "utterance": "안타까운 현실이네요~ 실종자도 있던데..",
          "summary": "",
          "date": "2022-09-15",
          "time": "16:52:45",
          "terminate": "false"
        },
        {
          "speaker": "speaker1",
          "personaID": "01143",
          "participantID": "0142",
          "utterance": "저는 반지하에서 혼자 사는데 어떤 사람들은 가족이 같이 살더라고요~ㅠㅠ.",
          "summary": "",
          "date": "2022-09-15",
          "time": "16:52:51",
          "terminate": "false"
        },
        {
          "speaker": "speaker2",
          "personaID": "04676",
          "participantID": "0315",
          "utterance": "아.. 그런 거 보면 조금 안쓰럽긴 하네요~ 영화 기생충이 생각나네요~",
          "summary": "",
          "date": "2022-09-15",
          "time": "16:53:07",
          "terminate": "false"
        },
        {
          "speaker": "speaker1",
          "personaID": "01143",
          "participantID": "0142",
          "utterance": "맞아요~ㅠㅠ 그나저나 돈 몇 푼 아끼려다 봉변 당하기전에 빨리 나가야겠어요~",
          "summary": "",
          "date": "2022-09-15",
          "time": "16:53:28",
          "terminate": "false"
        },
        {
          "speaker": "speaker2",
          "personaID": "04676",
          "participantID": "0315",
          "utterance": "그게 맞는 것 같습니다~ 반지하보다야 지상이 훨씬 낫죠~",
          "summary": "",
          "date": "2022-09-15",
          "time": "16:53:44",
          "terminate": "false"
        },
        {
          "speaker": "speaker1",
          "personaID": "01143",
          "participantID": "0142",
          "utterance": "안그래도 여친도 호들갑 떨면서 빨리 이사하라고 난리 라서요~",
          "summary": "",
          "date": "2022-09-15",
          "time": "16:53:45",
          "terminate": "false"
        },
        {
          "speaker": "speaker2",
          "personaID": "04676",
          "participantID": "0315",
          "utterance": "여친도 잘 알고 계시네요 ㅎㅎ 여친 말 들으세요~",
          "summary": "",
          "date": "2022-09-15",
          "time": "16:54:01",
          "terminate": "false"
        },
        {
          "speaker": "speaker1",
          "personaID": "01143",
          "participantID": "0142",
          "utterance": "그런것 같아요~ 저는 이만 부동산좀 알아보러 가볼게요~ 다음에 이야기해요!",
          "summary": "",
          "date": "2022-09-15",
          "time": "16:54:11",
          "terminate": "false"
        },
        {
          "speaker": "speaker2",
          "personaID": "04676",
          "participantID": "0315",
          "utterance": "행동력이 있으시네~ 네~ 알겠습니다~ 다음에 연락 주세요~",
          "summary": "",
          "date": "2022-09-15",
          "time": "16:54:27",
          "terminate": "true"
        }
      ],
      "sessionPersonaSummary": {
        "speaker1": [
          "나는 이사를 계획한다."
        ],
        "speaker2": []
      },
      "prevAggregatedpersonaSummary": {
        "speaker1": [
          "나는 마케팅 및 홍보 담당자이다. 나는 20대 남자이다.",
          "나는 백화점 가는 지루하다."
        ],
        "speaker2": [
          "나는 50대 남자이다.",
          "나의 종교는 개신교이다.",
          "나는 백화점이 지루하다."
        ]
      }
    },
    {
      "prevSessionID": "4-00565-2",
      "prevTimeInfo": {
        "timeNum": "7",
        "timeUnit": "일"
      },
      "nthSession": "3",
      "numberOfUtterances": "20",
      "numberOfTurns": "10",
      "sessionID": "4-00565-3",
      "dialog": [
        {
          "speaker": "speaker1",
          "personaID": "01143",
          "participantID": "0142",
          "utterance": "오랜만이네요~ 괜찮은 원룸을 하나 발견해서 이사하기로 했어요~",
          "summary": "",
          "date": "2022-09-15",
          "time": "16:54:36",
          "terminate": "false"
        },
        {
          "speaker": "speaker2",
          "personaID": "04676",
          "participantID": "0315",
          "utterance": "오~ 그거 좋네요~ 보증금은 낼만 한가요~?",
          "summary": "",
          "date": "2022-09-15",
          "time": "16:54:52",
          "terminate": "false"
        },
        {
          "speaker": "speaker1",
          "personaID": "01143",
          "participantID": "0142",
          "utterance": "보증금정도는 해결할수 있어요~ 원룸이라 그렇게 비싸지는 않아요~",
          "summary": "",
          "date": "2022-09-15",
          "time": "16:55:06",
          "terminate": "false"
        },
        {
          "speaker": "speaker2",
          "personaID": "04676",
          "participantID": "0315",
          "utterance": "그렇다면 다행이네요~ 혼자면 원룸이 최고죠~",
          "summary": "",
          "date": "2022-09-15",
          "time": "16:55:12",
          "terminate": "false"
        },
        {
          "speaker": "speaker1",
          "personaID": "01143",
          "participantID": "0142",
          "utterance": "그렇죠~ㅎㅎ 그래도 저번에 살던곳이 계약이 안끝나서 웃돈주고 뺏네요~ㅠㅠ.",
          "summary": "",
          "date": "2022-09-15",
          "time": "16:55:40",
          "terminate": "false"
        },
        {
          "speaker": "speaker2",
          "personaID": "04676",
          "participantID": "0315",
          "utterance": "아~ 계약이 안 끝나셨었구나~ 계약이 기간이 많이 남았었나요~?",
          "summary": "",
          "date": "2022-09-15",
          "time": "16:56:01",
          "terminate": "false"
        },
        {
          "speaker": "speaker1",
          "personaID": "01143",
          "participantID": "0142",
          "utterance": "한 3달 좀 넘게 남았을거예요~ 주인이 싫어하는 눈치 였지만... 겨우 설득 했네요~",
          "summary": "",
          "date": "2022-09-15",
          "time": "16:56:18",
          "terminate": "false"
        },
        {
          "speaker": "speaker2",
          "personaID": "04676",
          "participantID": "0315",
          "utterance": "세달만 조금 버티시지 ㅎㅎ 그래도 설득하셨다면 다행이네요~",
          "summary": "",
          "date": "2022-09-15",
          "time": "16:56:36",
          "terminate": "false"
        },
        {
          "speaker": "speaker1",
          "personaID": "01143",
          "participantID": "0142",
          "utterance": "다음달이면 태풍이 올것 같아서요~ 보통 그렇잖아요~",
          "summary": "",
          "date": "2022-09-15",
          "time": "16:56:47",
          "terminate": "false"
        },
        {
          "speaker": "speaker2",
          "personaID": "04676",
          "participantID": "0315",
          "utterance": "그렇긴 하네요~ 안전하게 먼저 이사 가는 것도 좋죠~",
          "summary": "",
          "date": "2022-09-15",
          "time": "16:57:06",
          "terminate": "false"
        },
        {
          "speaker": "speaker1",
          "personaID": "01143",
          "participantID": "0142",
          "utterance": "맞아요~ 이번에 가는 집이 위치도 가격도 괜찮은데 엘레베이터 없는 5층이네요~ㅋㅋㅋㅋ.",
          "summary": "",
          "date": "2022-09-15",
          "time": "16:57:26",
          "terminate": "false"
        },
        {
          "speaker": "speaker2",
          "personaID": "04676",
          "participantID": "0315",
          "utterance": "우와.. 그거는 힘들겠네요~ 엘레베이터 없이 5층까지 걸으라니..",
          "summary": "",
          "date": "2022-09-15",
          "time": "16:57:40",
          "terminate": "false"
        },
        {
          "speaker": "speaker1",
          "personaID": "01143",
          "participantID": "0142",
          "utterance": "운동되고 좋죠~ㅋㅋㅋ 이사 할때가 곤역일것 같긴해요~",
          "summary": "",
          "date": "2022-09-15",
          "time": "16:57:56",
          "terminate": "false"
        },
        {
          "speaker": "speaker2",
          "personaID": "04676",
          "participantID": "0315",
          "utterance": "운동이라고 생각하면 좋긴 하겠네요~ 짐이 많은가요?",
          "summary": "",
          "date": "2022-09-15",
          "time": "16:58:15",
          "terminate": "false"
        },
        {
          "speaker": "speaker1",
          "personaID": "01143",
          "participantID": "0142",
          "utterance": "짐은 그렇게 많지는 않아요~ 계속 풀옵션 인곳에서만 살아서~ 컴퓨터같은게 무겁긴해요~",
          "summary": "",
          "date": "2022-09-15",
          "time": "16:58:29",
          "terminate": "false"
        },
        {
          "speaker": "speaker2",
          "personaID": "04676",
          "participantID": "0315",
          "utterance": "용달차 부르세요~ 사다리차도 부르시고요~ 그러면 금방 할 텐데~",
          "summary": "",
          "date": "2022-09-15",
          "time": "16:58:56",
          "terminate": "false"
        },
        {
          "speaker": "speaker1",
          "personaID": "01143",
          "participantID": "0142",
          "utterance": "사다리차는 오버같고~ 여친 아버지가 도와주신다고 했어요~ㅋㅋ.",
          "summary": "",
          "date": "2022-09-15",
          "time": "16:59:13",
          "terminate": "false"
        },
        {
          "speaker": "speaker2",
          "personaID": "04676",
          "participantID": "0315",
          "utterance": "오~ 여친 아버지가 친절하시네요 ㅎㅎ.",
          "summary": "",
          "date": "2022-09-15",
          "time": "16:59:27",
          "terminate": "false"
        },
        {
          "speaker": "speaker1",
          "personaID": "01143",
          "participantID": "0142",
          "utterance": "맞아요~ 정말 좋으신 분이에요~ㅎㅎ 저는 이제 일하러 가볼게요~ 다음에 연락해요!",
          "summary": "",
          "date": "2022-09-15",
          "time": "16:59:44",
          "terminate": "false"
        },
        {
          "speaker": "speaker2",
          "personaID": "04676",
          "participantID": "0315",
          "utterance": "좋네요 ㅎㅎ 네~ 저는 첼로를 배우고 있어서 첼로 치러 가볼게요~ 다음에 연락 주세요~",
          "summary": "나는 첼로를 배우고 있다.",
          "date": "2022-09-15",
          "time": "16:59:53",
          "terminate": "true"
        }
      ],
      "sessionPersonaSummary": {
        "speaker1": [],
        "speaker2": [
          "나는 첼로를 배우고 있다."
        ]
      },
      "prevAggregatedpersonaSummary": {
        "speaker1": [
          "나는 마케팅 및 홍보 담당자이다. 나는 20대 남자이다.",
          "나는 백화점 가는 지루하다.",
          "나는 이사를 계획한다."
        ],
        "speaker2": [
          "나는 50대 남자이다.",
          "나의 종교는 개신교이다.",
          "나는 백화점이 지루하다."
        ]
      }
    },
    {
      "prevSessionID": "4-00565-3",
      "prevTimeInfo": {
        "timeNum": "6",
        "timeUnit": "일"
      },
      "nthSession": "4",
      "numberOfUtterances": "20",
      "numberOfTurns": "10",
      "sessionID": "4-00565-4",
      "dialog": [
        {
          "speaker": "speaker1",
          "personaID": "01143",
          "participantID": "0142",
          "utterance": "저번에 말씀드린 이사 끝냈네요~ㅋㅋ 와 걸어서 짐 옮기는데 허리 나갈뻔 했네요~ㅋㅋ.",
          "summary": "나는 이사를 완료했다.",
          "date": "2022-09-15",
          "time": "17:00:25",
          "terminate": "false"
        },
        {
          "speaker": "speaker2",
          "personaID": "04676",
          "participantID": "0315",
          "utterance": "이사를 끝내셨구나~ 그래도 무사히 끝내서 다행이네요~",
          "summary": "",
          "date": "2022-09-15",
          "time": "17:01:12",
          "terminate": "false"
        },
        {
          "speaker": "speaker1",
          "personaID": "01143",
          "participantID": "0142",
          "utterance": "옷가지들이 생각보다 무겁더라고요~ 그래도 몇개 없어서 다행이예요~",
          "summary": "",
          "date": "2022-09-15",
          "time": "17:01:21",
          "terminate": "false"
        },
        {
          "speaker": "speaker2",
          "personaID": "04676",
          "participantID": "0315",
          "utterance": "그래도 별로 없었으니까 다행이네요 ㅎㅎ.",
          "summary": "",
          "date": "2022-09-15",
          "time": "17:01:48",
          "terminate": "false"
        },
        {
          "speaker": "speaker1",
          "personaID": "01143",
          "participantID": "0142",
          "utterance": "여친 오빠들까지 와서 도와주는 바람에 금방 끝났어요~ 저는 외동이라서 가족이라고 해봐야 3명인데~ 부럽더군요~",
          "summary": "나는 가족이 3명이다.",
          "date": "2022-09-15",
          "time": "17:02:10",
          "terminate": "false"
        },
        {
          "speaker": "speaker2",
          "personaID": "04676",
          "participantID": "0315",
          "utterance": "여친의 가족들은 정말 좋은 가족들이네요~",
          "summary": "",
          "date": "2022-09-15",
          "time": "17:02:24",
          "terminate": "false"
        },
        {
          "speaker": "speaker1",
          "personaID": "01143",
          "participantID": "0142",
          "utterance": "근데 조금 무서웠어요~ 뭔가 확인하러 온 느낌도 났어요~",
          "summary": "",
          "date": "2022-09-15",
          "time": "17:02:39",
          "terminate": "false"
        },
        {
          "speaker": "speaker2",
          "personaID": "04676",
          "participantID": "0315",
          "utterance": "그럴 수도 있겠네요~ 그래도 합격하신 느낌 아닌가요~?",
          "summary": "",
          "date": "2022-09-15",
          "time": "17:02:53",
          "terminate": "false"
        },
        {
          "speaker": "speaker1",
          "personaID": "01143",
          "participantID": "0142",
          "utterance": "네~ 그래도 안심된다고 말씀 해주셔서 감사했죠~",
          "summary": "",
          "date": "2022-09-15",
          "time": "17:03:06",
          "terminate": "false"
        },
        {
          "speaker": "speaker2",
          "personaID": "04676",
          "participantID": "0315",
          "utterance": "좋은 모습 보여준 것 같아서 다행이네요~ 실수도 하지 않고~",
          "summary": "",
          "date": "2022-09-15",
          "time": "17:03:23",
          "terminate": "false"
        },
        {
          "speaker": "speaker1",
          "personaID": "01143",
          "participantID": "0142",
          "utterance": "생각 해보면 막내 딸이자 막내 여동생 남친 이라니까 궁금하긴 할 것 같아요~",
          "summary": "",
          "date": "2022-09-15",
          "time": "17:03:29",
          "terminate": "false"
        },
        {
          "speaker": "speaker2",
          "personaID": "04676",
          "participantID": "0315",
          "utterance": "궁금하겠죠~ 아무래도 가족인데~",
          "summary": "",
          "date": "2022-09-15",
          "time": "17:03:42",
          "terminate": "false"
        },
        {
          "speaker": "speaker1",
          "personaID": "01143",
          "participantID": "0142",
          "utterance": "정말 이것저것 많이도 물어 보시더라고요~ㅋㅋ.",
          "summary": "",
          "date": "2022-09-15",
          "time": "17:03:48",
          "terminate": "false"
        },
        {
          "speaker": "speaker2",
          "personaID": "04676",
          "participantID": "0315",
          "utterance": "원래 그렇죠~ ㅋㅋㅋ 그런 건 기본이죠~ ㅋㅋㅋ.",
          "summary": "",
          "date": "2022-09-15",
          "time": "17:04:07",
          "terminate": "false"
        },
        {
          "speaker": "speaker1",
          "personaID": "01143",
          "participantID": "0142",
          "utterance": "거기다가 여친 큰오빠가 무예타이 도장을 운영하고 있다고 하네요~",
          "summary": "",
          "date": "2022-09-15",
          "time": "17:04:14",
          "terminate": "false"
        },
        {
          "speaker": "speaker2",
          "personaID": "04676",
          "participantID": "0315",
          "utterance": "우와~ 그럼 싸움 잘 하시겠네~ 까불면 안 되겠어요 ㅎㅎ.",
          "summary": "",
          "date": "2022-09-15",
          "time": "17:04:24",
          "terminate": "false"
        },
        {
          "speaker": "speaker1",
          "personaID": "01143",
          "participantID": "0142",
          "utterance": "뻘짓 하다가는 죽을지도 몰라요~ㅋㅋ 잘해야죠~",
          "summary": "",
          "date": "2022-09-15",
          "time": "17:04:28",
          "terminate": "false"
        },
        {
          "speaker": "speaker2",
          "personaID": "04676",
          "participantID": "0315",
          "utterance": "무에타이가 살인 무술이잖아요~ 조심하셔야돼요~",
          "summary": "",
          "date": "2022-09-15",
          "time": "17:04:44",
          "terminate": "false"
        },
        {
          "speaker": "speaker1",
          "personaID": "01143",
          "participantID": "0142",
          "utterance": "맞아요~ 원래 태국에서 전쟁터에서나 쓰던거라던데~ㅋㅋ 저는 이만 퇴근 해볼게요~ 다음에 이야기해요!",
          "summary": "",
          "date": "2022-09-15",
          "time": "17:05:04",
          "terminate": "false"
        },
        {
          "speaker": "speaker2",
          "personaID": "04676",
          "participantID": "0315",
          "utterance": "네~ 저는 아내가 화분에 물주라고 구박하네요~ 화분에 물 주는 게 너무 짜증나요 ㅠㅠ 귀찮아서~ 다음에 연락 주세요~",
          "summary": "나는 화분에 물을 주는 게 짜증 난다.",
          "date": "2022-09-15",
          "time": "17:05:26",
          "terminate": "true"
        }
      ],
      "sessionPersonaSummary": {
        "speaker1": [
          "나는 이사를 완료했다.",
          "나는 가족이 3명이다."
        ],
        "speaker2": [
          "나는 화분에 물을 주는 게 짜증 난다."
        ]
      },
      "prevAggregatedpersonaSummary": {
        "speaker1": [
          "나는 마케팅 및 홍보 담당자이다. 나는 20대 남자이다.",
          "나는 백화점 가는 지루하다.",
          "나는 이사를 계획한다."
        ],
        "speaker2": [
          "나는 50대 남자이다.",
          "나의 종교는 개신교이다.",
          "나는 백화점이 지루하다.",
          "나는 첼로를 배우고 있다."
        ]
      }
    }
  ]
}