{
  "FileInfo": {
    "filename": "K4-00449-CL97563-CP98189-10-05-S4.json",
    "sessionLevel": "4"
  },
  "participantsInfo": {
    "numberOfParticipants": "2",
    "speaker1": {
      "participantID": "20172",
      "gender": "여성",
      "age": "60대 이상",
      "occupation": "무직",
      "bPlace": "부산/대구/울산/경상",
      "gPlace": "부산/대구/울산/경상",
      "rPlace": "부산/대구/울산/경상",
      "educationLevel": "대졸"
    },
    "speaker2": {
      "participantID": "21007",
      "gender": "여성",
      "age": "60대 이상",
      "occupation": "주부",
      "bPlace": "부산/대구/울산/경상",
      "gPlace": "부산/대구/울산/경상",
      "rPlace": "부산/대구/울산/경상",
      "educationLevel": "고졸"
    }
  },
  "multisessionInfo": {
    "multisessionID": "4-00449"
  },
  "personaInfo": {
    "clInfo": {
      "personaID": "97563",
      "personaFeatures": [
        "나는 여자이다.",
        "나는 60대 이상이다.",
        "나의 생일은 12월이다.",
        "나는 드럼 연주를 가끔 한다.",
        "나는 실내에서 스피닝 하는 것을 싫어한다.",
        "나는 딸기를 안 먹는다.",
        "나는 혈액형이 O형이다."
      ],
      "speakerType": "speaker1"
    },
    "cpInfo": {
      "personaID": "98189",
      "personaFeatures": [
        "나는 여자이다.",
        "나는 60대 이상이다.",
        "나는 따뜻한 날씨를 좋아한다.",
        "나는 프랑스에 가 보고 싶다.",
        "나는 헬스를 자주 한다.",
        "나는 콩국수를 즐겨 먹는다.",
        "나는 혈액형이 O형이다."
      ],
      "speakerType": "speaker2"
    }
  },
  "topicInfo": {
    "topicID": "10-05",
    "topicType": "여가와 오락>스포츠/레져",
    "topicTitle": "올림픽"
  },
  "sessionInfo": [
    {
      "prevSessionID": null,
      "prevTimeInfo": {
        "timeNum": null,
        "timeUnit": null
      },
      "nthSession": "1",
      "numberOfUtterances": "14",
      "numberOfTurns": "7",
      "sessionID": "4-00449-1",
      "dialog": [
        {
          "speaker": "speaker1",
          "personaID": "97563",
          "participantID": "20172",
          "utterance": "안녕하세요~ 저는 60대 O형 여자입니다~ 잘부탁드려요.",
          "summary": "나는 60대 여성이다. 나의 혈액형은 O형이다.",
          "date": "2022-11-30",
          "time": "17:46:54",
          "terminate": "false"
        },
        {
          "speaker": "speaker2",
          "personaID": "98189",
          "participantID": "21007",
          "utterance": "오 저랑 같네요~ 저도 60대 O형 여자에요 만나서 반가워요.",
          "summary": "나는 60대 여성이다. 나의 혈액형은 O형이다.",
          "date": "2022-11-30",
          "time": "17:46:56",
          "terminate": "false"
        },
        {
          "speaker": "speaker1",
          "personaID": "97563",
          "participantID": "20172",
          "utterance": "이런 인연이 있을 수 있네요~ 신기하네요.",
          "summary": "",
          "date": "2022-11-30",
          "time": "17:46:58",
          "terminate": "false"
        },
        {
          "speaker": "speaker2",
          "personaID": "98189",
          "participantID": "21007",
          "utterance": "그러니깐요 저도 놀랬어요~ 오늘 날씨가 따뜻해서 너무 좋네요 이런날을 좋아하거든요~ 뭐하고 계셨나요 ?",
          "summary": "나는 따뜻한 날씨를 좋아한다.",
          "date": "2022-11-30",
          "time": "17:47:00",
          "terminate": "false"
        },
        {
          "speaker": "speaker1",
          "personaID": "97563",
          "participantID": "20172",
          "utterance": "저는 드럼 연주 하고있었어요~ 가끔 이렇게 드럼을 치거든요~",
          "summary": "나는 드럼 연주를 가끔 한다.",
          "date": "2022-11-30",
          "time": "17:47:02",
          "terminate": "false"
        },
        {
          "speaker": "speaker2",
          "personaID": "98189",
          "participantID": "21007",
          "utterance": "오 드럼 좋으네요~ 저는 매일 이시간에는 헬스하러 와요~",
          "summary": "나는 헬스를 자주 한다.",
          "date": "2022-11-30",
          "time": "17:47:04",
          "terminate": "false"
        },
        {
          "speaker": "speaker1",
          "personaID": "97563",
          "participantID": "20172",
          "utterance": "오 헬스장에서 하시나요 ? 어떤거 주로하세요 ?",
          "summary": "",
          "date": "2022-11-30",
          "time": "17:47:05",
          "terminate": "false"
        },
        {
          "speaker": "speaker2",
          "personaID": "98189",
          "participantID": "21007",
          "utterance": "요즘에 스피닝 코스로 새롭게 등록했어요~",
          "summary": "",
          "date": "2022-11-30",
          "time": "17:47:09",
          "terminate": "false"
        },
        {
          "speaker": "speaker1",
          "personaID": "97563",
          "participantID": "20172",
          "utterance": "아 저는실내에서 스피닝하는 건 너무 싫던데요 ㅎ 답답하고 어지럽고~",
          "summary": "나는 실내에서 스피닝 하는 것을 싫어한다.",
          "date": "2022-11-30",
          "time": "17:47:11",
          "terminate": "false"
        },
        {
          "speaker": "speaker2",
          "personaID": "98189",
          "participantID": "21007",
          "utterance": "저도 좋아하지는 않는데 이번에 프랑스에 가보고싶은데 자전거 타고 가는게 좋다고해서 가볍게 해보려고요.",
          "summary": "나는 프랑스에 가보고 싶다.",
          "date": "2022-11-30",
          "time": "17:47:13",
          "terminate": "false"
        },
        {
          "speaker": "speaker1",
          "personaID": "97563",
          "participantID": "20172",
          "utterance": "와 유럽 여행을 가시려는 거군요~ 좋네요.",
          "summary": "",
          "date": "2022-11-30",
          "time": "17:47:15",
          "terminate": "false"
        },
        {
          "speaker": "speaker2",
          "personaID": "98189",
          "participantID": "21007",
          "utterance": "네 따뜻한 날씨의 유럽을 자전거 타고 여행하면 기분 좋을 것 같아요.",
          "summary": "",
          "date": "2022-11-30",
          "time": "17:47:17",
          "terminate": "false"
        },
        {
          "speaker": "speaker1",
          "personaID": "97563",
          "participantID": "20172",
          "utterance": "그러네요 저도 12월 생인데 추운것보다 따뜻한걸 더 좋아하거든요.",
          "summary": "나의 생일은 12월이다.",
          "date": "2022-11-30",
          "time": "17:47:42",
          "terminate": "false"
        },
        {
          "speaker": "speaker2",
          "personaID": "98189",
          "participantID": "21007",
          "utterance": "저 잠시 헬스 스케쥴 좀 하고 올게요~ 금방 오겠습니다~",
          "summary": "",
          "date": "2022-11-30",
          "time": "17:47:44",
          "terminate": "true"
        }
      ],
      "sessionPersonaSummary": {
        "speaker1": [
          "나는 60대 여성이다. 나의 혈액형은 O형이다.",
          "나는 드럼 연주를 가끔 한다.",
          "나는 실내에서 스피닝 하는 것을 싫어한다.",
          "나의 생일은 12월이다."
        ],
        "speaker2": [
          "나는 60대 여성이다. 나의 혈액형은 O형이다.",
          "나는 따뜻한 날씨를 좋아한다.",
          "나는 헬스를 자주 한다.",
          "나는 프랑스에 가보고 싶다."
        ]
      },
      "prevAggregatedpersonaSummary": {
        "speaker1": [],
        "speaker2": []
      }
    },
    {
      "prevSessionID": "4-00449-1",
      "prevTimeInfo": {
        "timeNum": "2",
        "timeUnit": "시간"
      },
      "nthSession": "2",
      "numberOfUtterances": "14",
      "numberOfTurns": "7",
      "sessionID": "4-00449-2",
      "dialog": [
        {
          "speaker": "speaker1",
          "personaID": "97563",
          "participantID": "20172",
          "utterance": "헬스장에서 운동은 잘 하고 계신가요 ? 벌써 2시간이 지났네요.",
          "summary": "",
          "date": "2022-11-30",
          "time": "17:47:48",
          "terminate": "false"
        },
        {
          "speaker": "speaker2",
          "personaID": "98189",
          "participantID": "21007",
          "utterance": "아휴 너무 힘드네요~ 이대로 잠들고 싶을 정도로 체력이 너무 안좋아요.",
          "summary": "",
          "date": "2022-11-30",
          "time": "17:47:53",
          "terminate": "false"
        },
        {
          "speaker": "speaker1",
          "personaID": "97563",
          "participantID": "20172",
          "utterance": "그래도 이런 레져 활동 하시는거 보면 체력 좋으신것같은데요.",
          "summary": "",
          "date": "2022-11-30",
          "time": "17:47:54",
          "terminate": "false"
        },
        {
          "speaker": "speaker2",
          "personaID": "98189",
          "participantID": "21007",
          "utterance": "젊을때 부터 꾸준히 다닌거라서 그나마 이 나이 먹어도 움직이는 정도 같아요.",
          "summary": "",
          "date": "2022-11-30",
          "time": "17:47:56",
          "terminate": "false"
        },
        {
          "speaker": "speaker1",
          "personaID": "97563",
          "participantID": "20172",
          "utterance": "꾸준히 다니셨군요~ 엄청난 숙련자셨네요.",
          "summary": "",
          "date": "2022-11-30",
          "time": "17:47:58",
          "terminate": "false"
        },
        {
          "speaker": "speaker2",
          "personaID": "98189",
          "participantID": "21007",
          "utterance": "저는 레져 활동을 좋아하다보니 요즘 헬스장에서 운동만하는게 아니고 이런 레져 활동도 많이 하고 있거든요.",
          "summary": "나는 헬스장에서 레저 활동도 한다.",
          "date": "2022-11-30",
          "time": "17:48:00",
          "terminate": "false"
        },
        {
          "speaker": "speaker1",
          "personaID": "97563",
          "participantID": "20172",
          "utterance": "아 저는 그 무식하게 생긴 운동 기구만 생각했는데 다른가봐요 ?",
          "summary": "",
          "date": "2022-11-30",
          "time": "17:48:02",
          "terminate": "false"
        },
        {
          "speaker": "speaker2",
          "personaID": "98189",
          "participantID": "21007",
          "utterance": "네 많이 바뀌었어요~ 레서 스포츠도 도입되어있고 스피닝도 있는 것처럼요.",
          "summary": "",
          "date": "2022-11-30",
          "time": "17:48:04",
          "terminate": "false"
        },
        {
          "speaker": "speaker1",
          "personaID": "97563",
          "participantID": "20172",
          "utterance": "이제는 레져즐기러 헬스장 가는 사람도 많은 거 아니에요 ?",
          "summary": "",
          "date": "2022-11-30",
          "time": "17:48:05",
          "terminate": "false"
        },
        {
          "speaker": "speaker2",
          "personaID": "98189",
          "participantID": "21007",
          "utterance": "네 실제로 젊은 사람들도 많이 와요 헬스하는 사람보다 레져를 즐기러 오는 사람들이죠.",
          "summary": "",
          "date": "2022-11-30",
          "time": "17:48:07",
          "terminate": "false"
        },
        {
          "speaker": "speaker1",
          "personaID": "97563",
          "participantID": "20172",
          "utterance": "제가 알던 옛날 상식이 다 깨졌네요 새로운 사실이에요.",
          "summary": "",
          "date": "2022-11-30",
          "time": "17:48:10",
          "terminate": "false"
        },
        {
          "speaker": "speaker2",
          "personaID": "98189",
          "participantID": "21007",
          "utterance": "그래서 코스가 많아졌어요~ 죄송해요 저 한파트만 더 하고 올게요~",
          "summary": "",
          "date": "2022-11-30",
          "time": "17:48:11",
          "terminate": "false"
        },
        {
          "speaker": "speaker1",
          "personaID": "97563",
          "participantID": "20172",
          "utterance": "네 쓰러지지 마시고 조심히 하시고 오세요.",
          "summary": "",
          "date": "2022-11-30",
          "time": "17:48:13",
          "terminate": "false"
        },
        {
          "speaker": "speaker2",
          "personaID": "98189",
          "participantID": "21007",
          "utterance": "갑사합니다~ 자꾸 가서 죄송해요 금방 다녀올게요.",
          "summary": "",
          "date": "2022-11-30",
          "time": "17:48:15",
          "terminate": "true"
        }
      ],
      "sessionPersonaSummary": {
        "speaker1": [],
        "speaker2": [
          "나는 헬스장에서 레저 활동도 한다."
        ]
      },
      "prevAggregatedpersonaSummary": {
        "speaker1": [
          "나는 60대 여성이다. 나의 혈액형은 O형이다.",
          "나는 드럼 연주를 가끔 한다.",
          "나는 실내에서 스피닝 하는 것을 싫어한다.",
          "나의 생일은 12월이다."
        ],
        "speaker2": [
          "나는 60대 여성이다. 나의 혈액형은 O형이다.",
          "나는 따뜻한 날씨를 좋아한다.",
          "나는 헬스를 자주 한다.",
          "나는 프랑스에 가보고 싶다."
        ]
      }
    },
    {
      "prevSessionID": "4-00449-2",
      "prevTimeInfo": {
        "timeNum": "1",
        "timeUnit": "시간"
      },
      "nthSession": "3",
      "numberOfUtterances": "14",
      "numberOfTurns": "7",
      "sessionID": "4-00449-3",
      "dialog": [
        {
          "speaker": "speaker1",
          "personaID": "97563",
          "participantID": "20172",
          "utterance": "1시간지났는데 아직 헬스장이신거죠 ?",
          "summary": "",
          "date": "2022-11-30",
          "time": "17:48:19",
          "terminate": "false"
        },
        {
          "speaker": "speaker2",
          "personaID": "98189",
          "participantID": "21007",
          "utterance": "네 지금 또 쉬고 있어요 ㅎㅎ 너무 체력이 안좋아요.",
          "summary": "",
          "date": "2022-11-30",
          "time": "17:48:21",
          "terminate": "false"
        },
        {
          "speaker": "speaker1",
          "personaID": "97563",
          "participantID": "20172",
          "utterance": "이 나이면 다들 이해할거에요 더욱 놀랄 것같은데요.",
          "summary": "",
          "date": "2022-11-30",
          "time": "17:48:23",
          "terminate": "false"
        },
        {
          "speaker": "speaker2",
          "personaID": "98189",
          "participantID": "21007",
          "utterance": "그런가요 그래도 예전 같지 않으니깐 조금 서운하네요.",
          "summary": "",
          "date": "2022-11-30",
          "time": "17:48:24",
          "terminate": "false"
        },
        {
          "speaker": "speaker1",
          "personaID": "97563",
          "participantID": "20172",
          "utterance": "그런데 요즘은 헬스장에서 하루종일 있고 그러나요 ?",
          "summary": "",
          "date": "2022-11-30",
          "time": "17:48:26",
          "terminate": "false"
        },
        {
          "speaker": "speaker2",
          "personaID": "98189",
          "participantID": "21007",
          "utterance": "네 아까 말씀드렸다시피 레저를 즐기는 사람들이 늘어나서 레저 코스같은경우는 거의 하루 종일 있는 느낌이에여.",
          "summary": "",
          "date": "2022-11-30",
          "time": "17:48:28",
          "terminate": "false"
        },
        {
          "speaker": "speaker1",
          "personaID": "97563",
          "participantID": "20172",
          "utterance": "그렇군요 재미있네요 ~ 헬스장은 짧게 그리고 칙칙한 이미지가 아니어서 상상이 안되요.",
          "summary": "",
          "date": "2022-11-30",
          "time": "17:48:30",
          "terminate": "false"
        },
        {
          "speaker": "speaker2",
          "personaID": "98189",
          "participantID": "21007",
          "utterance": "요즘 한번 찾아만 보셔도 헬스장인지 구분 안갈꺼에요.",
          "summary": "",
          "date": "2022-11-30",
          "time": "17:48:32",
          "terminate": "false"
        },
        {
          "speaker": "speaker1",
          "personaID": "97563",
          "participantID": "20172",
          "utterance": "저희 동네는 밖에 런닝머신 쭉나열된 그런 이미지인데 아닌가요 ?ㅎ.",
          "summary": "",
          "date": "2022-11-30",
          "time": "17:48:34",
          "terminate": "false"
        },
        {
          "speaker": "speaker2",
          "personaID": "98189",
          "participantID": "21007",
          "utterance": "보통 런닝머신이 바깥에 있고 안쪽에 레져를 즐기는 공간이 따로 있어요 ㅎ.",
          "summary": "",
          "date": "2022-11-30",
          "time": "17:48:36",
          "terminate": "false"
        },
        {
          "speaker": "speaker1",
          "personaID": "97563",
          "participantID": "20172",
          "utterance": "이제는 작은 헬스장은 없던데 그런 이유 였군요.",
          "summary": "",
          "date": "2022-11-30",
          "time": "17:48:39",
          "terminate": "false"
        },
        {
          "speaker": "speaker2",
          "personaID": "98189",
          "participantID": "21007",
          "utterance": "네 작게는 시작 못하게 되죠~ 요즘은 자격증도 필요하던데요 ~",
          "summary": "",
          "date": "2022-11-30",
          "time": "17:48:42",
          "terminate": "false"
        },
        {
          "speaker": "speaker1",
          "personaID": "97563",
          "participantID": "20172",
          "utterance": "어후 복잡한 세상이 되었네요~ 저 잠깐 일 전화가 와서 다음에 다시 연락해요~",
          "summary": "",
          "date": "2022-11-30",
          "time": "17:48:44",
          "terminate": "false"
        },
        {
          "speaker": "speaker2",
          "personaID": "98189",
          "participantID": "21007",
          "utterance": "네 저도 교육을 받아야해서요 다음에 뵐게요~",
          "summary": "",
          "date": "2022-11-30",
          "time": "17:48:46",
          "terminate": "true"
        }
      ],
      "sessionPersonaSummary": {
        "speaker1": [],
        "speaker2": []
      },
      "prevAggregatedpersonaSummary": {
        "speaker1": [
          "나는 60대 여성이다. 나의 혈액형은 O형이다.",
          "나는 드럼 연주를 가끔 한다.",
          "나는 실내에서 스피닝 하는 것을 싫어한다.",
          "나의 생일은 12월이다."
        ],
        "speaker2": [
          "나는 60대 여성이다. 나의 혈액형은 O형이다.",
          "나는 따뜻한 날씨를 좋아한다.",
          "나는 헬스를 자주 한다.",
          "나는 프랑스에 가보고 싶다.",
          "나는 헬스장에서 레저 활동도 한다."
        ]
      }
    },
    {
      "prevSessionID": "4-00449-3",
      "prevTimeInfo": {
        "timeNum": "5",
        "timeUnit": "일"
      },
      "nthSession": "4",
      "numberOfUtterances": "14",
      "numberOfTurns": "7",
      "sessionID": "4-00449-4",
      "dialog": [
        {
          "speaker": "speaker1",
          "personaID": "97563",
          "participantID": "20172",
          "utterance": "안녕하세요~ 5일반에 연락드려요~ 제가 밴드 공연 연락이 잡혔어요~",
          "summary": "나는 밴드 공연이 잡혀 있다.",
          "date": "2022-11-30",
          "time": "17:48:50",
          "terminate": "false"
        },
        {
          "speaker": "speaker2",
          "personaID": "98189",
          "participantID": "21007",
          "utterance": "어우 밴드 공연도 하시는 건가요 ? 전 오늘도 헬스장이에요~",
          "summary": "",
          "date": "2022-11-30",
          "time": "17:48:52",
          "terminate": "false"
        },
        {
          "speaker": "speaker1",
          "personaID": "97563",
          "participantID": "20172",
          "utterance": "아니요 친구들끼리 그냥 스트레스 푸는 용도로 즐기고 있어요 이번에 곡 정해진거랑 받아본거죠~",
          "summary": "",
          "date": "2022-11-30",
          "time": "17:48:56",
          "terminate": "false"
        },
        {
          "speaker": "speaker2",
          "personaID": "98189",
          "participantID": "21007",
          "utterance": "얼마나 오래 하신거에요 ? 엄청 오래 하셨을 것 같은데요.",
          "summary": "",
          "date": "2022-11-30",
          "time": "17:48:58",
          "terminate": "false"
        },
        {
          "speaker": "speaker1",
          "personaID": "97563",
          "participantID": "20172",
          "utterance": "네 대학생때 부터했으니깐 이제 셀수가 없네요.",
          "summary": "",
          "date": "2022-11-30",
          "time": "17:49:00",
          "terminate": "false"
        },
        {
          "speaker": "speaker2",
          "personaID": "98189",
          "participantID": "21007",
          "utterance": "대학생부터 하셨다고요? 정말 오랫동안 하셨네요~ 멋지세요.",
          "summary": "나는 대학생 때부터 하였다.",
          "date": "2022-11-30",
          "time": "17:49:02",
          "terminate": "false"
        },
        {
          "speaker": "speaker1",
          "personaID": "97563",
          "participantID": "20172",
          "utterance": "아니에요 그냥취미 생활이었어요~ 헬스는 다끝나셨어요 ?",
          "summary": "",
          "date": "2022-11-30",
          "time": "17:49:05",
          "terminate": "false"
        },
        {
          "speaker": "speaker2",
          "personaID": "98189",
          "participantID": "21007",
          "utterance": "네 저도 이제 다끝내고 씻고 나왔어요~ 노곤노곤하네요.",
          "summary": "",
          "date": "2022-11-30",
          "time": "17:49:07",
          "terminate": "false"
        },
        {
          "speaker": "speaker1",
          "personaID": "97563",
          "participantID": "20172",
          "utterance": "집에 가면 바로 주무실 것 같은데요.",
          "summary": "",
          "date": "2022-11-30",
          "time": "17:49:11",
          "terminate": "false"
        },
        {
          "speaker": "speaker2",
          "personaID": "98189",
          "participantID": "21007",
          "utterance": "오늘은 조금 새로운 코스도 진행하다보니 바로 잠들 것 같아요~",
          "summary": "",
          "date": "2022-11-30",
          "time": "17:49:13",
          "terminate": "false"
        },
        {
          "speaker": "speaker1",
          "personaID": "97563",
          "participantID": "20172",
          "utterance": "그래도 저도 그렇지만 재미있게 사시는 모습에 힘을받아요~",
          "summary": "",
          "date": "2022-11-30",
          "time": "17:49:17",
          "terminate": "false"
        },
        {
          "speaker": "speaker2",
          "personaID": "98189",
          "participantID": "21007",
          "utterance": "저도 그래요~ 이런 건강하게 사는 모습에 서로 힘을 받으면서 연락하시죠~",
          "summary": "",
          "date": "2022-11-30",
          "time": "17:49:19",
          "terminate": "false"
        },
        {
          "speaker": "speaker1",
          "personaID": "97563",
          "participantID": "20172",
          "utterance": "네 그러시죠~ 얼른 들어가서 쉬세요~다음에 또 연락드릴게요~",
          "summary": "",
          "date": "2022-11-30",
          "time": "17:49:21",
          "terminate": "false"
        },
        {
          "speaker": "speaker2",
          "personaID": "98189",
          "participantID": "21007",
          "utterance": "네 오늘 수고하셨어요~만나서 반가웠습니다~",
          "summary": "",
          "date": "2022-11-30",
          "time": "17:49:23",
          "terminate": "true"
        }
      ],
      "sessionPersonaSummary": {
        "speaker1": [
          "나는 밴드 공연이 잡혀 있다."
        ],
        "speaker2": [
          "나는 대학생 때부터 하였다."
        ]
      },
      "prevAggregatedpersonaSummary": {
        "speaker1": [
          "나는 60대 여성이다. 나의 혈액형은 O형이다.",
          "나는 드럼 연주를 가끔 한다.",
          "나는 실내에서 스피닝 하는 것을 싫어한다.",
          "나의 생일은 12월이다."
        ],
        "speaker2": [
          "나는 60대 여성이다. 나의 혈액형은 O형이다.",
          "나는 따뜻한 날씨를 좋아한다.",
          "나는 헬스를 자주 한다.",
          "나는 프랑스에 가보고 싶다.",
          "나는 헬스장에서 레저 활동도 한다."
        ]
      }
    }
  ]
}