{
  "FileInfo": {
    "filename": "K4-00355-CL25942-CP41969-05-08-S4.json",
    "sessionLevel": "4"
  },
  "participantsInfo": {
    "numberOfParticipants": "2",
    "speaker1": {
      "participantID": "3229",
      "gender": "여성",
      "age": "20대",
      "occupation": "학생",
      "bPlace": "서울/경기/인천",
      "gPlace": "서울/경기/인천",
      "rPlace": "서울/경기/인천",
      "educationLevel": "고졸"
    },
    "speaker2": {
      "participantID": "3738",
      "gender": "여성",
      "age": "40대",
      "occupation": "주부",
      "bPlace": "부산/대구/울산/경상",
      "gPlace": "부산/대구/울산/경상",
      "rPlace": "부산/대구/울산/경상",
      "educationLevel": "대졸"
    }
  },
  "multisessionInfo": {
    "multisessionID": "4-00355"
  },
  "personaInfo": {
    "clInfo": {
      "personaID": "25942",
      "personaFeatures": [
        "나는 여자이다.",
        "나는 20대이다.",
        "나는 친구가 많다",
        "나는 중학교 영어 교사이다",
        "나는 액션 영화를 자주 본다",
        "나는 단감을 즐겨 먹는다",
        "나는 저녁에 TV를 본다"
      ],
      "speakerType": "speaker1"
    },
    "cpInfo": {
      "personaID": "41969",
      "personaFeatures": [
        "나는 여자이다.",
        "나는 40대이다.",
        "나는 조용하지만 한번 친해지면 말을 많이 한다",
        "나는 야구를 싫어한다",
        "나는 R&B 음악을 싫어한다"
      ],
      "speakerType": "speaker2"
    }
  },
  "topicInfo": {
    "topicID": "05-08",
    "topicType": "일과 직업>군대",
    "topicTitle": "편지"
  },
  "sessionInfo": [
    {
      "prevSessionID": null,
      "prevTimeInfo": {
        "timeNum": null,
        "timeUnit": null
      },
      "nthSession": "1",
      "numberOfUtterances": "14",
      "numberOfTurns": "7",
      "sessionID": "4-00355-1",
      "dialog": [
        {
          "speaker": "speaker1",
          "personaID": "25942",
          "participantID": "3229",
          "utterance": "안녕하세요. 저는 20대 여성이에요.",
          "summary": "나는 20대 여성이다",
          "date": "2022-11-11",
          "time": "22:57:42",
          "terminate": "false"
        },
        {
          "speaker": "speaker2",
          "personaID": "41969",
          "participantID": "3738",
          "utterance": "안녕하세요 저는 40대 여성입니다 방갑습니다",
          "summary": "나는 40대 여성이다",
          "date": "2022-11-12",
          "time": "12:31:41",
          "terminate": "false"
        },
        {
          "speaker": "speaker1",
          "personaID": "25942",
          "participantID": "3229",
          "utterance": "반갑습니다~ 저는 중학교 영어 교사에요. 무슨 일을 하시나요?",
          "summary": "나는 중학교 영어 교사이다",
          "date": "2022-11-12",
          "time": "18:08:04",
          "terminate": "false"
        },
        {
          "speaker": "speaker2",
          "personaID": "41969",
          "participantID": "3738",
          "utterance": "저는 현재 육아로 일을 쉬고 있어요",
          "summary": "나는 현재 육아로 일을 쉬고 있다",
          "date": "2022-11-12",
          "time": "19:36:22",
          "terminate": "false"
        },
        {
          "speaker": "speaker1",
          "personaID": "25942",
          "participantID": "3229",
          "utterance": "아이 정말 귀엽겠어요~ 그럼 저녁에 tv 보는 것도 힘드시겠네요? 저는 저녁에 tv를 봐요,",
          "summary": "나는 저녁에 tv를 본다",
          "date": "2022-11-12",
          "time": "20:21:24",
          "terminate": "false"
        },
        {
          "speaker": "speaker2",
          "personaID": "41969",
          "participantID": "3738",
          "utterance": "저는 야구를 싫어 하고  R&B 음악을 싫어해요",
          "summary": "나는 야구와 R&B 음악을 싫어한다",
          "date": "2022-11-13",
          "time": "13:05:39",
          "terminate": "false"
        },
        {
          "speaker": "speaker1",
          "personaID": "25942",
          "participantID": "3229",
          "utterance": "그럼 영화는 좋아하세요? 저는 액션 영화를 자주 봐요. ",
          "summary": "나는 액션 영화를 자주 본다",
          "date": "2022-11-13",
          "time": "14:41:31",
          "terminate": "false"
        },
        {
          "speaker": "speaker2",
          "personaID": "41969",
          "participantID": "3738",
          "utterance": "액션 영화 좋아해요 요즘 재미있는 액션 영화가 없어서 아쉽네요",
          "summary": "나는 액션 영화를 좋아한다 나는 요즘 재밌는 액션 영화가 없어서 아쉽다.",
          "date": "2022-11-13",
          "time": "15:07:08",
          "terminate": "false"
        },
        {
          "speaker": "speaker1",
          "personaID": "25942",
          "participantID": "3229",
          "utterance": "그러게요. 새로운 마블 영화가 개봉했던데 그건 재미있나 모르겠네요~ 단감 좋아하세요? 저는 단감을 즐겨 먹어요. 겨울이 오기 전에 얼른 얼른 더 먹어야겠어요.",
          "summary": "나는. 새로운 마블 영화가 개봉했던데 그건 재미있나 모르겠다 나는 단감을 즐겨 먹는다 나는 겨울이 오기 전에 얼른 단감을 더 먹어야겠다",
          "date": "2022-11-14",
          "time": "16:21:55",
          "terminate": "false"
        },
        {
          "speaker": "speaker2",
          "personaID": "41969",
          "participantID": "3738",
          "utterance": "전 단감 보단 밀감을 좋아하는 편이에요",
          "summary": "나는 단감보다 밀감을 좋아한다",
          "date": "2022-11-15",
          "time": "12:06:59",
          "terminate": "false"
        },
        {
          "speaker": "speaker1",
          "personaID": "25942",
          "participantID": "3229",
          "utterance": "그러시군요~ 연말이 다가오니까 약속이 많이 생기네요. 저는 친구가 많아요. 그래서 약속이 너무 많네요.",
          "summary": "나는 연말이 다가오니까 약속이 많이 생긴다\n나는 친구가 많다",
          "date": "2022-11-16",
          "time": "20:44:53",
          "terminate": "false"
        },
        {
          "speaker": "speaker2",
          "personaID": "41969",
          "participantID": "3738",
          "utterance": "저는 조용하지만 한번 친해지면 말을 많이 해요",
          "summary": "나는 조용하지만 한번 친해지면 말을 많이 한다",
          "date": "2022-11-17",
          "time": "11:36:42",
          "terminate": "false"
        },
        {
          "speaker": "speaker1",
          "personaID": "25942",
          "participantID": "3229",
          "utterance": "그럼 저녁에는 주로 뭐하세요? 저는 저녁에 tv를 봐요.",
          "summary": "나는 저녁에 tv를 본다.",
          "date": "2022-11-17",
          "time": "22:25:58",
          "terminate": "false"
        },
        {
          "speaker": "speaker2",
          "personaID": "41969",
          "participantID": "3738",
          "utterance": "저는 라디오를 종종 듣곤 한답니다 저녁 먹으러 갔다 와야겠네요",
          "summary": "나는 라디오를 종종 듣곤 한다",
          "date": "2022-11-18",
          "time": "10:26:47",
          "terminate": "true"
        }
      ],
      "sessionPersonaSummary": {
        "speaker1": [
          "나는 20대 여성이다",
          "나는 중학교 영어 교사이다",
          "나는 저녁에 tv를 본다",
          "나는 액션 영화를 자주 본다",
          "나는. 새로운 마블 영화가 개봉했던데 그건 재미있나 모르겠다",
          "나는 단감을 즐겨 먹는다 나는 겨울이 오기 전에 얼른 단감을 더 먹어야겠다",
          "나는 연말이 다가오니까 약속이 많이 생긴다\n나는 친구가 많다",
          "나는 저녁에 tv를 본다."
        ],
        "speaker2": [
          "나는 40대 여성이다",
          "나는 현재 육아로 일을 쉬고 있다",
          "나는 야구와 R&B 음악을 싫어한다",
          "나는 액션 영화를 좋아한다 나는 요즘 재밌는 액션 영화가 없어서 아쉽다.",
          "나는 단감보다 밀감을 좋아한다",
          "나는 조용하지만 한번 친해지면 말을 많이 한다",
          "나는 라디오를 종종 듣곤 한다"
        ]
      },
      "prevAggregatedpersonaSummary": {
        "speaker1": [],
        "speaker2": []
      }
    },
    {
      "prevSessionID": "4-00355-1",
      "prevTimeInfo": {
        "timeNum": "3",
        "timeUnit": "주"
      },
      "nthSession": "2",
      "numberOfUtterances": "14",
      "numberOfTurns": "7",
      "sessionID": "4-00355-2",
      "dialog": [
        {
          "speaker": "speaker1",
          "personaID": "25942",
          "participantID": "3229",
          "utterance": "안녕하세요! 3주만이에요 저는 체육시간에 야구하는걸 봤는데 야구 싫어한다는 선생님이 생겨서 연락했어요 뭐하세요?",
          "summary": "나는 3주 만이다",
          "date": "2022-11-18",
          "time": "14:31:51",
          "terminate": "false"
        },
        {
          "speaker": "speaker2",
          "personaID": "41969",
          "participantID": "3738",
          "utterance": "감기가 걸려서 고생중에 있어요 감기가 독하네요",
          "summary": "나는 감기에 걸려서 고생 중이다",
          "date": "2022-11-18",
          "time": "14:58:33",
          "terminate": "false"
        },
        {
          "speaker": "speaker1",
          "personaID": "25942",
          "participantID": "3229",
          "utterance": "올해 독감이 유행이래요. 독감 예방접종은 하셨어요?",
          "summary": "",
          "date": "2022-11-18",
          "time": "22:43:51",
          "terminate": "false"
        },
        {
          "speaker": "speaker2",
          "personaID": "41969",
          "participantID": "3738",
          "utterance": "감기가 걸려서 아직 독감 접종 못하고 있어요",
          "summary": "나는 감기에 걸려서 아직 독감 접종을 못했다",
          "date": "2022-11-19",
          "time": "14:32:01",
          "terminate": "false"
        },
        {
          "speaker": "speaker1",
          "personaID": "25942",
          "participantID": "3229",
          "utterance": "얼른 낫길 바랄게요…! 저는 남동생이 군대 입대를 해서 인터넷 편지를 써줘야할지 고민중이에요. ",
          "summary": "나는 남동생이 군대 입대를 해서 인터넷 편지를 써줘야 할지 고민 중이다",
          "date": "2022-11-19",
          "time": "15:55:42",
          "terminate": "false"
        },
        {
          "speaker": "speaker2",
          "personaID": "41969",
          "participantID": "3738",
          "utterance": "남동생이 군 입대 하시는군요 연애 할때 남자친구가 군대 가서 제가 편지 썻던 기억이 나네요",
          "summary": "나는 연애할 때 남자 친구가 군대에 가서 편지를 썼던 기억이 난다",
          "date": "2022-11-19",
          "time": "17:19:06",
          "terminate": "false"
        },
        {
          "speaker": "speaker1",
          "personaID": "25942",
          "participantID": "3229",
          "utterance": "저도 친구들 군입대 할때 몇번 써주기도 했어요. 남동생한테는 굳이 써줘야하나 싶네요ㅎㅎ",
          "summary": "나는 친구들 군 입대할 때 몇 번 써주기도 했다",
          "date": "2022-11-19",
          "time": "17:20:31",
          "terminate": "false"
        },
        {
          "speaker": "speaker2",
          "personaID": "41969",
          "participantID": "3738",
          "utterance": "요즘은 편지보단 메신저로 연락할수 있지 않나요 저는 잘 모르지만요",
          "summary": "",
          "date": "2022-11-19",
          "time": "19:27:14",
          "terminate": "false"
        },
        {
          "speaker": "speaker1",
          "personaID": "25942",
          "participantID": "3229",
          "utterance": "훈련소에 둘어가 있을 때는 핸드폰을 못 써서 편지가 유일한 낙이라고 하더라구요~",
          "summary": "",
          "date": "2022-11-19",
          "time": "20:47:42",
          "terminate": "false"
        },
        {
          "speaker": "speaker2",
          "personaID": "41969",
          "participantID": "3738",
          "utterance": "동생분에게 편지 보내드리면 좋아할 것 같아요 편지가 은근 보는 재미가 있죠",
          "summary": "나는 편지가 은근히 보는 재미가 있다고 생각한다",
          "date": "2022-11-19",
          "time": "22:59:02",
          "terminate": "false"
        },
        {
          "speaker": "speaker1",
          "personaID": "25942",
          "participantID": "3229",
          "utterance": "근데 동생한테 한번도 편지 써본적이 없어서 좀 민망하네요ㅎㅎ",
          "summary": "나는 동생한테 한 번도 편지 써본 적이 없어서 좀 민망하다",
          "date": "2022-11-20",
          "time": "00:18:25",
          "terminate": "false"
        },
        {
          "speaker": "speaker2",
          "personaID": "41969",
          "participantID": "3738",
          "utterance": "편지도 쓰다 보면 어렵지 않게 써지더라고요",
          "summary": "",
          "date": "2022-11-20",
          "time": "02:00:02",
          "terminate": "false"
        },
        {
          "speaker": "speaker1",
          "personaID": "25942",
          "participantID": "3229",
          "utterance": "이번 기회에 한번 시도해봐야겠어요. ",
          "summary": "나는 이번 기회에 한번 시도해봐야겠다",
          "date": "2022-11-20",
          "time": "14:20:34",
          "terminate": "false"
        },
        {
          "speaker": "speaker2",
          "personaID": "41969",
          "participantID": "3738",
          "utterance": "아침 먹고 와야겠어요 시간 나면 또 대화해요",
          "summary": "",
          "date": "2022-11-21",
          "time": "10:04:01",
          "terminate": "true"
        }
      ],
      "sessionPersonaSummary": {
        "speaker1": [
          "나는 3주 만이다",
          "나는 남동생이 군대 입대를 해서 인터넷 편지를 써줘야 할지 고민 중이다",
          "나는 친구들 군 입대할 때 몇 번 써주기도 했다",
          "나는 동생한테 한 번도 편지 써본 적이 없어서 좀 민망하다",
          "나는 이번 기회에 한번 시도해봐야겠다"
        ],
        "speaker2": [
          "나는 감기에 걸려서 고생 중이다",
          "나는 감기에 걸려서 아직 독감 접종을 못했다",
          "나는 연애할 때 남자 친구가 군대에 가서 편지를 썼던 기억이 난다",
          "나는 편지가 은근히 보는 재미가 있다고 생각한다"
        ]
      },
      "prevAggregatedpersonaSummary": {
        "speaker1": [
          "나는 20대 여성이다",
          "나는 중학교 영어 교사이다",
          "나는 저녁에 tv를 본다",
          "나는 액션 영화를 자주 본다",
          "나는. 새로운 마블 영화가 개봉했던데 그건 재미있나 모르겠다",
          "나는 단감을 즐겨 먹는다 나는 겨울이 오기 전에 얼른 단감을 더 먹어야겠다",
          "나는 연말이 다가오니까 약속이 많이 생긴다\n나는 친구가 많다",
          "나는 저녁에 tv를 본다."
        ],
        "speaker2": [
          "나는 40대 여성이다",
          "나는 현재 육아로 일을 쉬고 있다",
          "나는 야구와 R&B 음악을 싫어한다",
          "나는 액션 영화를 좋아한다 나는 요즘 재밌는 액션 영화가 없어서 아쉽다.",
          "나는 단감보다 밀감을 좋아한다",
          "나는 조용하지만 한번 친해지면 말을 많이 한다",
          "나는 라디오를 종종 듣곤 한다"
        ]
      }
    },
    {
      "prevSessionID": "4-00355-2",
      "prevTimeInfo": {
        "timeNum": "2",
        "timeUnit": "주"
      },
      "nthSession": "3",
      "numberOfUtterances": "14",
      "numberOfTurns": "7",
      "sessionID": "4-00355-3",
      "dialog": [
        {
          "speaker": "speaker1",
          "personaID": "25942",
          "participantID": "3229",
          "utterance": "2주만이네요! 뭐하고 지내셨어요?",
          "summary": "",
          "date": "2022-11-21",
          "time": "15:09:32",
          "terminate": "false"
        },
        {
          "speaker": "speaker2",
          "personaID": "41969",
          "participantID": "3738",
          "utterance": "오늘은 병원 다니느라 바쁘네요",
          "summary": "나는 오늘 병원 다니느라 바쁘다",
          "date": "2022-11-21",
          "time": "16:14:18",
          "terminate": "false"
        },
        {
          "speaker": "speaker1",
          "personaID": "25942",
          "participantID": "3229",
          "utterance": "아이고 아직 감기 다 안나으셨어요?",
          "summary": "",
          "date": "2022-11-21",
          "time": "20:44:10",
          "terminate": "false"
        },
        {
          "speaker": "speaker2",
          "personaID": "41969",
          "participantID": "3738",
          "utterance": "여전히 병원 다니고 있어요 전 얼마전 에전에 신랑한테 보냈던 군대편지 다시 읽어 보고 있었네요",
          "summary": "나는 얼마 전 예전에 신랑한테 보냈던 군대 편지를 다시 읽어봤다",
          "date": "2022-11-21",
          "time": "20:49:21",
          "terminate": "false"
        },
        {
          "speaker": "speaker1",
          "personaID": "25942",
          "participantID": "3229",
          "utterance": "우와 그걸 다 간직하고 계셨나봐요?",
          "summary": "",
          "date": "2022-11-21",
          "time": "21:30:44",
          "terminate": "false"
        },
        {
          "speaker": "speaker2",
          "personaID": "41969",
          "participantID": "3738",
          "utterance": "다 추억이니 열심히 모아뒀어요 연애시절 편지도 모아두었지요",
          "summary": "나는 연애시절 편지도 모아두었다",
          "date": "2022-11-21",
          "time": "21:32:43",
          "terminate": "false"
        },
        {
          "speaker": "speaker1",
          "personaID": "25942",
          "participantID": "3229",
          "utterance": "저는 예전에는 편지를 많이 썼는데 이제는 잘 안 쓰게 되더라구요",
          "summary": "나는 예전에는 편지를 많이 썼는데 이제는 잘 안 쓰게 된다",
          "date": "2022-11-21",
          "time": "22:45:52",
          "terminate": "false"
        },
        {
          "speaker": "speaker2",
          "personaID": "41969",
          "participantID": "3738",
          "utterance": "저도 한때는 진짜 편지 많이 섰지요 메세지 나온뒤로는 잘 안셔지게 되더라고요",
          "summary": "나는 한때 편지를 많이 썼다",
          "date": "2022-11-21",
          "time": "23:17:14",
          "terminate": "false"
        },
        {
          "speaker": "speaker1",
          "personaID": "25942",
          "participantID": "3229",
          "utterance": "맞아요. 아무때나 연락할 수단이 있으니까 굳이 편지를 쓸 필요가 없더라구요. ",
          "summary": "나는 아무 때나 연락할 수단이 있으니까 굳이 편지를 쓸 필요가 없다",
          "date": "2022-11-21",
          "time": "23:52:10",
          "terminate": "false"
        },
        {
          "speaker": "speaker2",
          "personaID": "41969",
          "participantID": "3738",
          "utterance": "군대에 있는 동생분에게 편지 보내려고 하려면 신경 많이 쓰시겠어요",
          "summary": "",
          "date": "2022-11-22",
          "time": "02:10:48",
          "terminate": "false"
        },
        {
          "speaker": "speaker1",
          "personaID": "25942",
          "participantID": "3229",
          "utterance": "네 맞아요. 그리고 친구들도 많이 써주는 모양이에요. 요즘은 인터넷 편지가 잘 되어 있으니까요. ",
          "summary": "",
          "date": "2022-11-22",
          "time": "20:40:29",
          "terminate": "false"
        },
        {
          "speaker": "speaker2",
          "personaID": "41969",
          "participantID": "3738",
          "utterance": "저희때에는 손편지 쓰는게 인기였었는데 ~ 군대간 친구들에게도 편지 많이 쓰던 기억이 나요",
          "summary": "나는 군대 간 친구들에게도 편지를 많이 썼던 기억이 난다",
          "date": "2022-11-23",
          "time": "10:46:43",
          "terminate": "false"
        },
        {
          "speaker": "speaker1",
          "personaID": "25942",
          "participantID": "3229",
          "utterance": "저는 군대 간 친구들에게 손편지는 한번도 안써봤어요. 사촌오빠 군대 갔을 때도 인터넷 편지만 써봤네요",
          "summary": "나는 군대 간 친구들에게 손편지는 한 번도 안 써보고 사촌오빠 군대 갔을 때도 인터넷 편지만 써봤다",
          "date": "2022-11-23",
          "time": "12:54:09",
          "terminate": "false"
        },
        {
          "speaker": "speaker2",
          "personaID": "41969",
          "participantID": "3738",
          "utterance": "그러셨군요 벌써 이리 시간이 ~~점심 시간이라 점심 먹고 와야겠어요",
          "summary": "",
          "date": "2022-11-23",
          "time": "13:06:51",
          "terminate": "true"
        }
      ],
      "sessionPersonaSummary": {
        "speaker1": [
          "나는 예전에는 편지를 많이 썼는데 이제는 잘 안 쓰게 된다",
          "나는 아무 때나 연락할 수단이 있으니까 굳이 편지를 쓸 필요가 없다",
          "나는 군대 간 친구들에게 손편지는 한 번도 안 써보고 사촌오빠 군대 갔을 때도 인터넷 편지만 써봤다"
        ],
        "speaker2": [
          "나는 오늘 병원 다니느라 바쁘다",
          "나는 얼마 전 예전에 신랑한테 보냈던 군대 편지를 다시 읽어봤다",
          "나는 연애시절 편지도 모아두었다",
          "나는 한때 편지를 많이 썼다",
          "나는 군대 간 친구들에게도 편지를 많이 썼던 기억이 난다"
        ]
      },
      "prevAggregatedpersonaSummary": {
        "speaker1": [
          "나는 20대 여성이다",
          "나는 중학교 영어 교사이다",
          "나는 저녁에 tv를 본다",
          "나는 액션 영화를 자주 본다",
          "나는. 새로운 마블 영화가 개봉했던데 그건 재미있나 모르겠다",
          "나는 단감을 즐겨 먹는다 나는 겨울이 오기 전에 얼른 단감을 더 먹어야겠다",
          "나는 연말이 다가오니까 약속이 많이 생긴다\n나는 친구가 많다",
          "나는 저녁에 tv를 본다.",
          "나는 3주 만이다",
          "나는 남동생이 군대 입대를 해서 인터넷 편지를 써줘야 할지 고민 중이다",
          "나는 친구들 군 입대할 때 몇 번 써주기도 했다",
          "나는 동생한테 한 번도 편지 써본 적이 없어서 좀 민망하다",
          "나는 이번 기회에 한번 시도해봐야겠다"
        ],
        "speaker2": [
          "나는 40대 여성이다",
          "나는 현재 육아로 일을 쉬고 있다",
          "나는 야구와 R&B 음악을 싫어한다",
          "나는 액션 영화를 좋아한다 나는 요즘 재밌는 액션 영화가 없어서 아쉽다.",
          "나는 단감보다 밀감을 좋아한다",
          "나는 조용하지만 한번 친해지면 말을 많이 한다",
          "나는 라디오를 종종 듣곤 한다",
          "나는 감기에 걸려서 고생 중이다",
          "나는 감기에 걸려서 아직 독감 접종을 못했다",
          "나는 연애할 때 남자 친구가 군대에 가서 편지를 썼던 기억이 난다",
          "나는 편지가 은근히 보는 재미가 있다고 생각한다"
        ]
      }
    },
    {
      "prevSessionID": "4-00355-3",
      "prevTimeInfo": {
        "timeNum": "9",
        "timeUnit": "시간"
      },
      "nthSession": "4",
      "numberOfUtterances": "14",
      "numberOfTurns": "7",
      "sessionID": "4-00355-4",
      "dialog": [
        {
          "speaker": "speaker1",
          "personaID": "25942",
          "participantID": "3229",
          "utterance": "9시간 동안 정말 정신없었네요ㅠㅠ뭐하셨어요?",
          "summary": "나는 9시간 동안 정말 정신이 없었다",
          "date": "2022-11-24",
          "time": "20:24:56",
          "terminate": "false"
        },
        {
          "speaker": "speaker2",
          "personaID": "41969",
          "participantID": "3738",
          "utterance": "저는 오늘 병원 다닌다고 많이 바빳어요 ",
          "summary": "",
          "date": "2022-11-24",
          "time": "20:43:16",
          "terminate": "false"
        },
        {
          "speaker": "speaker1",
          "personaID": "25942",
          "participantID": "3229",
          "utterance": "아직까지 병원에 다니시는군요!",
          "summary": "",
          "date": "2022-11-25",
          "time": "01:08:11",
          "terminate": "false"
        },
        {
          "speaker": "speaker2",
          "personaID": "41969",
          "participantID": "3738",
          "utterance": "남편이 어제는 예전 제가 썼던 군대편지 이야기하더라고요",
          "summary": "나는 어제 남편과 내가 예전에 썼던 군대 편지 이야기를 했다",
          "date": "2022-11-25",
          "time": "12:44:01",
          "terminate": "false"
        },
        {
          "speaker": "speaker1",
          "personaID": "25942",
          "participantID": "3229",
          "utterance": "어머 뭐라고 이야기 하시던가요?",
          "summary": "",
          "date": "2022-11-25",
          "time": "14:10:16",
          "terminate": "false"
        },
        {
          "speaker": "speaker2",
          "personaID": "41969",
          "participantID": "3738",
          "utterance": "예전 군대에서 받았던 편지가 너무 좋았다고요 그 시절이 그립다고 하네요",
          "summary": "내 남편은 예전 군대에서 받았던 편지가 너무 좋았다고 했다",
          "date": "2022-11-25",
          "time": "20:31:31",
          "terminate": "false"
        },
        {
          "speaker": "speaker1",
          "personaID": "25942",
          "participantID": "3229",
          "utterance": "제 남자친구는 군대에 있을 때 저랑 사귀 때가 아니라서 편지를 써줘본적이 없네요",
          "summary": "나는 남자 친구는 군대에 있을 때 나랑 사귈 때가 아니라서 편지를 써줘 본 적이 없디",
          "date": "2022-11-25",
          "time": "20:35:04",
          "terminate": "false"
        },
        {
          "speaker": "speaker2",
          "personaID": "41969",
          "participantID": "3738",
          "utterance": "저는 예전에 대학 동기들에게 편지를 하곤 했어요 이제는 메신저가 있어서 편지 쓸일이 없이진듯 하네요",
          "summary": "나는 예전에 대학 동기들에게 편지를 하곤 했다",
          "date": "2022-11-25",
          "time": "20:36:28",
          "terminate": "false"
        },
        {
          "speaker": "speaker1",
          "personaID": "25942",
          "participantID": "3229",
          "utterance": "전 대학 동기들에게도 그냥 편지는 안쓰고 다 인터넷 편지로 썼거든요. 그러고보면 참 편해졌네요 이래저래",
          "summary": "나는 대학 동기들에게도 그냥 편지는 안 쓰고 다 인터넷 편지로 썼다",
          "date": "2022-11-25",
          "time": "21:22:57",
          "terminate": "false"
        },
        {
          "speaker": "speaker2",
          "personaID": "41969",
          "participantID": "3738",
          "utterance": "사실 요즘은 인터넷 시대죠 군대서도 메신저를 쓰겠지요",
          "summary": "",
          "date": "2022-11-25",
          "time": "23:07:28",
          "terminate": "false"
        },
        {
          "speaker": "speaker1",
          "personaID": "25942",
          "participantID": "3229",
          "utterance": "네 군대에서도 훈련소 기간 지나면 저녁시간에는 다들 메신저 잘 되더라구요ㅋㅋㅋ",
          "summary": "",
          "date": "2022-11-25",
          "time": "23:59:08",
          "terminate": "false"
        },
        {
          "speaker": "speaker2",
          "personaID": "41969",
          "participantID": "3738",
          "utterance": "정말 군대도 많이 변한것 같네요",
          "summary": "",
          "date": "2022-11-26",
          "time": "12:54:06",
          "terminate": "false"
        },
        {
          "speaker": "speaker1",
          "personaID": "25942",
          "participantID": "3229",
          "utterance": "군대 월급도 많이 올랐다고 친구가 편지 답장으로 알려주더라구요",
          "summary": "나는 군대 월급도 많이 올랐다고 친구가 편지 답장으로 알려줬다",
          "date": "2022-11-26",
          "time": "14:30:00",
          "terminate": "false"
        },
        {
          "speaker": "speaker2",
          "personaID": "41969",
          "participantID": "3738",
          "utterance": "주말이라 약속이 있어서 나가봐야할 것 같아요 대화 즐거웠습니다",
          "summary": "",
          "date": "2022-11-26",
          "time": "16:43:58",
          "terminate": "true"
        }
      ],
      "sessionPersonaSummary": {
        "speaker1": [
          "나는 9시간 동안 정말 정신이 없었다",
          "나는 남자 친구는 군대에 있을 때 나랑 사귈 때가 아니라서 편지를 써줘 본 적이 없디",
          "나는 대학 동기들에게도 그냥 편지는 안 쓰고 다 인터넷 편지로 썼다",
          "나는 군대 월급도 많이 올랐다고 친구가 편지 답장으로 알려줬다"
        ],
        "speaker2": [
          "나는 어제 남편과 내가 예전에 썼던 군대 편지 이야기를 했다",
          "내 남편은 예전 군대에서 받았던 편지가 너무 좋았다고 했다",
          "나는 예전에 대학 동기들에게 편지를 하곤 했다"
        ]
      },
      "prevAggregatedpersonaSummary": {
        "speaker1": [
          "나는 20대 여성이다",
          "나는 중학교 영어 교사이다",
          "나는 저녁에 tv를 본다",
          "나는 액션 영화를 자주 본다",
          "나는. 새로운 마블 영화가 개봉했던데 그건 재미있나 모르겠다",
          "나는 단감을 즐겨 먹는다 나는 겨울이 오기 전에 얼른 단감을 더 먹어야겠다",
          "나는 연말이 다가오니까 약속이 많이 생긴다\n나는 친구가 많다",
          "나는 저녁에 tv를 본다.",
          "나는 3주 만이다",
          "나는 남동생이 군대 입대를 해서 인터넷 편지를 써줘야 할지 고민 중이다",
          "나는 친구들 군 입대할 때 몇 번 써주기도 했다",
          "나는 동생한테 한 번도 편지 써본 적이 없어서 좀 민망하다",
          "나는 이번 기회에 한번 시도해봐야겠다",
          "나는 예전에는 편지를 많이 썼는데 이제는 잘 안 쓰게 된다",
          "나는 아무 때나 연락할 수단이 있으니까 굳이 편지를 쓸 필요가 없다",
          "나는 군대 간 친구들에게 손편지는 한 번도 안 써보고 사촌오빠 군대 갔을 때도 인터넷 편지만 써봤다"
        ],
        "speaker2": [
          "나는 40대 여성이다",
          "나는 현재 육아로 일을 쉬고 있다",
          "나는 야구와 R&B 음악을 싫어한다",
          "나는 액션 영화를 좋아한다 나는 요즘 재밌는 액션 영화가 없어서 아쉽다.",
          "나는 단감보다 밀감을 좋아한다",
          "나는 조용하지만 한번 친해지면 말을 많이 한다",
          "나는 라디오를 종종 듣곤 한다",
          "나는 감기에 걸려서 고생 중이다",
          "나는 감기에 걸려서 아직 독감 접종을 못했다",
          "나는 연애할 때 남자 친구가 군대에 가서 편지를 썼던 기억이 난다",
          "나는 편지가 은근히 보는 재미가 있다고 생각한다",
          "나는 오늘 병원 다니느라 바쁘다",
          "나는 얼마 전 예전에 신랑한테 보냈던 군대 편지를 다시 읽어봤다",
          "나는 연애시절 편지도 모아두었다",
          "나는 한때 편지를 많이 썼다",
          "나는 군대 간 친구들에게도 편지를 많이 썼던 기억이 난다"
        ]
      }
    }
  ]
}