{
  "FileInfo": {
    "filename": "K4-00285-CL68908-CP69369-06-05-S4.json",
    "sessionLevel": "4"
  },
  "participantsInfo": {
    "numberOfParticipants": "2",
    "speaker1": {
      "participantID": "30759",
      "gender": "남성",
      "age": "30대",
      "occupation": "서비스직",
      "bPlace": "서울/경기/인천",
      "gPlace": "서울/경기/인천",
      "rPlace": "서울/경기/인천",
      "educationLevel": "고졸"
    },
    "speaker2": {
      "participantID": "30640",
      "gender": "남성",
      "age": "30대",
      "occupation": "사무직",
      "bPlace": "대전/세종/충청/강원",
      "gPlace": "대전/세종/충청/강원",
      "rPlace": "대전/세종/충청/강원",
      "educationLevel": "대졸"
    }
  },
  "multisessionInfo": {
    "multisessionID": "4-00285"
  },
  "personaInfo": {
    "clInfo": {
      "personaID": "68908",
      "personaFeatures": [
        "나는 남자이다.",
        "나는 30대이다.",
        "나는 로큰롤 음악을 자주 듣는다.",
        "나의 생일은 12월이다.",
        "나는 모든 게 귀찮다.",
        "나는 냉면을 안 먹는다.",
        "나는 혈액형이 B형이다."
      ],
      "speakerType": "speaker1"
    },
    "cpInfo": {
      "personaID": "69369",
      "personaFeatures": [
        "나는 남자이다.",
        "나는 30대이다.",
        "나는 포크음악을 가끔 듣는다.",
        "나의 생일은 9월이다.",
        "나는 가끔 편안하다.",
        "나는 수박을 안 먹는다.",
        "나는 혈액형이 AB형이다."
      ],
      "speakerType": "speaker2"
    }
  },
  "topicInfo": {
    "topicID": "06-05",
    "topicType": "교육",
    "topicTitle": "입시준비"
  },
  "sessionInfo": [
    {
      "prevSessionID": null,
      "prevTimeInfo": {
        "timeNum": null,
        "timeUnit": null
      },
      "nthSession": "1",
      "numberOfUtterances": "14",
      "numberOfTurns": "7",
      "sessionID": "4-00285-1",
      "dialog": [
        {
          "speaker": "speaker1",
          "personaID": "68908",
          "participantID": "30759",
          "utterance": "안녕하세요, 저는 30대 남성입니다! 반갑습니다!!",
          "summary": "나는 30 대 남성이다.",
          "date": "2022-11-21",
          "time": "05:02:07",
          "terminate": "false"
        },
        {
          "speaker": "speaker2",
          "personaID": "69369",
          "participantID": "30640",
          "utterance": "저도 30대 남성입니다. 반갑습니다.",
          "summary": "나는 30 대 남성이다.",
          "date": "2022-11-21",
          "time": "05:02:15",
          "terminate": "false"
        },
        {
          "speaker": "speaker1",
          "personaID": "68908",
          "participantID": "30759",
          "utterance": "전 로큰롤 음악을 자주 들어서 듣고 있는데 그쪽은 뭘 듣고 계신지? ㅎㅎ.",
          "summary": "나는 로큰롤 음악을 자주 듣는다.",
          "date": "2022-11-21",
          "time": "05:02:39",
          "terminate": "false"
        },
        {
          "speaker": "speaker2",
          "personaID": "69369",
          "participantID": "30640",
          "utterance": "전 가끔 포크 음악을 듣지 로큰롤은 안 들어서요. 시끄러운 것 좋아하시나요.",
          "summary": "나는 포크 음악을 가끔 듣는다.",
          "date": "2022-11-21",
          "time": "05:04:33",
          "terminate": "false"
        },
        {
          "speaker": "speaker1",
          "personaID": "68908",
          "participantID": "30759",
          "utterance": "네. ㅋㅋ 모든 게 귀찮아서 그런지 듣는 건 요란한 걸 좋아합니다. 그쪽은?",
          "summary": "나는 모든 게 귀찮다.",
          "date": "2022-11-21",
          "time": "05:18:30",
          "terminate": "false"
        },
        {
          "speaker": "speaker2",
          "personaID": "69369",
          "participantID": "30640",
          "utterance": "전 최대한 고요하거나 컨트리한 음악 위주로 들어요. 이래야 가끔 편안해집니다.ㅎ.",
          "summary": "나는 고요한 음악 위주로 듣는다. 나는 가끔 편안해진다.",
          "date": "2022-11-21",
          "time": "05:18:58",
          "terminate": "false"
        },
        {
          "speaker": "speaker1",
          "personaID": "68908",
          "participantID": "30759",
          "utterance": "록은 너무 에너지 넘치는 노래긴 합니다 ㅋㅋ 전 생일이 12월인데 이땐 록 콘서트도 잘 안 열려서 속상합니다.",
          "summary": "나의 생일은 12월이다.",
          "date": "2022-11-21",
          "time": "05:19:07",
          "terminate": "false"
        },
        {
          "speaker": "speaker2",
          "personaID": "69369",
          "participantID": "30640",
          "utterance": "오, 전 9월이라 포크 콘서트가 많이 열립니다. 다른 콘서트도요.",
          "summary": "나의 생일은 9월이다.",
          "date": "2022-11-21",
          "time": "05:19:44",
          "terminate": "false"
        },
        {
          "speaker": "speaker1",
          "personaID": "68908",
          "participantID": "30759",
          "utterance": "부럽습니다. ㅋㅋ 전 B형이라 그런지 마구 에너지를 발산해야 살만해지거든요. 유후!",
          "summary": "나는 혈액형이 B형이다.",
          "date": "2022-11-21",
          "time": "05:20:09",
          "terminate": "false"
        },
        {
          "speaker": "speaker2",
          "personaID": "69369",
          "participantID": "30640",
          "utterance": "그런 건 다 허상입니다. 전 AB형인데도 독특하지 않은걸요.",
          "summary": "나는 혈액형이 AB형이다.",
          "date": "2022-11-21",
          "time": "05:20:25",
          "terminate": "false"
        },
        {
          "speaker": "speaker1",
          "personaID": "68908",
          "participantID": "30759",
          "utterance": "에이, 성격설도 믿어보면 재밌습니다. 일종의 자기 암시죠.",
          "summary": "",
          "date": "2022-11-21",
          "time": "05:20:58",
          "terminate": "false"
        },
        {
          "speaker": "speaker2",
          "personaID": "69369",
          "participantID": "30640",
          "utterance": "알면서 믿고 계신가 봅니다? 신기하네요.",
          "summary": "",
          "date": "2022-11-21",
          "time": "05:21:10",
          "terminate": "false"
        },
        {
          "speaker": "speaker1",
          "personaID": "68908",
          "participantID": "30759",
          "utterance": "제가 문과라 그럴지도 모릅니다. ㅋㅋ 이과신가요?",
          "summary": "나는 문과다.",
          "date": "2022-11-21",
          "time": "05:21:20",
          "terminate": "false"
        },
        {
          "speaker": "speaker2",
          "personaID": "69369",
          "participantID": "30640",
          "utterance": "네. ㅎㅎ 이과 감성이라는 소리 많이 듣습니다. 전 이만 애 학원 데리러 가야겠습니다.",
          "summary": "나는 이과다.",
          "date": "2022-11-21",
          "time": "05:21:34",
          "terminate": "true"
        }
      ],
      "sessionPersonaSummary": {
        "speaker1": [
          "나는 30 대 남성이다.",
          "나는 로큰롤 음악을 자주 듣는다.",
          "나는 모든 게 귀찮다.",
          "나의 생일은 12월이다.",
          "나는 혈액형이 B형이다.",
          "나는 문과다."
        ],
        "speaker2": [
          "나는 30 대 남성이다.",
          "나는 포크 음악을 가끔 듣는다.",
          "나는 고요한 음악 위주로 듣는다. 나는 가끔 편안해진다.",
          "나의 생일은 9월이다.",
          "나는 혈액형이 AB형이다.",
          "나는 이과다."
        ]
      },
      "prevAggregatedpersonaSummary": {
        "speaker1": [],
        "speaker2": []
      }
    },
    {
      "prevSessionID": "4-00285-1",
      "prevTimeInfo": {
        "timeNum": "5",
        "timeUnit": "시간"
      },
      "nthSession": "2",
      "numberOfUtterances": "14",
      "numberOfTurns": "7",
      "sessionID": "4-00285-2",
      "dialog": [
        {
          "speaker": "speaker1",
          "personaID": "68908",
          "participantID": "30759",
          "utterance": "이제 슬슬 아이 데리고 오셨습니까? ㅎㅎ 좋은 아버지시네요.",
          "summary": "",
          "date": "2022-11-21",
          "time": "05:21:56",
          "terminate": "false"
        },
        {
          "speaker": "speaker2",
          "personaID": "69369",
          "participantID": "30640",
          "utterance": "전 반대했는데 집사람이 애를 학원에 보내더군요.",
          "summary": "나의 아내는 아이를 학원에 보낸다.",
          "date": "2022-11-21",
          "time": "05:22:09",
          "terminate": "false"
        },
        {
          "speaker": "speaker1",
          "personaID": "68908",
          "participantID": "30759",
          "utterance": "요새는 애들 학원 많이들 보내지 않습니까? 다 교육입니다.",
          "summary": "",
          "date": "2022-11-21",
          "time": "05:22:21",
          "terminate": "false"
        },
        {
          "speaker": "speaker2",
          "personaID": "69369",
          "participantID": "30640",
          "utterance": "영어 유치원에 영어 학원, 피아노 학원... 다 그렇습니까?",
          "summary": "나의 아이는 영어 유치원에 영어 학원, 피아노 학원을 다닌다.",
          "date": "2022-11-21",
          "time": "05:22:35",
          "terminate": "false"
        },
        {
          "speaker": "speaker1",
          "personaID": "68908",
          "participantID": "30759",
          "utterance": "어휴, 강남 가 보십쇼. ㅎㅎ 어린애들 대상 코딩 학원도 있습니다.",
          "summary": "",
          "date": "2022-11-21",
          "time": "05:22:48",
          "terminate": "false"
        },
        {
          "speaker": "speaker2",
          "personaID": "69369",
          "participantID": "30640",
          "utterance": "무슨 입시 준비를 미취학 아동한테 시키는지. 저희 때는 어땠죠?",
          "summary": "",
          "date": "2022-11-21",
          "time": "05:22:59",
          "terminate": "false"
        },
        {
          "speaker": "speaker1",
          "personaID": "68908",
          "participantID": "30759",
          "utterance": "저희는 수능 한방이었는데 말입니다. 이 전에는 학력고사고요. ㅎ.",
          "summary": "",
          "date": "2022-11-21",
          "time": "05:23:10",
          "terminate": "false"
        },
        {
          "speaker": "speaker2",
          "personaID": "69369",
          "participantID": "30640",
          "utterance": "그러니까 말입니다. 그것도 다 학교에서 공부했습니다.",
          "summary": "",
          "date": "2022-11-21",
          "time": "05:23:18",
          "terminate": "false"
        },
        {
          "speaker": "speaker1",
          "personaID": "68908",
          "participantID": "30759",
          "utterance": "요샌 1타 강사다 뭐다 말이 많더라고요. @브랜드명1@이나 @브랜드명2@ 인터넷 강의가 유명합니다.",
          "summary": "",
          "date": "2022-11-21",
          "time": "05:23:35",
          "terminate": "false"
        },
        {
          "speaker": "speaker2",
          "personaID": "69369",
          "participantID": "30640",
          "utterance": "그런 강사들은 입시판으로 돈을 긁어보으나 보군요.",
          "summary": "",
          "date": "2022-11-21",
          "time": "05:23:47",
          "terminate": "false"
        },
        {
          "speaker": "speaker1",
          "personaID": "68908",
          "participantID": "30759",
          "utterance": "ㅎㅎ 다 장사 아니겠습니까. 적당히 봐 주십쇼. 먹고 살아야지요~",
          "summary": "",
          "date": "2022-11-21",
          "time": "05:24:07",
          "terminate": "false"
        },
        {
          "speaker": "speaker2",
          "personaID": "69369",
          "participantID": "30640",
          "utterance": "사교육 비중을 줄여야 학부모 부담이 줄 텐데 걱정만 큽니다. 수학도... ...",
          "summary": "나는 사교육 비중울 줄여야 한다고 느낀다.",
          "date": "2022-11-21",
          "time": "05:24:40",
          "terminate": "false"
        },
        {
          "speaker": "speaker1",
          "personaID": "68908",
          "participantID": "30759",
          "utterance": "이과라 그런지 수학부터 걱정하시는군요. 전 애 국어 가르치는 것도 걱정입니다.ㅎㅎ.",
          "summary": "나는 아이 국어 가르치는 게 걱정이다.",
          "date": "2022-11-21",
          "time": "05:25:01",
          "terminate": "false"
        },
        {
          "speaker": "speaker2",
          "personaID": "69369",
          "participantID": "30640",
          "utterance": "어휴, 교육 생각하면 머리가 아픕니다. 전 아내가 불러서 잠시 가 보겠습니다.",
          "summary": "나는 아내가 불러서 대화를 마친다.",
          "date": "2022-11-21",
          "time": "05:25:15",
          "terminate": "true"
        }
      ],
      "sessionPersonaSummary": {
        "speaker1": [
          "나는 아이 국어 가르치는 게 걱정이다."
        ],
        "speaker2": [
          "나의 아내는 아이를 학원에 보낸다.",
          "나의 아이는 영어 유치원에 영어 학원, 피아노 학원을 다닌다.",
          "나는 사교육 비중울 줄여야 한다고 느낀다.",
          "나는 아내가 불러서 대화를 마친다."
        ]
      },
      "prevAggregatedpersonaSummary": {
        "speaker1": [
          "나는 30 대 남성이다.",
          "나는 로큰롤 음악을 자주 듣는다.",
          "나는 모든 게 귀찮다.",
          "나의 생일은 12월이다.",
          "나는 혈액형이 B형이다.",
          "나는 문과다."
        ],
        "speaker2": [
          "나는 30 대 남성이다.",
          "나는 포크 음악을 가끔 듣는다.",
          "나는 고요한 음악 위주로 듣는다. 나는 가끔 편안해진다.",
          "나의 생일은 9월이다.",
          "나는 혈액형이 AB형이다.",
          "나는 이과다."
        ]
      }
    },
    {
      "prevSessionID": "4-00285-2",
      "prevTimeInfo": {
        "timeNum": "1",
        "timeUnit": "시간"
      },
      "nthSession": "3",
      "numberOfUtterances": "14",
      "numberOfTurns": "7",
      "sessionID": "4-00285-3",
      "dialog": [
        {
          "speaker": "speaker1",
          "personaID": "68908",
          "participantID": "30759",
          "utterance": "아내분이랑 방금 대화는 잘 하고 오셨습니까? ㅎㅎ.",
          "summary": "",
          "date": "2022-11-21",
          "time": "05:25:28",
          "terminate": "false"
        },
        {
          "speaker": "speaker2",
          "personaID": "69369",
          "participantID": "30640",
          "utterance": "네. 그럭저럭 끝났습니다. 유학 관련 얘기더군요.",
          "summary": "나는 아내와 유학 관련 이야기를 했다.",
          "date": "2022-11-21",
          "time": "05:25:38",
          "terminate": "false"
        },
        {
          "speaker": "speaker1",
          "personaID": "68908",
          "participantID": "30759",
          "utterance": "저희 아내도 말은 꺼냈는데 저희는 파토났습니다. 그쪽은?",
          "summary": "나는 유학 이야기가 깨어졌다.",
          "date": "2022-11-21",
          "time": "05:25:50",
          "terminate": "false"
        },
        {
          "speaker": "speaker2",
          "personaID": "69369",
          "participantID": "30640",
          "utterance": "이쪽은 보낼지도 모르겠습니다. 미리 영국에 보내서 영어를 배운다나...",
          "summary": "나는 아이를 미리 영국에 보낼 것 같다.",
          "date": "2022-11-21",
          "time": "05:27:00",
          "terminate": "false"
        },
        {
          "speaker": "speaker1",
          "personaID": "68908",
          "participantID": "30759",
          "utterance": "아이가 아직 유치원 다닐 나이 아닙니까? 너무 이른 것 같기도 합니다.",
          "summary": "",
          "date": "2022-11-21",
          "time": "05:27:09",
          "terminate": "false"
        },
        {
          "speaker": "speaker2",
          "personaID": "69369",
          "participantID": "30640",
          "utterance": "영어 유치원이라 그런지 듣는 말이 많나 보더라고요.",
          "summary": "나는 영여 유치원이라 교육에 대해 듣는 말이 많다.",
          "date": "2022-11-21",
          "time": "05:28:01",
          "terminate": "false"
        },
        {
          "speaker": "speaker1",
          "personaID": "68908",
          "participantID": "30759",
          "utterance": "주변에 휩쓸리는 것도 좋은 선택은 아닐 텐데요.",
          "summary": "",
          "date": "2022-11-21",
          "time": "05:28:13",
          "terminate": "false"
        },
        {
          "speaker": "speaker2",
          "personaID": "69369",
          "participantID": "30640",
          "utterance": "입시라는 게 팔랑귀 되기 딱 좋은 판 아닙니까. 벌써부터 이러면 애는 부담이라 어쩌련지 ;;",
          "summary": "",
          "date": "2022-11-21",
          "time": "05:28:32",
          "terminate": "false"
        },
        {
          "speaker": "speaker1",
          "personaID": "68908",
          "participantID": "30759",
          "utterance": "너무 걱정이시면 아내분 설득해보시면 되지 않습니까?",
          "summary": "",
          "date": "2022-11-21",
          "time": "05:29:05",
          "terminate": "false"
        },
        {
          "speaker": "speaker2",
          "personaID": "69369",
          "participantID": "30640",
          "utterance": "저희 아내가 고집이 여간 센 게 아니라서 말입니다. ㅎㅎ... 걱정입니다.",
          "summary": "나의 아내는 고집이 세다.",
          "date": "2022-11-21",
          "time": "05:29:16",
          "terminate": "false"
        },
        {
          "speaker": "speaker1",
          "personaID": "68908",
          "participantID": "30759",
          "utterance": "그래도 아이 걱정하는 마음에 말하는 건데 설마 안 듣겠습니까. ㅎㅎ.",
          "summary": "",
          "date": "2022-11-21",
          "time": "05:29:45",
          "terminate": "false"
        },
        {
          "speaker": "speaker2",
          "personaID": "69369",
          "participantID": "30640",
          "utterance": "꺼내는 봐야 겠죠. 조언 감사합니다. 휴... ... 술 한 잔 당기는 밤입니다.",
          "summary": "나는 술이 당긴다.",
          "date": "2022-11-21",
          "time": "05:29:56",
          "terminate": "false"
        },
        {
          "speaker": "speaker1",
          "personaID": "68908",
          "participantID": "30759",
          "utterance": "랜선 쨘 합시다. ㅎㅎ 잔 부딪히고 기분 좀 푸시는 겁니다.",
          "summary": "",
          "date": "2022-11-21",
          "time": "05:30:12",
          "terminate": "false"
        },
        {
          "speaker": "speaker2",
          "personaID": "69369",
          "participantID": "30640",
          "utterance": "쨘! 입니다. 주말에 아들 데리고 공원이나 가야겠군요. ㅎㅎ이만 가 보겠습니다.",
          "summary": "나는 아들을 데리고 공원에 갈 것이다.",
          "date": "2022-11-21",
          "time": "05:30:26",
          "terminate": "true"
        }
      ],
      "sessionPersonaSummary": {
        "speaker1": [
          "나는 유학 이야기가 깨어졌다."
        ],
        "speaker2": [
          "나는 아내와 유학 관련 이야기를 했다.",
          "나는 아이를 미리 영국에 보낼 것 같다.",
          "나는 영여 유치원이라 교육에 대해 듣는 말이 많다.",
          "나의 아내는 고집이 세다.",
          "나는 술이 당긴다.",
          "나는 아들을 데리고 공원에 갈 것이다."
        ]
      },
      "prevAggregatedpersonaSummary": {
        "speaker1": [
          "나는 30 대 남성이다.",
          "나는 로큰롤 음악을 자주 듣는다.",
          "나는 모든 게 귀찮다.",
          "나의 생일은 12월이다.",
          "나는 혈액형이 B형이다.",
          "나는 문과다.",
          "나는 아이 국어 가르치는 게 걱정이다."
        ],
        "speaker2": [
          "나는 30 대 남성이다.",
          "나는 포크 음악을 가끔 듣는다.",
          "나는 고요한 음악 위주로 듣는다. 나는 가끔 편안해진다.",
          "나의 생일은 9월이다.",
          "나는 혈액형이 AB형이다.",
          "나는 이과다.",
          "나의 아내는 아이를 학원에 보낸다.",
          "나의 아이는 영어 유치원에 영어 학원, 피아노 학원을 다닌다.",
          "나는 사교육 비중울 줄여야 한다고 느낀다.",
          "나는 아내가 불러서 대화를 마친다."
        ]
      }
    },
    {
      "prevSessionID": "4-00285-3",
      "prevTimeInfo": {
        "timeNum": "2",
        "timeUnit": "주"
      },
      "nthSession": "4",
      "numberOfUtterances": "14",
      "numberOfTurns": "7",
      "sessionID": "4-00285-4",
      "dialog": [
        {
          "speaker": "speaker1",
          "personaID": "68908",
          "participantID": "30759",
          "utterance": "2주 만입니다. 아내분이랑 이야기는 잘 되셨습니까?",
          "summary": "",
          "date": "2022-11-21",
          "time": "05:30:49",
          "terminate": "false"
        },
        {
          "speaker": "speaker2",
          "personaID": "69369",
          "participantID": "30640",
          "utterance": "네, 나름 괜찮게 됐습니다. ㅠㅠ 아직 걱정이긴 합니다.",
          "summary": "나는 아직 아들이 걱정이다.",
          "date": "2022-11-21",
          "time": "05:31:03",
          "terminate": "false"
        },
        {
          "speaker": "speaker1",
          "personaID": "68908",
          "participantID": "30759",
          "utterance": "ㅎㅎ 유학은 포기하시는 겁니까? 그랬음 좋겠는데요.",
          "summary": "",
          "date": "2022-11-21",
          "time": "05:31:11",
          "terminate": "false"
        },
        {
          "speaker": "speaker2",
          "personaID": "69369",
          "participantID": "30640",
          "utterance": "제가 설득해서 생각해보겠다고 하는 겁니다. 이걸로도 장족의 발전 아니겠습니까. ㅎㅎ.",
          "summary": "나의 아내는 유학에 대해 생각해보겠다고 한다.",
          "date": "2022-11-21",
          "time": "05:31:40",
          "terminate": "false"
        },
        {
          "speaker": "speaker1",
          "personaID": "68908",
          "participantID": "30759",
          "utterance": "그렇네요. 저도 요새 저희 아이 입시에 대해 자꾸 고민하게 됩니다.ㅎㅎ.",
          "summary": "",
          "date": "2022-11-21",
          "time": "05:31:56",
          "terminate": "false"
        },
        {
          "speaker": "speaker2",
          "personaID": "69369",
          "participantID": "30640",
          "utterance": "제 대화 때문인가요? 제가 괜한 걱정거리를 얹어드렸군요.ㅎ...",
          "summary": "",
          "date": "2022-11-21",
          "time": "05:32:05",
          "terminate": "false"
        },
        {
          "speaker": "speaker1",
          "personaID": "68908",
          "participantID": "30759",
          "utterance": "아닙니다. 슬슬 고려할 때가 된 거겠죠. 저희 아이는 이제 초등학생이거든요.",
          "summary": "나의 아이는 초등학생이다.",
          "date": "2022-11-21",
          "time": "05:32:26",
          "terminate": "false"
        },
        {
          "speaker": "speaker2",
          "personaID": "69369",
          "participantID": "30640",
          "utterance": "결혼 일찍 하셨나 봅니다? 아이가 장성하시다니. ㅎㅎ.",
          "summary": "",
          "date": "2022-11-21",
          "time": "05:32:37",
          "terminate": "false"
        },
        {
          "speaker": "speaker1",
          "personaID": "68908",
          "participantID": "30759",
          "utterance": "20대 후반에 했으니 요새 기준으로는 조금 일찍이죠. ㅎㅎ 그래도 후회는 안 합니다.",
          "summary": "",
          "date": "2022-11-21",
          "time": "05:32:52",
          "terminate": "false"
        },
        {
          "speaker": "speaker2",
          "personaID": "69369",
          "participantID": "30640",
          "utterance": "말 들어보면 좋은 아내분 같긴 합니다. 저희는 마찰이 좀 있어서.",
          "summary": "나는 아내와 마찰이 있다.",
          "date": "2022-11-21",
          "time": "05:33:12",
          "terminate": "false"
        },
        {
          "speaker": "speaker1",
          "personaID": "68908",
          "participantID": "30759",
          "utterance": "학원 문제 봐도 그런 것 같긴 합니다. 걱정이 많으시겠어요.",
          "summary": "",
          "date": "2022-11-21",
          "time": "05:33:24",
          "terminate": "false"
        },
        {
          "speaker": "speaker2",
          "personaID": "69369",
          "participantID": "30640",
          "utterance": "네. 그래도 제가 사랑하는 사람이라 괜찮습니다. 입시 때 덜 싸워야 될 텐데요.",
          "summary": "",
          "date": "2022-11-21",
          "time": "05:33:37",
          "terminate": "false"
        },
        {
          "speaker": "speaker1",
          "personaID": "68908",
          "participantID": "30759",
          "utterance": "ㅎㅎ 금슬 좋으실 겁니다. 제가 장담하죠. 오늘도 랜선 술 한잔 하실까요?",
          "summary": "",
          "date": "2022-11-21",
          "time": "05:33:49",
          "terminate": "false"
        },
        {
          "speaker": "speaker2",
          "personaID": "69369",
          "participantID": "30640",
          "utterance": "좋습니다. 쨘! 전 이만 아내랑 꿈나라 가 보겠습니다. 수고하십니다. ㅎㅎ.",
          "summary": "나는 아내와 잠들 것이다.",
          "date": "2022-11-21",
          "time": "05:34:51",
          "terminate": "true"
        }
      ],
      "sessionPersonaSummary": {
        "speaker1": [
          "나의 아이는 초등학생이다."
        ],
        "speaker2": [
          "나는 아직 아들이 걱정이다.",
          "나의 아내는 유학에 대해 생각해보겠다고 한다.",
          "나는 아내와 마찰이 있다.",
          "나는 아내와 잠들 것이다."
        ]
      },
      "prevAggregatedpersonaSummary": {
        "speaker1": [
          "나는 30 대 남성이다.",
          "나는 로큰롤 음악을 자주 듣는다.",
          "나는 모든 게 귀찮다.",
          "나의 생일은 12월이다.",
          "나는 혈액형이 B형이다.",
          "나는 문과다.",
          "나는 아이 국어 가르치는 게 걱정이다.",
          "나는 유학 이야기가 깨어졌다."
        ],
        "speaker2": [
          "나는 30 대 남성이다.",
          "나는 포크 음악을 가끔 듣는다.",
          "나는 고요한 음악 위주로 듣는다. 나는 가끔 편안해진다.",
          "나의 생일은 9월이다.",
          "나는 혈액형이 AB형이다.",
          "나는 이과다.",
          "나의 아내는 아이를 학원에 보낸다.",
          "나의 아이는 영어 유치원에 영어 학원, 피아노 학원을 다닌다.",
          "나는 사교육 비중울 줄여야 한다고 느낀다.",
          "나는 아내가 불러서 대화를 마친다.",
          "나는 아내와 유학 관련 이야기를 했다.",
          "나는 아이를 미리 영국에 보낼 것 같다.",
          "나는 영여 유치원이라 교육에 대해 듣는 말이 많다.",
          "나의 아내는 고집이 세다.",
          "나는 술이 당긴다.",
          "나는 아들을 데리고 공원에 갈 것이다."
        ]
      }
    }
  ]
}