{
  "FileInfo": {
    "filename": "K4-00576-CL20481-CP21196-03-05-S4.json",
    "sessionLevel": "4"
  },
  "participantsInfo": {
    "numberOfParticipants": "2",
    "speaker1": {
      "participantID": "0819",
      "gender": "남성",
      "age": "20대",
      "occupation": "서비스직",
      "bPlace": "서울/경기/인천",
      "gPlace": "서울/경기/인천",
      "rPlace": "서울/경기/인천",
      "educationLevel": "대졸"
    },
    "speaker2": {
      "participantID": "0822",
      "gender": "남성",
      "age": "20대",
      "occupation": "무직",
      "bPlace": "부산/대구/울산/경상",
      "gPlace": "부산/대구/울산/경상",
      "rPlace": "부산/대구/울산/경상",
      "educationLevel": "대졸"
    }
  },
  "multisessionInfo": {
    "multisessionID": "4-00576"
  },
  "personaInfo": {
    "clInfo": {
      "personaID": "20481",
      "personaFeatures": [
        "나는 남자이다.",
        "나는 20대이다.",
        "나의 여자 형제는 상담전문가이다.",
        "나는 승마부 동아리에 관심이 없다.",
        "나는 야구를 좋아한다."
      ],
      "speakerType": "speaker1"
    },
    "cpInfo": {
      "personaID": "21196",
      "personaFeatures": [
        "나는 남자이다.",
        "나는 20대이다.",
        "나는 물고기를 싫어한다.",
        "나는 야구 감독이다.",
        "나는 플루트 연주를 자주 한다."
      ],
      "speakerType": "speaker2"
    }
  },
  "topicInfo": {
    "topicID": "03-05",
    "topicType": "교통",
    "topicTitle": "운전면허"
  },
  "sessionInfo": [
    {
      "prevSessionID": null,
      "prevTimeInfo": {
        "timeNum": null,
        "timeUnit": null
      },
      "nthSession": "1",
      "numberOfUtterances": "14",
      "numberOfTurns": "7",
      "sessionID": "4-00576-1",
      "dialog": [
        {
          "speaker": "speaker1",
          "personaID": "20481",
          "participantID": "0819",
          "utterance": "안녕하세요. 저는 20대 남자입니다!",
          "summary": "나는 20대 남자이다.",
          "date": "2022-10-19",
          "time": "20:30:23",
          "terminate": "false"
        },
        {
          "speaker": "speaker2",
          "personaID": "21196",
          "participantID": "0822",
          "utterance": "안녕하세요~ 저는 야구 감독을 하고있는 20대 남자입니다.",
          "summary": "나는 20대 남자 야구감독이다.",
          "date": "2022-10-19",
          "time": "20:30:58",
          "terminate": "false"
        },
        {
          "speaker": "speaker1",
          "personaID": "20481",
          "participantID": "0819",
          "utterance": "우와 야구 감독이라니 신기해요! 저는 야구를 좋아해요.",
          "summary": "나는 야구를 좋아한다.",
          "date": "2022-10-19",
          "time": "20:31:10",
          "terminate": "false"
        },
        {
          "speaker": "speaker2",
          "personaID": "21196",
          "participantID": "0822",
          "utterance": "오 반가워요~ 야구를 좋아하시다니~",
          "summary": "",
          "date": "2022-10-19",
          "time": "20:31:47",
          "terminate": "false"
        },
        {
          "speaker": "speaker1",
          "personaID": "20481",
          "participantID": "0819",
          "utterance": "야구선수하시다가 감독이 되신 건가요?",
          "summary": "",
          "date": "2022-10-19",
          "time": "20:32:01",
          "terminate": "false"
        },
        {
          "speaker": "speaker2",
          "personaID": "21196",
          "participantID": "0822",
          "utterance": "네~ 학생 때 야구 선수 생활을 했습니다.",
          "summary": "나는 학생 때 야구 선수 생활을 했다.",
          "date": "2022-10-19",
          "time": "20:32:28",
          "terminate": "false"
        },
        {
          "speaker": "speaker1",
          "personaID": "20481",
          "participantID": "0819",
          "utterance": "멋있습니다! 나중에 야구장 갔을 때 보면 좋겠네요~",
          "summary": "",
          "date": "2022-10-19",
          "time": "20:33:02",
          "terminate": "false"
        },
        {
          "speaker": "speaker2",
          "personaID": "21196",
          "participantID": "0822",
          "utterance": "네~ 알겠습니다. 지금 뭐하고 계신가요?",
          "summary": "",
          "date": "2022-10-19",
          "time": "20:33:29",
          "terminate": "false"
        },
        {
          "speaker": "speaker1",
          "personaID": "20481",
          "participantID": "0819",
          "utterance": "저는 아직 대학생입니다! 군대 전역하고 복학했어요.",
          "summary": "나는 군대를 전역하고 대학교를 복학했다.",
          "date": "2022-10-19",
          "time": "20:33:51",
          "terminate": "false"
        },
        {
          "speaker": "speaker2",
          "personaID": "21196",
          "participantID": "0822",
          "utterance": "야구 좋아하신다고 했으니깐 야구부 동아리 어떤가요?",
          "summary": "",
          "date": "2022-10-19",
          "time": "20:34:15",
          "terminate": "false"
        },
        {
          "speaker": "speaker1",
          "personaID": "20481",
          "participantID": "0819",
          "utterance": "아니요! 저는 친구가 하자고 해서 관심이 없는 승마부 동아리를 합니다.",
          "summary": "나는 승마부 동아리에 관심이 없다.",
          "date": "2022-10-19",
          "time": "20:34:44",
          "terminate": "false"
        },
        {
          "speaker": "speaker2",
          "personaID": "21196",
          "participantID": "0822",
          "utterance": "승마 동아리도 괜찮네요. 운동도 되고요!",
          "summary": "",
          "date": "2022-10-19",
          "time": "20:35:25",
          "terminate": "false"
        },
        {
          "speaker": "speaker1",
          "personaID": "20481",
          "participantID": "0819",
          "utterance": "관심이 없어서 잘 안 나가요~ 저는 이제 강의 들으러 가야 해서 다음에 연락해요!",
          "summary": "",
          "date": "2022-10-19",
          "time": "20:35:43",
          "terminate": "false"
        },
        {
          "speaker": "speaker2",
          "personaID": "21196",
          "participantID": "0822",
          "utterance": "네~ 알겠습니다. 다음에 또 연락합시다!",
          "summary": "",
          "date": "2022-10-19",
          "time": "20:35:53",
          "terminate": "true"
        }
      ],
      "sessionPersonaSummary": {
        "speaker1": [
          "나는 20대 남자이다.",
          "나는 야구를 좋아한다.",
          "나는 군대를 전역하고 대학교를 복학했다.",
          "나는 승마부 동아리에 관심이 없다."
        ],
        "speaker2": [
          "나는 20대 남자 야구감독이다.",
          "나는 학생 때 야구 선수 생활을 했다."
        ]
      },
      "prevAggregatedpersonaSummary": {
        "speaker1": [],
        "speaker2": []
      }
    },
    {
      "prevSessionID": "4-00576-1",
      "prevTimeInfo": {
        "timeNum": "5",
        "timeUnit": "일"
      },
      "nthSession": "2",
      "numberOfUtterances": "14",
      "numberOfTurns": "7",
      "sessionID": "4-00576-2",
      "dialog": [
        {
          "speaker": "speaker1",
          "personaID": "20481",
          "participantID": "0819",
          "utterance": "5 일이 지나갔네요. 오늘 뭐 하시나요?",
          "summary": "",
          "date": "2022-10-19",
          "time": "20:36:13",
          "terminate": "false"
        },
        {
          "speaker": "speaker2",
          "personaID": "21196",
          "participantID": "0822",
          "utterance": "저는 오늘 친구들을 만나러 갈까 합니다.",
          "summary": "나는 오늘 친구들과 만나러 간다.",
          "date": "2022-10-19",
          "time": "20:36:29",
          "terminate": "false"
        },
        {
          "speaker": "speaker1",
          "personaID": "20481",
          "participantID": "0819",
          "utterance": "아하~ 만나서 뭐 하시려고요?",
          "summary": "",
          "date": "2022-10-19",
          "time": "20:36:37",
          "terminate": "false"
        },
        {
          "speaker": "speaker2",
          "personaID": "21196",
          "participantID": "0822",
          "utterance": "저는 친구들 만나서 밥 먹고 당구를 칠려고 합니다.",
          "summary": "나는 친구들 만나서 밥 먹고 당구를 치려고 한다.",
          "date": "2022-10-19",
          "time": "20:36:52",
          "terminate": "false"
        },
        {
          "speaker": "speaker1",
          "personaID": "20481",
          "participantID": "0819",
          "utterance": "저도 당구 치러 가고 싶네요. 저는 오늘 운전면허 학원에 갑니다!",
          "summary": "나는 오늘 운전면허 학원에 간다.",
          "date": "2022-10-19",
          "time": "20:37:21",
          "terminate": "false"
        },
        {
          "speaker": "speaker2",
          "personaID": "21196",
          "participantID": "0822",
          "utterance": "요즘 운전 면허를 따고 있으신가요?",
          "summary": "",
          "date": "2022-10-19",
          "time": "20:37:46",
          "terminate": "false"
        },
        {
          "speaker": "speaker1",
          "personaID": "20481",
          "participantID": "0819",
          "utterance": "네! 운전면허를 따려고 열심히 공부하고 있습니다.",
          "summary": "나는 운전면허를 따려고 공부한다.",
          "date": "2022-10-19",
          "time": "20:38:12",
          "terminate": "false"
        },
        {
          "speaker": "speaker2",
          "personaID": "21196",
          "participantID": "0822",
          "utterance": "운전하는 건 어렵지 않으신가요?",
          "summary": "",
          "date": "2022-10-19",
          "time": "20:38:55",
          "terminate": "false"
        },
        {
          "speaker": "speaker1",
          "personaID": "20481",
          "participantID": "0819",
          "utterance": "아직까지는 정말 쉬워요. 도로주행이 떨리네요. 운전면허 있으신가요?",
          "summary": "나는 도로주행이 떨린다.",
          "date": "2022-10-19",
          "time": "20:39:16",
          "terminate": "false"
        },
        {
          "speaker": "speaker2",
          "personaID": "21196",
          "participantID": "0822",
          "utterance": "네! 저는 성인되자마자 바로 운전면허를 취득했습니다.",
          "summary": "나는 성인이 되고 바로 운전면허를 취득했다.",
          "date": "2022-10-19",
          "time": "20:40:04",
          "terminate": "false"
        },
        {
          "speaker": "speaker1",
          "personaID": "20481",
          "participantID": "0819",
          "utterance": "우와 정말 존경스럽습니다!",
          "summary": "",
          "date": "2022-10-19",
          "time": "20:40:25",
          "terminate": "false"
        },
        {
          "speaker": "speaker2",
          "personaID": "21196",
          "participantID": "0822",
          "utterance": "존경스럽기까지.. 막상 취득하면 별거 아닙니다.",
          "summary": "",
          "date": "2022-10-19",
          "time": "20:40:55",
          "terminate": "false"
        },
        {
          "speaker": "speaker1",
          "personaID": "20481",
          "participantID": "0819",
          "utterance": "한번 한 번에 다 따보도록 하겠습니다! 다음에 다시 연락해요~",
          "summary": "",
          "date": "2022-10-19",
          "time": "20:41:09",
          "terminate": "false"
        },
        {
          "speaker": "speaker2",
          "personaID": "21196",
          "participantID": "0822",
          "utterance": "네~ 떨어지지 않고 한번에 합격하시길 바라겠습니다.",
          "summary": "",
          "date": "2022-10-19",
          "time": "20:41:37",
          "terminate": "true"
        }
      ],
      "sessionPersonaSummary": {
        "speaker1": [
          "나는 오늘 운전면허 학원에 간다.",
          "나는 운전면허를 따려고 공부한다.",
          "나는 도로주행이 떨린다."
        ],
        "speaker2": [
          "나는 오늘 친구들과 만나러 간다.",
          "나는 친구들 만나서 밥 먹고 당구를 치려고 한다.",
          "나는 성인이 되고 바로 운전면허를 취득했다."
        ]
      },
      "prevAggregatedpersonaSummary": {
        "speaker1": [
          "나는 20대 남자이다.",
          "나는 야구를 좋아한다.",
          "나는 군대를 전역하고 대학교를 복학했다.",
          "나는 승마부 동아리에 관심이 없다."
        ],
        "speaker2": [
          "나는 20대 남자 야구감독이다.",
          "나는 학생 때 야구 선수 생활을 했다."
        ]
      }
    },
    {
      "prevSessionID": "4-00576-2",
      "prevTimeInfo": {
        "timeNum": "2",
        "timeUnit": "주"
      },
      "nthSession": "3",
      "numberOfUtterances": "14",
      "numberOfTurns": "7",
      "sessionID": "4-00576-3",
      "dialog": [
        {
          "speaker": "speaker1",
          "personaID": "20481",
          "participantID": "0819",
          "utterance": "오늘 주말인데 야구 경기 있으신가요?",
          "summary": "",
          "date": "2022-10-19",
          "time": "20:42:10",
          "terminate": "false"
        },
        {
          "speaker": "speaker2",
          "personaID": "21196",
          "participantID": "0822",
          "utterance": "아니요! 저는 오늘은 집에서 쉬고있습니다.",
          "summary": "나는 지금 집에서 쉬고 있다.",
          "date": "2022-10-19",
          "time": "20:42:29",
          "terminate": "false"
        },
        {
          "speaker": "speaker1",
          "personaID": "20481",
          "participantID": "0819",
          "utterance": "아하! 그럼 오늘 집에서만 쉴 예정이신가요?",
          "summary": "",
          "date": "2022-10-19",
          "time": "20:42:44",
          "terminate": "false"
        },
        {
          "speaker": "speaker2",
          "personaID": "21196",
          "participantID": "0822",
          "utterance": "저는 쉬는 날 플루트 연주를 자주 합니다.",
          "summary": "나는 플루트 연주를 자주 한다.",
          "date": "2022-10-19",
          "time": "20:43:06",
          "terminate": "false"
        },
        {
          "speaker": "speaker1",
          "personaID": "20481",
          "participantID": "0819",
          "utterance": "플루트 연주를 자주 하시면 잘 하시겠네요?",
          "summary": "",
          "date": "2022-10-19",
          "time": "20:43:19",
          "terminate": "false"
        },
        {
          "speaker": "speaker2",
          "personaID": "21196",
          "participantID": "0822",
          "utterance": "잘은 아니지만 지금은 연주도 할 수 있을 정도 입니다.",
          "summary": "나는 플루트 연주를 잘은 못한다.",
          "date": "2022-10-19",
          "time": "20:43:52",
          "terminate": "false"
        },
        {
          "speaker": "speaker1",
          "personaID": "20481",
          "participantID": "0819",
          "utterance": "오늘도 플루트 연주하러 가시나요?",
          "summary": "",
          "date": "2022-10-19",
          "time": "20:44:02",
          "terminate": "false"
        },
        {
          "speaker": "speaker2",
          "personaID": "21196",
          "participantID": "0822",
          "utterance": "오늘도 조금 쉬다가 플루트 연주를 하러 갈 생각입니다.",
          "summary": "나는 쉬다가 플루트 연주를 하러 간다.",
          "date": "2022-10-19",
          "time": "20:44:37",
          "terminate": "false"
        },
        {
          "speaker": "speaker1",
          "personaID": "20481",
          "participantID": "0819",
          "utterance": "저는 이따 친구들과 수족관에 놀러 가기로 했습니다.",
          "summary": "나는 친구들과 수족관에 놀러 가기로 했다.",
          "date": "2022-10-19",
          "time": "20:45:07",
          "terminate": "false"
        },
        {
          "speaker": "speaker2",
          "personaID": "21196",
          "participantID": "0822",
          "utterance": "아하 저는 물고기를 싫어합니다. 비린내를 심하게 느껴서요.",
          "summary": "나는 물고기를 싫어한다.",
          "date": "2022-10-19",
          "time": "20:45:42",
          "terminate": "false"
        },
        {
          "speaker": "speaker1",
          "personaID": "20481",
          "participantID": "0819",
          "utterance": "아.. 그러시군요. 그럼 아쿠아리움 같은 곳도 안 놀러 가시나요?",
          "summary": "",
          "date": "2022-10-19",
          "time": "20:46:06",
          "terminate": "false"
        },
        {
          "speaker": "speaker2",
          "personaID": "21196",
          "participantID": "0822",
          "utterance": "네~ 저는 아쿠아리움가면 머리가 아플 정도로 냄새가 나더라고요.",
          "summary": "나는 아쿠아리움에 가면 냄새 때문에 머리가 아프다.",
          "date": "2022-10-19",
          "time": "20:46:56",
          "terminate": "false"
        },
        {
          "speaker": "speaker1",
          "personaID": "20481",
          "participantID": "0819",
          "utterance": "이런.. 그럼 저는 나갈 준비를 해야 해서요! 플루트 재미있게 연주하세요~",
          "summary": "",
          "date": "2022-10-19",
          "time": "20:47:21",
          "terminate": "false"
        },
        {
          "speaker": "speaker2",
          "personaID": "21196",
          "participantID": "0822",
          "utterance": "네~ 알겠습니다. 친구들이랑 재미있게 노세요!",
          "summary": "",
          "date": "2022-10-19",
          "time": "20:47:52",
          "terminate": "true"
        }
      ],
      "sessionPersonaSummary": {
        "speaker1": [
          "나는 친구들과 수족관에 놀러 가기로 했다."
        ],
        "speaker2": [
          "나는 지금 집에서 쉬고 있다.",
          "나는 플루트 연주를 자주 한다.",
          "나는 플루트 연주를 잘은 못한다.",
          "나는 쉬다가 플루트 연주를 하러 간다.",
          "나는 물고기를 싫어한다.",
          "나는 아쿠아리움에 가면 냄새 때문에 머리가 아프다."
        ]
      },
      "prevAggregatedpersonaSummary": {
        "speaker1": [
          "나는 20대 남자이다.",
          "나는 야구를 좋아한다.",
          "나는 군대를 전역하고 대학교를 복학했다.",
          "나는 승마부 동아리에 관심이 없다.",
          "나는 오늘 운전면허 학원에 간다.",
          "나는 운전면허를 따려고 공부한다.",
          "나는 도로주행이 떨린다."
        ],
        "speaker2": [
          "나는 20대 남자 야구감독이다.",
          "나는 학생 때 야구 선수 생활을 했다.",
          "나는 오늘 친구들과 만나러 간다.",
          "나는 친구들 만나서 밥 먹고 당구를 치려고 한다.",
          "나는 성인이 되고 바로 운전면허를 취득했다."
        ]
      }
    },
    {
      "prevSessionID": "4-00576-3",
      "prevTimeInfo": {
        "timeNum": "5",
        "timeUnit": "주"
      },
      "nthSession": "4",
      "numberOfUtterances": "14",
      "numberOfTurns": "7",
      "sessionID": "4-00576-4",
      "dialog": [
        {
          "speaker": "speaker1",
          "personaID": "20481",
          "participantID": "0819",
          "utterance": "벌써 5주가 지났네요! 그동안 잘 지내셨어요?",
          "summary": "",
          "date": "2022-10-19",
          "time": "20:48:54",
          "terminate": "false"
        },
        {
          "speaker": "speaker2",
          "personaID": "21196",
          "participantID": "0822",
          "utterance": "네! 잘 지내고 있습니다. 오늘은 뭐하고 보내시나요?",
          "summary": "나는 잘 지내고 있다.",
          "date": "2022-10-19",
          "time": "20:49:20",
          "terminate": "false"
        },
        {
          "speaker": "speaker1",
          "personaID": "20481",
          "participantID": "0819",
          "utterance": "오늘 오랜만에 누나를 만나러 갑니다!",
          "summary": "나는 오늘 누나를 만나러 간다.",
          "date": "2022-10-19",
          "time": "20:49:47",
          "terminate": "false"
        },
        {
          "speaker": "speaker2",
          "personaID": "21196",
          "participantID": "0822",
          "utterance": "오 누나가 있으셨군요. 누나랑은 사이가 좋은가요?",
          "summary": "",
          "date": "2022-10-19",
          "time": "20:50:13",
          "terminate": "false"
        },
        {
          "speaker": "speaker1",
          "personaID": "20481",
          "participantID": "0819",
          "utterance": "네! 누나가 취업하고 저를 잘 챙겨줘요~",
          "summary": "나는 누나가 잘 챙겨준다.",
          "date": "2022-10-19",
          "time": "20:50:27",
          "terminate": "false"
        },
        {
          "speaker": "speaker2",
          "personaID": "21196",
          "participantID": "0822",
          "utterance": "오 누나는 어떤 직장에 취업을 하셨나요?",
          "summary": "",
          "date": "2022-10-19",
          "time": "20:50:51",
          "terminate": "false"
        },
        {
          "speaker": "speaker1",
          "personaID": "20481",
          "participantID": "0819",
          "utterance": "저의 누나는 상담 전문가를 하고 있습니다!",
          "summary": "나의 누나는 상담전문가이다.",
          "date": "2022-10-19",
          "time": "20:51:14",
          "terminate": "false"
        },
        {
          "speaker": "speaker2",
          "personaID": "21196",
          "participantID": "0822",
          "utterance": "누나가 정말 멋있는 직업을 가지셨네요.",
          "summary": "",
          "date": "2022-10-19",
          "time": "20:51:34",
          "terminate": "false"
        },
        {
          "speaker": "speaker1",
          "personaID": "20481",
          "participantID": "0819",
          "utterance": "언제든지 상담이 필요하시면 말씀하세요! 제가 도와드릴게요.",
          "summary": "",
          "date": "2022-10-19",
          "time": "20:51:53",
          "terminate": "false"
        },
        {
          "speaker": "speaker2",
          "personaID": "21196",
          "participantID": "0822",
          "utterance": "네! 저도 필요하면 언제든지 말씀드릴게요!",
          "summary": "",
          "date": "2022-10-19",
          "time": "20:52:12",
          "terminate": "false"
        },
        {
          "speaker": "speaker1",
          "personaID": "20481",
          "participantID": "0819",
          "utterance": "좋아요! 누나를 빨리 보러 가고 싶네요!",
          "summary": "나는 누나를 빨리 보고 싶다.",
          "date": "2022-10-19",
          "time": "20:53:10",
          "terminate": "false"
        },
        {
          "speaker": "speaker2",
          "personaID": "21196",
          "participantID": "0822",
          "utterance": "누나랑 사이가 엄청 좋으신가 보네요~",
          "summary": "",
          "date": "2022-10-19",
          "time": "20:53:26",
          "terminate": "false"
        },
        {
          "speaker": "speaker1",
          "personaID": "20481",
          "participantID": "0819",
          "utterance": "네! 안되겠습니다! 저는 미리 준비하러 갈게요. 즐거운 대화였어요!",
          "summary": "",
          "date": "2022-10-19",
          "time": "20:53:47",
          "terminate": "false"
        },
        {
          "speaker": "speaker2",
          "personaID": "21196",
          "participantID": "0822",
          "utterance": "네~ 누나와 좋은 시간 보내세요!",
          "summary": "",
          "date": "2022-10-19",
          "time": "20:54:11",
          "terminate": "true"
        }
      ],
      "sessionPersonaSummary": {
        "speaker1": [
          "나는 오늘 누나를 만나러 간다.",
          "나는 누나가 잘 챙겨준다.",
          "나의 누나는 상담전문가이다.",
          "나는 누나를 빨리 보고 싶다."
        ],
        "speaker2": [
          "나는 잘 지내고 있다."
        ]
      },
      "prevAggregatedpersonaSummary": {
        "speaker1": [
          "나는 20대 남자이다.",
          "나는 야구를 좋아한다.",
          "나는 군대를 전역하고 대학교를 복학했다.",
          "나는 승마부 동아리에 관심이 없다.",
          "나는 오늘 운전면허 학원에 간다.",
          "나는 운전면허를 따려고 공부한다.",
          "나는 도로주행이 떨린다.",
          "나는 친구들과 수족관에 놀러 가기로 했다."
        ],
        "speaker2": [
          "나는 20대 남자 야구감독이다.",
          "나는 학생 때 야구 선수 생활을 했다.",
          "나는 오늘 친구들과 만나러 간다.",
          "나는 친구들 만나서 밥 먹고 당구를 치려고 한다.",
          "나는 성인이 되고 바로 운전면허를 취득했다.",
          "나는 지금 집에서 쉬고 있다.",
          "나는 플루트 연주를 자주 한다.",
          "나는 플루트 연주를 잘은 못한다.",
          "나는 쉬다가 플루트 연주를 하러 간다.",
          "나는 물고기를 싫어한다.",
          "나는 아쿠아리움에 가면 냄새 때문에 머리가 아프다."
        ]
      }
    }
  ]
}