{
  "FileInfo": {
    "filename": "K4-00119-CL01247-CP02268-05-02-S4.json",
    "sessionLevel": "4"
  },
  "participantsInfo": {
    "numberOfParticipants": "2",
    "speaker1": {
      "participantID": "25074",
      "gender": "남성",
      "age": "20대",
      "occupation": "학생",
      "bPlace": "서울/경기/인천",
      "gPlace": "서울/경기/인천",
      "rPlace": "서울/경기/인천",
      "educationLevel": "고졸"
    },
    "speaker2": {
      "participantID": "25018",
      "gender": "남성",
      "age": "30대",
      "occupation": "사무직",
      "bPlace": "부산/대구/울산/경상",
      "gPlace": "부산/대구/울산/경상",
      "rPlace": "부산/대구/울산/경상",
      "educationLevel": "고졸"
    }
  },
  "multisessionInfo": {
    "multisessionID": "4-00119"
  },
  "personaInfo": {
    "clInfo": {
      "personaID": "01247",
      "personaFeatures": [
        "나는 남자이다.",
        "나는 20대이다.",
        "나의 거주지는 경상도이다.",
        "나는 일식을 싫어한다.",
        "나는 달리기를 싫어한다."
      ],
      "speakerType": "speaker1"
    },
    "cpInfo": {
      "personaID": "02268",
      "personaFeatures": [
        "나는 남자이다.",
        "나는 30대이다.",
        "나의 거주지는 경기도이다.",
        "나는 야구를 좋아한다.",
        "나는 몰티즈 세 마리를 키운다."
      ],
      "speakerType": "speaker2"
    }
  },
  "topicInfo": {
    "topicID": "05-02",
    "topicType": "일과 직업>군대",
    "topicTitle": "복무 기간"
  },
  "sessionInfo": [
    {
      "prevSessionID": null,
      "prevTimeInfo": {
        "timeNum": null,
        "timeUnit": null
      },
      "nthSession": "1",
      "numberOfUtterances": "16",
      "numberOfTurns": "8",
      "sessionID": "4-00119-1",
      "dialog": [
        {
          "speaker": "speaker1",
          "personaID": "01247",
          "participantID": "25074",
          "utterance": "안녕하세요 저는 경상도에 사는 20대 남자입니다.",
          "summary": "나는 경상도에 산다. 나는 20대 남자이다.",
          "date": "2022-09-13",
          "time": "11:28:39",
          "terminate": "false"
        },
        {
          "speaker": "speaker2",
          "personaID": "02268",
          "participantID": "25018",
          "utterance": "안녕하세요 저는 경기도에 사는 30대 남자입니다.",
          "summary": "나는 경기도에 산다. 나는 30대 남자이다.",
          "date": "2022-09-13",
          "time": "11:28:39",
          "terminate": "false"
        },
        {
          "speaker": "speaker1",
          "personaID": "01247",
          "participantID": "25074",
          "utterance": "오늘 주말인데 뭐하시나요?",
          "summary": "",
          "date": "2022-09-13",
          "time": "11:28:39",
          "terminate": "false"
        },
        {
          "speaker": "speaker2",
          "personaID": "02268",
          "participantID": "25018",
          "utterance": "집에서 야구보며 뒹굴뒹굴 하고있습니다 ㅎㅎ 선생님은요?",
          "summary": "",
          "date": "2022-09-13",
          "time": "11:28:39",
          "terminate": "false"
        },
        {
          "speaker": "speaker1",
          "personaID": "01247",
          "participantID": "25074",
          "utterance": "아 저는 오늘 저녁에만 약속이 있어서 그 외에는 없습니당! 지금 야구시즌이죠?",
          "summary": "",
          "date": "2022-09-13",
          "time": "11:28:39",
          "terminate": "false"
        },
        {
          "speaker": "speaker2",
          "personaID": "02268",
          "participantID": "25018",
          "utterance": "네 그런거 같아요. 저도 야구 룰을 알게되면서 야구가 좋구 재밌더라구요!",
          "summary": "나는 야구를 좋아한다.",
          "date": "2022-09-13",
          "time": "11:29:23",
          "terminate": "false"
        },
        {
          "speaker": "speaker1",
          "personaID": "01247",
          "participantID": "25074",
          "utterance": "혹시 무슨 팀 응원하는지 물어봐도 될까요???",
          "summary": "",
          "date": "2022-09-13",
          "time": "11:29:42",
          "terminate": "false"
        },
        {
          "speaker": "speaker2",
          "personaID": "02268",
          "participantID": "25018",
          "utterance": "저는 고향이 부산이라 사실 @브랜드명1@팀을 응원하고있습니다~~ㅎㅎ.",
          "summary": "",
          "date": "2022-09-13",
          "time": "11:30:19",
          "terminate": "false"
        },
        {
          "speaker": "speaker1",
          "personaID": "01247",
          "participantID": "25074",
          "utterance": "오 그렇군요~ @브랜드명1@ 팀에 유명한 선수 누구 있어요??",
          "summary": "",
          "date": "2022-09-13",
          "time": "11:30:37",
          "terminate": "false"
        },
        {
          "speaker": "speaker2",
          "personaID": "02268",
          "participantID": "25018",
          "utterance": "유명한 @이름1@ 선수가 있습니다 ㅎㅎ.",
          "summary": "",
          "date": "2022-09-13",
          "time": "11:31:15",
          "terminate": "false"
        },
        {
          "speaker": "speaker1",
          "personaID": "01247",
          "participantID": "25074",
          "utterance": "아 야구선수 진짜 대단하신거 같아요.. 실제 야구도 좋아하시나요??",
          "summary": "",
          "date": "2022-09-13",
          "time": "11:31:56",
          "terminate": "false"
        },
        {
          "speaker": "speaker2",
          "personaID": "02268",
          "participantID": "25018",
          "utterance": "실제로는 안해봤지만 야구장 구경 가고싶네요~",
          "summary": "",
          "date": "2022-09-13",
          "time": "11:32:34",
          "terminate": "false"
        },
        {
          "speaker": "speaker1",
          "personaID": "01247",
          "participantID": "25074",
          "utterance": "야구 말고 다른 운동도 좋아하세요??",
          "summary": "",
          "date": "2022-09-13",
          "time": "11:33:01",
          "terminate": "false"
        },
        {
          "speaker": "speaker2",
          "personaID": "02268",
          "participantID": "25018",
          "utterance": "네~~ 왠만한 운동들은 다 좋아해요~ 탁구나 배드민턴두요.",
          "summary": "나는 운동을 좋아한다.",
          "date": "2022-09-13",
          "time": "11:34:34",
          "terminate": "false"
        },
        {
          "speaker": "speaker1",
          "personaID": "01247",
          "participantID": "25074",
          "utterance": "아 저녁에 만나는 친구녀석한테 전화가 오네요 통화 좀 하고 올게요!",
          "summary": "",
          "date": "2022-09-13",
          "time": "11:35:02",
          "terminate": "false"
        },
        {
          "speaker": "speaker2",
          "personaID": "02268",
          "participantID": "25018",
          "utterance": "네 네 다녀오세요~~!",
          "summary": "",
          "date": "2022-09-13",
          "time": "11:35:14",
          "terminate": "true"
        }
      ],
      "sessionPersonaSummary": {
        "speaker1": [
          "나는 경상도에 산다. 나는 20대 남자이다."
        ],
        "speaker2": [
          "나는 경기도에 산다. 나는 30대 남자이다.",
          "나는 야구를 좋아한다.",
          "나는 운동을 좋아한다."
        ]
      },
      "prevAggregatedpersonaSummary": {
        "speaker1": [],
        "speaker2": []
      }
    },
    {
      "prevSessionID": "4-00119-1",
      "prevTimeInfo": {
        "timeNum": "1",
        "timeUnit": "시간"
      },
      "nthSession": "2",
      "numberOfUtterances": "16",
      "numberOfTurns": "8",
      "sessionID": "4-00119-2",
      "dialog": [
        {
          "speaker": "speaker1",
          "personaID": "01247",
          "participantID": "25074",
          "utterance": "통화가 길어졌어요! 저녁 메뉴 정하느라요 ㅎㅎ.",
          "summary": "",
          "date": "2022-09-13",
          "time": "11:35:39",
          "terminate": "false"
        },
        {
          "speaker": "speaker2",
          "personaID": "02268",
          "participantID": "25018",
          "utterance": "오늘 저녁 메뉴는 뭔가요?! ㅎㅎ.",
          "summary": "",
          "date": "2022-09-13",
          "time": "11:35:57",
          "terminate": "false"
        },
        {
          "speaker": "speaker1",
          "personaID": "01247",
          "participantID": "25074",
          "utterance": "제가 일식을 싫어하는데 자꾸 일식 먹자 그래서 중식으로 바꿨어요! 지금도 야구 보세요?",
          "summary": "나는 일식을 싫어한다.",
          "date": "2022-09-13",
          "time": "11:36:33",
          "terminate": "false"
        },
        {
          "speaker": "speaker2",
          "personaID": "02268",
          "participantID": "25018",
          "utterance": "중식 좋죠~~ 지금은 스트레칭 중입니다~~ 산책이라도 다녀올까봐요~답답해서.",
          "summary": "",
          "date": "2022-09-13",
          "time": "11:37:12",
          "terminate": "false"
        },
        {
          "speaker": "speaker1",
          "personaID": "01247",
          "participantID": "25074",
          "utterance": "집 근처에 산책하실만한 곳이 있나보네요??",
          "summary": "",
          "date": "2022-09-13",
          "time": "11:37:31",
          "terminate": "false"
        },
        {
          "speaker": "speaker2",
          "personaID": "02268",
          "participantID": "25018",
          "utterance": "네네 야간에도 다니기 좋은 작은 공원이 잘 되어있어요 ㅎㅎ.",
          "summary": "",
          "date": "2022-09-13",
          "time": "11:38:07",
          "terminate": "false"
        },
        {
          "speaker": "speaker1",
          "personaID": "01247",
          "participantID": "25074",
          "utterance": "오 밤에 혼자 다니면 좀 위험하지 않나요??",
          "summary": "",
          "date": "2022-09-13",
          "time": "11:38:59",
          "terminate": "false"
        },
        {
          "speaker": "speaker2",
          "personaID": "02268",
          "participantID": "25018",
          "utterance": "늦은 밤은 살짝 무섭긴해요. 근데 저를 지켜줄 귀여운 녀석들이 있습니다~~",
          "summary": "",
          "date": "2022-09-13",
          "time": "11:39:27",
          "terminate": "false"
        },
        {
          "speaker": "speaker1",
          "personaID": "01247",
          "participantID": "25074",
          "utterance": "귀여운 녀석이요??? 누구죠?? 궁금한데요~",
          "summary": "",
          "date": "2022-09-13",
          "time": "11:39:43",
          "terminate": "false"
        },
        {
          "speaker": "speaker2",
          "personaID": "02268",
          "participantID": "25018",
          "utterance": "사실 제가 말티즈 3마리를 키우고있어요 ㅎㅎ 강아지 집사입니다~~",
          "summary": "나는 몰티즈 세 마리를 키운다.",
          "date": "2022-09-13",
          "time": "11:40:07",
          "terminate": "false"
        },
        {
          "speaker": "speaker1",
          "personaID": "01247",
          "participantID": "25074",
          "utterance": "오 대박 강아지랑 뛰어놀기 진짜 좋겠어요!! 3마리 안힘드세요??",
          "summary": "",
          "date": "2022-09-13",
          "time": "11:40:25",
          "terminate": "false"
        },
        {
          "speaker": "speaker2",
          "personaID": "02268",
          "participantID": "25018",
          "utterance": "리드줄이 꼬여서 계속 푸느라 바쁘긴 하지만 뛰어노는 @이름2@ 보면 너무 좋아요~",
          "summary": "",
          "date": "2022-09-13",
          "time": "11:40:56",
          "terminate": "false"
        },
        {
          "speaker": "speaker1",
          "personaID": "01247",
          "participantID": "25074",
          "utterance": "와! 그럼 같이 뛰시는거에요? 달리기를 못하고 싫어하는 저는 강아지 집사로 0점이네요..",
          "summary": "나는 달리기를 싫어한다.",
          "date": "2022-09-13",
          "time": "11:41:56",
          "terminate": "false"
        },
        {
          "speaker": "speaker2",
          "personaID": "02268",
          "participantID": "25018",
          "utterance": "아니에요~~ 천천히 걸으며 산책해도 @이름2@은 좋아하는걸요 ~~",
          "summary": "",
          "date": "2022-09-13",
          "time": "11:42:25",
          "terminate": "false"
        },
        {
          "speaker": "speaker1",
          "personaID": "01247",
          "participantID": "25074",
          "utterance": "우와~강아지>< 산책은 이제 나가시는건가요??",
          "summary": "",
          "date": "2022-09-13",
          "time": "11:42:44",
          "terminate": "false"
        },
        {
          "speaker": "speaker2",
          "personaID": "02268",
          "participantID": "25018",
          "utterance": "네 산책 다녀와야겠어요~~~ 저녁 맛있게 드세요^^",
          "summary": "",
          "date": "2022-09-13",
          "time": "11:43:14",
          "terminate": "true"
        }
      ],
      "sessionPersonaSummary": {
        "speaker1": [
          "나는 일식을 싫어한다.",
          "나는 달리기를 싫어한다."
        ],
        "speaker2": [
          "나는 몰티즈 세 마리를 키운다."
        ]
      },
      "prevAggregatedpersonaSummary": {
        "speaker1": [
          "나는 경상도에 산다. 나는 20대 남자이다."
        ],
        "speaker2": [
          "나는 경기도에 산다. 나는 30대 남자이다.",
          "나는 야구를 좋아한다.",
          "나는 운동을 좋아한다."
        ]
      }
    },
    {
      "prevSessionID": "4-00119-2",
      "prevTimeInfo": {
        "timeNum": "1",
        "timeUnit": "일"
      },
      "nthSession": "3",
      "numberOfUtterances": "16",
      "numberOfTurns": "8",
      "sessionID": "4-00119-3",
      "dialog": [
        {
          "speaker": "speaker1",
          "personaID": "01247",
          "participantID": "25074",
          "utterance": "어제 산책은 잘 하셨어요??",
          "summary": "",
          "date": "2022-09-13",
          "time": "11:43:31",
          "terminate": "false"
        },
        {
          "speaker": "speaker2",
          "personaID": "02268",
          "participantID": "25018",
          "utterance": "네 어제 산책하고 3마리 다 목욕시키고 자느라 기절했네요~~ㅠㅠ.",
          "summary": "나는 강아지 목욕을 했다.",
          "date": "2022-09-13",
          "time": "11:43:55",
          "terminate": "false"
        },
        {
          "speaker": "speaker1",
          "personaID": "01247",
          "participantID": "25074",
          "utterance": "우와 진짜 대단하세요! 저희 집은 지금 거의 초상집이네요...",
          "summary": "",
          "date": "2022-09-13",
          "time": "11:44:13",
          "terminate": "false"
        },
        {
          "speaker": "speaker2",
          "personaID": "02268",
          "participantID": "25018",
          "utterance": "헉...무슨일 있으신가요?!",
          "summary": "",
          "date": "2022-09-13",
          "time": "11:44:30",
          "terminate": "false"
        },
        {
          "speaker": "speaker1",
          "personaID": "01247",
          "participantID": "25074",
          "utterance": "동생이 군대 통지서가 나와서요.. 어디 다녀오셨어요? 저는 육군이요!",
          "summary": "",
          "date": "2022-09-13",
          "time": "11:45:04",
          "terminate": "false"
        },
        {
          "speaker": "speaker2",
          "personaID": "02268",
          "participantID": "25018",
          "utterance": "네 저도 육군입니다~~~ 아이고... 동생분 당황하셨겠는데..?",
          "summary": "",
          "date": "2022-09-13",
          "time": "11:45:28",
          "terminate": "false"
        },
        {
          "speaker": "speaker1",
          "personaID": "01247",
          "participantID": "25074",
          "utterance": "아 근데 요즘 군복무 기간도 짧아지고 월급도 올라서 부러운대요~",
          "summary": "",
          "date": "2022-09-13",
          "time": "11:46:12",
          "terminate": "false"
        },
        {
          "speaker": "speaker2",
          "personaID": "02268",
          "participantID": "25018",
          "utterance": "맞습니다~~요즘은 부대내에서 휴대전화 사용도 가능하다고 하더라구요~~",
          "summary": "",
          "date": "2022-09-13",
          "time": "11:47:05",
          "terminate": "false"
        },
        {
          "speaker": "speaker1",
          "personaID": "01247",
          "participantID": "25074",
          "utterance": "예전에 군복무 하셨으면 36개월 복무 하셨나요??",
          "summary": "",
          "date": "2022-09-13",
          "time": "11:47:45",
          "terminate": "false"
        },
        {
          "speaker": "speaker2",
          "personaID": "02268",
          "participantID": "25018",
          "utterance": "아...그정도 나이는 아닙니다...ㅎㅎ 제가 아마 2년 안되게 복무했을거에요~~~",
          "summary": "",
          "date": "2022-09-13",
          "time": "11:48:19",
          "terminate": "false"
        },
        {
          "speaker": "speaker1",
          "personaID": "01247",
          "participantID": "25074",
          "utterance": "아 죄송합니다ㅋㅋ 요즘은 18개월이더라구요! px이용 하셨었죠?",
          "summary": "",
          "date": "2022-09-13",
          "time": "11:49:07",
          "terminate": "false"
        },
        {
          "speaker": "speaker2",
          "personaID": "02268",
          "participantID": "25018",
          "utterance": "맞습니다~ PX는 사랑 그 자체였죠~~ 어느지역쪽에 계셨어요?",
          "summary": "",
          "date": "2022-09-13",
          "time": "11:49:43",
          "terminate": "false"
        },
        {
          "speaker": "speaker1",
          "personaID": "01247",
          "participantID": "25074",
          "utterance": "저는 경기도 연천에 있었습니다. 어디서 복무 하셨나요??",
          "summary": "",
          "date": "2022-09-13",
          "time": "11:50:02",
          "terminate": "false"
        },
        {
          "speaker": "speaker2",
          "personaID": "02268",
          "participantID": "25018",
          "utterance": "저는 경기도 포천에 있었습니다~~연천이면 겨울에 엄청 추워서 고생하셨겠어요 ㅠㅠ.",
          "summary": "",
          "date": "2022-09-13",
          "time": "11:50:41",
          "terminate": "false"
        },
        {
          "speaker": "speaker1",
          "personaID": "01247",
          "participantID": "25074",
          "utterance": "네.. 진짜 최전방이라... 어머니 좀 위로 해드리고 오겠습니다!!",
          "summary": "",
          "date": "2022-09-13",
          "time": "11:51:00",
          "terminate": "false"
        },
        {
          "speaker": "speaker2",
          "personaID": "02268",
          "participantID": "25018",
          "utterance": "많이 놀라셨을거에요~ 위로 해 드리고 오셔요!!",
          "summary": "",
          "date": "2022-09-13",
          "time": "11:51:15",
          "terminate": "true"
        }
      ],
      "sessionPersonaSummary": {
        "speaker1": [],
        "speaker2": [
          "나는 강아지 목욕을 했다."
        ]
      },
      "prevAggregatedpersonaSummary": {
        "speaker1": [
          "나는 경상도에 산다. 나는 20대 남자이다.",
          "나는 일식을 싫어한다.",
          "나는 달리기를 싫어한다."
        ],
        "speaker2": [
          "나는 경기도에 산다. 나는 30대 남자이다.",
          "나는 야구를 좋아한다.",
          "나는 운동을 좋아한다.",
          "나는 몰티즈 세 마리를 키운다."
        ]
      }
    },
    {
      "prevSessionID": "4-00119-3",
      "prevTimeInfo": {
        "timeNum": "1",
        "timeUnit": "시간"
      },
      "nthSession": "4",
      "numberOfUtterances": "16",
      "numberOfTurns": "8",
      "sessionID": "4-00119-4",
      "dialog": [
        {
          "speaker": "speaker1",
          "personaID": "01247",
          "participantID": "25074",
          "utterance": "어머니 위로 좀 해드렸습니다!! 지금 생각하면 군시절 시간 빨리 가지 않았나요?",
          "summary": "",
          "date": "2022-09-13",
          "time": "11:52:20",
          "terminate": "false"
        },
        {
          "speaker": "speaker2",
          "personaID": "02268",
          "participantID": "25018",
          "utterance": "맞아요 빠르기도했고, 사실 그때가 편했던거 같아요 ㅠㅠ 돌아가고싶기도 해요~~",
          "summary": "",
          "date": "2022-09-13",
          "time": "11:52:37",
          "terminate": "false"
        },
        {
          "speaker": "speaker1",
          "personaID": "01247",
          "participantID": "25074",
          "utterance": "좀 안쓰럽기도 하네요..이제 대학교 입학한 동생이라.. 몇 살때 가셨어요?",
          "summary": "",
          "date": "2022-09-13",
          "time": "11:53:47",
          "terminate": "false"
        },
        {
          "speaker": "speaker2",
          "personaID": "02268",
          "participantID": "25018",
          "utterance": "저는 20살에 바로 갔었어요 ㅠㅠ 조금 늦게갈걸 그랬어요... 선생님은요?",
          "summary": "",
          "date": "2022-09-13",
          "time": "11:54:10",
          "terminate": "false"
        },
        {
          "speaker": "speaker1",
          "personaID": "01247",
          "participantID": "25074",
          "utterance": "저는 26살에 갔어요.. 좀 빨리 갈걸 그랬어요! 근데 정말 빨리 가셨네요??",
          "summary": "",
          "date": "2022-09-13",
          "time": "11:54:52",
          "terminate": "false"
        },
        {
          "speaker": "speaker2",
          "personaID": "02268",
          "participantID": "25018",
          "utterance": "맞아요. 다녀오니 이미 대학교에선 아재가 되가지고...ㅋㅋㅋ.",
          "summary": "",
          "date": "2022-09-13",
          "time": "11:55:18",
          "terminate": "false"
        },
        {
          "speaker": "speaker1",
          "personaID": "01247",
          "participantID": "25074",
          "utterance": "아 맞네요 하하 저는 대학교 공부 마치고 가느라.. 늦게 가서 고생했습니다.",
          "summary": "",
          "date": "2022-09-13",
          "time": "11:55:38",
          "terminate": "false"
        },
        {
          "speaker": "speaker2",
          "personaID": "02268",
          "participantID": "25018",
          "utterance": "역시 다들 서로만의 후회가 있네요...ㅋㅋ 혹시 여자친구 있으신가요?",
          "summary": "",
          "date": "2022-09-13",
          "time": "11:56:06",
          "terminate": "false"
        },
        {
          "speaker": "speaker1",
          "personaID": "01247",
          "participantID": "25074",
          "utterance": "아 저는 결혼을 빨리 했습니다!! 여자친구 있으신가요?",
          "summary": "나는 결혼을 했다.",
          "date": "2022-09-13",
          "time": "11:56:27",
          "terminate": "false"
        },
        {
          "speaker": "speaker2",
          "personaID": "02268",
          "participantID": "25018",
          "utterance": "축하드립니다!! 저는 군대에서 만난 여자친구가 있었는데 2달 전에 헤어졌네요 ㅠㅠ.",
          "summary": "나는 2달 전에 여자 친구와 헤어졌다.",
          "date": "2022-09-13",
          "time": "11:56:55",
          "terminate": "false"
        },
        {
          "speaker": "speaker1",
          "personaID": "01247",
          "participantID": "25074",
          "utterance": "앗... 왜 헤어지셨어요??",
          "summary": "",
          "date": "2022-09-13",
          "time": "11:57:23",
          "terminate": "false"
        },
        {
          "speaker": "speaker2",
          "personaID": "02268",
          "participantID": "25018",
          "utterance": "너무 고마운 여자친구였는데... 사실 군인때부터 오래 만나다보니 부담이 너무 크더라구요 ㅠㅠ.",
          "summary": "",
          "date": "2022-09-13",
          "time": "11:58:10",
          "terminate": "false"
        },
        {
          "speaker": "speaker1",
          "personaID": "01247",
          "participantID": "25074",
          "utterance": "아 그래도 군대 기다려준거 아니에요?? 아 슬프네요...",
          "summary": "",
          "date": "2022-09-13",
          "time": "11:58:38",
          "terminate": "false"
        },
        {
          "speaker": "speaker2",
          "personaID": "02268",
          "participantID": "25018",
          "utterance": "그렇죠... 미안한 마음이 너무 큽니다... 술이 갑자기 땡기네요...ㅋㅋ.",
          "summary": "",
          "date": "2022-09-13",
          "time": "11:59:02",
          "terminate": "false"
        },
        {
          "speaker": "speaker1",
          "personaID": "01247",
          "participantID": "25074",
          "utterance": "뭐라고 위로를 해드려야할지.. 저희 집도 가족 외식 하러 나가야할 것 같네요!",
          "summary": "",
          "date": "2022-09-13",
          "time": "11:59:28",
          "terminate": "false"
        },
        {
          "speaker": "speaker2",
          "personaID": "02268",
          "participantID": "25018",
          "utterance": "넵넵 맛있게 드세요~ 저도 술 한잔 해야겠네요 ㅎㅎㅎ.",
          "summary": "",
          "date": "2022-09-13",
          "time": "12:00:00",
          "terminate": "true"
        }
      ],
      "sessionPersonaSummary": {
        "speaker1": [
          "나는 결혼을 했다."
        ],
        "speaker2": [
          "나는 2달 전에 여자 친구와 헤어졌다."
        ]
      },
      "prevAggregatedpersonaSummary": {
        "speaker1": [
          "나는 경상도에 산다. 나는 20대 남자이다.",
          "나는 일식을 싫어한다.",
          "나는 달리기를 싫어한다."
        ],
        "speaker2": [
          "나는 경기도에 산다. 나는 30대 남자이다.",
          "나는 야구를 좋아한다.",
          "나는 운동을 좋아한다.",
          "나는 몰티즈 세 마리를 키운다.",
          "나는 강아지 목욕을 했다."
        ]
      }
    }
  ]
}