{
  "FileInfo": {
    "filename": "K4-00523-CL21807-CP21074-12-13-S4.json",
    "sessionLevel": "4"
  },
  "participantsInfo": {
    "numberOfParticipants": "2",
    "speaker1": {
      "participantID": "0891",
      "gender": "여성",
      "age": "20대",
      "occupation": "사무직",
      "bPlace": "부산/대구/울산/경상",
      "gPlace": "부산/대구/울산/경상",
      "rPlace": "부산/대구/울산/경상",
      "educationLevel": "대졸"
    },
    "speaker2": {
      "participantID": "0957",
      "gender": "남성",
      "age": "20대",
      "occupation": "무직",
      "bPlace": "서울/경기/인천",
      "gPlace": "서울/경기/인천",
      "rPlace": "서울/경기/인천",
      "educationLevel": "고졸"
    }
  },
  "multisessionInfo": {
    "multisessionID": "4-00523"
  },
  "personaInfo": {
    "clInfo": {
      "personaID": "21807",
      "personaFeatures": [
        "나는 여자이다.",
        "나는 20대이다.",
        "나는 사자에 관심이 없다.",
        "나는 백화점에 가는 것을 싫어한다.",
        "나는 재즈 음악을 좋아한다."
      ],
      "speakerType": "speaker1"
    },
    "cpInfo": {
      "personaID": "21074",
      "personaFeatures": [
        "나는 남자이다.",
        "나는 20대이다.",
        "나는 요즘, 매일 걱정스럽다.",
        "나는 보석 감정사이다.",
        "나는 바람 부는 날을 좋아한다."
      ],
      "speakerType": "speaker2"
    }
  },
  "topicInfo": {
    "topicID": "12-13",
    "topicType": "여가와 오락>여행",
    "topicTitle": "놀이공원"
  },
  "sessionInfo": [
    {
      "prevSessionID": null,
      "prevTimeInfo": {
        "timeNum": null,
        "timeUnit": null
      },
      "nthSession": "1",
      "numberOfUtterances": "20",
      "numberOfTurns": "10",
      "sessionID": "4-00523-1",
      "dialog": [
        {
          "speaker": "speaker1",
          "personaID": "21807",
          "participantID": "0891",
          "utterance": "안녕하세요~ 저는 20대 여자입니다.",
          "summary": "나는 20대 여자이다.",
          "date": "2022-11-01",
          "time": "23:20:57",
          "terminate": "false"
        },
        {
          "speaker": "speaker2",
          "personaID": "21074",
          "participantID": "0957",
          "utterance": "네 안녕하세요~ 저는 20대 남자입니다.",
          "summary": "나는 20대 남자이다.",
          "date": "2022-11-01",
          "time": "23:21:03",
          "terminate": "false"
        },
        {
          "speaker": "speaker1",
          "personaID": "21807",
          "participantID": "0891",
          "utterance": "네 반가워요~ 20대이시면 학생인가요 직장인이신가요?",
          "summary": "",
          "date": "2022-11-01",
          "time": "23:21:46",
          "terminate": "false"
        },
        {
          "speaker": "speaker2",
          "personaID": "21074",
          "participantID": "0957",
          "utterance": "아 저는 지금 보석감정사로 일하고 있는 직장인이에요~",
          "summary": "나는 보석감정사이다.",
          "date": "2022-11-01",
          "time": "23:21:53",
          "terminate": "false"
        },
        {
          "speaker": "speaker1",
          "personaID": "21807",
          "participantID": "0891",
          "utterance": "아 그러시군요! 20대에 벌써 보석감정사라니 대단하시네요~",
          "summary": "",
          "date": "2022-11-01",
          "time": "23:22:09",
          "terminate": "false"
        },
        {
          "speaker": "speaker2",
          "personaID": "21074",
          "participantID": "0957",
          "utterance": "에이 아니에요.ㅎㅎ 그냥 운이 따라줬을 뿐이죠~",
          "summary": "",
          "date": "2022-11-01",
          "time": "23:22:54",
          "terminate": "false"
        },
        {
          "speaker": "speaker1",
          "personaID": "21807",
          "participantID": "0891",
          "utterance": "그런가요?ㅎㅎ 그래도 그 나이에 감정사면 걱정되는것두 없겠어요~",
          "summary": "",
          "date": "2022-11-01",
          "time": "23:23:15",
          "terminate": "false"
        },
        {
          "speaker": "speaker2",
          "personaID": "21074",
          "participantID": "0957",
          "utterance": "에이 아니에요. 안그래도 요즘 매일이 걱정스러운걸요.ㅠ.",
          "summary": "나는 요즘 매일 걱정스럽다.",
          "date": "2022-11-01",
          "time": "23:23:46",
          "terminate": "false"
        },
        {
          "speaker": "speaker1",
          "personaID": "21807",
          "participantID": "0891",
          "utterance": "앗 왜요?ㅠㅠ 걱정하실거리가 많으신건가요?",
          "summary": "",
          "date": "2022-11-01",
          "time": "23:23:57",
          "terminate": "false"
        },
        {
          "speaker": "speaker2",
          "personaID": "21074",
          "participantID": "0957",
          "utterance": "네, 아무래도 그렇죠.ㅠㅠ 제가 보석감정사도 하면서 귀금속가게도 하거든요.",
          "summary": "나는 보석감정사와 귀금속 가게를 같이 한다.",
          "date": "2022-11-01",
          "time": "23:24:52",
          "terminate": "false"
        },
        {
          "speaker": "speaker1",
          "personaID": "21807",
          "participantID": "0891",
          "utterance": "아 그러시군요~그럼 되게 성공하신것 같은데요?",
          "summary": "",
          "date": "2022-11-01",
          "time": "23:25:09",
          "terminate": "false"
        },
        {
          "speaker": "speaker2",
          "personaID": "21074",
          "participantID": "0957",
          "utterance": "에이 아니에요. ㅠ 요즘 사람들이 다들 백화점을 가는지 안오거든요.",
          "summary": "",
          "date": "2022-11-01",
          "time": "23:25:18",
          "terminate": "false"
        },
        {
          "speaker": "speaker1",
          "personaID": "21807",
          "participantID": "0891",
          "utterance": "헉.. 정말요?ㅠ 요즘 사람들이 백화점에 많이 몰려요?",
          "summary": "",
          "date": "2022-11-01",
          "time": "23:25:35",
          "terminate": "false"
        },
        {
          "speaker": "speaker2",
          "personaID": "21074",
          "participantID": "0957",
          "utterance": "네..ㅠㅠ 요즘 백화점이 너무 잘 되어있잖아요. 브랜드도 많구요.",
          "summary": "",
          "date": "2022-11-01",
          "time": "23:25:50",
          "terminate": "false"
        },
        {
          "speaker": "speaker1",
          "personaID": "21807",
          "participantID": "0891",
          "utterance": "헉.. 그렇군요. 저는 백화점가는거 싫어해서 안가거든요.몰랐네요.ㅠ.",
          "summary": "나는 백화점에 가는 것을 싫어한다.",
          "date": "2022-11-01",
          "time": "23:26:07",
          "terminate": "false"
        },
        {
          "speaker": "speaker2",
          "personaID": "21074",
          "participantID": "0957",
          "utterance": "아 그러세요? 백화점가는거 왜 싫어하세요?",
          "summary": "",
          "date": "2022-11-01",
          "time": "23:26:31",
          "terminate": "false"
        },
        {
          "speaker": "speaker1",
          "personaID": "21807",
          "participantID": "0891",
          "utterance": "백화점 너무 비싸고 어지러워서 저랑 잘 안맞더라구요.ㅠ.",
          "summary": "나는 백화점이랑 잘 안 맞다.",
          "date": "2022-11-01",
          "time": "23:26:48",
          "terminate": "false"
        },
        {
          "speaker": "speaker2",
          "personaID": "21074",
          "participantID": "0957",
          "utterance": "앗 그러시군요.ㅠ 소상공인 가게 많이 이용해주세요..ㅠㅠ.",
          "summary": "",
          "date": "2022-11-01",
          "time": "23:27:06",
          "terminate": "false"
        },
        {
          "speaker": "speaker1",
          "personaID": "21807",
          "participantID": "0891",
          "utterance": "네 그래야겠네요..ㅠ 저는 이만 약속이 있어서 이따 연락드릴게요!",
          "summary": "",
          "date": "2022-11-01",
          "time": "23:27:33",
          "terminate": "false"
        },
        {
          "speaker": "speaker2",
          "personaID": "21074",
          "participantID": "0957",
          "utterance": "네 그럼 약속 잘 갔다오시고 이따 연락해요~",
          "summary": "",
          "date": "2022-11-01",
          "time": "23:27:40",
          "terminate": "true"
        }
      ],
      "sessionPersonaSummary": {
        "speaker1": [
          "나는 20대 여자이다.",
          "나는 백화점에 가는 것을 싫어한다.",
          "나는 백화점이랑 잘 안 맞다."
        ],
        "speaker2": [
          "나는 20대 남자이다.",
          "나는 보석감정사이다.",
          "나는 요즘 매일 걱정스럽다.",
          "나는 보석감정사와 귀금속 가게를 같이 한다."
        ]
      },
      "prevAggregatedpersonaSummary": {
        "speaker1": [],
        "speaker2": []
      }
    },
    {
      "prevSessionID": "4-00523-1",
      "prevTimeInfo": {
        "timeNum": "1",
        "timeUnit": "시간"
      },
      "nthSession": "2",
      "numberOfUtterances": "20",
      "numberOfTurns": "10",
      "sessionID": "4-00523-2",
      "dialog": [
        {
          "speaker": "speaker1",
          "personaID": "21807",
          "participantID": "0891",
          "utterance": "안녕하세요~약속갔다오니 벌써 한시간이나 지났네요.",
          "summary": "",
          "date": "2022-11-01",
          "time": "23:27:50",
          "terminate": "false"
        },
        {
          "speaker": "speaker2",
          "personaID": "21074",
          "participantID": "0957",
          "utterance": "그러게요~ 약속은 무슨 약속 갔다오신거에요?",
          "summary": "",
          "date": "2022-11-01",
          "time": "23:28:26",
          "terminate": "false"
        },
        {
          "speaker": "speaker1",
          "personaID": "21807",
          "participantID": "0891",
          "utterance": "아 저 친구랑 잠깐 만났어요~ 의논할게 있어서요.",
          "summary": "나는 친구와 의논할 게 있어서 보고 왔다.",
          "date": "2022-11-01",
          "time": "23:28:49",
          "terminate": "false"
        },
        {
          "speaker": "speaker2",
          "personaID": "21074",
          "participantID": "0957",
          "utterance": "아 정말요? 어떤걸 의논하신건가요?",
          "summary": "",
          "date": "2022-11-01",
          "time": "23:28:55",
          "terminate": "false"
        },
        {
          "speaker": "speaker1",
          "personaID": "21807",
          "participantID": "0891",
          "utterance": "이번에 여행을 갈지 놀이공원을 갈지 의논하고 왔어요.ㅎㅎ.",
          "summary": "나는 친구와 계획을 짜고 왔다.",
          "date": "2022-11-01",
          "time": "23:29:37",
          "terminate": "false"
        },
        {
          "speaker": "speaker2",
          "personaID": "21074",
          "participantID": "0957",
          "utterance": "아 그러셨군요~ 그래서 어디갈지 정하신건가요?",
          "summary": "",
          "date": "2022-11-01",
          "time": "23:29:46",
          "terminate": "false"
        },
        {
          "speaker": "speaker1",
          "personaID": "21807",
          "participantID": "0891",
          "utterance": "아뇨 아직이요.ㅠ 친구랑 저랑 의견이 팽팽하네요.ㅎㅎ.",
          "summary": "",
          "date": "2022-11-01",
          "time": "23:30:14",
          "terminate": "false"
        },
        {
          "speaker": "speaker2",
          "personaID": "21074",
          "participantID": "0957",
          "utterance": "앗 정말요? 각자 무슨 의견이신데요?",
          "summary": "",
          "date": "2022-11-01",
          "time": "23:30:25",
          "terminate": "false"
        },
        {
          "speaker": "speaker1",
          "personaID": "21807",
          "participantID": "0891",
          "utterance": "친구는 놀이공원 가자는 입장이에요.ㅠ.",
          "summary": "나의 친구는 놀이공원에 가고 싶어 한다.",
          "date": "2022-11-01",
          "time": "23:30:38",
          "terminate": "false"
        },
        {
          "speaker": "speaker2",
          "personaID": "21074",
          "participantID": "0957",
          "utterance": "헉 그러시군요. 근데 님은 놀이공원 가기 싫으신거에요?",
          "summary": "",
          "date": "2022-11-01",
          "time": "23:30:49",
          "terminate": "false"
        },
        {
          "speaker": "speaker1",
          "personaID": "21807",
          "participantID": "0891",
          "utterance": "네. 친구는 놀이공원가서 사자나 호랑이 이런거 보고싶은가봐요.",
          "summary": "",
          "date": "2022-11-01",
          "time": "23:31:15",
          "terminate": "false"
        },
        {
          "speaker": "speaker2",
          "personaID": "21074",
          "participantID": "0957",
          "utterance": "헉 그러시군요. @브랜드명1@ 가시려나봐요.",
          "summary": "",
          "date": "2022-11-01",
          "time": "23:31:25",
          "terminate": "false"
        },
        {
          "speaker": "speaker1",
          "personaID": "21807",
          "participantID": "0891",
          "utterance": "네. 근데 저는 사자나 호랑이 관심 없거든요.ㅠ.",
          "summary": "나는 사자에 관심이 없다.",
          "date": "2022-11-01",
          "time": "23:31:42",
          "terminate": "false"
        },
        {
          "speaker": "speaker2",
          "personaID": "21074",
          "participantID": "0957",
          "utterance": "아 그러면 별로 재미 없을수도 있겠네요.ㅠ.",
          "summary": "",
          "date": "2022-11-01",
          "time": "23:32:02",
          "terminate": "false"
        },
        {
          "speaker": "speaker1",
          "personaID": "21807",
          "participantID": "0891",
          "utterance": "네.. 그래서 저는 그냥 여행가자는 입장인거죠.",
          "summary": "",
          "date": "2022-11-01",
          "time": "23:32:12",
          "terminate": "false"
        },
        {
          "speaker": "speaker2",
          "personaID": "21074",
          "participantID": "0957",
          "utterance": "아~ 님은 여행가서 따로 하고 싶은게 있으신거에요?",
          "summary": "",
          "date": "2022-11-01",
          "time": "23:32:19",
          "terminate": "false"
        },
        {
          "speaker": "speaker1",
          "personaID": "21807",
          "participantID": "0891",
          "utterance": "네! 여행지에 재즈음악으로 유명한 바가 있다네요.제가 재즈음악을 좋아하거든요.",
          "summary": "나는 재즈음악을 좋아한다.",
          "date": "2022-11-01",
          "time": "23:32:49",
          "terminate": "false"
        },
        {
          "speaker": "speaker2",
          "personaID": "21074",
          "participantID": "0957",
          "utterance": "헉ㅎㅎ 그러시군요. 그럼 의견이 팽팽할만 하네요.",
          "summary": "",
          "date": "2022-11-01",
          "time": "23:34:30",
          "terminate": "false"
        },
        {
          "speaker": "speaker1",
          "personaID": "21807",
          "participantID": "0891",
          "utterance": "아무래도 그렇죠?ㅠ그럼 전 집 근처라 이따 연락드릴게요!",
          "summary": "",
          "date": "2022-11-01",
          "time": "23:34:53",
          "terminate": "false"
        },
        {
          "speaker": "speaker2",
          "personaID": "21074",
          "participantID": "0957",
          "utterance": "네 그럼 집 조심히 들어가시고 이따 연락주세요~",
          "summary": "",
          "date": "2022-11-01",
          "time": "23:34:59",
          "terminate": "true"
        }
      ],
      "sessionPersonaSummary": {
        "speaker1": [
          "나는 친구와 의논할 게 있어서 보고 왔다.",
          "나는 친구와 계획을 짜고 왔다.",
          "나의 친구는 놀이공원에 가고 싶어 한다.",
          "나는 사자에 관심이 없다.",
          "나는 재즈음악을 좋아한다."
        ],
        "speaker2": []
      },
      "prevAggregatedpersonaSummary": {
        "speaker1": [
          "나는 20대 여자이다.",
          "나는 백화점에 가는 것을 싫어한다.",
          "나는 백화점이랑 잘 안 맞다."
        ],
        "speaker2": [
          "나는 20대 남자이다.",
          "나는 보석감정사이다.",
          "나는 요즘 매일 걱정스럽다.",
          "나는 보석감정사와 귀금속 가게를 같이 한다."
        ]
      }
    },
    {
      "prevSessionID": "4-00523-2",
      "prevTimeInfo": {
        "timeNum": "2",
        "timeUnit": "시간"
      },
      "nthSession": "3",
      "numberOfUtterances": "20",
      "numberOfTurns": "10",
      "sessionID": "4-00523-3",
      "dialog": [
        {
          "speaker": "speaker1",
          "personaID": "21807",
          "participantID": "0891",
          "utterance": "안녕하세요~ 벌써 시간이 2시간이나 흘렀네요!",
          "summary": "",
          "date": "2022-11-01",
          "time": "23:35:24",
          "terminate": "false"
        },
        {
          "speaker": "speaker2",
          "personaID": "21074",
          "participantID": "0957",
          "utterance": "아 그러게요~ 집들어가시는데 2시간이나 걸리신거에요?",
          "summary": "",
          "date": "2022-11-01",
          "time": "23:35:33",
          "terminate": "false"
        },
        {
          "speaker": "speaker1",
          "personaID": "21807",
          "participantID": "0891",
          "utterance": "앗ㅎㅎ 아니요~ 들어가다가 날씨가 좋아서 좀 걸었어요~",
          "summary": "",
          "date": "2022-11-01",
          "time": "23:35:50",
          "terminate": "false"
        },
        {
          "speaker": "speaker2",
          "personaID": "21074",
          "participantID": "0957",
          "utterance": "아 그러셨군요~ 날씨가 좋긴 하더라구요.",
          "summary": "",
          "date": "2022-11-01",
          "time": "23:35:58",
          "terminate": "false"
        },
        {
          "speaker": "speaker1",
          "personaID": "21807",
          "participantID": "0891",
          "utterance": "맞아요~ 바람도 솔솔 불고 너무 좋던데요?",
          "summary": "",
          "date": "2022-11-01",
          "time": "23:36:05",
          "terminate": "false"
        },
        {
          "speaker": "speaker2",
          "personaID": "21074",
          "participantID": "0957",
          "utterance": "앗 님도 바람부는날을 좋아하시나보군요.ㅎㅎ.",
          "summary": "나는 오늘 날씨가 너무 좋다.",
          "date": "2022-11-01",
          "time": "23:36:13",
          "terminate": "false"
        },
        {
          "speaker": "speaker1",
          "personaID": "21807",
          "participantID": "0891",
          "utterance": "아 ㅎㅎ 뭐 그렇다고 봐야죠. 오늘 날씨 좋아하시나봐요.",
          "summary": "",
          "date": "2022-11-01",
          "time": "23:36:32",
          "terminate": "false"
        },
        {
          "speaker": "speaker2",
          "personaID": "21074",
          "participantID": "0957",
          "utterance": "네~ 제가 바람부는날을 좋아하거든요. 사실 더 쎄게 부는날 좋아해요.",
          "summary": "나는 바람 부는 날을 좋아한다.",
          "date": "2022-11-01",
          "time": "23:36:42",
          "terminate": "false"
        },
        {
          "speaker": "speaker1",
          "personaID": "21807",
          "participantID": "0891",
          "utterance": "그러시군요~ 그럼 바람이 강력하게 부는걸 좋아하시는거에요?",
          "summary": "",
          "date": "2022-11-01",
          "time": "23:37:01",
          "terminate": "false"
        },
        {
          "speaker": "speaker2",
          "personaID": "21074",
          "participantID": "0957",
          "utterance": "네~ 바람이 세면 셀수록 좋긴 하죠.ㅎㅎ.",
          "summary": "나는 센 바람을 좋아한다.",
          "date": "2022-11-01",
          "time": "23:37:07",
          "terminate": "false"
        },
        {
          "speaker": "speaker1",
          "personaID": "21807",
          "participantID": "0891",
          "utterance": "헉.. 그럼 태풍처럼 강력한 바람이여도 좋으신건가요?",
          "summary": "",
          "date": "2022-11-01",
          "time": "23:37:15",
          "terminate": "false"
        },
        {
          "speaker": "speaker2",
          "personaID": "21074",
          "participantID": "0957",
          "utterance": "네~ 아무래도 제가 로망이 있어서요.ㅠ.",
          "summary": "나는 바람에 대한 로망이 있다.",
          "date": "2022-11-01",
          "time": "23:37:26",
          "terminate": "false"
        },
        {
          "speaker": "speaker1",
          "personaID": "21807",
          "participantID": "0891",
          "utterance": "앗 어떤 로망이요? 바람이 엄청 부는 로망이요?",
          "summary": "",
          "date": "2022-11-01",
          "time": "23:37:37",
          "terminate": "false"
        },
        {
          "speaker": "speaker2",
          "personaID": "21074",
          "participantID": "0957",
          "utterance": "그 오즈의마법사처럼 집이 바람에 떴으면 좋겠어요.ㅠ.",
          "summary": "",
          "date": "2022-11-01",
          "time": "23:37:53",
          "terminate": "false"
        },
        {
          "speaker": "speaker1",
          "personaID": "21807",
          "participantID": "0891",
          "utterance": "헉.. 정말요? 근데 저도 보면서 재밌긴 하겠다 싶었어요.",
          "summary": "",
          "date": "2022-11-01",
          "time": "23:38:03",
          "terminate": "false"
        },
        {
          "speaker": "speaker2",
          "personaID": "21074",
          "participantID": "0957",
          "utterance": "그러셨군요.ㅎㅎ 저도 바람에 떠서 날아가는게 로망이에요.",
          "summary": "나는 집이 바람에 떠서 날아가는 게 로망이다.",
          "date": "2022-11-01",
          "time": "23:38:14",
          "terminate": "false"
        },
        {
          "speaker": "speaker1",
          "personaID": "21807",
          "participantID": "0891",
          "utterance": "헉..ㅎㅎ 그럼 바람에 뜨는 기구같은거 있지 않아요?",
          "summary": "",
          "date": "2022-11-01",
          "time": "23:38:27",
          "terminate": "false"
        },
        {
          "speaker": "speaker2",
          "personaID": "21074",
          "participantID": "0957",
          "utterance": "아 그렇긴 한데 그건 기구로 뜨는거라 별로 재미없을거같아요.ㅎㅎ.",
          "summary": "",
          "date": "2022-11-01",
          "time": "23:38:38",
          "terminate": "false"
        },
        {
          "speaker": "speaker1",
          "personaID": "21807",
          "participantID": "0891",
          "utterance": "헉.ㅎㅎ그렇군요. 암튼 전 이제 씻을준비 해야겠네요! 이따 연락할게요~",
          "summary": "",
          "date": "2022-11-01",
          "time": "23:38:57",
          "terminate": "false"
        },
        {
          "speaker": "speaker2",
          "personaID": "21074",
          "participantID": "0957",
          "utterance": "네 그럼 씻고 편하신 시간에 연락주세요~",
          "summary": "",
          "date": "2022-11-01",
          "time": "23:39:08",
          "terminate": "true"
        }
      ],
      "sessionPersonaSummary": {
        "speaker1": [],
        "speaker2": [
          "나는 오늘 날씨가 너무 좋다.",
          "나는 바람 부는 날을 좋아한다.",
          "나는 센 바람을 좋아한다.",
          "나는 바람에 대한 로망이 있다.",
          "나는 집이 바람에 떠서 날아가는 게 로망이다."
        ]
      },
      "prevAggregatedpersonaSummary": {
        "speaker1": [
          "나는 20대 여자이다.",
          "나는 백화점에 가는 것을 싫어한다.",
          "나는 백화점이랑 잘 안 맞다.",
          "나는 친구와 의논할 게 있어서 보고 왔다.",
          "나는 친구와 계획을 짜고 왔다.",
          "나의 친구는 놀이공원에 가고 싶어 한다.",
          "나는 사자에 관심이 없다.",
          "나는 재즈음악을 좋아한다."
        ],
        "speaker2": [
          "나는 20대 남자이다.",
          "나는 보석감정사이다.",
          "나는 요즘 매일 걱정스럽다.",
          "나는 보석감정사와 귀금속 가게를 같이 한다."
        ]
      }
    },
    {
      "prevSessionID": "4-00523-3",
      "prevTimeInfo": {
        "timeNum": "2",
        "timeUnit": "시간"
      },
      "nthSession": "4",
      "numberOfUtterances": "20",
      "numberOfTurns": "10",
      "sessionID": "4-00523-4",
      "dialog": [
        {
          "speaker": "speaker1",
          "personaID": "21807",
          "participantID": "0891",
          "utterance": "안녕하세요~ 씻고 이것저것 하다보니 벌써 2시간이나 지났네요.",
          "summary": "",
          "date": "2022-11-01",
          "time": "23:39:28",
          "terminate": "false"
        },
        {
          "speaker": "speaker2",
          "personaID": "21074",
          "participantID": "0957",
          "utterance": "그러게요~ 벌써 시간이 그렇게 지났네요!",
          "summary": "",
          "date": "2022-11-01",
          "time": "23:39:33",
          "terminate": "false"
        },
        {
          "speaker": "speaker1",
          "personaID": "21807",
          "participantID": "0891",
          "utterance": "네 맞아요~ 두시간동안 뭐하고 있으셨어요?",
          "summary": "",
          "date": "2022-11-01",
          "time": "23:39:44",
          "terminate": "false"
        },
        {
          "speaker": "speaker2",
          "personaID": "21074",
          "participantID": "0957",
          "utterance": "아 저는 그냥 보석사이트에서 보석들 보고 있었어요~",
          "summary": "",
          "date": "2022-11-01",
          "time": "23:39:57",
          "terminate": "false"
        },
        {
          "speaker": "speaker1",
          "personaID": "21807",
          "participantID": "0891",
          "utterance": "아 그러셨군요~ 괜히 20대에 보석감정사가 되신게 아니네요~",
          "summary": "",
          "date": "2022-11-01",
          "time": "23:40:07",
          "terminate": "false"
        },
        {
          "speaker": "speaker2",
          "personaID": "21074",
          "participantID": "0957",
          "utterance": "그렇긴하죠.ㅎㅎ 님은 뭐 하시고 있으셨나요?",
          "summary": "",
          "date": "2022-11-01",
          "time": "23:40:27",
          "terminate": "false"
        },
        {
          "speaker": "speaker1",
          "personaID": "21807",
          "participantID": "0891",
          "utterance": "아 저는 씻고 재즈음악을 듣고 있었어요~",
          "summary": "",
          "date": "2022-11-01",
          "time": "23:40:35",
          "terminate": "false"
        },
        {
          "speaker": "speaker2",
          "personaID": "21074",
          "participantID": "0957",
          "utterance": "헉 그러셨군요.ㅎㅎ 재즈음악 진짜 좋아하시나보네요~",
          "summary": "",
          "date": "2022-11-01",
          "time": "23:40:45",
          "terminate": "false"
        },
        {
          "speaker": "speaker1",
          "personaID": "21807",
          "participantID": "0891",
          "utterance": "네 당연하죠~ㅎㅎ 재즈음악 듣고있으면 되게 행복하지않아요?",
          "summary": "나는 재즈 음악을 듣고 있으면 행복하다.",
          "date": "2022-11-01",
          "time": "23:40:55",
          "terminate": "false"
        },
        {
          "speaker": "speaker2",
          "personaID": "21074",
          "participantID": "0957",
          "utterance": "아 그런분들이 있다고들 하시더라구요.ㅎㅎ 저는 잘 모르지만요.",
          "summary": "",
          "date": "2022-11-01",
          "time": "23:41:10",
          "terminate": "false"
        },
        {
          "speaker": "speaker1",
          "personaID": "21807",
          "participantID": "0891",
          "utterance": "흠..그렇군요.ㅎㅎ 암튼 전 재즈음악 들으면서 오즈의마법사를 읽고 있었어요.",
          "summary": "",
          "date": "2022-11-01",
          "time": "23:41:30",
          "terminate": "false"
        },
        {
          "speaker": "speaker2",
          "personaID": "21074",
          "participantID": "0957",
          "utterance": "앗 오즈의마법사요?ㅎㅎ 제가 제일 좋아하는 동화인데~ 왜요?",
          "summary": "나는 동화중에 오즈의 마법사를 제일 좋아한다.",
          "date": "2022-11-01",
          "time": "23:42:25",
          "terminate": "false"
        },
        {
          "speaker": "speaker1",
          "personaID": "21807",
          "participantID": "0891",
          "utterance": "아 그러신것 같았어요.ㅋㅋ 아니 아까 얘기 들어보니까 되게 흥미롭더라구요.",
          "summary": "나는 오즈의 마법사 얘기가 흥미로웠다.",
          "date": "2022-11-02",
          "time": "00:41:19",
          "terminate": "false"
        },
        {
          "speaker": "speaker2",
          "personaID": "21074",
          "participantID": "0957",
          "utterance": "아 그러셨어요? ㅋㅋ제 얘기가 흥미롭긴 했나봐요.",
          "summary": "",
          "date": "2022-11-02",
          "time": "00:42:24",
          "terminate": "false"
        },
        {
          "speaker": "speaker1",
          "personaID": "21807",
          "participantID": "0891",
          "utterance": "네 아무래도 그렇죠.ㅎㅎ 암튼 읽다보니 재밌긴 하네요.",
          "summary": "",
          "date": "2022-11-02",
          "time": "00:42:38",
          "terminate": "false"
        },
        {
          "speaker": "speaker2",
          "personaID": "21074",
          "participantID": "0957",
          "utterance": "그쵸.ㅎㅎ 그리고 제가 왜 바람좋아하는지도 알겠죠?",
          "summary": "",
          "date": "2022-11-02",
          "time": "00:42:52",
          "terminate": "false"
        },
        {
          "speaker": "speaker1",
          "personaID": "21807",
          "participantID": "0891",
          "utterance": "네 대충 알것 같더라구요.ㅎㅎ 저는 열기구 타보고싶던데요~",
          "summary": "나는 열기구를 타보고 싶다.",
          "date": "2022-11-02",
          "time": "00:43:21",
          "terminate": "false"
        },
        {
          "speaker": "speaker2",
          "personaID": "21074",
          "participantID": "0957",
          "utterance": "아 저도 @브랜드명2@에서 타보긴 했어요.ㅎㅎ.",
          "summary": "",
          "date": "2022-11-02",
          "time": "00:43:30",
          "terminate": "false"
        },
        {
          "speaker": "speaker1",
          "personaID": "21807",
          "participantID": "0891",
          "utterance": "그러셨군요.ㅎㅎ 암튼 대화 즐거웠어요! 그럼 다음에 봬요~",
          "summary": "",
          "date": "2022-11-02",
          "time": "00:44:19",
          "terminate": "false"
        },
        {
          "speaker": "speaker2",
          "personaID": "21074",
          "participantID": "0957",
          "utterance": "네 저도 대화 너무 즐거웠어요! 다음에 얘기해요~",
          "summary": "",
          "date": "2022-11-02",
          "time": "00:44:29",
          "terminate": "true"
        }
      ],
      "sessionPersonaSummary": {
        "speaker1": [
          "나는 재즈 음악을 듣고 있으면 행복하다.",
          "나는 오즈의 마법사 얘기가 흥미로웠다.",
          "나는 열기구를 타보고 싶다."
        ],
        "speaker2": [
          "나는 동화중에 오즈의 마법사를 제일 좋아한다."
        ]
      },
      "prevAggregatedpersonaSummary": {
        "speaker1": [
          "나는 20대 여자이다.",
          "나는 백화점에 가는 것을 싫어한다.",
          "나는 백화점이랑 잘 안 맞다.",
          "나는 친구와 의논할 게 있어서 보고 왔다.",
          "나는 친구와 계획을 짜고 왔다.",
          "나의 친구는 놀이공원에 가고 싶어 한다.",
          "나는 사자에 관심이 없다.",
          "나는 재즈음악을 좋아한다."
        ],
        "speaker2": [
          "나는 20대 남자이다.",
          "나는 보석감정사이다.",
          "나는 요즘 매일 걱정스럽다.",
          "나는 보석감정사와 귀금속 가게를 같이 한다.",
          "나는 오늘 날씨가 너무 좋다.",
          "나는 바람 부는 날을 좋아한다.",
          "나는 센 바람을 좋아한다.",
          "나는 바람에 대한 로망이 있다.",
          "나는 집이 바람에 떠서 날아가는 게 로망이다."
        ]
      }
    }
  ]
}