{
  "FileInfo": {
    "filename": "K4-00107-CL00591-CP03688-07-05-S4.json",
    "sessionLevel": "4"
  },
  "participantsInfo": {
    "numberOfParticipants": "2",
    "speaker1": {
      "participantID": "0532",
      "gender": "남성",
      "age": "50대",
      "occupation": "사무직",
      "bPlace": "부산/대구/울산/경상",
      "gPlace": "부산/대구/울산/경상",
      "rPlace": "부산/대구/울산/경상",
      "educationLevel": "대졸"
    },
    "speaker2": {
      "participantID": "0466",
      "gender": "여성",
      "age": "30대",
      "occupation": "주부",
      "bPlace": "서울/경기/인천",
      "gPlace": "서울/경기/인천",
      "rPlace": "서울/경기/인천",
      "educationLevel": "대졸"
    }
  },
  "multisessionInfo": {
    "multisessionID": "4-00107"
  },
  "personaInfo": {
    "clInfo": {
      "personaID": "00591",
      "personaFeatures": [
        "나는 남자이다.",
        "나는 50대이다.",
        "나는 물고기 두 마리를 키운다.",
        "나는 맛집 여행에 관심 없다.",
        "나는 크림 스파게티를 싫어한다."
      ],
      "speakerType": "speaker1"
    },
    "cpInfo": {
      "personaID": "03688",
      "personaFeatures": [
        "나는 여자이다.",
        "나는 40대이다.",
        "나는 가족과 별로 연락을 하지 않는다.",
        "나는 바람 부는 날을 싫어한다.",
        "나는 위인전기를 꾸준히 읽는다."
      ],
      "speakerType": "speaker2"
    }
  },
  "topicInfo": {
    "topicID": "07-05",
    "topicType": "개인 및 관계>가족",
    "topicTitle": "친척"
  },
  "sessionInfo": [
    {
      "prevSessionID": null,
      "prevTimeInfo": {
        "timeNum": null,
        "timeUnit": null
      },
      "nthSession": "1",
      "numberOfUtterances": "20",
      "numberOfTurns": "10",
      "sessionID": "4-00107-1",
      "dialog": [
        {
          "speaker": "speaker1",
          "personaID": "00591",
          "participantID": "0532",
          "utterance": "안녕하시지요? 저는 50대 남자입니다.",
          "summary": "나는 50대 남자이다.",
          "date": "2022-09-22",
          "time": "10:13:26",
          "terminate": "false"
        },
        {
          "speaker": "speaker2",
          "personaID": "03688",
          "participantID": "0466",
          "utterance": "헬로헬로~ 저는 40대 여자입니다.",
          "summary": "나는 40대 여자이다.",
          "date": "2022-09-22",
          "time": "10:13:28",
          "terminate": "false"
        },
        {
          "speaker": "speaker1",
          "personaID": "00591",
          "participantID": "0532",
          "utterance": "반가워요~ 혹시 반려동물 키우시는거 있나요?",
          "summary": "",
          "date": "2022-09-22",
          "time": "10:13:51",
          "terminate": "false"
        },
        {
          "speaker": "speaker2",
          "personaID": "03688",
          "participantID": "0466",
          "utterance": "아 저는 말티즈 한 마리를 키우고 있습니다.",
          "summary": "나는 몰티즈 한 마리를 키운다.",
          "date": "2022-09-22",
          "time": "10:14:00",
          "terminate": "false"
        },
        {
          "speaker": "speaker1",
          "personaID": "00591",
          "participantID": "0532",
          "utterance": "아 말티즈 키우시는구나. 좋네요. 몇 살인가요?",
          "summary": "",
          "date": "2022-09-22",
          "time": "10:14:30",
          "terminate": "false"
        },
        {
          "speaker": "speaker2",
          "personaID": "03688",
          "participantID": "0466",
          "utterance": "이제 5살 됬습니다. 좀 오래 됫죠?",
          "summary": "나의 몰티즈는 5살이다.",
          "date": "2022-09-22",
          "time": "10:14:44",
          "terminate": "false"
        },
        {
          "speaker": "speaker1",
          "personaID": "00591",
          "participantID": "0532",
          "utterance": "아 그렇군요. 5살이면 사람나이로 몇 살이었는지 기억이 안 나네요.",
          "summary": "",
          "date": "2022-09-22",
          "time": "10:15:08",
          "terminate": "false"
        },
        {
          "speaker": "speaker2",
          "personaID": "03688",
          "participantID": "0466",
          "utterance": "뭐 대충 20살쯤 됬다고 생각하시면 될것같아요.",
          "summary": "",
          "date": "2022-09-22",
          "time": "10:15:20",
          "terminate": "false"
        },
        {
          "speaker": "speaker1",
          "personaID": "00591",
          "participantID": "0532",
          "utterance": "그렇군요. 그럼 아직 그래도 젊네요.",
          "summary": "",
          "date": "2022-09-22",
          "time": "10:15:37",
          "terminate": "false"
        },
        {
          "speaker": "speaker2",
          "personaID": "03688",
          "participantID": "0466",
          "utterance": "그럼요. 그쪽은 뭐 반려동물 키우세요?",
          "summary": "",
          "date": "2022-09-22",
          "time": "10:15:49",
          "terminate": "false"
        },
        {
          "speaker": "speaker1",
          "personaID": "00591",
          "participantID": "0532",
          "utterance": "저는 물고기 두 마리를 키웁니다.",
          "summary": "나는 물고기 두 마리를 키운다.",
          "date": "2022-09-22",
          "time": "10:15:59",
          "terminate": "false"
        },
        {
          "speaker": "speaker2",
          "personaID": "03688",
          "participantID": "0466",
          "utterance": "아 물고기도 너무 귀엽곘어요. 근데 키우기 힘들다고 하던데 맞나요?",
          "summary": "",
          "date": "2022-09-22",
          "time": "10:16:12",
          "terminate": "false"
        },
        {
          "speaker": "speaker1",
          "personaID": "00591",
          "participantID": "0532",
          "utterance": "아무래도 기생충이니 뭐니 수온도 그렇고요 관리할 게 많죠.",
          "summary": "",
          "date": "2022-09-22",
          "time": "10:16:27",
          "terminate": "false"
        },
        {
          "speaker": "speaker2",
          "personaID": "03688",
          "participantID": "0466",
          "utterance": "확실히 돌보는건 그 쪽이 더 어렵겠어요.",
          "summary": "",
          "date": "2022-09-22",
          "time": "10:16:39",
          "terminate": "false"
        },
        {
          "speaker": "speaker1",
          "personaID": "00591",
          "participantID": "0532",
          "utterance": "음 네 근데 뭐 잘 배우고 적응되면 키울만 합니다.",
          "summary": "",
          "date": "2022-09-22",
          "time": "10:16:54",
          "terminate": "false"
        },
        {
          "speaker": "speaker2",
          "personaID": "03688",
          "participantID": "0466",
          "utterance": "그래도 산책 걱정은 없겠네요. 저는 오늘도 산책이 걱정이거든요.",
          "summary": "나는 산책이 걱정이다.",
          "date": "2022-09-22",
          "time": "10:17:07",
          "terminate": "false"
        },
        {
          "speaker": "speaker1",
          "personaID": "00591",
          "participantID": "0532",
          "utterance": "아 맞아요. 그건 좋아요. 아 산책이요? 바쁘셔서요?",
          "summary": "",
          "date": "2022-09-22",
          "time": "10:17:18",
          "terminate": "false"
        },
        {
          "speaker": "speaker2",
          "personaID": "03688",
          "participantID": "0466",
          "utterance": "아뇨 제가 바람 부는 날을 싫어하는데 오늘도 바람이 불어서요.",
          "summary": "나는 바람 부는 날을 싫어한다.",
          "date": "2022-09-22",
          "time": "10:17:30",
          "terminate": "false"
        },
        {
          "speaker": "speaker1",
          "personaID": "00591",
          "participantID": "0532",
          "utterance": "그렇군요. 에고 그럼 산책 잘 하시고 저는 이만!",
          "summary": "",
          "date": "2022-09-22",
          "time": "10:17:40",
          "terminate": "false"
        },
        {
          "speaker": "speaker2",
          "personaID": "03688",
          "participantID": "0466",
          "utterance": "그럼 저도 이만 가보겠습니다. 산책 가볼게요.",
          "summary": "",
          "date": "2022-09-22",
          "time": "10:17:46",
          "terminate": "true"
        }
      ],
      "sessionPersonaSummary": {
        "speaker1": [
          "나는 50대 남자이다.",
          "나는 물고기 두 마리를 키운다."
        ],
        "speaker2": [
          "나는 40대 여자이다.",
          "나는 몰티즈 한 마리를 키운다.",
          "나의 몰티즈는 5살이다.",
          "나는 산책이 걱정이다.",
          "나는 바람 부는 날을 싫어한다."
        ]
      },
      "prevAggregatedpersonaSummary": {
        "speaker1": [],
        "speaker2": []
      }
    },
    {
      "prevSessionID": "4-00107-1",
      "prevTimeInfo": {
        "timeNum": "40",
        "timeUnit": "시간"
      },
      "nthSession": "2",
      "numberOfUtterances": "20",
      "numberOfTurns": "10",
      "sessionID": "4-00107-2",
      "dialog": [
        {
          "speaker": "speaker1",
          "personaID": "00591",
          "participantID": "0532",
          "utterance": "이틀이 지났네요. 40시간이라니.. 하루 잘 시작하고 계세요?",
          "summary": "",
          "date": "2022-09-22",
          "time": "10:18:00",
          "terminate": "false"
        },
        {
          "speaker": "speaker2",
          "personaID": "03688",
          "participantID": "0466",
          "utterance": "아 안녕하세요. 저는 하루 잘 지내고 있었습니다.",
          "summary": "",
          "date": "2022-09-22",
          "time": "10:18:13",
          "terminate": "false"
        },
        {
          "speaker": "speaker1",
          "personaID": "00591",
          "participantID": "0532",
          "utterance": "그렇군요. 저는 주말이라 오랜만에 친척들 만나러 가는 중이에요.",
          "summary": "나는 주말에 친척들을 만나러 간다.",
          "date": "2022-09-22",
          "time": "10:18:29",
          "terminate": "false"
        },
        {
          "speaker": "speaker2",
          "personaID": "03688",
          "participantID": "0466",
          "utterance": "아 친척분들이랑 사이가 좋으신가봐요.",
          "summary": "",
          "date": "2022-09-22",
          "time": "10:18:47",
          "terminate": "false"
        },
        {
          "speaker": "speaker1",
          "personaID": "00591",
          "participantID": "0532",
          "utterance": "네 그래도 잘 지내고 있습니다. 자주 못 봐서 아쉽죠.. 그쪽은 친척 좀 만나고 하나요?",
          "summary": "나는 친척들과 사이가 좋다.",
          "date": "2022-09-22",
          "time": "10:19:13",
          "terminate": "false"
        },
        {
          "speaker": "speaker2",
          "personaID": "03688",
          "participantID": "0466",
          "utterance": "아.. 저는 사실 가족하고 별로 연락을 안해서요.",
          "summary": "나는 가족하고 별로 연락을 안 한다.",
          "date": "2022-09-22",
          "time": "10:19:25",
          "terminate": "false"
        },
        {
          "speaker": "speaker1",
          "personaID": "00591",
          "participantID": "0532",
          "utterance": "그러세요? 가족분들이시면 친척분들? 아니면 친가족분들?",
          "summary": "",
          "date": "2022-09-22",
          "time": "10:20:02",
          "terminate": "false"
        },
        {
          "speaker": "speaker2",
          "personaID": "03688",
          "participantID": "0466",
          "utterance": "그냥 다 포함이요. 사실 저는 좀 동떨어져서 살고 있거든요.",
          "summary": "나는 가족과 동떨어져서 살고 있다.",
          "date": "2022-09-22",
          "time": "10:20:16",
          "terminate": "false"
        },
        {
          "speaker": "speaker1",
          "personaID": "00591",
          "participantID": "0532",
          "utterance": "그렇군요. 결혼하셔서 가정이 있으셔서 그런가요?",
          "summary": "",
          "date": "2022-09-22",
          "time": "10:20:26",
          "terminate": "false"
        },
        {
          "speaker": "speaker2",
          "personaID": "03688",
          "participantID": "0466",
          "utterance": "흠.. 그렇다기 보다는 그 반대에요.",
          "summary": "",
          "date": "2022-09-22",
          "time": "10:20:36",
          "terminate": "false"
        },
        {
          "speaker": "speaker1",
          "personaID": "00591",
          "participantID": "0532",
          "utterance": "아 정말요? 그럼 지금 혼자 사시는건가요?",
          "summary": "",
          "date": "2022-09-22",
          "time": "10:21:08",
          "terminate": "false"
        },
        {
          "speaker": "speaker2",
          "personaID": "03688",
          "participantID": "0466",
          "utterance": "네. 결혼도 안했고요. 그리고 가족들의 진로의 반대로 갔어요.",
          "summary": "나는 결혼을 안 했다. 나는 가족들의 진로의 반대로 갔다.",
          "date": "2022-09-22",
          "time": "10:21:19",
          "terminate": "false"
        },
        {
          "speaker": "speaker1",
          "personaID": "00591",
          "participantID": "0532",
          "utterance": "그러시구나.. 그래서 좀 연락을 자주 안 하셨던 거구나...",
          "summary": "",
          "date": "2022-09-22",
          "time": "10:21:53",
          "terminate": "false"
        },
        {
          "speaker": "speaker2",
          "personaID": "03688",
          "participantID": "0466",
          "utterance": "네.. 가면 회사 그만둬라, 결혼해라 뭐 이야기가 많이 나오거든요.",
          "summary": "",
          "date": "2022-09-22",
          "time": "10:22:15",
          "terminate": "false"
        },
        {
          "speaker": "speaker1",
          "personaID": "00591",
          "participantID": "0532",
          "utterance": "아.. 그것 참 스트레슨데요 그죠....?",
          "summary": "",
          "date": "2022-09-22",
          "time": "10:22:27",
          "terminate": "false"
        },
        {
          "speaker": "speaker2",
          "personaID": "03688",
          "participantID": "0466",
          "utterance": "네 그것만한 스트레스가 없어서 저는 사실 연락을 잘 안해요.",
          "summary": "",
          "date": "2022-09-22",
          "time": "10:22:37",
          "terminate": "false"
        },
        {
          "speaker": "speaker1",
          "personaID": "00591",
          "participantID": "0532",
          "utterance": "그것도 방법이네요. 안 보는게 더 속편하니까요.",
          "summary": "",
          "date": "2022-09-22",
          "time": "10:23:08",
          "terminate": "false"
        },
        {
          "speaker": "speaker2",
          "personaID": "03688",
          "participantID": "0466",
          "utterance": "그래요.. 그게 또하나의 방법이죠.",
          "summary": "",
          "date": "2022-09-22",
          "time": "10:23:40",
          "terminate": "false"
        },
        {
          "speaker": "speaker1",
          "personaID": "00591",
          "participantID": "0532",
          "utterance": "뭔가 오늘은 대화가 무거웠네요. 그럼 저는 이만 가볼게요. 친척집에 다 와서요.",
          "summary": "",
          "date": "2022-09-22",
          "time": "10:23:50",
          "terminate": "false"
        },
        {
          "speaker": "speaker2",
          "personaID": "03688",
          "participantID": "0466",
          "utterance": "그럼 저도 이만 가보겠습니다. 오늘 이야기 들어주셔서 감사합니다.",
          "summary": "",
          "date": "2022-09-22",
          "time": "10:23:52",
          "terminate": "true"
        }
      ],
      "sessionPersonaSummary": {
        "speaker1": [
          "나는 주말에 친척들을 만나러 간다.",
          "나는 친척들과 사이가 좋다."
        ],
        "speaker2": [
          "나는 가족하고 별로 연락을 안 한다.",
          "나는 가족과 동떨어져서 살고 있다.",
          "나는 결혼을 안 했다. 나는 가족들의 진로의 반대로 갔다."
        ]
      },
      "prevAggregatedpersonaSummary": {
        "speaker1": [
          "나는 50대 남자이다.",
          "나는 물고기 두 마리를 키운다."
        ],
        "speaker2": [
          "나는 40대 여자이다.",
          "나는 몰티즈 한 마리를 키운다.",
          "나의 몰티즈는 5살이다.",
          "나는 산책이 걱정이다.",
          "나는 바람 부는 날을 싫어한다."
        ]
      }
    },
    {
      "prevSessionID": "4-00107-2",
      "prevTimeInfo": {
        "timeNum": "41",
        "timeUnit": "시간"
      },
      "nthSession": "3",
      "numberOfUtterances": "20",
      "numberOfTurns": "10",
      "sessionID": "4-00107-3",
      "dialog": [
        {
          "speaker": "speaker1",
          "personaID": "00591",
          "participantID": "0532",
          "utterance": "안녕하세요. 어떻게 잘 지내셨어요? 41시간 만이에요.",
          "summary": "",
          "date": "2022-09-22",
          "time": "10:24:15",
          "terminate": "false"
        },
        {
          "speaker": "speaker2",
          "personaID": "03688",
          "participantID": "0466",
          "utterance": "오랜만입니다. 저는 책 읽고 있었어요.",
          "summary": "",
          "date": "2022-09-22",
          "time": "10:24:29",
          "terminate": "false"
        },
        {
          "speaker": "speaker1",
          "personaID": "00591",
          "participantID": "0532",
          "utterance": "아 책읽고 계셨구나. 무슨 책 읽으세요?",
          "summary": "",
          "date": "2022-09-22",
          "time": "10:24:45",
          "terminate": "false"
        },
        {
          "speaker": "speaker2",
          "personaID": "03688",
          "participantID": "0466",
          "utterance": "저는 위인전기를 꾸준히 읽어요.",
          "summary": "나는 위인전기를 꾸준히 읽는다.",
          "date": "2022-09-22",
          "time": "10:24:52",
          "terminate": "false"
        },
        {
          "speaker": "speaker1",
          "personaID": "00591",
          "participantID": "0532",
          "utterance": "아 위인전기요. 저는 자주 안 보는데 읽으면 좋긴 하겠어요.",
          "summary": "나는 위인전기를 자주 안 본다.",
          "date": "2022-09-22",
          "time": "10:25:07",
          "terminate": "false"
        },
        {
          "speaker": "speaker2",
          "personaID": "03688",
          "participantID": "0466",
          "utterance": "네 뭐 인생에 많이 도움이 됩니다. 책 좋아하시나요?",
          "summary": "",
          "date": "2022-09-22",
          "time": "10:25:18",
          "terminate": "false"
        },
        {
          "speaker": "speaker1",
          "personaID": "00591",
          "participantID": "0532",
          "utterance": "네 나름 읽으려고 노력하고 있습니다.",
          "summary": "",
          "date": "2022-09-22",
          "time": "10:25:29",
          "terminate": "false"
        },
        {
          "speaker": "speaker2",
          "personaID": "03688",
          "participantID": "0466",
          "utterance": "그렇군요! 저도 책 좋아합니다. 굳이 위인전기가 아니더라도요.",
          "summary": "나는 책을 좋아한다.",
          "date": "2022-09-22",
          "time": "10:25:47",
          "terminate": "false"
        },
        {
          "speaker": "speaker1",
          "personaID": "00591",
          "participantID": "0532",
          "utterance": "좋은데요? 책을 읽어야 더 발전도 있고 하더라고요.",
          "summary": "",
          "date": "2022-09-22",
          "time": "10:26:04",
          "terminate": "false"
        },
        {
          "speaker": "speaker2",
          "personaID": "03688",
          "participantID": "0466",
          "utterance": "네 맞아요. 그쪽은 그럼 무슨 취미 있으세요?",
          "summary": "",
          "date": "2022-09-22",
          "time": "10:26:25",
          "terminate": "false"
        },
        {
          "speaker": "speaker1",
          "personaID": "00591",
          "participantID": "0532",
          "utterance": "저야 뭐 지난번 말씀드린 물고기 키우고 돌보는 게 주 취미죠!",
          "summary": "",
          "date": "2022-09-22",
          "time": "10:26:48",
          "terminate": "false"
        },
        {
          "speaker": "speaker2",
          "personaID": "03688",
          "participantID": "0466",
          "utterance": "물고기 키우는 거 말고는 취미가 없나요?",
          "summary": "",
          "date": "2022-09-22",
          "time": "10:26:56",
          "terminate": "false"
        },
        {
          "speaker": "speaker1",
          "personaID": "00591",
          "participantID": "0532",
          "utterance": "책도 읽고요. 여행도 갑니다.",
          "summary": "",
          "date": "2022-09-22",
          "time": "10:27:07",
          "terminate": "false"
        },
        {
          "speaker": "speaker2",
          "personaID": "03688",
          "participantID": "0466",
          "utterance": "여행은 좋네요. 무슨 여행 좋아하시나요?",
          "summary": "",
          "date": "2022-09-22",
          "time": "10:27:17",
          "terminate": "false"
        },
        {
          "speaker": "speaker1",
          "personaID": "00591",
          "participantID": "0532",
          "utterance": "아 저는 맛집 여행만 아니면 다 좋아요. 맛집 여행에는 관심이 없어서요.",
          "summary": "나는 맛집 여행에 관심이 없다.",
          "date": "2022-09-22",
          "time": "10:27:34",
          "terminate": "false"
        },
        {
          "speaker": "speaker2",
          "personaID": "03688",
          "participantID": "0466",
          "utterance": "아 맛집 여행.. 확실히 먹는것만을 위한 여행은 좀 그렇죠.",
          "summary": "",
          "date": "2022-09-22",
          "time": "10:27:49",
          "terminate": "false"
        },
        {
          "speaker": "speaker1",
          "personaID": "00591",
          "participantID": "0532",
          "utterance": "네 막 줄서고 사진찍고... 먹는거의 진정한 의미를 좀 모르겠어서요.",
          "summary": "",
          "date": "2022-09-22",
          "time": "10:28:03",
          "terminate": "false"
        },
        {
          "speaker": "speaker2",
          "personaID": "03688",
          "participantID": "0466",
          "utterance": "그렇군요. 뭔가 기다리는게 재밌는 사람들도 있나봐요.",
          "summary": "",
          "date": "2022-09-22",
          "time": "10:28:15",
          "terminate": "false"
        },
        {
          "speaker": "speaker1",
          "personaID": "00591",
          "participantID": "0532",
          "utterance": "그러니까요. 그럼 저는 이만 가볼게요. 다음에 또 연락드리죠!",
          "summary": "",
          "date": "2022-09-22",
          "time": "10:28:22",
          "terminate": "false"
        },
        {
          "speaker": "speaker2",
          "personaID": "03688",
          "participantID": "0466",
          "utterance": "그럼 저도 이만 가볼게요. 오늘 재밌는 이야기 였습니다.",
          "summary": "",
          "date": "2022-09-22",
          "time": "10:28:26",
          "terminate": "true"
        }
      ],
      "sessionPersonaSummary": {
        "speaker1": [
          "나는 위인전기를 자주 안 본다.",
          "나는 맛집 여행에 관심이 없다."
        ],
        "speaker2": [
          "나는 위인전기를 꾸준히 읽는다.",
          "나는 책을 좋아한다."
        ]
      },
      "prevAggregatedpersonaSummary": {
        "speaker1": [
          "나는 50대 남자이다.",
          "나는 물고기 두 마리를 키운다.",
          "나는 주말에 친척들을 만나러 간다.",
          "나는 친척들과 사이가 좋다."
        ],
        "speaker2": [
          "나는 40대 여자이다.",
          "나는 몰티즈 한 마리를 키운다.",
          "나의 몰티즈는 5살이다.",
          "나는 산책이 걱정이다.",
          "나는 바람 부는 날을 싫어한다.",
          "나는 가족하고 별로 연락을 안 한다.",
          "나는 가족과 동떨어져서 살고 있다.",
          "나는 결혼을 안 했다. 나는 가족들의 진로의 반대로 갔다."
        ]
      }
    },
    {
      "prevSessionID": "4-00107-3",
      "prevTimeInfo": {
        "timeNum": "42",
        "timeUnit": "시간"
      },
      "nthSession": "4",
      "numberOfUtterances": "20",
      "numberOfTurns": "10",
      "sessionID": "4-00107-4",
      "dialog": [
        {
          "speaker": "speaker1",
          "personaID": "00591",
          "participantID": "0532",
          "utterance": "안녕하세요! 42시간 만에 연락드립니다!",
          "summary": "",
          "date": "2022-09-22",
          "time": "10:28:38",
          "terminate": "false"
        },
        {
          "speaker": "speaker2",
          "personaID": "03688",
          "participantID": "0466",
          "utterance": "ㅎㅎ 이틀만에 연락 주셨네요. 안녕하세요.",
          "summary": "",
          "date": "2022-09-22",
          "time": "10:28:51",
          "terminate": "false"
        },
        {
          "speaker": "speaker1",
          "personaID": "00591",
          "participantID": "0532",
          "utterance": "네 이틀지났더라고요. 그나저나 식사는 좀 하셨어요~?",
          "summary": "",
          "date": "2022-09-22",
          "time": "10:29:01",
          "terminate": "false"
        },
        {
          "speaker": "speaker2",
          "personaID": "03688",
          "participantID": "0466",
          "utterance": "방금 먹고 왔습니다. 그쪽은요?",
          "summary": "나는 방금 식사를 했다.",
          "date": "2022-09-22",
          "time": "10:29:09",
          "terminate": "false"
        },
        {
          "speaker": "speaker1",
          "personaID": "00591",
          "participantID": "0532",
          "utterance": "저는 양식집에 와있어요. 딸이 먹고 싶다 해서 왔는데 크림 스파게티를 시키자고 하네요.",
          "summary": "",
          "date": "2022-09-22",
          "time": "10:29:26",
          "terminate": "false"
        },
        {
          "speaker": "speaker2",
          "personaID": "03688",
          "participantID": "0466",
          "utterance": "그렇군요. 크림 스파게티 좀 좋아하시나요?",
          "summary": "",
          "date": "2022-09-22",
          "time": "10:29:36",
          "terminate": "false"
        },
        {
          "speaker": "speaker1",
          "personaID": "00591",
          "participantID": "0532",
          "utterance": "딸은 엄청 좋아하고요 저는 느끼해서 싫어해요.",
          "summary": "나는 크림 스파게티를 싫어한다. 나의 딸은 크림 스파게티를 좋아한다.",
          "date": "2022-09-22",
          "time": "10:29:49",
          "terminate": "false"
        },
        {
          "speaker": "speaker2",
          "personaID": "03688",
          "participantID": "0466",
          "utterance": "이런.. 그럼 어떻게 하나요?",
          "summary": "",
          "date": "2022-09-22",
          "time": "10:29:58",
          "terminate": "false"
        },
        {
          "speaker": "speaker1",
          "personaID": "00591",
          "participantID": "0532",
          "utterance": "딸꺼 하나 시키고 저는 다른 거 시키려고요.. 어쩔수 없죠. 따로 먹으면 되니까요.",
          "summary": "",
          "date": "2022-09-22",
          "time": "10:30:17",
          "terminate": "false"
        },
        {
          "speaker": "speaker2",
          "personaID": "03688",
          "participantID": "0466",
          "utterance": "음 그런 매장에는 토마토 파스타 같은것도 있지 않나요?",
          "summary": "",
          "date": "2022-09-22",
          "time": "10:30:28",
          "terminate": "false"
        },
        {
          "speaker": "speaker1",
          "personaID": "00591",
          "participantID": "0532",
          "utterance": "아 네 스테이크도 있고, 파니니 등 많네요.",
          "summary": "",
          "date": "2022-09-22",
          "time": "10:30:42",
          "terminate": "false"
        },
        {
          "speaker": "speaker2",
          "personaID": "03688",
          "participantID": "0466",
          "utterance": "그럼 저같으면 토마토 파스타 시킬것 같긴하네요.",
          "summary": "",
          "date": "2022-09-22",
          "time": "10:30:55",
          "terminate": "false"
        },
        {
          "speaker": "speaker1",
          "personaID": "00591",
          "participantID": "0532",
          "utterance": "아 토마토 파스타 좋아하세요?",
          "summary": "",
          "date": "2022-09-22",
          "time": "10:31:02",
          "terminate": "false"
        },
        {
          "speaker": "speaker2",
          "personaID": "03688",
          "participantID": "0466",
          "utterance": "네네 저는 토마토 파스타 좋아하는 편입니다.",
          "summary": "나는 토마토 파스타를 좋아하는 편이다.",
          "date": "2022-09-22",
          "time": "10:31:15",
          "terminate": "false"
        },
        {
          "speaker": "speaker1",
          "personaID": "00591",
          "participantID": "0532",
          "utterance": "그렇군요. 저는 아라비아타 같은거 좋아해요. 좀 얼큰하게요.",
          "summary": "나는 아라비아타를 좋아한다.",
          "date": "2022-09-22",
          "time": "10:31:29",
          "terminate": "false"
        },
        {
          "speaker": "speaker2",
          "personaID": "03688",
          "participantID": "0466",
          "utterance": "아라비아타가 좀 매운 파스타죠?",
          "summary": "",
          "date": "2022-09-22",
          "time": "10:31:39",
          "terminate": "false"
        },
        {
          "speaker": "speaker1",
          "personaID": "00591",
          "participantID": "0532",
          "utterance": "네 매콤해요. 그래서 잘 넘어가더라고요.",
          "summary": "",
          "date": "2022-09-22",
          "time": "10:31:59",
          "terminate": "false"
        },
        {
          "speaker": "speaker2",
          "personaID": "03688",
          "participantID": "0466",
          "utterance": "ㅎㅎ 확실히 느끼한거 싫어하시면 딱이겠네요.",
          "summary": "",
          "date": "2022-09-22",
          "time": "10:32:07",
          "terminate": "false"
        },
        {
          "speaker": "speaker1",
          "personaID": "00591",
          "participantID": "0532",
          "utterance": "그죠. 그럼 저는 식사하러 가볼게요~ 안녕히 계세요!",
          "summary": "",
          "date": "2022-09-22",
          "time": "10:32:17",
          "terminate": "false"
        },
        {
          "speaker": "speaker2",
          "personaID": "03688",
          "participantID": "0466",
          "utterance": "그럼 다음에 또 이야기 합시다. 오늘 재밌는 대화였습니다.",
          "summary": "",
          "date": "2022-09-22",
          "time": "10:32:18",
          "terminate": "true"
        }
      ],
      "sessionPersonaSummary": {
        "speaker1": [
          "나는 크림 스파게티를 싫어한다. 나의 딸은 크림 스파게티를 좋아한다.",
          "나는 아라비아타를 좋아한다."
        ],
        "speaker2": [
          "나는 방금 식사를 했다.",
          "나는 토마토 파스타를 좋아하는 편이다."
        ]
      },
      "prevAggregatedpersonaSummary": {
        "speaker1": [
          "나는 50대 남자이다.",
          "나는 물고기 두 마리를 키운다.",
          "나는 주말에 친척들을 만나러 간다.",
          "나는 친척들과 사이가 좋다.",
          "나는 위인전기를 자주 안 본다.",
          "나는 맛집 여행에 관심이 없다."
        ],
        "speaker2": [
          "나는 40대 여자이다.",
          "나는 몰티즈 한 마리를 키운다.",
          "나의 몰티즈는 5살이다.",
          "나는 산책이 걱정이다.",
          "나는 바람 부는 날을 싫어한다.",
          "나는 가족하고 별로 연락을 안 한다.",
          "나는 가족과 동떨어져서 살고 있다.",
          "나는 결혼을 안 했다. 나는 가족들의 진로의 반대로 갔다.",
          "나는 위인전기를 꾸준히 읽는다.",
          "나는 책을 좋아한다."
        ]
      }
    }
  ]
}