{
  "FileInfo": {
    "filename": "K4-00275-CL01903-CP01870-04-05-S4.json",
    "sessionLevel": "4"
  },
  "participantsInfo": {
    "numberOfParticipants": "2",
    "speaker1": {
      "participantID": "0156",
      "gender": "여성",
      "age": "20대",
      "occupation": "무직",
      "bPlace": "서울/경기/인천",
      "gPlace": "서울/경기/인천",
      "rPlace": "서울/경기/인천",
      "educationLevel": "대졸"
    },
    "speaker2": {
      "participantID": "0449",
      "gender": "여성",
      "age": "20대",
      "occupation": "학생",
      "bPlace": "부산/대구/울산/경상",
      "gPlace": "부산/대구/울산/경상",
      "rPlace": "부산/대구/울산/경상",
      "educationLevel": "고졸"
    }
  },
  "multisessionInfo": {
    "multisessionID": "4-00275"
  },
  "personaInfo": {
    "clInfo": {
      "personaID": "01903",
      "personaFeatures": [
        "나는 여자이다.",
        "나는 20대이다.",
        "나의 아버지는 농사일을 한다.",
        "나는 에어로빅을 싫어한다.",
        "나는 저녁에 친구를 만난다."
      ],
      "speakerType": "speaker1"
    },
    "cpInfo": {
      "personaID": "01870",
      "personaFeatures": [
        "나는 여자이다.",
        "나는 20대이다.",
        "나의 거주지는 충청도이다.",
        "나는 한 달에 한 번은 꼭 국내 여행을 간다.",
        "나는 달리기를 자주 한다."
      ],
      "speakerType": "speaker2"
    }
  },
  "topicInfo": {
    "topicID": "04-05",
    "topicType": "일과 직업>회사/아르바이트",
    "topicTitle": "직장 생활"
  },
  "sessionInfo": [
    {
      "prevSessionID": null,
      "prevTimeInfo": {
        "timeNum": null,
        "timeUnit": null
      },
      "nthSession": "1",
      "numberOfUtterances": "14",
      "numberOfTurns": "7",
      "sessionID": "4-00275-1",
      "dialog": [
        {
          "speaker": "speaker1",
          "personaID": "01903",
          "participantID": "0156",
          "utterance": "안녕하세요 저는 20대 여자입니다 만나서 반가워요~",
          "summary": "나는 20대 여자이다.",
          "date": "2022-09-22",
          "time": "22:28:24",
          "terminate": "false"
        },
        {
          "speaker": "speaker2",
          "personaID": "01870",
          "participantID": "0449",
          "utterance": "안녕하세요~ 저는 20대 여자입니다 반가워요^^",
          "summary": "나는 20대 여자이다.",
          "date": "2022-09-22",
          "time": "22:28:35",
          "terminate": "false"
        },
        {
          "speaker": "speaker1",
          "personaID": "01903",
          "participantID": "0156",
          "utterance": "어머 우리 동갑인거 같은데 편하게 대화나눠봐요^^",
          "summary": "",
          "date": "2022-09-22",
          "time": "22:28:44",
          "terminate": "false"
        },
        {
          "speaker": "speaker2",
          "personaID": "01870",
          "participantID": "0449",
          "utterance": "좋아요! 친구하실래요? 제가 친구사귀는거 좋아하거든요^^",
          "summary": "",
          "date": "2022-09-22",
          "time": "22:28:58",
          "terminate": "false"
        },
        {
          "speaker": "speaker1",
          "personaID": "01903",
          "participantID": "0156",
          "utterance": "오 좋아요^^ 혹시 실례가 안되시면 말을 좀 놓을까?",
          "summary": "",
          "date": "2022-09-22",
          "time": "22:29:11",
          "terminate": "false"
        },
        {
          "speaker": "speaker2",
          "personaID": "01870",
          "participantID": "0449",
          "utterance": "그래 좋아! 친구는 어디살아? 근처에 살았으면 좋겠다!",
          "summary": "",
          "date": "2022-09-22",
          "time": "22:29:32",
          "terminate": "false"
        },
        {
          "speaker": "speaker1",
          "personaID": "01903",
          "participantID": "0156",
          "utterance": "너 진짜 쿨하구나? 나는 전주살아! 너는?",
          "summary": "나의 거주지는 전주이다.",
          "date": "2022-09-22",
          "time": "22:29:37",
          "terminate": "false"
        },
        {
          "speaker": "speaker2",
          "personaID": "01870",
          "participantID": "0449",
          "utterance": "나는 충청도 공주에 살아 친구는 어디살아?",
          "summary": "나의 거주지는 충청도이다.",
          "date": "2022-09-22",
          "time": "22:29:54",
          "terminate": "false"
        },
        {
          "speaker": "speaker1",
          "personaID": "01903",
          "participantID": "0156",
          "utterance": "난 전주 넌 공주 우리 주자돌림이잖아~ 이거 통하는거지?",
          "summary": "",
          "date": "2022-09-22",
          "time": "22:30:27",
          "terminate": "false"
        },
        {
          "speaker": "speaker2",
          "personaID": "01870",
          "participantID": "0449",
          "utterance": "그렇구나! 하하 나 전주로 여행 정말 많이갔었거든!",
          "summary": "나는 전주로 여행을 많이 갔다.",
          "date": "2022-09-22",
          "time": "22:30:47",
          "terminate": "false"
        },
        {
          "speaker": "speaker1",
          "personaID": "01903",
          "participantID": "0156",
          "utterance": "오 그래? 너 여행 좋아하는구나? 전주와서 뭐했어?",
          "summary": "",
          "date": "2022-09-22",
          "time": "22:31:06",
          "terminate": "false"
        },
        {
          "speaker": "speaker2",
          "personaID": "01870",
          "participantID": "0449",
          "utterance": "남자친구가 전주사람이라 주말마다 갔었던거 같아!",
          "summary": "나의 남자 친구는 전주 사람이다.",
          "date": "2022-09-22",
          "time": "22:31:03",
          "terminate": "false"
        },
        {
          "speaker": "speaker1",
          "personaID": "01903",
          "participantID": "0156",
          "utterance": "뭐야 남자친구가 전주사람이였군~ 전주에 잘생긴 사람이 없는데.",
          "summary": "",
          "date": "2022-09-22",
          "time": "22:31:22",
          "terminate": "false"
        },
        {
          "speaker": "speaker2",
          "personaID": "01870",
          "participantID": "0449",
          "utterance": "나는 잘생긴사람 별로 안좋아하거든! 하하 나 전화좀 받고올게^^",
          "summary": "나는 잘생긴 사람을 별로 안 좋아한다.",
          "date": "2022-09-22",
          "time": "22:31:46",
          "terminate": "true"
        }
      ],
      "sessionPersonaSummary": {
        "speaker1": [
          "나는 20대 여자이다.",
          "나의 거주지는 전주이다."
        ],
        "speaker2": [
          "나는 20대 여자이다.",
          "나의 거주지는 충청도이다.",
          "나는 전주로 여행을 많이 갔다.",
          "나의 남자 친구는 전주 사람이다.",
          "나는 잘생긴 사람을 별로 안 좋아한다."
        ]
      },
      "prevAggregatedpersonaSummary": {
        "speaker1": [],
        "speaker2": []
      }
    },
    {
      "prevSessionID": "4-00275-1",
      "prevTimeInfo": {
        "timeNum": "2",
        "timeUnit": "시간"
      },
      "nthSession": "2",
      "numberOfUtterances": "14",
      "numberOfTurns": "7",
      "sessionID": "4-00275-2",
      "dialog": [
        {
          "speaker": "speaker1",
          "personaID": "01903",
          "participantID": "0156",
          "utterance": "친구야~ 전화는 잘했어? 나일하느라 바빠서 이제연락한다.",
          "summary": "",
          "date": "2022-09-22",
          "time": "22:31:52",
          "terminate": "false"
        },
        {
          "speaker": "speaker2",
          "personaID": "01870",
          "participantID": "0449",
          "utterance": "응 괜찮아! 너 무슨일하는지 궁금하다! 무슨일해?",
          "summary": "",
          "date": "2022-09-22",
          "time": "22:32:36",
          "terminate": "false"
        },
        {
          "speaker": "speaker1",
          "personaID": "01903",
          "participantID": "0156",
          "utterance": "나는 그냥 회사다녀 사무직이야~ 너는 무슨일해?",
          "summary": "나는 회사원이다.",
          "date": "2022-09-22",
          "time": "22:32:51",
          "terminate": "false"
        },
        {
          "speaker": "speaker2",
          "personaID": "01870",
          "participantID": "0449",
          "utterance": "나는 네일아트하고있어! 네일아트 좋아해?",
          "summary": "나는 네일아트 직원이다.",
          "date": "2022-09-22",
          "time": "22:34:18",
          "terminate": "false"
        },
        {
          "speaker": "speaker1",
          "personaID": "01903",
          "participantID": "0156",
          "utterance": "아 그래? 나도 한달에 한번은 받으러 가지^^",
          "summary": "",
          "date": "2022-09-22",
          "time": "22:34:31",
          "terminate": "false"
        },
        {
          "speaker": "speaker2",
          "personaID": "01870",
          "participantID": "0449",
          "utterance": "역시 너는왠지 잘꾸미고 다닐거 같아!",
          "summary": "",
          "date": "2022-09-22",
          "time": "22:34:49",
          "terminate": "false"
        },
        {
          "speaker": "speaker1",
          "personaID": "01903",
          "participantID": "0156",
          "utterance": "아니야~ 나 머스마처럼 하고다녀~네일하는건 힘들진 않아? 진상손님은 없어?",
          "summary": "",
          "date": "2022-09-22",
          "time": "22:34:52",
          "terminate": "false"
        },
        {
          "speaker": "speaker2",
          "personaID": "01870",
          "participantID": "0449",
          "utterance": "진상손님너무 많아서 괴로워! 내가 몇일전에 실수를 했거든!",
          "summary": "",
          "date": "2022-09-22",
          "time": "22:35:12",
          "terminate": "false"
        },
        {
          "speaker": "speaker1",
          "personaID": "01903",
          "participantID": "0156",
          "utterance": "왜? 어떤실수를 했는데? 진상손님이 많을 거같았어 ㅠㅠ.",
          "summary": "",
          "date": "2022-09-22",
          "time": "22:35:30",
          "terminate": "false"
        },
        {
          "speaker": "speaker2",
          "personaID": "01870",
          "participantID": "0449",
          "utterance": "큐티클제거하는데 살짝 미끄러져서 아팠나봐 뺨을때리는거 있지?",
          "summary": "나는 일을 하다가 뺨을 맞았다.",
          "date": "2022-09-22",
          "time": "22:35:55",
          "terminate": "false"
        },
        {
          "speaker": "speaker1",
          "personaID": "01903",
          "participantID": "0156",
          "utterance": "야..그건아니다 그래서 너는 가만히 있었어?",
          "summary": "",
          "date": "2022-09-22",
          "time": "22:36:08",
          "terminate": "false"
        },
        {
          "speaker": "speaker2",
          "personaID": "01870",
          "participantID": "0449",
          "utterance": "나도 같이 때릴수는 없잖아! 근데 사장님이 열받으셔서 경찰부르고 난리도 아니였어!",
          "summary": "",
          "date": "2022-09-22",
          "time": "22:36:28",
          "terminate": "false"
        },
        {
          "speaker": "speaker1",
          "personaID": "01903",
          "participantID": "0156",
          "utterance": "와 너 진짜 보살이긴하다.. 나였음 바로 원펀치쓰리강냉이했다.",
          "summary": "",
          "date": "2022-09-22",
          "time": "22:36:47",
          "terminate": "false"
        },
        {
          "speaker": "speaker2",
          "personaID": "01870",
          "participantID": "0449",
          "utterance": "괜히 내가 난리치면 가게에 지장이갈까봐 참았지! 나 예약손님와서 일하고 올게^^",
          "summary": "",
          "date": "2022-09-22",
          "time": "22:37:13",
          "terminate": "true"
        }
      ],
      "sessionPersonaSummary": {
        "speaker1": [
          "나는 회사원이다."
        ],
        "speaker2": [
          "나는 네일아트 직원이다.",
          "나는 일을 하다가 뺨을 맞았다."
        ]
      },
      "prevAggregatedpersonaSummary": {
        "speaker1": [
          "나는 20대 여자이다.",
          "나의 거주지는 전주이다."
        ],
        "speaker2": [
          "나는 20대 여자이다.",
          "나의 거주지는 충청도이다.",
          "나는 전주로 여행을 많이 갔다.",
          "나의 남자 친구는 전주 사람이다.",
          "나는 잘생긴 사람을 별로 안 좋아한다."
        ]
      }
    },
    {
      "prevSessionID": "4-00275-2",
      "prevTimeInfo": {
        "timeNum": "5",
        "timeUnit": "시간"
      },
      "nthSession": "3",
      "numberOfUtterances": "14",
      "numberOfTurns": "7",
      "sessionID": "4-00275-3",
      "dialog": [
        {
          "speaker": "speaker1",
          "personaID": "01903",
          "participantID": "0156",
          "utterance": "퇴근은 했어? 난 이제 퇴근하고 저녁에 친구만나기로했어~",
          "summary": "나는 저녁에 친구를 만난다.",
          "date": "2022-09-22",
          "time": "22:37:34",
          "terminate": "false"
        },
        {
          "speaker": "speaker2",
          "personaID": "01870",
          "participantID": "0449",
          "utterance": "응 퇴근하고 집에 들려서 옷갈아입고 운동하러 가려고!",
          "summary": "나는 운동을 할 것이다.",
          "date": "2022-09-22",
          "time": "22:37:54",
          "terminate": "false"
        },
        {
          "speaker": "speaker1",
          "personaID": "01903",
          "participantID": "0156",
          "utterance": "아 그래? 너 운동 열심히 하나보네? 어떤 운동해?",
          "summary": "",
          "date": "2022-09-22",
          "time": "22:38:05",
          "terminate": "false"
        },
        {
          "speaker": "speaker2",
          "personaID": "01870",
          "participantID": "0449",
          "utterance": "나는 달리기를 자주해! 스트레스 해소되거든 넌 뭘로 스트레스 풀어?",
          "summary": "나는 달리기를 자주 한다.",
          "date": "2022-09-22",
          "time": "22:38:26",
          "terminate": "false"
        },
        {
          "speaker": "speaker1",
          "personaID": "01903",
          "participantID": "0156",
          "utterance": "나는 보통 맛있는걸 먹어~ 너근데 혹시 에어로빅 해본적있어?",
          "summary": "나는 맛있는 거 먹으면서 스트레스를 푼다.",
          "date": "2022-09-22",
          "time": "22:38:44",
          "terminate": "false"
        },
        {
          "speaker": "speaker2",
          "personaID": "01870",
          "participantID": "0449",
          "utterance": "그럼! 나 신나는음악도 좋아해서 에어로빅도 엄청 좋아해!",
          "summary": "나는 신나는 음악을 좋아해서 에어로빅이 좋다.",
          "date": "2022-09-22",
          "time": "22:39:04",
          "terminate": "false"
        },
        {
          "speaker": "speaker1",
          "personaID": "01903",
          "participantID": "0156",
          "utterance": "아그래? 나는 에어로빅처럼 빠른 비트에 운동하는거 질색이야!",
          "summary": "나는 에어로빅을 싫어한다.",
          "date": "2022-09-22",
          "time": "22:39:23",
          "terminate": "false"
        },
        {
          "speaker": "speaker2",
          "personaID": "01870",
          "participantID": "0449",
          "utterance": "정말? 춤추는거 좋아한거 같은데 아니구나?",
          "summary": "",
          "date": "2022-09-22",
          "time": "22:39:41",
          "terminate": "false"
        },
        {
          "speaker": "speaker1",
          "personaID": "01903",
          "participantID": "0156",
          "utterance": "맞아~ 나 사실 몸치거든 너는 춤추는거 좋아해?",
          "summary": "나는 몸치이다.",
          "date": "2022-09-22",
          "time": "22:39:58",
          "terminate": "false"
        },
        {
          "speaker": "speaker2",
          "personaID": "01870",
          "participantID": "0449",
          "utterance": "나도 몸치인데 나는 춤추는거 좋아해! 가끔씩 음악틀고 집에서 춤도춰!",
          "summary": "나는 집에서 음악 틀고 춤을 춘다.",
          "date": "2022-09-22",
          "time": "22:40:17",
          "terminate": "false"
        },
        {
          "speaker": "speaker1",
          "personaID": "01903",
          "participantID": "0156",
          "utterance": "우와 너 진짜 신기하다! 그러면 안창피해? 누가 보면 어쩌려구~",
          "summary": "",
          "date": "2022-09-22",
          "time": "22:40:40",
          "terminate": "false"
        },
        {
          "speaker": "speaker2",
          "personaID": "01870",
          "participantID": "0449",
          "utterance": "나는 하나도 안창피한데? 남자친구가 엄청좋아해!",
          "summary": "",
          "date": "2022-09-22",
          "time": "22:40:56",
          "terminate": "false"
        },
        {
          "speaker": "speaker1",
          "personaID": "01903",
          "participantID": "0156",
          "utterance": "아그래? 진짜 이런걸 보고 천생연분이라 하는구나^^",
          "summary": "",
          "date": "2022-09-22",
          "time": "22:41:15",
          "terminate": "false"
        },
        {
          "speaker": "speaker2",
          "personaID": "01870",
          "participantID": "0449",
          "utterance": "그런가?이게 창피한 행동이야? 나 달리기좀 하고 다시 연락할게^^",
          "summary": "",
          "date": "2022-09-22",
          "time": "22:41:36",
          "terminate": "true"
        }
      ],
      "sessionPersonaSummary": {
        "speaker1": [
          "나는 저녁에 친구를 만난다.",
          "나는 맛있는 거 먹으면서 스트레스를 푼다.",
          "나는 에어로빅을 싫어한다.",
          "나는 몸치이다."
        ],
        "speaker2": [
          "나는 운동을 할 것이다.",
          "나는 달리기를 자주 한다.",
          "나는 신나는 음악을 좋아해서 에어로빅이 좋다.",
          "나는 집에서 음악 틀고 춤을 춘다."
        ]
      },
      "prevAggregatedpersonaSummary": {
        "speaker1": [
          "나는 20대 여자이다.",
          "나의 거주지는 전주이다.",
          "나는 회사원이다."
        ],
        "speaker2": [
          "나는 20대 여자이다.",
          "나의 거주지는 충청도이다.",
          "나는 전주로 여행을 많이 갔다.",
          "나의 남자 친구는 전주 사람이다.",
          "나는 잘생긴 사람을 별로 안 좋아한다.",
          "나는 네일아트 직원이다.",
          "나는 일을 하다가 뺨을 맞았다."
        ]
      }
    },
    {
      "prevSessionID": "4-00275-3",
      "prevTimeInfo": {
        "timeNum": "4",
        "timeUnit": "일"
      },
      "nthSession": "4",
      "numberOfUtterances": "14",
      "numberOfTurns": "7",
      "sessionID": "4-00275-4",
      "dialog": [
        {
          "speaker": "speaker1",
          "personaID": "01903",
          "participantID": "0156",
          "utterance": "친구야~ 주말인데 뭐하니? 나는 시골가고있어~",
          "summary": "",
          "date": "2022-09-22",
          "time": "22:41:37",
          "terminate": "false"
        },
        {
          "speaker": "speaker2",
          "personaID": "01870",
          "participantID": "0449",
          "utterance": "정말? 시골에는 무슨일로? 여행간거야?",
          "summary": "",
          "date": "2022-09-22",
          "time": "22:41:49",
          "terminate": "false"
        },
        {
          "speaker": "speaker1",
          "personaID": "01903",
          "participantID": "0156",
          "utterance": "우리 아빠가 농사를 짓거든~ 그래서 도와주러가는 길이야 넌 뭐해?",
          "summary": "나의 아버지는 농사일을 한다.",
          "date": "2022-09-22",
          "time": "22:42:03",
          "terminate": "false"
        },
        {
          "speaker": "speaker2",
          "personaID": "01870",
          "participantID": "0449",
          "utterance": "나는 오늘 남자친구 만나서 여행 계획짜기로 했어!",
          "summary": "나는 오늘 남자 친구와 여행 계획을 짤 것이다.",
          "date": "2022-09-22",
          "time": "22:42:20",
          "terminate": "false"
        },
        {
          "speaker": "speaker1",
          "personaID": "01903",
          "participantID": "0156",
          "utterance": "오 너 여행을 자주간다고했지~ 이번에 어디로 가?",
          "summary": "",
          "date": "2022-09-22",
          "time": "22:42:39",
          "terminate": "false"
        },
        {
          "speaker": "speaker2",
          "personaID": "01870",
          "participantID": "0449",
          "utterance": "나는 한달에 한번은 꼭 국내여행을 가야해서 이번에는 부산가려고!",
          "summary": "나는 한 달에 한 번은 꼭 국내 여행을 간다.",
          "date": "2022-09-22",
          "time": "22:43:00",
          "terminate": "false"
        },
        {
          "speaker": "speaker1",
          "personaID": "01903",
          "participantID": "0156",
          "utterance": "아그래? 부럽다.. 부산가서 뭐할려고? 뭐먹을거야?",
          "summary": "",
          "date": "2022-09-22",
          "time": "22:43:10",
          "terminate": "false"
        },
        {
          "speaker": "speaker2",
          "personaID": "01870",
          "participantID": "0449",
          "utterance": "해운대 암소갈비라고알아? 그거 엄청 유명한맛집인데 그거 꼭먹을거야!",
          "summary": "나는 부산 맛집 해운대 암소갈비를 꼭 갈 것이다.",
          "date": "2022-09-22",
          "time": "22:43:29",
          "terminate": "false"
        },
        {
          "speaker": "speaker1",
          "personaID": "01903",
          "participantID": "0156",
          "utterance": "우와.. 이름만들어도 맛있을거같아..진짜 부럽다..",
          "summary": "",
          "date": "2022-09-22",
          "time": "22:43:43",
          "terminate": "false"
        },
        {
          "speaker": "speaker2",
          "personaID": "01870",
          "participantID": "0449",
          "utterance": "그치 나랑 남자친구랑 먹는걸 엄청 좋아하거든!",
          "summary": "",
          "date": "2022-09-22",
          "time": "22:44:03",
          "terminate": "false"
        },
        {
          "speaker": "speaker1",
          "personaID": "01903",
          "participantID": "0156",
          "utterance": "난 언제쯤 남자친구가 생기고 언제쯤 여행을 가보려나..",
          "summary": "",
          "date": "2022-09-22",
          "time": "22:43:57",
          "terminate": "false"
        },
        {
          "speaker": "speaker2",
          "personaID": "01870",
          "participantID": "0449",
          "utterance": "곧생길꺼야! 너는 이쁘게 생겼을거 같은데 왜 남친이 없어?",
          "summary": "",
          "date": "2022-09-22",
          "time": "22:44:17",
          "terminate": "false"
        },
        {
          "speaker": "speaker1",
          "personaID": "01903",
          "participantID": "0156",
          "utterance": "그냥 안물어봤으면 좋겠네~ 나 시골 도착해서 깨좀 털고올게!",
          "summary": "나는 시골에서 깨를 턴다.",
          "date": "2022-09-22",
          "time": "22:44:36",
          "terminate": "false"
        },
        {
          "speaker": "speaker2",
          "personaID": "01870",
          "participantID": "0449",
          "utterance": "그렇구나! 미안 알겠어 잘 다녀와! 다음에 연락하자^^",
          "summary": "",
          "date": "2022-09-22",
          "time": "22:44:56",
          "terminate": "true"
        }
      ],
      "sessionPersonaSummary": {
        "speaker1": [
          "나의 아버지는 농사일을 한다.",
          "나는 시골에서 깨를 턴다."
        ],
        "speaker2": [
          "나는 오늘 남자 친구와 여행 계획을 짤 것이다.",
          "나는 한 달에 한 번은 꼭 국내 여행을 간다.",
          "나는 부산 맛집 해운대 암소갈비를 꼭 갈 것이다."
        ]
      },
      "prevAggregatedpersonaSummary": {
        "speaker1": [
          "나는 20대 여자이다.",
          "나의 거주지는 전주이다.",
          "나는 회사원이다.",
          "나는 저녁에 친구를 만난다.",
          "나는 맛있는 거 먹으면서 스트레스를 푼다.",
          "나는 에어로빅을 싫어한다.",
          "나는 몸치이다."
        ],
        "speaker2": [
          "나는 20대 여자이다.",
          "나의 거주지는 충청도이다.",
          "나는 전주로 여행을 많이 갔다.",
          "나의 남자 친구는 전주 사람이다.",
          "나는 잘생긴 사람을 별로 안 좋아한다.",
          "나는 네일아트 직원이다.",
          "나는 일을 하다가 뺨을 맞았다.",
          "나는 운동을 할 것이다.",
          "나는 달리기를 자주 한다.",
          "나는 신나는 음악을 좋아해서 에어로빅이 좋다.",
          "나는 집에서 음악 틀고 춤을 춘다."
        ]
      }
    }
  ]
}