{
  "FileInfo": {
    "filename": "K4-00351-CL30334-CP42113-09-03-S4.json",
    "sessionLevel": "4"
  },
  "participantsInfo": {
    "numberOfParticipants": "2",
    "speaker1": {
      "participantID": "3262",
      "gender": "남성",
      "age": "20대",
      "occupation": "학생",
      "bPlace": "서울/경기/인천",
      "gPlace": "서울/경기/인천",
      "rPlace": "서울/경기/인천",
      "educationLevel": "고졸"
    },
    "speaker2": {
      "participantID": "3101",
      "gender": "여성",
      "age": "40대",
      "occupation": "주부",
      "bPlace": "대전/세종/충청/강원",
      "gPlace": "대전/세종/충청/강원",
      "rPlace": "광주/전라/제주",
      "educationLevel": "고졸"
    }
  },
  "multisessionInfo": {
    "multisessionID": "4-00351"
  },
  "personaInfo": {
    "clInfo": {
      "personaID": "30334",
      "personaFeatures": [
        "나는 남자이다.",
        "나는 30대이다.",
        "나는 도서관 사서이다",
        "나는 칠레에 가봤다",
        "나는 바나나를 싫어한다"
      ],
      "speakerType": "speaker1"
    },
    "cpInfo": {
      "personaID": "42113",
      "personaFeatures": [
        "나는 여자이다.",
        "나는 40대이다.",
        "나는 세관원이다",
        "내가 가장 설레던 때는 비행기를 탈 때이다",
        "나는 플루트 연주를 배우고 있다"
      ],
      "speakerType": "speaker2"
    }
  },
  "topicInfo": {
    "topicID": "09-03",
    "topicType": "개인 및 관계>반려동물",
    "topicTitle": "반려동물"
  },
  "sessionInfo": [
    {
      "prevSessionID": null,
      "prevTimeInfo": {
        "timeNum": null,
        "timeUnit": null
      },
      "nthSession": "1",
      "numberOfUtterances": "14",
      "numberOfTurns": "7",
      "sessionID": "4-00351-1",
      "dialog": [
        {
          "speaker": "speaker1",
          "personaID": "30334",
          "participantID": "3262",
          "utterance": "안녕하세요 저는 30대 남성입니다.",
          "summary": "나는 남자이다. 나는 30대이다.",
          "date": "2022-10-08",
          "time": "09:41:30",
          "terminate": "false"
        },
        {
          "speaker": "speaker2",
          "personaID": "42113",
          "participantID": "3101",
          "utterance": "안녕하세요 저는40대 세관원직업을 가진 여성이에요",
          "summary": "나는 세관원이다. 나는 여자이다. 나는 40대이다.",
          "date": "2022-10-08",
          "time": "11:17:46",
          "terminate": "false"
        },
        {
          "speaker": "speaker1",
          "personaID": "30334",
          "participantID": "3262",
          "utterance": "네 반가워요! 세관원이라니 멋진 직업을 갖고 계시네요. 저는 도서관 사서로 일하고 있답니다. C 님은 싫어하시는 음식이 있으신가요? 저는 바나나가 특유의 향때문에 그렇게 싫더라고요",
          "summary": "나는 도서관 사서이다. 나는 바나나를 싫어한다",
          "date": "2022-10-08",
          "time": "12:15:07",
          "terminate": "false"
        },
        {
          "speaker": "speaker2",
          "personaID": "42113",
          "participantID": "3101",
          "utterance": "사서면 다양책을 많이 접하시겠네요 저는 감을 싫어해요",
          "summary": "나는 감을 싫어한다.",
          "date": "2022-10-08",
          "time": "12:38:58",
          "terminate": "false"
        },
        {
          "speaker": "speaker1",
          "personaID": "30334",
          "participantID": "3262",
          "utterance": "그렇군요! 감의 떫은맛을 싫어하는 가끔 있더라고요. 취미로 즐겨하시는건 있으신가요? 저는 취미로 여행을 자주다녀요 최근에는 칠레에도 갔다왔답니다.",
          "summary": " 나는 칠레에 가봤다",
          "date": "2022-10-08",
          "time": "13:08:12",
          "terminate": "false"
        },
        {
          "speaker": "speaker2",
          "personaID": "42113",
          "participantID": "3101",
          "utterance": "취미로  플루트연주하는걸 배우고 있어요",
          "summary": "나는 플루트 연주를 배우고 있다",
          "date": "2022-10-08",
          "time": "13:17:54",
          "terminate": "false"
        },
        {
          "speaker": "speaker1",
          "personaID": "30334",
          "participantID": "3262",
          "utterance": "대단하시네요 플루트는 독학으로 배우신건가요?? 연주하기 힘든 악기라고 들어본 것 같아요.",
          "summary": "",
          "date": "2022-10-08",
          "time": "13:29:11",
          "terminate": "false"
        },
        {
          "speaker": "speaker2",
          "personaID": "42113",
          "participantID": "3101",
          "utterance": "아니요 독학으로 못하죠 문화센터에서 배워요",
          "summary": "나는 문화센터에서 플루트를 배운다.",
          "date": "2022-10-08",
          "time": "13:37:49",
          "terminate": "false"
        },
        {
          "speaker": "speaker1",
          "personaID": "30334",
          "participantID": "3262",
          "utterance": "그렇군요 멋진 취미를 갖고 계시네요. 나중에 들려주실 수 있으신가요?",
          "summary": "",
          "date": "2022-10-08",
          "time": "13:41:36",
          "terminate": "false"
        },
        {
          "speaker": "speaker2",
          "personaID": "42113",
          "participantID": "3101",
          "utterance": "그럴기회가 있음 그러고 싶네요",
          "summary": "",
          "date": "2022-10-08",
          "time": "13:51:15",
          "terminate": "false"
        },
        {
          "speaker": "speaker1",
          "personaID": "30334",
          "participantID": "3262",
          "utterance": "악기에 관심이 있으실 것 같은데 연주회 같은곳은 안가시나요??",
          "summary": "",
          "date": "2022-10-08",
          "time": "14:01:50",
          "terminate": "false"
        },
        {
          "speaker": "speaker2",
          "personaID": "42113",
          "participantID": "3101",
          "utterance": "연주회갈때랑 비행기 탈때가 가장 설레요",
          "summary": "내가 가장 설레던 때는 비행기를 탈 때이다",
          "date": "2022-10-08",
          "time": "14:16:56",
          "terminate": "false"
        },
        {
          "speaker": "speaker1",
          "personaID": "30334",
          "participantID": "3262",
          "utterance": "그렇군요 비행기를 탈때는 언제나 설레죠. 다음에 뵐 수 있었으면 좋겠네요",
          "summary": "",
          "date": "2022-10-08",
          "time": "14:25:39",
          "terminate": "false"
        },
        {
          "speaker": "speaker2",
          "personaID": "42113",
          "participantID": "3101",
          "utterance": "네~~  다음에 정말 뵐수 있었음 좋겠네요",
          "summary": "",
          "date": "2022-10-08",
          "time": "14:39:44",
          "terminate": "true"
        }
      ],
      "sessionPersonaSummary": {
        "speaker1": [
          "나는 남자이다. 나는 30대이다.",
          "나는 도서관 사서이다.",
          "나는 바나나를 싫어한다",
          "나는 칠레에 가봤다"
        ],
        "speaker2": [
          "나는 세관원이다. 나는 여자이다. 나는 40대이다.",
          "나는 감을 싫어한다.",
          "나는 플루트 연주를 배우고 있다",
          "나는 문화센터에서 플루트를 배운다.",
          "내가 가장 설레던 때는 비행기를 탈 때이다"
        ]
      },
      "prevAggregatedpersonaSummary": {
        "speaker1": [],
        "speaker2": []
      }
    },
    {
      "prevSessionID": "4-00351-1",
      "prevTimeInfo": {
        "timeNum": "6",
        "timeUnit": "주"
      },
      "nthSession": "2",
      "numberOfUtterances": "14",
      "numberOfTurns": "7",
      "sessionID": "4-00351-2",
      "dialog": [
        {
          "speaker": "speaker1",
          "personaID": "30334",
          "participantID": "3262",
          "utterance": "안녕하세요 오랜만에 연락드렸어요! 그동안 잘 지내셨나요??",
          "summary": "",
          "date": "2022-10-08",
          "time": "22:40:29",
          "terminate": "false"
        },
        {
          "speaker": "speaker2",
          "personaID": "42113",
          "participantID": "3101",
          "utterance": "6주나 지났네요.정말 오랜만이네요 잘 지냈습니다",
          "summary": "",
          "date": "2022-10-08",
          "time": "23:09:19",
          "terminate": "false"
        },
        {
          "speaker": "speaker1",
          "personaID": "30334",
          "participantID": "3262",
          "utterance": "그러게요~ 그동안 무엇을 하시면서 지내셨나요??",
          "summary": "",
          "date": "2022-10-08",
          "time": "23:48:39",
          "terminate": "false"
        },
        {
          "speaker": "speaker2",
          "personaID": "42113",
          "participantID": "3101",
          "utterance": "그동안 강아지를 키워보려고 생각중이예요",
          "summary": "나는 강아지를 키워 볼 생각이다.",
          "date": "2022-10-09",
          "time": "09:15:52",
          "terminate": "false"
        },
        {
          "speaker": "speaker1",
          "personaID": "30334",
          "participantID": "3262",
          "utterance": "오! 좋은 생각이시네요 어떤 종 알아보셨나요?",
          "summary": "",
          "date": "2022-10-09",
          "time": "09:26:36",
          "terminate": "false"
        },
        {
          "speaker": "speaker2",
          "personaID": "42113",
          "participantID": "3101",
          "utterance": "귀여운 포메라니안종으로 알아보려근요",
          "summary": "나는 귀여운 포메라니안종으로 알아보고 있다.",
          "date": "2022-10-09",
          "time": "10:34:01",
          "terminate": "false"
        },
        {
          "speaker": "speaker1",
          "personaID": "30334",
          "participantID": "3262",
          "utterance": "포메라이안 좋네요! 복실복실한게 정말 귀엽더라고요. 저희집은 시츄를 키우고 있어요. 반려동물에 대해서 궁금한게 있으시면 물어보세요!",
          "summary": "나는 시츄를 키우고 있다",
          "date": "2022-10-09",
          "time": "10:35:16",
          "terminate": "false"
        },
        {
          "speaker": "speaker2",
          "personaID": "42113",
          "participantID": "3101",
          "utterance": "아직 키워보진않았지만 주위보면 강아지 산책을 꼭 시켜줘야되나봐요",
          "summary": "",
          "date": "2022-10-09",
          "time": "11:01:21",
          "terminate": "false"
        },
        {
          "speaker": "speaker1",
          "personaID": "30334",
          "participantID": "3262",
          "utterance": "네 하루에 3번 정도는 꼭 시켜주어야 해요. 그래야지 몸도 건강해지고 활발해진답니다.",
          "summary": "",
          "date": "2022-10-09",
          "time": "12:43:38",
          "terminate": "false"
        },
        {
          "speaker": "speaker2",
          "personaID": "42113",
          "participantID": "3101",
          "utterance": "그렇군요 ~또  목욕관련 먹는거 등등 준비할게 많은것같아요",
          "summary": "",
          "date": "2022-10-09",
          "time": "12:51:37",
          "terminate": "false"
        },
        {
          "speaker": "speaker1",
          "personaID": "30334",
          "participantID": "3262",
          "utterance": "아기 돌보는거랑 비슷하다고 보시면 될 것 같아요. ",
          "summary": "",
          "date": "2022-10-09",
          "time": "13:02:21",
          "terminate": "false"
        },
        {
          "speaker": "speaker2",
          "personaID": "42113",
          "participantID": "3101",
          "utterance": "그러니까요 아기키우는것 같을것같아요",
          "summary": "나는 강아지를 키우는 게 마치 아기를 키우는 것과 같을 거라고 생각한다.",
          "date": "2022-10-09",
          "time": "14:01:19",
          "terminate": "false"
        },
        {
          "speaker": "speaker1",
          "personaID": "30334",
          "participantID": "3262",
          "utterance": "키우면서 힘들때도 있지만 즐거웠던 기억이 훨씬 많았던 것 같아요. 후회하지 않으실거에요",
          "summary": "나는 반려견 키우면서 즐거웠던 기억이 있다",
          "date": "2022-10-09",
          "time": "19:05:01",
          "terminate": "false"
        },
        {
          "speaker": "speaker2",
          "personaID": "42113",
          "participantID": "3101",
          "utterance": "그렇군요 생각좀 해봐야겠네요 전이만 저녁 먹으러 갈께요",
          "summary": "",
          "date": "2022-10-09",
          "time": "19:24:49",
          "terminate": "true"
        }
      ],
      "sessionPersonaSummary": {
        "speaker1": [
          "나는 시츄를 키우고 있다",
          "나는 반려견 키우면서 즐거웠던 기억이 있다"
        ],
        "speaker2": [
          "나는 강아지를 키워 볼 생각이다.",
          "나는 귀여운 포메라니안종으로 알아보고 있다.",
          "나는 강아지를 키우는 게 마치 아기를 키우는 것과 같을 거라고 생각한다."
        ]
      },
      "prevAggregatedpersonaSummary": {
        "speaker1": [
          "나는 남자이다. 나는 30대이다.",
          "나는 도서관 사서이다.",
          "나는 바나나를 싫어한다",
          "나는 칠레에 가봤다"
        ],
        "speaker2": [
          "나는 세관원이다. 나는 여자이다. 나는 40대이다.",
          "나는 감을 싫어한다.",
          "나는 플루트 연주를 배우고 있다",
          "나는 문화센터에서 플루트를 배운다.",
          "내가 가장 설레던 때는 비행기를 탈 때이다"
        ]
      }
    },
    {
      "prevSessionID": "4-00351-2",
      "prevTimeInfo": {
        "timeNum": "1",
        "timeUnit": "주"
      },
      "nthSession": "3",
      "numberOfUtterances": "14",
      "numberOfTurns": "7",
      "sessionID": "4-00351-3",
      "dialog": [
        {
          "speaker": "speaker1",
          "personaID": "30334",
          "participantID": "3262",
          "utterance": "안녕하세요 일주일만에 다시 연락드렸어요 잘 지내시나요",
          "summary": "",
          "date": "2022-10-09",
          "time": "19:44:51",
          "terminate": "false"
        },
        {
          "speaker": "speaker2",
          "personaID": "42113",
          "participantID": "3101",
          "utterance": "네~  오랜만이네요.  잘 지냈습니다",
          "summary": "",
          "date": "2022-10-09",
          "time": "19:46:17",
          "terminate": "false"
        },
        {
          "speaker": "speaker1",
          "personaID": "30334",
          "participantID": "3262",
          "utterance": "반가워요! 요즘은 별일 없으신가요?",
          "summary": "",
          "date": "2022-10-09",
          "time": "19:47:16",
          "terminate": "false"
        },
        {
          "speaker": "speaker2",
          "personaID": "42113",
          "participantID": "3101",
          "utterance": "네  특별히 별일이 없는것같네요",
          "summary": "나는 요즘 별 일 없이 지내고 있다.",
          "date": "2022-10-09",
          "time": "20:05:01",
          "terminate": "false"
        },
        {
          "speaker": "speaker1",
          "personaID": "30334",
          "participantID": "3262",
          "utterance": "저번에 말씀하신 강아지는 어떻게 됐나요?? 키우고 계신가요",
          "summary": "",
          "date": "2022-10-09",
          "time": "21:25:43",
          "terminate": "false"
        },
        {
          "speaker": "speaker2",
          "personaID": "42113",
          "participantID": "3101",
          "utterance": "아니요 아직이구요 마땅한 강아지를 못찾았네요",
          "summary": "나는 마땅한 강아지를 아직 못 찾았다.",
          "date": "2022-10-09",
          "time": "22:00:35",
          "terminate": "false"
        },
        {
          "speaker": "speaker1",
          "personaID": "30334",
          "participantID": "3262",
          "utterance": "그렇군요. 저번에 포메라니안종으로 알아보신다고 한 것 같은데 별로인가요?",
          "summary": "",
          "date": "2022-10-09",
          "time": "22:07:47",
          "terminate": "false"
        },
        {
          "speaker": "speaker2",
          "personaID": "42113",
          "participantID": "3101",
          "utterance": "맘에 드는 강아지를 찾지 못했어요",
          "summary": "나는 맘에 드는 강아지를 못 찾았다.",
          "date": "2022-10-09",
          "time": "22:09:48",
          "terminate": "false"
        },
        {
          "speaker": "speaker1",
          "personaID": "30334",
          "participantID": "3262",
          "utterance": "음.. 그러시군요 원하시는 조건이 있으신가요?",
          "summary": "",
          "date": "2022-10-09",
          "time": "22:11:26",
          "terminate": "false"
        },
        {
          "speaker": "speaker2",
          "personaID": "42113",
          "participantID": "3101",
          "utterance": "봤을때  딱 느낌이나 한눈에 이  강아지다 하는 강아지요",
          "summary": "",
          "date": "2022-10-09",
          "time": "22:13:19",
          "terminate": "false"
        },
        {
          "speaker": "speaker1",
          "personaID": "30334",
          "participantID": "3262",
          "utterance": "유기견 보호소에도 가보셨나요?? 여기도 한번 가보시는 걸 추천드려요 ",
          "summary": "나는 유기견 보호소 가는 걸 추천한다",
          "date": "2022-10-09",
          "time": "22:16:38",
          "terminate": "false"
        },
        {
          "speaker": "speaker2",
          "personaID": "42113",
          "participantID": "3101",
          "utterance": "아직 안가봤는데  참고 하겠습니다",
          "summary": "",
          "date": "2022-10-09",
          "time": "22:19:00",
          "terminate": "false"
        },
        {
          "speaker": "speaker1",
          "personaID": "30334",
          "participantID": "3262",
          "utterance": "하루빨리 마음에 드는 강아지를 찾으셨으면 좋겠네요! 행운을 빌게요",
          "summary": "",
          "date": "2022-10-09",
          "time": "22:21:32",
          "terminate": "false"
        },
        {
          "speaker": "speaker2",
          "personaID": "42113",
          "participantID": "3101",
          "utterance": "감사합니다~~  전 이만  자야할것 같네요",
          "summary": "",
          "date": "2022-10-09",
          "time": "22:30:29",
          "terminate": "true"
        }
      ],
      "sessionPersonaSummary": {
        "speaker1": [
          "나는 유기견 보호소 가는 걸 추천한다"
        ],
        "speaker2": [
          "나는 요즘 별 일 없이 지내고 있다.",
          "나는 마땅한 강아지를 아직 못 찾았다.",
          "나는 맘에 드는 강아지를 못 찾았다."
        ]
      },
      "prevAggregatedpersonaSummary": {
        "speaker1": [
          "나는 남자이다. 나는 30대이다.",
          "나는 도서관 사서이다.",
          "나는 바나나를 싫어한다",
          "나는 칠레에 가봤다",
          "나는 시츄를 키우고 있다",
          "나는 반려견 키우면서 즐거웠던 기억이 있다"
        ],
        "speaker2": [
          "나는 세관원이다. 나는 여자이다. 나는 40대이다.",
          "나는 감을 싫어한다.",
          "나는 플루트 연주를 배우고 있다",
          "나는 문화센터에서 플루트를 배운다.",
          "내가 가장 설레던 때는 비행기를 탈 때이다",
          "나는 강아지를 키워 볼 생각이다.",
          "나는 귀여운 포메라니안종으로 알아보고 있다.",
          "나는 강아지를 키우는 게 마치 아기를 키우는 것과 같을 거라고 생각한다."
        ]
      }
    },
    {
      "prevSessionID": "4-00351-3",
      "prevTimeInfo": {
        "timeNum": "6",
        "timeUnit": "일"
      },
      "nthSession": "4",
      "numberOfUtterances": "14",
      "numberOfTurns": "7",
      "sessionID": "4-00351-4",
      "dialog": [
        {
          "speaker": "speaker1",
          "personaID": "30334",
          "participantID": "3262",
          "utterance": "안녕하세요~ 6일 만이네요 원하시는 강아지는 찾으셨나요?",
          "summary": "",
          "date": "2022-10-09",
          "time": "22:38:20",
          "terminate": "false"
        },
        {
          "speaker": "speaker2",
          "personaID": "42113",
          "participantID": "3101",
          "utterance": "거의 일주일 만이네요 후보에 몇마리 생각에 뒀어요",
          "summary": "나는 후보에 몇 마리의 강아지를 생각해 두었다.",
          "date": "2022-10-09",
          "time": "22:41:19",
          "terminate": "false"
        },
        {
          "speaker": "speaker1",
          "personaID": "30334",
          "participantID": "3262",
          "utterance": "오 그러시군요! 저번에 제가 말했던 유기견 보호소는 갔다 와보셨나요??",
          "summary": "",
          "date": "2022-10-09",
          "time": "22:42:04",
          "terminate": "false"
        },
        {
          "speaker": "speaker2",
          "personaID": "42113",
          "participantID": "3101",
          "utterance": "네~  가봤어요 거기서 작은 강아지 눈여겨 봤네요",
          "summary": "나는 유기견 보호소에서 작은 강아지를 눈여겨보았다.",
          "date": "2022-10-09",
          "time": "22:43:33",
          "terminate": "false"
        },
        {
          "speaker": "speaker1",
          "personaID": "30334",
          "participantID": "3262",
          "utterance": "제가 키우는 시츄도 유기견 보호소에서 입양했거든요! 처음에는 그동안 상처를 많이 받아서 그런지 사람을 무서워했었는데 지금은 저를 정말 잘 따라요",
          "summary": "나는 시츄 유기견 보호소에서 입양했다",
          "date": "2022-10-09",
          "time": "22:46:23",
          "terminate": "false"
        },
        {
          "speaker": "speaker2",
          "personaID": "42113",
          "participantID": "3101",
          "utterance": "좋은일 하셨네요 저도 그럼 이쪽에서 봐둔 강아지를 생각해봐야겠어요",
          "summary": "",
          "date": "2022-10-09",
          "time": "22:47:49",
          "terminate": "false"
        },
        {
          "speaker": "speaker1",
          "personaID": "30334",
          "participantID": "3262",
          "utterance": "좋은 선택이에요 강아지도 분명 기쁠 거예요",
          "summary": "",
          "date": "2022-10-09",
          "time": "22:48:36",
          "terminate": "false"
        },
        {
          "speaker": "speaker2",
          "personaID": "42113",
          "participantID": "3101",
          "utterance": "ㅎㅎ며칠후에 데려와야 겠어요 집에서 키울준비도 해놓고요",
          "summary": "나는 며칠 후에 강아지를 데려올 생각이다.",
          "date": "2022-10-09",
          "time": "22:50:34",
          "terminate": "false"
        },
        {
          "speaker": "speaker1",
          "personaID": "30334",
          "participantID": "3262",
          "utterance": "혹시 강아지 이름은 정하셨나요?? 궁금하네요",
          "summary": "",
          "date": "2022-10-09",
          "time": "22:52:52",
          "terminate": "false"
        },
        {
          "speaker": "speaker2",
          "personaID": "42113",
          "participantID": "3101",
          "utterance": "몇개 생각해놓게 있어요( @이름@,이름)",
          "summary": "나는 강아지의 이름을 몇 개 생각해 두었다( @이름@, 이름)",
          "date": "2022-10-09",
          "time": "22:55:53",
          "terminate": "false"
        },
        {
          "speaker": "speaker1",
          "personaID": "30334",
          "participantID": "3262",
          "utterance": "둘 다 귀여운 이름들이네요! 저는 @이름@가 괜찮은 것 같은데요??",
          "summary": "",
          "date": "2022-10-09",
          "time": "22:56:33",
          "terminate": "false"
        },
        {
          "speaker": "speaker2",
          "personaID": "42113",
          "participantID": "3101",
          "utterance": "포메라니안종에 어울리는 이름 같아요",
          "summary": "",
          "date": "2022-10-09",
          "time": "22:57:42",
          "terminate": "false"
        },
        {
          "speaker": "speaker1",
          "personaID": "30334",
          "participantID": "3262",
          "utterance": "네 맞아요! 앞으로 강아지랑 좋은 추억 쌓으셨으면 좋겠네요",
          "summary": "",
          "date": "2022-10-09",
          "time": "22:59:06",
          "terminate": "false"
        },
        {
          "speaker": "speaker2",
          "personaID": "42113",
          "participantID": "3101",
          "utterance": "네~~  그럼 이만 자러갈께요",
          "summary": "",
          "date": "2022-10-09",
          "time": "23:00:12",
          "terminate": "true"
        }
      ],
      "sessionPersonaSummary": {
        "speaker1": [
          "나는 시츄 유기견 보호소에서 입양했다"
        ],
        "speaker2": [
          "나는 후보에 몇 마리의 강아지를 생각해 두었다.",
          "나는 유기견 보호소에서 작은 강아지를 눈여겨보았다.",
          "나는 며칠 후에 강아지를 데려올 생각이다.",
          "나는 강아지의 이름을 몇 개 생각해 두었다( @이름@, 이름)"
        ]
      },
      "prevAggregatedpersonaSummary": {
        "speaker1": [
          "나는 남자이다. 나는 30대이다.",
          "나는 도서관 사서이다.",
          "나는 바나나를 싫어한다",
          "나는 칠레에 가봤다",
          "나는 시츄를 키우고 있다",
          "나는 반려견 키우면서 즐거웠던 기억이 있다",
          "나는 유기견 보호소 가는 걸 추천한다"
        ],
        "speaker2": [
          "나는 세관원이다. 나는 여자이다. 나는 40대이다.",
          "나는 감을 싫어한다.",
          "나는 플루트 연주를 배우고 있다",
          "나는 문화센터에서 플루트를 배운다.",
          "내가 가장 설레던 때는 비행기를 탈 때이다",
          "나는 강아지를 키워 볼 생각이다.",
          "나는 귀여운 포메라니안종으로 알아보고 있다.",
          "나는 강아지를 키우는 게 마치 아기를 키우는 것과 같을 거라고 생각한다.",
          "나는 요즘 별 일 없이 지내고 있다.",
          "나는 마땅한 강아지를 아직 못 찾았다.",
          "나는 맘에 드는 강아지를 못 찾았다."
        ]
      }
    }
  ]
}