{
  "FileInfo": {
    "filename": "K4-00117-CL67286-CP67927-03-07-S4.json",
    "sessionLevel": "4"
  },
  "participantsInfo": {
    "numberOfParticipants": "2",
    "speaker1": {
      "participantID": "20547",
      "gender": "여성",
      "age": "20대",
      "occupation": "무직",
      "bPlace": "서울/경기/인천",
      "gPlace": "서울/경기/인천",
      "rPlace": "서울/경기/인천",
      "educationLevel": "고졸"
    },
    "speaker2": {
      "participantID": "20031",
      "gender": "여성",
      "age": "20대",
      "occupation": "기능직",
      "bPlace": "부산/대구/울산/경상",
      "gPlace": "부산/대구/울산/경상",
      "rPlace": "부산/대구/울산/경상",
      "educationLevel": "대졸"
    }
  },
  "multisessionInfo": {
    "multisessionID": "4-00117"
  },
  "personaInfo": {
    "clInfo": {
      "personaID": "67286",
      "personaFeatures": [
        "나는 여자이다.",
        "나는 20대이다.",
        "나는 1년 전에 SNS를 시작했다.",
        "나는 혈액형이 O형이다.",
        "나는 요즘, 자주 남의 시선이 의식된다.",
        "나는 핸드폰 게임에 관심 없다."
      ],
      "speakerType": "speaker1"
    },
    "cpInfo": {
      "personaID": "67927",
      "personaFeatures": [
        "나는 여자이다.",
        "나는 20대이다.",
        "나는 TV 드라마를 가끔 본다.",
        "나는 가끔 해외여행을 한다.",
        "나는 항상 감사하다.",
        "나는 딸기를 좋아한다.",
        "나는 혈액형이 AB형이다."
      ],
      "speakerType": "speaker2"
    }
  },
  "topicInfo": {
    "topicID": "03-07",
    "topicType": "교통",
    "topicTitle": "KTX"
  },
  "sessionInfo": [
    {
      "prevSessionID": null,
      "prevTimeInfo": {
        "timeNum": null,
        "timeUnit": null
      },
      "nthSession": "1",
      "numberOfUtterances": "14",
      "numberOfTurns": "7",
      "sessionID": "4-00117-1",
      "dialog": [
        {
          "speaker": "speaker1",
          "personaID": "67286",
          "participantID": "20547",
          "utterance": "반가워요~ 저는 20대 여자입니다~ 즐겁게 대화 나눠봐요^^",
          "summary": "나는 20대 여성이다.",
          "date": "2022-11-21",
          "time": "23:46:46",
          "terminate": "false"
        },
        {
          "speaker": "speaker2",
          "personaID": "67927",
          "participantID": "20031",
          "utterance": "반가워요 저도 20대 여자입니다 우리 편한대화 나눠봐요^^",
          "summary": "나는 20대 여성이다.",
          "date": "2022-11-21",
          "time": "23:46:48",
          "terminate": "false"
        },
        {
          "speaker": "speaker1",
          "personaID": "67286",
          "participantID": "20547",
          "utterance": "제가 요즘 자주 남의 시선이 의식되는데... 저만 그런가요?",
          "summary": "나는 요즘, 자주 남의 시선이 의식된다.",
          "date": "2022-11-21",
          "time": "23:49:08",
          "terminate": "false"
        },
        {
          "speaker": "speaker2",
          "personaID": "67927",
          "participantID": "20031",
          "utterance": "하하 저는 AB형이라 그런지 남 신경을 잘 안쓰게 돼요.",
          "summary": "나는 혈액형이 AB형이다 나는 남 신경을 안 쓴다.",
          "date": "2022-11-21",
          "time": "23:49:24",
          "terminate": "false"
        },
        {
          "speaker": "speaker1",
          "personaID": "67286",
          "participantID": "20547",
          "utterance": "부럽네요 그런 성격.. 저는 O형인데.. 왜이렇게 남을 의식할까요?ㅠㅠ.",
          "summary": "나의 혈액형은 O형이다.",
          "date": "2022-11-21",
          "time": "23:49:33",
          "terminate": "false"
        },
        {
          "speaker": "speaker2",
          "personaID": "67927",
          "participantID": "20031",
          "utterance": "하하 타고나야해요 그래서 저는 이런 제 성격을 주신 부모님께 항상 감사해요~",
          "summary": "나는 항상 감사하다.",
          "date": "2022-11-21",
          "time": "23:49:51",
          "terminate": "false"
        },
        {
          "speaker": "speaker1",
          "personaID": "67286",
          "participantID": "20547",
          "utterance": "이제와서.. 성격을 고칠 수는 없겠죠..?",
          "summary": "",
          "date": "2022-11-21",
          "time": "23:50:22",
          "terminate": "false"
        },
        {
          "speaker": "speaker2",
          "personaID": "67927",
          "participantID": "20031",
          "utterance": "맞아요~ 선천적이다보니~ 너무 걱정마요^^ 취미얘기해봐요 우리 님은 취미가 뭔가요?",
          "summary": "",
          "date": "2022-11-21",
          "time": "23:50:32",
          "terminate": "false"
        },
        {
          "speaker": "speaker1",
          "personaID": "67286",
          "participantID": "20547",
          "utterance": "음.. 저는 1년 전에 SNS를 시작했는데 이게 지금 취미인데.. sns하면서부터.. 남을 의식하게 된 것 같아요ㅠㅠ.",
          "summary": "나는 1년 전에 @브랜드명1@를 시작했다.",
          "date": "2022-11-21",
          "time": "23:51:04",
          "terminate": "false"
        },
        {
          "speaker": "speaker2",
          "personaID": "67927",
          "participantID": "20031",
          "utterance": "님의 성격의 큰 문제가 SNS가 아닐까요? 저는 그렇게 생각하거든요~",
          "summary": "",
          "date": "2022-11-21",
          "time": "23:51:26",
          "terminate": "false"
        },
        {
          "speaker": "speaker1",
          "personaID": "67286",
          "participantID": "20547",
          "utterance": "저도 그렇게 생각해요...ㅠ님은 sns안하시나요?",
          "summary": "",
          "date": "2022-11-21",
          "time": "23:51:47",
          "terminate": "false"
        },
        {
          "speaker": "speaker2",
          "personaID": "67927",
          "participantID": "20031",
          "utterance": "저는 가끔 해외여해을 다니는데~ 사진은 전혀 안올리거든요.",
          "summary": "나는 가끔 해외여행을 한다.",
          "date": "2022-11-21",
          "time": "23:51:58",
          "terminate": "false"
        },
        {
          "speaker": "speaker1",
          "personaID": "67286",
          "participantID": "20547",
          "utterance": "왜 안올리세요? 그런건 다 자랑해야하는 거 아닌가요?ㅎㅎ.",
          "summary": "",
          "date": "2022-11-21",
          "time": "23:52:15",
          "terminate": "false"
        },
        {
          "speaker": "speaker2",
          "personaID": "67927",
          "participantID": "20031",
          "utterance": "그러니까 님 성격이 문제인거같네요~ 저 잠시 외출좀 다녀올게요.",
          "summary": "",
          "date": "2022-11-21",
          "time": "23:52:23",
          "terminate": "true"
        }
      ],
      "sessionPersonaSummary": {
        "speaker1": [
          "나는 20대 여성이다.",
          "나는 요즘, 자주 남의 시선이 의식된다.",
          "나의 혈액형은 O형이다.",
          "나는 1년 전에 @브랜드명1@를 시작했다."
        ],
        "speaker2": [
          "나는 20대 여성이다.",
          "나는 혈액형이 AB형이다 나는 남 신경을 안 쓴다.",
          "나는 항상 감사하다.",
          "나는 가끔 해외여행을 한다."
        ]
      },
      "prevAggregatedpersonaSummary": {
        "speaker1": [],
        "speaker2": []
      }
    },
    {
      "prevSessionID": "4-00117-1",
      "prevTimeInfo": {
        "timeNum": "3",
        "timeUnit": "주"
      },
      "nthSession": "2",
      "numberOfUtterances": "14",
      "numberOfTurns": "7",
      "sessionID": "4-00117-2",
      "dialog": [
        {
          "speaker": "speaker1",
          "personaID": "67286",
          "participantID": "20547",
          "utterance": "3주만에 연락드려요~ 저 기억하시나요..? sns 관종인데...",
          "summary": "",
          "date": "2022-11-21",
          "time": "23:52:35",
          "terminate": "false"
        },
        {
          "speaker": "speaker2",
          "personaID": "67927",
          "participantID": "20031",
          "utterance": "아 관종이시군요! 3주동안 뭐하고 지냈어요!",
          "summary": "",
          "date": "2022-11-21",
          "time": "23:52:49",
          "terminate": "false"
        },
        {
          "speaker": "speaker1",
          "personaID": "67286",
          "participantID": "20547",
          "utterance": "저 그냥 생각 정리 좀 할겸 여행다니면서 지냈어요~",
          "summary": "나는 생각 정리를 할 겸 여행을 다니면서 지냈다.",
          "date": "2022-11-21",
          "time": "23:53:01",
          "terminate": "false"
        },
        {
          "speaker": "speaker2",
          "personaID": "67927",
          "participantID": "20031",
          "utterance": "잘하셨네요~ 어디로 여행을 다니셨어요? 사진올리려고 간건 아니죠?",
          "summary": "",
          "date": "2022-11-21",
          "time": "23:53:14",
          "terminate": "false"
        },
        {
          "speaker": "speaker1",
          "personaID": "67286",
          "participantID": "20547",
          "utterance": "그건.. 옵션인데ㅜ 최근에 여수 여행 다녀왔어요~ ktx 타구요..",
          "summary": "나는 최근에 여수를 다녀왔다.",
          "date": "2022-11-21",
          "time": "23:53:29",
          "terminate": "false"
        },
        {
          "speaker": "speaker2",
          "personaID": "67927",
          "participantID": "20031",
          "utterance": "아 여수엑스포 맞죠? 여수가 기차나 KTX로 가기 좋다고 하더라구요~",
          "summary": "",
          "date": "2022-11-21",
          "time": "23:53:41",
          "terminate": "false"
        },
        {
          "speaker": "speaker1",
          "personaID": "67286",
          "participantID": "20547",
          "utterance": "가보셨어요? 여수가 그렇게 좋은 도시인지 이제 알았네요!",
          "summary": "",
          "date": "2022-11-21",
          "time": "23:54:10",
          "terminate": "false"
        },
        {
          "speaker": "speaker2",
          "personaID": "67927",
          "participantID": "20031",
          "utterance": "제가 여수사람이거든요^^ 하하 여수자부심이 있어요~",
          "summary": "나는 여수사람이다.",
          "date": "2022-11-21",
          "time": "23:54:22",
          "terminate": "false"
        },
        {
          "speaker": "speaker1",
          "personaID": "67286",
          "participantID": "20547",
          "utterance": "어머.. 진짜요? 그럼 여수 갔을 때 연락할걸... 아쉽네요! 근데 엑스포역이 크게 있어서 여행가시기 편하겠어요!",
          "summary": "",
          "date": "2022-11-21",
          "time": "23:54:54",
          "terminate": "false"
        },
        {
          "speaker": "speaker2",
          "personaID": "67927",
          "participantID": "20031",
          "utterance": "그건맞아요~ 그래서 제가 국내여행을 자주다녀요^^",
          "summary": "나는 여수엑스포가 있어 국내여행을 자주 다닌다.",
          "date": "2022-11-21",
          "time": "23:55:18",
          "terminate": "false"
        },
        {
          "speaker": "speaker1",
          "personaID": "67286",
          "participantID": "20547",
          "utterance": "여행을 갈 때 다 KTX를 타고 가시는 건가요?",
          "summary": "",
          "date": "2022-11-21",
          "time": "23:55:25",
          "terminate": "false"
        },
        {
          "speaker": "speaker2",
          "personaID": "67927",
          "participantID": "20031",
          "utterance": "거의 그렇죠^^ 아무래도 KTX가 편하더라구요.",
          "summary": "나는 KTX가 편하다.",
          "date": "2022-11-21",
          "time": "23:55:41",
          "terminate": "false"
        },
        {
          "speaker": "speaker1",
          "personaID": "67286",
          "participantID": "20547",
          "utterance": "새삼.. 세상이 참 좋아진 것 같지 않아요? 그렇게 먼 거리를 빠른 시간에 갈 수도 있고!",
          "summary": "",
          "date": "2022-11-21",
          "time": "23:56:04",
          "terminate": "false"
        },
        {
          "speaker": "speaker2",
          "personaID": "67927",
          "participantID": "20031",
          "utterance": "그럼 여행 잘 마무리하고 ~저는 가끔 보던 TV드라마좀 집중할게요.",
          "summary": "나는 TV 드라마를 가끔 본다.",
          "date": "2022-11-21",
          "time": "23:56:13",
          "terminate": "true"
        }
      ],
      "sessionPersonaSummary": {
        "speaker1": [
          "나는 생각 정리를 할 겸 여행을 다니면서 지냈다.",
          "나는 최근에 여수를 다녀왔다."
        ],
        "speaker2": [
          "나는 여수사람이다.",
          "나는 여수엑스포가 있어 국내여행을 자주 다닌다.",
          "나는 KTX가 편하다.",
          "나는 TV 드라마를 가끔 본다."
        ]
      },
      "prevAggregatedpersonaSummary": {
        "speaker1": [
          "나는 20대 여성이다.",
          "나는 요즘, 자주 남의 시선이 의식된다.",
          "나의 혈액형은 O형이다.",
          "나는 1년 전에 @브랜드명1@를 시작했다."
        ],
        "speaker2": [
          "나는 20대 여성이다.",
          "나는 혈액형이 AB형이다 나는 남 신경을 안 쓴다.",
          "나는 항상 감사하다.",
          "나는 가끔 해외여행을 한다."
        ]
      }
    },
    {
      "prevSessionID": "4-00117-2",
      "prevTimeInfo": {
        "timeNum": "12",
        "timeUnit": "시간"
      },
      "nthSession": "3",
      "numberOfUtterances": "14",
      "numberOfTurns": "7",
      "sessionID": "4-00117-3",
      "dialog": [
        {
          "speaker": "speaker1",
          "personaID": "67286",
          "participantID": "20547",
          "utterance": "반나절이 지났네요~ 설마..지금도 드라마 보고 계시는건 아니죠?ㅎㅎ.",
          "summary": "",
          "date": "2022-11-21",
          "time": "23:56:21",
          "terminate": "false"
        },
        {
          "speaker": "speaker2",
          "personaID": "67927",
          "participantID": "20031",
          "utterance": "아고 역주행하느라 힘들었네요 눈이 침침해요.",
          "summary": "나는 드라마 역주행을 했다.",
          "date": "2022-11-21",
          "time": "23:56:31",
          "terminate": "false"
        },
        {
          "speaker": "speaker1",
          "personaID": "67286",
          "participantID": "20547",
          "utterance": "어떤 드라마 보세요? 저는 최근에 부산행 봤어요!! 요즘 KTX랑 뭐가 있나?ㅋㅋ자꾸 얽히네요.",
          "summary": "나는 최근에 부산행을 봤다.",
          "date": "2022-11-21",
          "time": "23:56:59",
          "terminate": "false"
        },
        {
          "speaker": "speaker2",
          "personaID": "67927",
          "participantID": "20031",
          "utterance": "부산행을 이제봤어요? 하긴 저도 부산행에 나오는 @이름1@팬이라 몇번더 보곤해요.",
          "summary": "나는 부산행에 나오는 @이름1@팬이다.",
          "date": "2022-11-21",
          "time": "23:57:26",
          "terminate": "false"
        },
        {
          "speaker": "speaker1",
          "personaID": "67286",
          "participantID": "20547",
          "utterance": "네.. 저는 제가 끌려야 영화를 보는 스타일이라...ㅎㅎ저는 @브랜드명2@ 아직도 안봤거든요.. 아직 안끌려서..^^",
          "summary": "나는 @브랜드명2@를 아직 안 봤다.",
          "date": "2022-11-21",
          "time": "23:57:50",
          "terminate": "false"
        },
        {
          "speaker": "speaker2",
          "personaID": "67927",
          "participantID": "20031",
          "utterance": "진짜 유행에 뒤쳐지는 스타일인가요? @브랜드명2@를 .. 아직도 하하.",
          "summary": "",
          "date": "2022-11-21",
          "time": "23:58:03",
          "terminate": "false"
        },
        {
          "speaker": "speaker1",
          "personaID": "67286",
          "participantID": "20547",
          "utterance": "그냥 제 스타일이 확고한거라고 해주시죠^^ sns에서는 제가 넘버원이에요.",
          "summary": "",
          "date": "2022-11-21",
          "time": "23:58:17",
          "terminate": "false"
        },
        {
          "speaker": "speaker2",
          "personaID": "67927",
          "participantID": "20031",
          "utterance": "그런데 이번에 여수여행간거 SNS에 올리셨어요?",
          "summary": "",
          "date": "2022-11-21",
          "time": "23:58:36",
          "terminate": "false"
        },
        {
          "speaker": "speaker1",
          "personaID": "67286",
          "participantID": "20547",
          "utterance": "네~ 여수 카페 사진 업로드했는데 좋아요 수가 엄청나요~ 제가 사진을 기가 막히게 찍었거든요!",
          "summary": "",
          "date": "2022-11-21",
          "time": "23:58:49",
          "terminate": "false"
        },
        {
          "speaker": "speaker2",
          "personaID": "67927",
          "participantID": "20031",
          "utterance": "안그래도 방금 여수태그한거 확인해봤는데~ 아이디가 혹시 @이름2@에요?",
          "summary": "",
          "date": "2022-11-21",
          "time": "23:59:14",
          "terminate": "false"
        },
        {
          "speaker": "speaker1",
          "personaID": "67286",
          "participantID": "20547",
          "utterance": "네 맞아요! @이름2@입니다ㅎㅎ.... 저 아시는구나?",
          "summary": "",
          "date": "2022-11-21",
          "time": "23:59:30",
          "terminate": "false"
        },
        {
          "speaker": "speaker2",
          "personaID": "67927",
          "participantID": "20031",
          "utterance": "하하 역시나~ 무슨 중국사람인줄알았어요! KTX안에서도 사진찍으셨던데?",
          "summary": "",
          "date": "2022-11-21",
          "time": "23:59:48",
          "terminate": "false"
        },
        {
          "speaker": "speaker1",
          "personaID": "67286",
          "participantID": "20547",
          "utterance": "그게..무슨 말씀이신지....? 저 한국사람인데요?",
          "summary": "",
          "date": "2022-11-21",
          "time": "23:59:59",
          "terminate": "false"
        },
        {
          "speaker": "speaker2",
          "personaID": "67927",
          "participantID": "20031",
          "utterance": "아니.. 어플을 그렇게 사용하셔서 미안해요~ 저 잠시 볼일좀 보고올게요.",
          "summary": "",
          "date": "2022-11-22",
          "time": "00:00:19",
          "terminate": "true"
        }
      ],
      "sessionPersonaSummary": {
        "speaker1": [
          "나는 최근에 부산행을 봤다.",
          "나는 @브랜드명2@를 아직 안 봤다."
        ],
        "speaker2": [
          "나는 드라마 역주행을 했다.",
          "나는 부산행에 나오는 @이름1@팬이다."
        ]
      },
      "prevAggregatedpersonaSummary": {
        "speaker1": [
          "나는 20대 여성이다.",
          "나는 요즘, 자주 남의 시선이 의식된다.",
          "나의 혈액형은 O형이다.",
          "나는 1년 전에 @브랜드명1@를 시작했다.",
          "나는 생각 정리를 할 겸 여행을 다니면서 지냈다.",
          "나는 최근에 여수를 다녀왔다."
        ],
        "speaker2": [
          "나는 20대 여성이다.",
          "나는 혈액형이 AB형이다 나는 남 신경을 안 쓴다.",
          "나는 항상 감사하다.",
          "나는 가끔 해외여행을 한다.",
          "나는 여수사람이다.",
          "나는 여수엑스포가 있어 국내여행을 자주 다닌다.",
          "나는 KTX가 편하다.",
          "나는 TV 드라마를 가끔 본다."
        ]
      }
    },
    {
      "prevSessionID": "4-00117-3",
      "prevTimeInfo": {
        "timeNum": "6",
        "timeUnit": "일"
      },
      "nthSession": "4",
      "numberOfUtterances": "14",
      "numberOfTurns": "7",
      "sessionID": "4-00117-4",
      "dialog": [
        {
          "speaker": "speaker1",
          "personaID": "67286",
          "participantID": "20547",
          "utterance": "6일만에 연락드려요~ 주말인데 뭐하고 계세요? 저 토종 한국인입니다!",
          "summary": "",
          "date": "2022-11-22",
          "time": "00:00:33",
          "terminate": "false"
        },
        {
          "speaker": "speaker2",
          "personaID": "67927",
          "participantID": "20031",
          "utterance": "오 관종 토한님! 저는 해외여행을 가려고 계획중입니다.",
          "summary": "나는 해외여행을 가려고 계획 중이다.",
          "date": "2022-11-22",
          "time": "00:00:42",
          "terminate": "false"
        },
        {
          "speaker": "speaker1",
          "personaID": "67286",
          "participantID": "20547",
          "utterance": "여행을 되게 좋아하시나봐요~ 이번에는 어디로 가시려구요?",
          "summary": "",
          "date": "2022-11-22",
          "time": "00:01:21",
          "terminate": "false"
        },
        {
          "speaker": "speaker2",
          "personaID": "67927",
          "participantID": "20031",
          "utterance": "이번에는 중국을 다녀오려구요~~ 가깝고 좋잖아요.",
          "summary": "나는 중국을 다녀오려 한다.",
          "date": "2022-11-22",
          "time": "00:01:32",
          "terminate": "false"
        },
        {
          "speaker": "speaker1",
          "personaID": "67286",
          "participantID": "20547",
          "utterance": "뭐가 가까워요~ KTX로 갈 수 있는 것도 아닌데요?",
          "summary": "",
          "date": "2022-11-22",
          "time": "00:01:56",
          "terminate": "false"
        },
        {
          "speaker": "speaker2",
          "personaID": "67927",
          "participantID": "20031",
          "utterance": "하하 그렇게 따지면 제주도도 KTX로 못가는데요? 중국이랑 제주도는 둘다 먼거네요?",
          "summary": "",
          "date": "2022-11-22",
          "time": "00:02:15",
          "terminate": "false"
        },
        {
          "speaker": "speaker1",
          "personaID": "67286",
          "participantID": "20547",
          "utterance": "휴.. 대화가 안통하네요~ 대왕 카스테라나 맛있게 드시고 오십시오!",
          "summary": "",
          "date": "2022-11-22",
          "time": "00:02:51",
          "terminate": "false"
        },
        {
          "speaker": "speaker2",
          "personaID": "67927",
          "participantID": "20031",
          "utterance": "짜장면 먹고올건데요? 관종님은 오늘 뭐하시려구요?",
          "summary": "",
          "date": "2022-11-22",
          "time": "00:03:33",
          "terminate": "false"
        },
        {
          "speaker": "speaker1",
          "personaID": "67286",
          "participantID": "20547",
          "utterance": "저는 오늘 라이브 방송하려구요!~ 공구 하는 날이거든요^^",
          "summary": "나는 오늘 라이브 방송을 할 예정이다.",
          "date": "2022-11-22",
          "time": "00:03:46",
          "terminate": "false"
        },
        {
          "speaker": "speaker2",
          "personaID": "67927",
          "participantID": "20031",
          "utterance": "라이브요 ..? 그걸 봐주는 사람들이 있긴한가요?",
          "summary": "",
          "date": "2022-11-22",
          "time": "00:04:03",
          "terminate": "false"
        },
        {
          "speaker": "speaker1",
          "personaID": "67286",
          "participantID": "20547",
          "utterance": "저 팔로워 10만명인데요?ㅎㅎ가끔 시청자가 너무 많아서 방송이 터져요ㅠ.",
          "summary": "",
          "date": "2022-11-22",
          "time": "00:04:16",
          "terminate": "false"
        },
        {
          "speaker": "speaker2",
          "personaID": "67927",
          "participantID": "20031",
          "utterance": "와 그정도면 연예인인데요? 저도 한번 봐볼게요!",
          "summary": "",
          "date": "2022-11-22",
          "time": "00:04:48",
          "terminate": "false"
        },
        {
          "speaker": "speaker1",
          "personaID": "67286",
          "participantID": "20547",
          "utterance": "악플 달거면 오지마세요! 우선 방송은 3시에 시작합니다~",
          "summary": "",
          "date": "2022-11-22",
          "time": "00:05:14",
          "terminate": "false"
        },
        {
          "speaker": "speaker2",
          "personaID": "67927",
          "participantID": "20031",
          "utterance": "아닙니다 하트 많이 눌러드릴게요~ 그럼 방송에서 봐요^^",
          "summary": "",
          "date": "2022-11-22",
          "time": "00:05:30",
          "terminate": "true"
        }
      ],
      "sessionPersonaSummary": {
        "speaker1": [
          "나는 오늘 라이브 방송을 할 예정이다."
        ],
        "speaker2": [
          "나는 해외여행을 가려고 계획 중이다.",
          "나는 중국을 다녀오려 한다."
        ]
      },
      "prevAggregatedpersonaSummary": {
        "speaker1": [
          "나는 20대 여성이다.",
          "나는 요즘, 자주 남의 시선이 의식된다.",
          "나의 혈액형은 O형이다.",
          "나는 1년 전에 @브랜드명1@를 시작했다.",
          "나는 생각 정리를 할 겸 여행을 다니면서 지냈다.",
          "나는 최근에 여수를 다녀왔다.",
          "나는 최근에 부산행을 봤다.",
          "나는 @브랜드명2@를 아직 안 봤다."
        ],
        "speaker2": [
          "나는 20대 여성이다.",
          "나는 혈액형이 AB형이다 나는 남 신경을 안 쓴다.",
          "나는 항상 감사하다.",
          "나는 가끔 해외여행을 한다.",
          "나는 여수사람이다.",
          "나는 여수엑스포가 있어 국내여행을 자주 다닌다.",
          "나는 KTX가 편하다.",
          "나는 TV 드라마를 가끔 본다.",
          "나는 드라마 역주행을 했다.",
          "나는 부산행에 나오는 @이름1@팬이다."
        ]
      }
    }
  ]
}