{
  "FileInfo": {
    "filename": "K4-00059-CL13198-CP11672-18-10-S4.json",
    "sessionLevel": "4"
  },
  "participantsInfo": {
    "numberOfParticipants": "2",
    "speaker1": {
      "participantID": "4561",
      "gender": "여성",
      "age": "20대",
      "occupation": "전문직",
      "bPlace": "광주/전라/제주",
      "gPlace": "광주/전라/제주",
      "rPlace": "광주/전라/제주",
      "educationLevel": "대졸"
    },
    "speaker2": {
      "participantID": "4027",
      "gender": "여성",
      "age": "20대",
      "occupation": "학생",
      "bPlace": "대전/세종/충청/강원",
      "gPlace": "대전/세종/충청/강원",
      "rPlace": "대전/세종/충청/강원",
      "educationLevel": "고졸"
    }
  },
  "multisessionInfo": {
    "multisessionID": "4-00059"
  },
  "personaInfo": {
    "clInfo": {
      "personaID": "13198",
      "personaFeatures": [
        "나는 여자이다.",
        "나는 10대이다.",
        "나의 아버지는 약사이다",
        "나는 심리학과에 진학하고 싶다",
        "나는 줄넘기를 가끔 한다",
        "나는 항상 신이 난다",
        "나는 공포 영화 보는 것을 좋아한다"
      ],
      "speakerType": "speaker1"
    },
    "cpInfo": {
      "personaID": "11672",
      "personaFeatures": [
        "나는 여자이다.",
        "나는 10대이다.",
        "내가 사는 곳은 성남이다",
        "나는 매일 부끄러운 감정이 든다",
        "나는 어려운 과목을 공부하는 게 즐겁다"
      ],
      "speakerType": "speaker2"
    }
  },
  "topicInfo": {
    "topicID": "18-10",
    "topicType": "상거래 전반",
    "topicTitle": "백화점"
  },
  "sessionInfo": [
    {
      "prevSessionID": null,
      "prevTimeInfo": {
        "timeNum": null,
        "timeUnit": null
      },
      "nthSession": "1",
      "numberOfUtterances": "14",
      "numberOfTurns": "7",
      "sessionID": "4-00059-1",
      "dialog": [
        {
          "speaker": "speaker1",
          "personaID": "13198",
          "participantID": "4561",
          "utterance": "안녕하세요 저는 심리학과 진학을 꿈꾸는 10대 여성이예요~",
          "summary": "나는 심리학과 진학을 꿈꾸는 10대 여성이다.",
          "date": "2022-11-17",
          "time": "19:31:35",
          "terminate": "false"
        },
        {
          "speaker": "speaker2",
          "personaID": "11672",
          "participantID": "4027",
          "utterance": "안녕하세요.저는 성남사는 10대 여성입니다.",
          "summary": "나는 10대 여성이다. 나는 성남에 거주한다.",
          "date": "2022-11-17",
          "time": "19:32:11",
          "terminate": "false"
        },
        {
          "speaker": "speaker1",
          "personaID": "13198",
          "participantID": "4561",
          "utterance": "저랑 같은 나이대시군요 저는 공포영화 보는 걸 좋아하는데 어떤걸 좋아하세요?",
          "summary": "나는 공포영화를 좋아한다.",
          "date": "2022-11-17",
          "time": "19:33:49",
          "terminate": "false"
        },
        {
          "speaker": "speaker2",
          "personaID": "11672",
          "participantID": "4027",
          "utterance": "저도 공포영화 좋아해요! 저는 어려운 과목을 공부하는게 즐겁더라구요. ",
          "summary": "나는 공포영화를 좋아한다. 나는 어려운 과목 공부하는 것이 즐겁다.",
          "date": "2022-11-17",
          "time": "19:35:12",
          "terminate": "false"
        },
        {
          "speaker": "speaker1",
          "personaID": "13198",
          "participantID": "4561",
          "utterance": "아~ 저는 어려운 과목 싫어요! 저는 아버지가 약사이셔서 건강에 관심이 많아요 그래서 나름 건강관리로 줄넘기를 가끔 해요 @이름@님은 취미있으세요?",
          "summary": "나의 아버지는 약사여서 건강에 관심이 많다.\n나는 어려운 과목을 싫어한다. 나는 건강관리로 줄넘기를 한다.",
          "date": "2022-11-17",
          "time": "20:49:09",
          "terminate": "false"
        },
        {
          "speaker": "speaker2",
          "personaID": "11672",
          "participantID": "4027",
          "utterance": "저는 운동을 해야하는데 잘 안하게 되더라구요. 전 요즘 매일이 부끄러운 감정이 들어요. 요즘 행복하세요?",
          "summary": "나는 운동을 잘 안 하게 된다. 난 요즘 매일 부끄러운 감정이 든다.",
          "date": "2022-11-18",
          "time": "16:09:58",
          "terminate": "false"
        },
        {
          "speaker": "speaker1",
          "personaID": "13198",
          "participantID": "4561",
          "utterance": "그러시군요. 저는 항상 신이 나요. 흥이 많아서 그런가봐요. 왜 매일 부끄러운 감정이 드시는거예요? 어떤 일 있으세요?",
          "summary": "나는 항상 신이 난다.",
          "date": "2022-11-18",
          "time": "20:45:39",
          "terminate": "false"
        },
        {
          "speaker": "speaker2",
          "personaID": "11672",
          "participantID": "4027",
          "utterance": "요즘 부쩍 부끄러운 감정이 이유가 없이 드네요. 활발한 성격이 참 부러워요.",
          "summary": "나는 요즘 부쩍 부끄러운 감정이 이유 없이 든다.",
          "date": "2022-11-19",
          "time": "11:01:20",
          "terminate": "false"
        },
        {
          "speaker": "speaker1",
          "personaID": "13198",
          "participantID": "4561",
          "utterance": "그러시군요 .. 심리학과 진학에 희망하다보니 조언을 조금 해드리자면 누구든 부끄러운 감정이 드는 건 당연한거예요 조금 쉬어보세요!",
          "summary": "나는 심리학과 진학을 희망하다 보니 부끄러운 감정이 드는 것은 당연하고 쉬는 것이 좋을 것 같다.",
          "date": "2022-11-19",
          "time": "13:04:34",
          "terminate": "false"
        },
        {
          "speaker": "speaker2",
          "personaID": "11672",
          "participantID": "4027",
          "utterance": "네네 감사해요! 요즘 힘드신 일은 없으세요?",
          "summary": "",
          "date": "2022-11-19",
          "time": "17:33:13",
          "terminate": "false"
        },
        {
          "speaker": "speaker1",
          "personaID": "13198",
          "participantID": "4561",
          "utterance": "저는 항상 신이 나서 매일 좋아요 @이름@님은 힘드신 것 있으세요?",
          "summary": "나는 항상 신이 나서 좋다.",
          "date": "2022-11-19",
          "time": "20:27:29",
          "terminate": "false"
        },
        {
          "speaker": "speaker2",
          "personaID": "11672",
          "participantID": "4027",
          "utterance": "그냥저냥 저도 잘 지내는 것 같아요. 요즘 취미는 있으세요?",
          "summary": "",
          "date": "2022-11-20",
          "time": "11:14:34",
          "terminate": "false"
        },
        {
          "speaker": "speaker1",
          "personaID": "13198",
          "participantID": "4561",
          "utterance": "저는 공포영화 보는 걸 좋아하고 가끔 줄넘기도 해요!!",
          "summary": "나는 공포영화 보는 것을 좋아한다. 나는 줄넘기를 가끔 한다.",
          "date": "2022-11-20",
          "time": "13:34:03",
          "terminate": "false"
        },
        {
          "speaker": "speaker2",
          "personaID": "11672",
          "participantID": "4027",
          "utterance": "아아 그렇군요. 즐겁게 취미를 보내시는 것 같네요.",
          "summary": "",
          "date": "2022-11-20",
          "time": "15:50:04",
          "terminate": "true"
        }
      ],
      "sessionPersonaSummary": {
        "speaker1": [
          "나는 심리학과 진학을 꿈꾸는 10대 여성이다.",
          "나는 공포영화를 좋아한다.",
          "나의 아버지는 약사여서 건강에 관심이 많다.\n나는 어려운 과목을 싫어한다.",
          "나는 건강관리로 줄넘기를 한다.",
          "나는 항상 신이 난다.",
          "나는 심리학과 진학을 희망하다 보니 부끄러운 감정이 드는 것은 당연하고 쉬는 것이 좋을 것 같다.",
          "나는 항상 신이 나서 좋다.",
          "나는 공포영화 보는 것을 좋아한다. 나는 줄넘기를 가끔 한다."
        ],
        "speaker2": [
          "나는 10대 여성이다. 나는 성남에 거주한다.",
          "나는 공포영화를 좋아한다. 나는 어려운 과목 공부하는 것이 즐겁다.",
          "나는 운동을 잘 안 하게 된다. 난 요즘 매일 부끄러운 감정이 든다.",
          "나는 요즘 부쩍 부끄러운 감정이 이유 없이 든다."
        ]
      },
      "prevAggregatedpersonaSummary": {
        "speaker1": [],
        "speaker2": []
      }
    },
    {
      "prevSessionID": "4-00059-1",
      "prevTimeInfo": {
        "timeNum": "43",
        "timeUnit": "시간"
      },
      "nthSession": "2",
      "numberOfUtterances": "14",
      "numberOfTurns": "7",
      "sessionID": "4-00059-2",
      "dialog": [
        {
          "speaker": "speaker1",
          "personaID": "13198",
          "participantID": "4561",
          "utterance": "안녕하세요! 43시간만이네요~ 잘 지내셨어요?",
          "summary": "",
          "date": "2022-11-21",
          "time": "20:30:01",
          "terminate": "false"
        },
        {
          "speaker": "speaker2",
          "personaID": "11672",
          "participantID": "4027",
          "utterance": "네 전 잘 지냈어요. 뭐하고 지내셨어요?",
          "summary": "",
          "date": "2022-11-22",
          "time": "10:33:55",
          "terminate": "false"
        },
        {
          "speaker": "speaker1",
          "personaID": "13198",
          "participantID": "4561",
          "utterance": "저는 약사인 아버지와 백화점에 다녀왔어요! @이름@님 가장 최근에 백화점 가신게 언제예요?",
          "summary": "나는 약사인 아버지와 백화점에 다녀왔다.",
          "date": "2022-11-22",
          "time": "12:46:02",
          "terminate": "false"
        },
        {
          "speaker": "speaker2",
          "personaID": "11672",
          "participantID": "4027",
          "utterance": "저는 오늘 다녀왔어요! 백화점에서 뭐하셨어요?",
          "summary": "나는 오늘 백화점에 다녀왔다.",
          "date": "2022-11-22",
          "time": "21:38:18",
          "terminate": "false"
        },
        {
          "speaker": "speaker1",
          "personaID": "13198",
          "participantID": "4561",
          "utterance": "저는 백화점에서 밥 먹고 영화봤어요 ㅎㅎ 저희는 영화관이랑 백화점이랑 같이 있거든요!",
          "summary": "나는 백화점에서 밥 먹고 영화를 봤다.",
          "date": "2022-11-22",
          "time": "22:58:43",
          "terminate": "false"
        },
        {
          "speaker": "speaker2",
          "personaID": "11672",
          "participantID": "4027",
          "utterance": "아 여가를 즐기고 오셨군요. 재미있으셨어요?",
          "summary": "",
          "date": "2022-11-23",
          "time": "12:03:31",
          "terminate": "false"
        },
        {
          "speaker": "speaker1",
          "personaID": "13198",
          "participantID": "4561",
          "utterance": "네 근데 역시 백화점은 물가가.. 밥도 엄청 비싸더라구요 부모님께서도 기분낼때만 가는 것 같아요",
          "summary": "나는 백화점이 비싸 많이 가지 못하고 부모님도 기분 낼 때만 가는 것 같다.",
          "date": "2022-11-23",
          "time": "12:04:31",
          "terminate": "false"
        },
        {
          "speaker": "speaker2",
          "personaID": "11672",
          "participantID": "4027",
          "utterance": "맞아요. 거긴 다 그런 것 같아요. 백화점은 그래도 아이쇼핑 하기에 좋은 것 같아요.",
          "summary": "나는 백화점은 아이쇼핑하기 좋다고 생각한다.",
          "date": "2022-11-23",
          "time": "12:05:10",
          "terminate": "false"
        },
        {
          "speaker": "speaker1",
          "personaID": "13198",
          "participantID": "4561",
          "utterance": "맞아요 진짜 아이쇼핑만 좋은 것 같아요 저도 얼른 어른돼서 돈벌어서 거기 있는 화장품 다 사고싶어요...",
          "summary": "나는 어른이 되어 돈 벌면 화장품을 다 사고 싶다.",
          "date": "2022-11-23",
          "time": "12:05:46",
          "terminate": "false"
        },
        {
          "speaker": "speaker2",
          "personaID": "11672",
          "participantID": "4027",
          "utterance": "진짜 빨리 돈벌고싶어요 하하 화장품은 어디 브랜드 좋아하시나요?",
          "summary": "나는 빨리 돈 벌고 싶다.",
          "date": "2022-11-23",
          "time": "12:07:16",
          "terminate": "false"
        },
        {
          "speaker": "speaker1",
          "personaID": "13198",
          "participantID": "4561",
          "utterance": "저는 에스티로더 파운데이션 사용하는데 백화점에서 구매하니 너무 비싸더라구요 인터넷이 더 싸요 근데 이 파운데이션 쓰고나서 드디어 피부화장 화장품 정착했어요",
          "summary": "나는 에스트로더 파운데이션에 정착했는데 백화점에서 구매하니 너무 비싸 인 더 넷에서 산다.",
          "date": "2022-11-23",
          "time": "12:09:07",
          "terminate": "false"
        },
        {
          "speaker": "speaker2",
          "personaID": "11672",
          "participantID": "4027",
          "utterance": "아 정말요? 저도 궁금해요. 저는 아직 쿠션 유목민이에요 하하",
          "summary": "나는 쿠션 유목민이다.",
          "date": "2022-11-23",
          "time": "12:09:36",
          "terminate": "false"
        },
        {
          "speaker": "speaker1",
          "personaID": "13198",
          "participantID": "4561",
          "utterance": "쿠션은 아르마니 블루쿠션 사용해보세요! 저는 완전 건성 피부라 촉촉한게 필요한데 이 쿠션 촉촉하고 광이 예쁘게 나더라구요",
          "summary": "나는 쿠션은 아르 마디 블루 쿠션을 쓴다. 나는 건성이라 피부가 촉촉한 게 필요한데 광이 나고 예쁘게 올라온다.",
          "date": "2022-11-23",
          "time": "12:11:10",
          "terminate": "false"
        },
        {
          "speaker": "speaker2",
          "personaID": "11672",
          "participantID": "4027",
          "utterance": "아 요즘 광이 그렇게 예쁘더라구요 저도 한번 써봐야겠아요",
          "summary": "",
          "date": "2022-11-23",
          "time": "12:11:47",
          "terminate": "true"
        }
      ],
      "sessionPersonaSummary": {
        "speaker1": [
          "나는 약사인 아버지와 백화점에 다녀왔다.",
          "나는 백화점에서 밥 먹고 영화를 봤다.",
          "나는 백화점이 비싸 많이 가지 못하고 부모님도 기분 낼 때만 가는 것 같다.",
          "나는 어른이 되어 돈 벌면 화장품을 다 사고 싶다.",
          "나는 에스트로더 파운데이션에 정착했는데 백화점에서 구매하니 너무 비싸 인 더 넷에서 산다.",
          "나는 쿠션은 아르 마디 블루 쿠션을 쓴다. 나는 건성이라 피부가 촉촉한 게 필요한데 광이 나고 예쁘게 올라온다."
        ],
        "speaker2": [
          "나는 오늘 백화점에 다녀왔다.",
          "나는 백화점은 아이쇼핑하기 좋다고 생각한다.",
          "나는 빨리 돈 벌고 싶다.",
          "나는 쿠션 유목민이다."
        ]
      },
      "prevAggregatedpersonaSummary": {
        "speaker1": [
          "나는 심리학과 진학을 꿈꾸는 10대 여성이다.",
          "나는 공포영화를 좋아한다.",
          "나의 아버지는 약사여서 건강에 관심이 많다.\n나는 어려운 과목을 싫어한다.",
          "나는 건강관리로 줄넘기를 한다.",
          "나는 항상 신이 난다.",
          "나는 심리학과 진학을 희망하다 보니 부끄러운 감정이 드는 것은 당연하고 쉬는 것이 좋을 것 같다.",
          "나는 항상 신이 나서 좋다.",
          "나는 공포영화 보는 것을 좋아한다. 나는 줄넘기를 가끔 한다."
        ],
        "speaker2": [
          "나는 10대 여성이다. 나는 성남에 거주한다.",
          "나는 공포영화를 좋아한다. 나는 어려운 과목 공부하는 것이 즐겁다.",
          "나는 운동을 잘 안 하게 된다. 난 요즘 매일 부끄러운 감정이 든다.",
          "나는 요즘 부쩍 부끄러운 감정이 이유 없이 든다."
        ]
      }
    },
    {
      "prevSessionID": "4-00059-2",
      "prevTimeInfo": {
        "timeNum": "28",
        "timeUnit": "시간"
      },
      "nthSession": "3",
      "numberOfUtterances": "14",
      "numberOfTurns": "7",
      "sessionID": "4-00059-3",
      "dialog": [
        {
          "speaker": "speaker1",
          "personaID": "13198",
          "participantID": "4561",
          "utterance": "안녕하세요! 28시간이지났네요 어제는 뭐하셨어요?",
          "summary": "",
          "date": "2022-11-23",
          "time": "12:19:13",
          "terminate": "false"
        },
        {
          "speaker": "speaker2",
          "personaID": "11672",
          "participantID": "4027",
          "utterance": "저는 어제 백화점을 구경삼아 다녀왔어요! 뭐하고 지내셨어요?",
          "summary": "나는 어제 백화점을 구경삼아 다녀왔다.",
          "date": "2022-11-23",
          "time": "12:20:09",
          "terminate": "false"
        },
        {
          "speaker": "speaker1",
          "personaID": "13198",
          "participantID": "4561",
          "utterance": "저도 백화점에 다녀왔어요 수선 맡긴 옷을 찾으려구요! 어떤일로 다녀오셨어요?",
          "summary": "나는 수선한 옷을 가지러 백화점에 다녀왔다.",
          "date": "2022-11-23",
          "time": "12:21:33",
          "terminate": "false"
        },
        {
          "speaker": "speaker2",
          "personaID": "11672",
          "participantID": "4027",
          "utterance": "저는 딱히 할 것도 없고 심심해 다녀왔는데 지하에 식료품이나 빵도 팔고 좋더라구요 하하",
          "summary": "나는 심심해서 지하에 식료품과 빵 코너를 구경했다.",
          "date": "2022-11-23",
          "time": "12:22:07",
          "terminate": "false"
        },
        {
          "speaker": "speaker1",
          "personaID": "13198",
          "participantID": "4561",
          "utterance": "백화점 식료품은 비싸서 건강해보이는지 건강해보여서 비싼건지 마트랑 차원이 다른 금액에 비싸서 엄두가 안날것같아요",
          "summary": "나는 백화점 음식이 건강해서 비싼 건지 비싸서 건강해 보이는지 다른 것이랑 가격차이가 나는 것 같다.",
          "date": "2022-11-23",
          "time": "12:23:41",
          "terminate": "false"
        },
        {
          "speaker": "speaker2",
          "personaID": "11672",
          "participantID": "4027",
          "utterance": "아 맞긴해요 하하. 저는 오설록에 다녀왔는데 오설록에서 원래 팔던 바 초콜릿을 이제 안팔더라구요. 너무 아쉬워요. 오설록 좋아하세요?",
          "summary": "나는 오설록을 다녀왔는데 오설록에서 원래 팔던 바 초콜릿을 이제 안 팔아서 너무 아쉬웠다.",
          "date": "2022-11-23",
          "time": "12:24:41",
          "terminate": "false"
        },
        {
          "speaker": "speaker1",
          "personaID": "13198",
          "participantID": "4561",
          "utterance": "엇 오설록이라고 하면 그 제주도에 초록색 외관에서 사진찍는거밖에 몰라요 ㅋㅋ 오설록도 백화점 안에 런칭되어있나요?",
          "summary": "나는 오설록이라 하면 제주도 초록 외관에서 사진 찍는 것만 안다.",
          "date": "2022-11-23",
          "time": "12:26:53",
          "terminate": "false"
        },
        {
          "speaker": "speaker2",
          "personaID": "11672",
          "participantID": "4027",
          "utterance": "네네 제가 간 곳은 있더라구요! 오설록 가고싶은 때 가곤 해요 하하",
          "summary": "나는 오설록에 가고 싶을 때 종종 가곤 한다.",
          "date": "2022-11-23",
          "time": "12:27:48",
          "terminate": "false"
        },
        {
          "speaker": "speaker1",
          "personaID": "13198",
          "participantID": "4561",
          "utterance": "저희 백화점엔 제가 좋아하는 도제라는 유부초밥집이 있어요 유부초밥이 하나에 3000원씩이라는게 흠이지만 진짜 맛있어요 도제 아세요?",
          "summary": "나는 백화점에 도제라는 유부초밥집이 있는데 하나에 3000원이라는 가격만 빼면 정말 좋다.",
          "date": "2022-11-23",
          "time": "12:28:54",
          "terminate": "false"
        },
        {
          "speaker": "speaker2",
          "personaID": "11672",
          "participantID": "4027",
          "utterance": "아뇨 몰랐어요! 체인점인가요?? 가보고싶네요!",
          "summary": "",
          "date": "2022-11-23",
          "time": "12:29:47",
          "terminate": "false"
        },
        {
          "speaker": "speaker1",
          "personaID": "13198",
          "participantID": "4561",
          "utterance": "아마 서울에도 있는 걸로 알고있어요!! @이름@님 근처 백화점에서 제일 맛있고 유명한 음식이 뭔가요?",
          "summary": "나는 도제가 서울에도 있는 거로 안다.",
          "date": "2022-11-23",
          "time": "12:31:25",
          "terminate": "false"
        },
        {
          "speaker": "speaker2",
          "personaID": "11672",
          "participantID": "4027",
          "utterance": "음 저는 체인점은 아닌데 떡볶이 집이 들어와있는데가 맛있어서 갈때마다 사먹고 있어요. 요즘 가래떡 떡볶이가 인기라는데 거기도 그렇거든요!",
          "summary": "나는 백화점 가래떡 떡볶이가 맛있어서 갈 때마다 사 먹고 있다.",
          "date": "2022-11-23",
          "time": "12:32:26",
          "terminate": "false"
        },
        {
          "speaker": "speaker1",
          "personaID": "13198",
          "participantID": "4561",
          "utterance": "백화점 음식 얘기만 하고 있었는데 점점 배고파지는 걸요?... 밥먹고 와야겠어요! @이름@님도 식사하셨어요?",
          "summary": "나는 백화점 음식 얘기를 하니 배가 고프다.",
          "date": "2022-11-23",
          "time": "12:34:02",
          "terminate": "false"
        },
        {
          "speaker": "speaker2",
          "personaID": "11672",
          "participantID": "4027",
          "utterance": "이뇨 저도 그래야 겠네요 하하",
          "summary": "",
          "date": "2022-11-23",
          "time": "12:34:51",
          "terminate": "true"
        }
      ],
      "sessionPersonaSummary": {
        "speaker1": [
          "나는 수선한 옷을 가지러 백화점에 다녀왔다.",
          "나는 백화점 음식이 건강해서 비싼 건지 비싸서 건강해 보이는지 다른 것이랑 가격차이가 나는 것 같다.",
          "나는 오설록이라 하면 제주도 초록 외관에서 사진 찍는 것만 안다.",
          "나는 백화점에 도제라는 유부초밥집이 있는데 하나에 3000원이라는 가격만 빼면 정말 좋다.",
          "나는 도제가 서울에도 있는 거로 안다.",
          "나는 백화점 음식 얘기를 하니 배가 고프다."
        ],
        "speaker2": [
          "나는 어제 백화점을 구경삼아 다녀왔다.",
          "나는 심심해서 지하에 식료품과 빵 코너를 구경했다.",
          "나는 오설록을 다녀왔는데 오설록에서 원래 팔던 바 초콜릿을 이제 안 팔아서 너무 아쉬웠다.",
          "나는 오설록에 가고 싶을 때 종종 가곤 한다.",
          "나는 백화점 가래떡 떡볶이가 맛있어서 갈 때마다 사 먹고 있다."
        ]
      },
      "prevAggregatedpersonaSummary": {
        "speaker1": [
          "나는 심리학과 진학을 꿈꾸는 10대 여성이다.",
          "나는 공포영화를 좋아한다.",
          "나의 아버지는 약사여서 건강에 관심이 많다.\n나는 어려운 과목을 싫어한다.",
          "나는 건강관리로 줄넘기를 한다.",
          "나는 항상 신이 난다.",
          "나는 심리학과 진학을 희망하다 보니 부끄러운 감정이 드는 것은 당연하고 쉬는 것이 좋을 것 같다.",
          "나는 항상 신이 나서 좋다.",
          "나는 공포영화 보는 것을 좋아한다. 나는 줄넘기를 가끔 한다.",
          "나는 약사인 아버지와 백화점에 다녀왔다.",
          "나는 백화점에서 밥 먹고 영화를 봤다.",
          "나는 백화점이 비싸 많이 가지 못하고 부모님도 기분 낼 때만 가는 것 같다.",
          "나는 어른이 되어 돈 벌면 화장품을 다 사고 싶다.",
          "나는 에스트로더 파운데이션에 정착했는데 백화점에서 구매하니 너무 비싸 인 더 넷에서 산다.",
          "나는 쿠션은 아르 마디 블루 쿠션을 쓴다. 나는 건성이라 피부가 촉촉한 게 필요한데 광이 나고 예쁘게 올라온다."
        ],
        "speaker2": [
          "나는 10대 여성이다. 나는 성남에 거주한다.",
          "나는 공포영화를 좋아한다. 나는 어려운 과목 공부하는 것이 즐겁다.",
          "나는 운동을 잘 안 하게 된다. 난 요즘 매일 부끄러운 감정이 든다.",
          "나는 요즘 부쩍 부끄러운 감정이 이유 없이 든다.",
          "나는 오늘 백화점에 다녀왔다.",
          "나는 백화점은 아이쇼핑하기 좋다고 생각한다.",
          "나는 빨리 돈 벌고 싶다.",
          "나는 쿠션 유목민이다."
        ]
      }
    },
    {
      "prevSessionID": "4-00059-3",
      "prevTimeInfo": {
        "timeNum": "6",
        "timeUnit": "일"
      },
      "nthSession": "4",
      "numberOfUtterances": "14",
      "numberOfTurns": "7",
      "sessionID": "4-00059-4",
      "dialog": [
        {
          "speaker": "speaker1",
          "personaID": "13198",
          "participantID": "4561",
          "utterance": "안녕하세요! 거의 6이 다 되어가네요 이번 주는 뭐하고 지내셨어요?",
          "summary": "\n-",
          "date": "2022-11-23",
          "time": "12:39:09",
          "terminate": "false"
        },
        {
          "speaker": "speaker2",
          "personaID": "11672",
          "participantID": "4027",
          "utterance": "저는 겨울옷을 좀 보러 백화점에 갈까 생각중이었어요! 뭐하고 계셨나요?",
          "summary": "나는 겨울옷을 보러 백화점에 다녀올까 생각 중이다.",
          "date": "2022-11-23",
          "time": "12:41:24",
          "terminate": "false"
        },
        {
          "speaker": "speaker1",
          "personaID": "13198",
          "participantID": "4561",
          "utterance": "저는 백화점에서 어머니 아버지 선물을 사러갔었어요! 두 분 다 화장품을 사드렸어요",
          "summary": "나는 백화점에서 어머니 아버지 화장품 선물을 사드렸다.",
          "date": "2022-11-23",
          "time": "12:41:59",
          "terminate": "false"
        },
        {
          "speaker": "speaker2",
          "personaID": "11672",
          "participantID": "4027",
          "utterance": "와어떤 화장품을 사드린거에요?",
          "summary": "",
          "date": "2022-11-23",
          "time": "12:42:21",
          "terminate": "false"
        },
        {
          "speaker": "speaker1",
          "personaID": "13198",
          "participantID": "4561",
          "utterance": "기초화장품을 사드렸어요 혹시 백화점 화장품 브랜드 추천할 곳 있으신가요?",
          "summary": "나는 화장품 기초화장품을 사드렸다.",
          "date": "2022-11-23",
          "time": "12:44:00",
          "terminate": "false"
        },
        {
          "speaker": "speaker2",
          "personaID": "11672",
          "participantID": "4027",
          "utterance": "음 저는 백화점에서 향수 보는 것을 좋아하는데 니치향수중에 프레데릭 말이라는 곳이 정말 취향저격이더라구요. 향수 좋아하세요?",
          "summary": "나는 백화점에서 향수 보는 걸 좋아한다. 니치 향수 중 프레데릭 말이라는 곳을 좋아한다.",
          "date": "2022-11-23",
          "time": "12:45:14",
          "terminate": "false"
        },
        {
          "speaker": "speaker1",
          "personaID": "13198",
          "participantID": "4561",
          "utterance": "오 저도 향수 좋아해요! 근데 그냥 딱 깨끗한 느낌이 나는 향만 좋아해서 클린 향수만 쓰는데 백화점엔 안들어온거같아요",
          "summary": "나는 깨끗한 냄새의 향수를 좋아해 백화점엔 안 들어온 것 같다.",
          "date": "2022-11-23",
          "time": "12:46:24",
          "terminate": "false"
        },
        {
          "speaker": "speaker2",
          "personaID": "11672",
          "participantID": "4027",
          "utterance": "아 그렇군요. 섬유유연제 향을 좋아하시나요?",
          "summary": "",
          "date": "2022-11-23",
          "time": "12:48:16",
          "terminate": "false"
        },
        {
          "speaker": "speaker1",
          "personaID": "13198",
          "participantID": "4561",
          "utterance": "네 정확히 말하면 비누 냄새요 간단 깔끔 깨끗해보이는 느낌이 좋아요 @브랜드명@이라는 브랜드도 좋아요! 아세요?",
          "summary": "나는 깔끔한 느낌 위 냄새를 좋아한다. 나는 @브랜드명@이라는 브랜드를 좋아한다.",
          "date": "2022-11-23",
          "time": "12:49:12",
          "terminate": "false"
        },
        {
          "speaker": "speaker2",
          "personaID": "11672",
          "participantID": "4027",
          "utterance": "앗 처음 들어봐요! 저는 향수를 좋아하는데 알아봐야겠네여!",
          "summary": "나는 향수를 좋아한다.",
          "date": "2022-11-23",
          "time": "12:52:23",
          "terminate": "false"
        },
        {
          "speaker": "speaker1",
          "personaID": "13198",
          "participantID": "4561",
          "utterance": "아 @브랜드명@은 향수브랜드라기보단 기초 제품이 유명한 브랜드예요 친환경 적이구요! 저희 백화점엔 입점되어있어서 자주 들러요",
          "summary": "나는 @브랜드명@을 좋아하는데 친환경 제품이라 백화점에 입점되어 있어 자주 들른다.",
          "date": "2022-11-23",
          "time": "12:54:10",
          "terminate": "false"
        },
        {
          "speaker": "speaker2",
          "personaID": "11672",
          "participantID": "4027",
          "utterance": "아 정말요? 궁금하네요. 저도 기초제품 알아보고 있었는데 알려주시니 좋네요 하하",
          "summary": "나는 기초제품을 알아보던 중이다.",
          "date": "2022-11-23",
          "time": "12:55:05",
          "terminate": "false"
        },
        {
          "speaker": "speaker1",
          "personaID": "13198",
          "participantID": "4561",
          "utterance": "겨울철에 쓰기 좋은 기초제품들이예요! 제가 제일 추천하는 브랜드랍니다 ㅎㅎ",
          "summary": "나는 겨울철에 쓰기 좋은 제품이라 제일 좋아한다.",
          "date": "2022-11-23",
          "time": "12:56:04",
          "terminate": "false"
        },
        {
          "speaker": "speaker2",
          "personaID": "11672",
          "participantID": "4027",
          "utterance": "저도 건성이라 잘 맞을 것 같아요! 감사해요 하하",
          "summary": "나는 건성이다.",
          "date": "2022-11-23",
          "time": "12:56:28",
          "terminate": "true"
        }
      ],
      "sessionPersonaSummary": {
        "speaker1": [
          "\n-",
          "나는 백화점에서 어머니 아버지 화장품 선물을 사드렸다.",
          "나는 화장품 기초화장품을 사드렸다.",
          "나는 깨끗한 냄새의 향수를 좋아해 백화점엔 안 들어온 것 같다.",
          "나는 깔끔한 느낌 위 냄새를 좋아한다. 나는 @브랜드명@이라는 브랜드를 좋아한다.",
          "나는 @브랜드명@을 좋아하는데 친환경 제품이라 백화점에 입점되어 있어 자주 들른다.",
          "나는 겨울철에 쓰기 좋은 제품이라 제일 좋아한다."
        ],
        "speaker2": [
          "나는 겨울옷을 보러 백화점에 다녀올까 생각 중이다.",
          "나는 백화점에서 향수 보는 걸 좋아한다. 니치 향수 중 프레데릭 말이라는 곳을 좋아한다.",
          "나는 향수를 좋아한다.",
          "나는 기초제품을 알아보던 중이다.",
          "나는 건성이다."
        ]
      },
      "prevAggregatedpersonaSummary": {
        "speaker1": [
          "나는 심리학과 진학을 꿈꾸는 10대 여성이다.",
          "나는 공포영화를 좋아한다.",
          "나의 아버지는 약사여서 건강에 관심이 많다.\n나는 어려운 과목을 싫어한다.",
          "나는 건강관리로 줄넘기를 한다.",
          "나는 항상 신이 난다.",
          "나는 심리학과 진학을 희망하다 보니 부끄러운 감정이 드는 것은 당연하고 쉬는 것이 좋을 것 같다.",
          "나는 항상 신이 나서 좋다.",
          "나는 공포영화 보는 것을 좋아한다. 나는 줄넘기를 가끔 한다.",
          "나는 약사인 아버지와 백화점에 다녀왔다.",
          "나는 백화점에서 밥 먹고 영화를 봤다.",
          "나는 백화점이 비싸 많이 가지 못하고 부모님도 기분 낼 때만 가는 것 같다.",
          "나는 어른이 되어 돈 벌면 화장품을 다 사고 싶다.",
          "나는 에스트로더 파운데이션에 정착했는데 백화점에서 구매하니 너무 비싸 인 더 넷에서 산다.",
          "나는 쿠션은 아르 마디 블루 쿠션을 쓴다. 나는 건성이라 피부가 촉촉한 게 필요한데 광이 나고 예쁘게 올라온다.",
          "나는 수선한 옷을 가지러 백화점에 다녀왔다.",
          "나는 백화점 음식이 건강해서 비싼 건지 비싸서 건강해 보이는지 다른 것이랑 가격차이가 나는 것 같다.",
          "나는 오설록이라 하면 제주도 초록 외관에서 사진 찍는 것만 안다.",
          "나는 백화점에 도제라는 유부초밥집이 있는데 하나에 3000원이라는 가격만 빼면 정말 좋다.",
          "나는 도제가 서울에도 있는 거로 안다.",
          "나는 백화점 음식 얘기를 하니 배가 고프다."
        ],
        "speaker2": [
          "나는 10대 여성이다. 나는 성남에 거주한다.",
          "나는 공포영화를 좋아한다. 나는 어려운 과목 공부하는 것이 즐겁다.",
          "나는 운동을 잘 안 하게 된다. 난 요즘 매일 부끄러운 감정이 든다.",
          "나는 요즘 부쩍 부끄러운 감정이 이유 없이 든다.",
          "나는 오늘 백화점에 다녀왔다.",
          "나는 백화점은 아이쇼핑하기 좋다고 생각한다.",
          "나는 빨리 돈 벌고 싶다.",
          "나는 쿠션 유목민이다.",
          "나는 어제 백화점을 구경삼아 다녀왔다.",
          "나는 심심해서 지하에 식료품과 빵 코너를 구경했다.",
          "나는 오설록을 다녀왔는데 오설록에서 원래 팔던 바 초콜릿을 이제 안 팔아서 너무 아쉬웠다.",
          "나는 오설록에 가고 싶을 때 종종 가곤 한다.",
          "나는 백화점 가래떡 떡볶이가 맛있어서 갈 때마다 사 먹고 있다."
        ]
      }
    }
  ]
}