{
  "FileInfo": {
    "filename": "K4-00127-CL62385-CP26580-06-06-S4.json",
    "sessionLevel": "4"
  },
  "participantsInfo": {
    "numberOfParticipants": "2",
    "speaker1": {
      "participantID": "4319",
      "gender": "여성",
      "age": "50대",
      "occupation": "기타",
      "bPlace": "서울/경기/인천",
      "gPlace": "서울/경기/인천",
      "rPlace": "서울/경기/인천",
      "educationLevel": "대졸"
    },
    "speaker2": {
      "participantID": "4876",
      "gender": "여성",
      "age": "30대",
      "occupation": "사무직",
      "bPlace": "서울/경기/인천",
      "gPlace": "광주/전라/제주",
      "rPlace": "광주/전라/제주",
      "educationLevel": "대졸"
    }
  },
  "multisessionInfo": {
    "multisessionID": "4-00127"
  },
  "personaInfo": {
    "clInfo": {
      "personaID": "62385",
      "personaFeatures": [
        "나는 여자이다.",
        "나는 60대 이상이다.",
        "나는 사진을 찍는 것을 싫어한다",
        "나는 자몽을 좋아한다",
        "나는 소설을 가끔 읽는다",
        "나는 전쟁 영화를 자주 본다"
      ],
      "speakerType": "speaker1"
    },
    "cpInfo": {
      "personaID": "26580",
      "personaFeatures": [
        "나는 여자이다.",
        "나는 20대이다.",
        "나의 거주지는 인천이다",
        "나는 중식을 좋아한다",
        "나는 PC 게임에 관심 없다",
        "나의 생일은 9월이다"
      ],
      "speakerType": "speaker2"
    }
  },
  "topicInfo": {
    "topicID": "06-06",
    "topicType": "교육",
    "topicTitle": "수능시험"
  },
  "sessionInfo": [
    {
      "prevSessionID": null,
      "prevTimeInfo": {
        "timeNum": null,
        "timeUnit": null
      },
      "nthSession": "1",
      "numberOfUtterances": "14",
      "numberOfTurns": "7",
      "sessionID": "4-00127-1",
      "dialog": [
        {
          "speaker": "speaker1",
          "personaID": "62385",
          "participantID": "4319",
          "utterance": "안녕하세요, 저는 60대 여성입니다. ",
          "summary": "나는 60대 여성이다",
          "date": "2022-11-28",
          "time": "15:00:03",
          "terminate": "false"
        },
        {
          "speaker": "speaker2",
          "personaID": "26580",
          "participantID": "4876",
          "utterance": "안녕하세요~ 저는 20대 여성입니다! 만나서 반갑습니다",
          "summary": "나는 20대 여성이다.",
          "date": "2022-11-28",
          "time": "15:01:06",
          "terminate": "false"
        },
        {
          "speaker": "speaker1",
          "personaID": "62385",
          "participantID": "4319",
          "utterance": "네 반가워요. 저는 과일중에 자몽을 좋아하는데 어떤 과일을 좋아하세요?",
          "summary": "나는 과일 자몽을 좋아한다",
          "date": "2022-11-28",
          "time": "15:02:21",
          "terminate": "false"
        },
        {
          "speaker": "speaker2",
          "personaID": "26580",
          "participantID": "4876",
          "utterance": "저는 귤을 좋아해요. 음식은 어떤 종류를 좋아하시나요? 저는 중식을 제일 좋아합니다.",
          "summary": "나는 귤을 좋아하고, 중식을 좋아한다.",
          "date": "2022-11-28",
          "time": "15:13:28",
          "terminate": "false"
        },
        {
          "speaker": "speaker1",
          "personaID": "62385",
          "participantID": "4319",
          "utterance": "저는 일식을 좋아해요.  취미가 머에요? 저는 전쟁영화를 자주 봐요. 그리고 소설을 가끔 읽어요. ",
          "summary": "나는 전쟁영화를 자주 보고 가끔 소설을 읽는다",
          "date": "2022-11-28",
          "time": "15:15:07",
          "terminate": "false"
        },
        {
          "speaker": "speaker2",
          "personaID": "26580",
          "participantID": "4876",
          "utterance": "저도 영화보는거 좋아해요~ 또 pc로 검색이나 쇼핑하는 것도요! 그런데 pc게임에는 관심이 안가더라구요..지역은 어디사세요?",
          "summary": "나는 영화보기, PC 검색으로 쇼핑하기를 좋아한다.",
          "date": "2022-11-28",
          "time": "15:18:18",
          "terminate": "false"
        },
        {
          "speaker": "speaker1",
          "personaID": "62385",
          "participantID": "4319",
          "utterance": "저도 PC게임이나 모바일게임에 관심이 없어요. 저는 서울에 삽니다.  취미가 무엇인가요? 저는 사진 찍히는걸 좋아하는데, 찍는것을 싫어합니다. ",
          "summary": "나는 사진 찍는 걸 좋아한다",
          "date": "2022-11-28",
          "time": "15:21:50",
          "terminate": "false"
        },
        {
          "speaker": "speaker2",
          "personaID": "26580",
          "participantID": "4876",
          "utterance": "서울사시는구나! 저는 인천에 살아요. 저의 취미는 음악감상이에요! 발라드 좋아해요! 생일은 몇 월 이세요?",
          "summary": "나는 인천에 살고, 취미는 음악 감상이다.",
          "date": "2022-11-28",
          "time": "15:25:36",
          "terminate": "false"
        },
        {
          "speaker": "speaker1",
          "personaID": "62385",
          "participantID": "4319",
          "utterance": "저는 3월이에요.  몇월이신데요?",
          "summary": "",
          "date": "2022-11-28",
          "time": "15:40:07",
          "terminate": "false"
        },
        {
          "speaker": "speaker2",
          "personaID": "26580",
          "participantID": "4876",
          "utterance": "3월이시구나! 저는 9월이에요~ 한번씩 명절이랑 겹쳐서 친구들을 못보는데 서운해요..",
          "summary": "나는 9월이 생일이다.",
          "date": "2022-11-28",
          "time": "15:43:53",
          "terminate": "false"
        },
        {
          "speaker": "speaker1",
          "personaID": "62385",
          "participantID": "4319",
          "utterance": "아~ 명절이 끼면 친구들하고 생일파티를 할 수 없겠네요. 정말 아쉽네요. ",
          "summary": "",
          "date": "2022-11-28",
          "time": "15:47:26",
          "terminate": "false"
        },
        {
          "speaker": "speaker2",
          "personaID": "26580",
          "participantID": "4876",
          "utterance": "공감해 주셔서 감사해요. 호칭을 선생님이나 이모로 불러도 될까요? 어느게 더 좋으세요?",
          "summary": "나는 공감해 주는데 감사를 표했다.",
          "date": "2022-11-28",
          "time": "16:00:03",
          "terminate": "false"
        },
        {
          "speaker": "speaker1",
          "personaID": "62385",
          "participantID": "4319",
          "utterance": "하하  부르고 싶은데로 불러도 좋아요.  제가 일이 생겨서 나가봐야해요. 나중에 우리 또 만나요. ",
          "summary": "",
          "date": "2022-11-28",
          "time": "16:04:22",
          "terminate": "false"
        },
        {
          "speaker": "speaker2",
          "personaID": "26580",
          "participantID": "4876",
          "utterance": "아 그럼 편하게 이모라고 부를께요. 감사해요! 저도 친구들 약속이 있어서 다음에 또 대화해요~",
          "summary": "나는 호칭을 이모라고 부르기로 했다.",
          "date": "2022-11-28",
          "time": "16:09:33",
          "terminate": "true"
        }
      ],
      "sessionPersonaSummary": {
        "speaker1": [
          "나는 60대 여성이다",
          "나는 과일 자몽을 좋아한다",
          "나는 전쟁영화를 자주 보고 가끔 소설을 읽는다",
          "나는 사진 찍는 걸 좋아한다"
        ],
        "speaker2": [
          "나는 20대 여성이다.",
          "나는 귤을 좋아하고, 중식을 좋아한다.",
          "나는 영화보기, PC 검색으로 쇼핑하기를 좋아한다.",
          "나는 인천에 살고, 취미는 음악 감상이다.",
          "나는 9월이 생일이다.",
          "나는 공감해 주는데 감사를 표했다.",
          "나는 호칭을 이모라고 부르기로 했다."
        ]
      },
      "prevAggregatedpersonaSummary": {
        "speaker1": [],
        "speaker2": []
      }
    },
    {
      "prevSessionID": "4-00127-1",
      "prevTimeInfo": {
        "timeNum": "47",
        "timeUnit": "시간"
      },
      "nthSession": "2",
      "numberOfUtterances": "14",
      "numberOfTurns": "7",
      "sessionID": "4-00127-2",
      "dialog": [
        {
          "speaker": "speaker1",
          "personaID": "62385",
          "participantID": "4319",
          "utterance": "안녕하세요, 47시간만에 다시 뵙네요. 어떻게 지냈나요? ",
          "summary": "나는 47시간 만에 다시 연락했다",
          "date": "2022-11-28",
          "time": "16:16:19",
          "terminate": "false"
        },
        {
          "speaker": "speaker2",
          "personaID": "26580",
          "participantID": "4876",
          "utterance": "이모 오랜만이에요. 저는 아르바이트도 알아보고 자격증 공부하려고 학원도 알아보고 그렇게 지냈어요~ 이모는 어떻게 지내셨어요?",
          "summary": "나는 아르바이트랑 자격증 공부를 위해 학원도 알아보았다",
          "date": "2022-11-28",
          "time": "16:19:27",
          "terminate": "false"
        },
        {
          "speaker": "speaker1",
          "personaID": "62385",
          "participantID": "4319",
          "utterance": "아 저는 조카가 이번에 수능시험을 봐서  고생했다고 맛있는것 좀 만들어서 먹였죠.   어떤 자격증을 공부하려고 하는데요?",
          "summary": "나는 수능을 본 조카에게 음식을 만들어줬다",
          "date": "2022-11-28",
          "time": "16:28:07",
          "terminate": "false"
        },
        {
          "speaker": "speaker2",
          "personaID": "26580",
          "participantID": "4876",
          "utterance": "진짜 조카분 고생하셨네요! 저는 컴퓨터 자격증 공부해요. 수능이라니.. 너무 힘든기억밖에 없어요",
          "summary": "나는 컴퓨터 자격증 공부를 한다",
          "date": "2022-11-28",
          "time": "16:40:07",
          "terminate": "false"
        },
        {
          "speaker": "speaker1",
          "personaID": "62385",
          "participantID": "4319",
          "utterance": "요즘은 수시도 있고, 대학가는게 정시만 있는게 아니니 다양한 방법으로 대학을 갈 수 있어 좋은거 같아요. ",
          "summary": "나는 대학을 갈 수 있는 방법이 다양해져서 좋다",
          "date": "2022-11-28",
          "time": "16:43:13",
          "terminate": "false"
        },
        {
          "speaker": "speaker2",
          "personaID": "26580",
          "participantID": "4876",
          "utterance": "맞아요. 저땐 진짜 정시비율이 커서 수능시험이 엄청 중요했거든요 근데 지금 여러 길이 생겨서 좋은것같아요",
          "summary": "내가 학교 다닐 때는 수능시험이 중요했다",
          "date": "2022-11-28",
          "time": "17:16:04",
          "terminate": "false"
        },
        {
          "speaker": "speaker1",
          "personaID": "62385",
          "participantID": "4319",
          "utterance": "어떤지역은 농어촌특별전형이 있어서 내신만 좋으면 IN Seoul은 어렵지 않게 간다고 하더라구요!! 물론 내신이 좋아야한다는 전제조건이 있지만요",
          "summary": "나는 농어촌 특별전형에 대해 잘 알고 있다",
          "date": "2022-11-28",
          "time": "17:23:42",
          "terminate": "false"
        },
        {
          "speaker": "speaker2",
          "personaID": "26580",
          "participantID": "4876",
          "utterance": "농어촌특별전형이라니 와 신기해요! 수도권하고 교육차이는 날 수 밖에 없으니깐요. 한편으로는 특혜라고 말도 나올꺼같아요!",
          "summary": "나는 농어촌 특별전형이 특혜라고 본다",
          "date": "2022-11-28",
          "time": "17:26:01",
          "terminate": "false"
        },
        {
          "speaker": "speaker1",
          "personaID": "62385",
          "participantID": "4319",
          "utterance": "열심히 하는 아이들은 열심히 내신 1등급받고 대학가서 적응도 잘하지만 특병전형으로  들어가긴 했는데 따라가지 못하면 대학가서도 본인 자신은 힘든 대학생활을 하겠죠!",
          "summary": "나는 열심히 하는 아이들과 그렇지 않은 아이들은 대학 가서 차이가 날 거라 생각한다",
          "date": "2022-11-28",
          "time": "17:31:01",
          "terminate": "false"
        },
        {
          "speaker": "speaker2",
          "personaID": "26580",
          "participantID": "4876",
          "utterance": "그래도 일단은 상위대학을 들어갈 수 있다는거에서 불만이 나올꺼같아요! 아마 수시와 정시도 비슷한 느낌인거 같아요",
          "summary": "나는 수시와 정시도 느낌이 비슷할 거라 본다",
          "date": "2022-11-28",
          "time": "17:33:13",
          "terminate": "false"
        },
        {
          "speaker": "speaker1",
          "personaID": "62385",
          "participantID": "4319",
          "utterance": "그렇죠 요즘같이 다재다능한 아이들이 많아서 정말 실력으로 대학을 갈수 있으면 좋겠는데 공부하기 싫어하는 아이들 붙잡고 이런저런 특혜를 준다면 열심히 준비한 아이들이 상심이 클거같아요. 제가 다닐때는 1등급받으려고 자퇴하는 학생도 있었어요",
          "summary": "나는 실력으로 아이들이 대학을 갈 수 있으면 좋겠다.",
          "date": "2022-11-28",
          "time": "17:58:05",
          "terminate": "false"
        },
        {
          "speaker": "speaker2",
          "personaID": "26580",
          "participantID": "4876",
          "utterance": "와.. 1등급 학생 너무 대단하고 아쉬워요. 제가 예전에 과외를 했었는데 열심히 공부하는 학생이랑 특기생이랑 공부태도보면 현 교육체제가 좀 아쉽더라구요..",
          "summary": "나는 특기생으로 대학에 들어가려는 학생들은 공부 태도가 다르다",
          "date": "2022-11-28",
          "time": "18:17:49",
          "terminate": "false"
        },
        {
          "speaker": "speaker1",
          "personaID": "62385",
          "participantID": "4319",
          "utterance": "문제가 많긴하죠! 제가 약속이 생겨서 나가봐야겠어요. 나중에 또 뵈요",
          "summary": "나는 교육체제에 문제가 많다고 생각한다",
          "date": "2022-11-28",
          "time": "18:22:57",
          "terminate": "false"
        },
        {
          "speaker": "speaker2",
          "personaID": "26580",
          "participantID": "4876",
          "utterance": "알겟습니다. 오늘도 즐거웠어요. 다음에 뵙겠습니다",
          "summary": "ㅡ",
          "date": "2022-11-28",
          "time": "18:27:42",
          "terminate": "true"
        }
      ],
      "sessionPersonaSummary": {
        "speaker1": [
          "나는 47시간 만에 다시 연락했다",
          "나는 수능을 본 조카에게 음식을 만들어줬다",
          "나는 대학을 갈 수 있는 방법이 다양해져서 좋다",
          "나는 농어촌 특별전형에 대해 잘 알고 있다",
          "나는 열심히 하는 아이들과 그렇지 않은 아이들은 대학 가서 차이가 날 거라 생각한다",
          "나는 실력으로 아이들이 대학을 갈 수 있으면 좋겠다.",
          "나는 교육체제에 문제가 많다고 생각한다"
        ],
        "speaker2": [
          "나는 아르바이트랑 자격증 공부를 위해 학원도 알아보았다",
          "나는 컴퓨터 자격증 공부를 한다",
          "내가 학교 다닐 때는 수능시험이 중요했다",
          "나는 농어촌 특별전형이 특혜라고 본다",
          "나는 수시와 정시도 느낌이 비슷할 거라 본다",
          "나는 특기생으로 대학에 들어가려는 학생들은 공부 태도가 다르다",
          "ㅡ"
        ]
      },
      "prevAggregatedpersonaSummary": {
        "speaker1": [
          "나는 60대 여성이다",
          "나는 과일 자몽을 좋아한다",
          "나는 전쟁영화를 자주 보고 가끔 소설을 읽는다",
          "나는 사진 찍는 걸 좋아한다"
        ],
        "speaker2": [
          "나는 20대 여성이다.",
          "나는 귤을 좋아하고, 중식을 좋아한다.",
          "나는 영화보기, PC 검색으로 쇼핑하기를 좋아한다.",
          "나는 인천에 살고, 취미는 음악 감상이다.",
          "나는 9월이 생일이다.",
          "나는 공감해 주는데 감사를 표했다.",
          "나는 호칭을 이모라고 부르기로 했다."
        ]
      }
    },
    {
      "prevSessionID": "4-00127-2",
      "prevTimeInfo": {
        "timeNum": "2",
        "timeUnit": "주"
      },
      "nthSession": "3",
      "numberOfUtterances": "14",
      "numberOfTurns": "7",
      "sessionID": "4-00127-3",
      "dialog": [
        {
          "speaker": "speaker1",
          "personaID": "62385",
          "participantID": "4319",
          "utterance": "벌써 2주가 지났네요. 어떻게 지내셨나요? ",
          "summary": "",
          "date": "2022-11-28",
          "time": "20:16:41",
          "terminate": "false"
        },
        {
          "speaker": "speaker2",
          "personaID": "26580",
          "participantID": "4876",
          "utterance": "안녕하세요~ 이주동안 잘 지내셨어요? 저는 아르바이트 구했어요!",
          "summary": "나는 아르바이트를 구했다",
          "date": "2022-11-28",
          "time": "20:23:20",
          "terminate": "false"
        },
        {
          "speaker": "speaker1",
          "personaID": "62385",
          "participantID": "4319",
          "utterance": "아~ 잘되었네요 어떤 알바인가요? 아이들이 수능끝나고 알바도 많이 구하려고 할텐에요!  요즘은 알바 구하기도 힘들지요?",
          "summary": "",
          "date": "2022-11-28",
          "time": "20:30:33",
          "terminate": "false"
        },
        {
          "speaker": "speaker2",
          "personaID": "26580",
          "participantID": "4876",
          "utterance": "네! 저 중학생 과외구했어요~공부는 어려워서 다른 쪽 구하려 했는데..수능끝나고 애들이 이렇게 부지런할 지 몰랐어요",
          "summary": "나는 중학생 과외자리를 얻었다",
          "date": "2022-11-28",
          "time": "20:37:09",
          "terminate": "false"
        },
        {
          "speaker": "speaker1",
          "personaID": "62385",
          "participantID": "4319",
          "utterance": "하하하 과외가 그래도 꿀이긴 하죠! 겨울에 밖에서 떨면서 하는 일보다는요!",
          "summary": "나는 과외가 좋은 아르바이트라 생각한다",
          "date": "2022-11-28",
          "time": "20:39:29",
          "terminate": "false"
        },
        {
          "speaker": "speaker2",
          "personaID": "26580",
          "participantID": "4876",
          "utterance": "과외가 좋은 알바이긴 한데.. 점점 애들 수준이 높아져가지구요 언제까지 제가 할 수 있을지 모르겠어요.2주동안 뭐하고 지내셧어요?",
          "summary": "나는 수입은 좋지만 아이들 수준도 올라가 약간 힘들다",
          "date": "2022-11-28",
          "time": "20:51:05",
          "terminate": "false"
        },
        {
          "speaker": "speaker1",
          "personaID": "62385",
          "participantID": "4319",
          "utterance": "전쟁영화를 좋아하다보니 영화몰아봤어요. 서점에 가서 새로눔 신작소설이.있나 둘로보기도 했구요",
          "summary": "나는 전쟁영화를 좋아한다. 나는 서점에 갔었다",
          "date": "2022-11-28",
          "time": "23:05:52",
          "terminate": "false"
        },
        {
          "speaker": "speaker2",
          "personaID": "26580",
          "participantID": "4876",
          "utterance": "와 진짜 전쟁영화를 좋아하시나봐요! 서점도 다녀오셨구나 맘에드는 책은 찾으셨나요?",
          "summary": "나는 서점에서 맘에 드는 책을 구매했는지 물어봤다",
          "date": "2022-11-28",
          "time": "23:13:38",
          "terminate": "false"
        },
        {
          "speaker": "speaker1",
          "personaID": "62385",
          "participantID": "4319",
          "utterance": "아뇨. 앞으로 수능시험이 어떻게 치뤄질까 생각해봤어요! 코로나로 대학생활도 못누리고 졸업하는 세대가 있는가하면 반면에 인강이 늘어나면서 비대면수업을 하게 된다면 궃이 실습이 필요하지 않는다면 이제 대학도 많이 사라지겠다는 생각을 해봤어요",
          "summary": "나는 앞으로의 수능시험이 대해 생각해 보았다. 나는 미래에는 대학이 많이 사라질 것 같다고 생각한다.",
          "date": "2022-11-28",
          "time": "23:29:22",
          "terminate": "false"
        },
        {
          "speaker": "speaker2",
          "personaID": "26580",
          "participantID": "4876",
          "utterance": "우와 대단하세요! 저도 서점에 갔었는데 그런생각은 못했거든요! 말씀하신 것 뿐만 아니라 요즘은 각 재능이 많아 대학을 안가는 추세라 진짜로 많은 대학이 문을 닫는다는데 지금 수능위주 교육이 맞을까요?",
          "summary": "나는 각 대학이 재능 있는 학생들이 많은데 꼭 수능 위주의 교육이 맞는지 의문이다",
          "date": "2022-11-28",
          "time": "23:32:18",
          "terminate": "false"
        },
        {
          "speaker": "speaker1",
          "personaID": "62385",
          "participantID": "4319",
          "utterance": "그러니까요! 기능대학을 더 많이 만들어서 전문인을 키워내는게 훨씬더 미래자원을 확보라는거라 생각해요",
          "summary": "나는 기능대학이 많이 생겨야 한다고 본다",
          "date": "2022-11-28",
          "time": "23:39:37",
          "terminate": "false"
        },
        {
          "speaker": "speaker2",
          "personaID": "26580",
          "participantID": "4876",
          "utterance": "맞아요 각 특성화대학을 늘려서 글로만 보는 수능이아닌 각자의 실력을 평가할 수 있는 시험이 만들어졌으면 좋겠어요! ",
          "summary": "나는 특성화대학이 필요하다고 생각한다",
          "date": "2022-11-28",
          "time": "23:52:39",
          "terminate": "false"
        },
        {
          "speaker": "speaker1",
          "personaID": "62385",
          "participantID": "4319",
          "utterance": "동의합니다. 선전을 하긴했지만 축구가 3:2 로 졌네요. 이제 자러가야겠어요. 나중에 뵈여",
          "summary": "",
          "date": "2022-11-29",
          "time": "00:23:30",
          "terminate": "false"
        },
        {
          "speaker": "speaker2",
          "personaID": "26580",
          "participantID": "4876",
          "utterance": "고생하셨어요~ 아쉽지만 다음에 이어서 대화해요!",
          "summary": "",
          "date": "2022-11-29",
          "time": "00:33:46",
          "terminate": "true"
        }
      ],
      "sessionPersonaSummary": {
        "speaker1": [
          "나는 과외가 좋은 아르바이트라 생각한다",
          "나는 전쟁영화를 좋아한다. 나는 서점에 갔었다",
          "나는 앞으로의 수능시험이 대해 생각해 보았다. 나는 미래에는 대학이 많이 사라질 것 같다고 생각한다.",
          "나는 기능대학이 많이 생겨야 한다고 본다"
        ],
        "speaker2": [
          "나는 아르바이트를 구했다",
          "나는 중학생 과외자리를 얻었다",
          "나는 수입은 좋지만 아이들 수준도 올라가 약간 힘들다",
          "나는 서점에서 맘에 드는 책을 구매했는지 물어봤다",
          "나는 각 대학이 재능 있는 학생들이 많은데 꼭 수능 위주의 교육이 맞는지 의문이다",
          "나는 특성화대학이 필요하다고 생각한다"
        ]
      },
      "prevAggregatedpersonaSummary": {
        "speaker1": [
          "나는 60대 여성이다",
          "나는 과일 자몽을 좋아한다",
          "나는 전쟁영화를 자주 보고 가끔 소설을 읽는다",
          "나는 사진 찍는 걸 좋아한다",
          "나는 47시간 만에 다시 연락했다",
          "나는 수능을 본 조카에게 음식을 만들어줬다",
          "나는 대학을 갈 수 있는 방법이 다양해져서 좋다",
          "나는 농어촌 특별전형에 대해 잘 알고 있다",
          "나는 열심히 하는 아이들과 그렇지 않은 아이들은 대학 가서 차이가 날 거라 생각한다",
          "나는 실력으로 아이들이 대학을 갈 수 있으면 좋겠다.",
          "나는 교육체제에 문제가 많다고 생각한다"
        ],
        "speaker2": [
          "나는 20대 여성이다.",
          "나는 귤을 좋아하고, 중식을 좋아한다.",
          "나는 영화보기, PC 검색으로 쇼핑하기를 좋아한다.",
          "나는 인천에 살고, 취미는 음악 감상이다.",
          "나는 9월이 생일이다.",
          "나는 공감해 주는데 감사를 표했다.",
          "나는 호칭을 이모라고 부르기로 했다.",
          "나는 아르바이트랑 자격증 공부를 위해 학원도 알아보았다",
          "나는 컴퓨터 자격증 공부를 한다",
          "내가 학교 다닐 때는 수능시험이 중요했다",
          "나는 농어촌 특별전형이 특혜라고 본다",
          "나는 수시와 정시도 느낌이 비슷할 거라 본다",
          "나는 특기생으로 대학에 들어가려는 학생들은 공부 태도가 다르다",
          "ㅡ"
        ]
      }
    },
    {
      "prevSessionID": "4-00127-3",
      "prevTimeInfo": {
        "timeNum": "7",
        "timeUnit": "주"
      },
      "nthSession": "4",
      "numberOfUtterances": "14",
      "numberOfTurns": "7",
      "sessionID": "4-00127-4",
      "dialog": [
        {
          "speaker": "speaker1",
          "personaID": "62385",
          "participantID": "4319",
          "utterance": "와 벌써 7주가 지났네요.  잘지내셨나요? ",
          "summary": "",
          "date": "2022-11-29",
          "time": "11:22:06",
          "terminate": "false"
        },
        {
          "speaker": "speaker2",
          "personaID": "26580",
          "participantID": "4876",
          "utterance": "진짜 너무 오랜만에요! 잘 지내셨어요?? 저는 늘 영화보고 독서하고 알바하고 이렇게 지냈어요!",
          "summary": "나는 영화 보고, 독서하고, 아르바이트하며 지냈다.",
          "date": "2022-11-29",
          "time": "11:24:56",
          "terminate": "false"
        },
        {
          "speaker": "speaker1",
          "personaID": "62385",
          "participantID": "4319",
          "utterance": "그랬군요. 저도 그래요, 서점가서 소설도 보고 신간이 나왔는지 보기도 하고, 집에서는 중세시대를 배경으로 신들의 전쟁이나 환타지 장면이 많이 나오는 영화를 봤어요. ",
          "summary": "나는 서점에 가서 소설과 신간이 나왔는지 살펴본다. 나는 집에서 전쟁영화를 많이 봤다",
          "date": "2022-11-29",
          "time": "11:42:45",
          "terminate": "false"
        },
        {
          "speaker": "speaker2",
          "personaID": "26580",
          "participantID": "4876",
          "utterance": "진짜 전쟁에 관련된 걸 엄청 좋아하시는 거 같아요! 역사교육에도 많이 도움이 될꺼 같아요",
          "summary": "나는 전쟁영화가 역사교육에 많이 도움이 될 거라 생각한다.",
          "date": "2022-11-29",
          "time": "12:22:25",
          "terminate": "false"
        },
        {
          "speaker": "speaker1",
          "personaID": "62385",
          "participantID": "4319",
          "utterance": "네 맞아요. 사실을 근거한 영화도 좋아하긴 하지만  미래의 전쟁영화도 좋아해요. 터미네이터, 우주전쟁 등 ",
          "summary": "나는 미래의 전쟁영화도 좋아한다",
          "date": "2022-11-29",
          "time": "12:34:10",
          "terminate": "false"
        },
        {
          "speaker": "speaker2",
          "personaID": "26580",
          "participantID": "4876",
          "utterance": "미래에 관한 영화는 저도 진짜 재밌게 봤어요! 너무 신기해요. 정말로 미래가 그렇게 발전될까요??",
          "summary": "나는 미래에 관한 영화를 재밌게 봤다.",
          "date": "2022-11-29",
          "time": "13:10:45",
          "terminate": "false"
        },
        {
          "speaker": "speaker1",
          "personaID": "62385",
          "participantID": "4319",
          "utterance": "우리때는 수능시험보고 영화관으로 몰려가는게 전부였는데 요즘은 어떤지 궁금하기도 하네요.  백투더퓨처 보면은 물위에서 기구를 타고 날아다니잖아요. 그리고, 하늘을 나는 택시도 나올거고 미래는 현실에 기반합니다. ",
          "summary": "나는 영화처럼 미래에 하늘을 나는 택시 등등 발명될 거라 생각한다",
          "date": "2022-11-29",
          "time": "13:25:03",
          "terminate": "false"
        },
        {
          "speaker": "speaker2",
          "personaID": "26580",
          "participantID": "4876",
          "utterance": "오 저도 백투터퓨처 봤어요!! 수능 끝나고 학교에서 틀어줘서 재밋게 봤어요~현실기반이라니 너무 멋있어요",
          "summary": "나는 수능 끝나고 학교에서 백 투터 퓨처를 틀어줘서 봤다.",
          "date": "2022-11-29",
          "time": "13:31:07",
          "terminate": "false"
        },
        {
          "speaker": "speaker1",
          "personaID": "62385",
          "participantID": "4319",
          "utterance": "공상과학영화는 대체적으로 미래에는 이렇것이다 하잖아요. 바램이 이루워지는거죠. 조카가 수능점수가 잘 나와서 원하는 대학에 입학했으면 좋겠어요. ",
          "summary": "나는 조카가 원하는 대학에 진학하길 바란다",
          "date": "2022-11-29",
          "time": "13:45:36",
          "terminate": "false"
        },
        {
          "speaker": "speaker2",
          "personaID": "26580",
          "participantID": "4876",
          "utterance": "세상에.. 수능성적표 나왔나요? 조카분 원서 쓰고 있어요? 잘갔으면 좋겠어요",
          "summary": "나는 조카분이 수능성적이 잘 나왔으면 한다고 했다.",
          "date": "2022-11-29",
          "time": "13:54:38",
          "terminate": "false"
        },
        {
          "speaker": "speaker1",
          "personaID": "62385",
          "participantID": "4319",
          "utterance": "저도 잘 나왔으면 좋겠다는 바램이죠. 본인이 원하는 학과에는 무난히 지원할 수 있을거 같아요. ",
          "summary": "나는 조카가 원하는 대학에 갔으면 좋겠다고 생각한다",
          "date": "2022-11-29",
          "time": "14:30:58",
          "terminate": "false"
        },
        {
          "speaker": "speaker2",
          "personaID": "26580",
          "participantID": "4876",
          "utterance": "다행이네요! 꼭 원하는 학과로 진학했으면 좋겠어요.. 아쉬워서 다시 수능에 도전하는 학생들을 보면 대단하고 안쓰러워요",
          "summary": "나는 조카분이 원하는 학과에 진학했으면 했다.",
          "date": "2022-11-29",
          "time": "14:55:17",
          "terminate": "false"
        },
        {
          "speaker": "speaker1",
          "personaID": "62385",
          "participantID": "4319",
          "utterance": "그렇죠, 잘 될거에요. 열심히 준비했으니까요.  걱정해 줘서 고맙구요. 제가 약속이 있어서 나가 봐야겠어요. 나중에 뵈요. ",
          "summary": "",
          "date": "2022-11-29",
          "time": "14:57:41",
          "terminate": "false"
        },
        {
          "speaker": "speaker2",
          "personaID": "26580",
          "participantID": "4876",
          "utterance": "네 다음에 기회가 된다면 더 이야기 나눠요! 안녕히 가세요",
          "summary": "",
          "date": "2022-11-29",
          "time": "15:05:53",
          "terminate": "true"
        }
      ],
      "sessionPersonaSummary": {
        "speaker1": [
          "나는 서점에 가서 소설과 신간이 나왔는지 살펴본다. 나는 집에서 전쟁영화를 많이 봤다",
          "나는 미래의 전쟁영화도 좋아한다",
          "나는 영화처럼 미래에 하늘을 나는 택시 등등 발명될 거라 생각한다",
          "나는 조카가 원하는 대학에 진학하길 바란다",
          "나는 조카가 원하는 대학에 갔으면 좋겠다고 생각한다"
        ],
        "speaker2": [
          "나는 영화 보고, 독서하고, 아르바이트하며 지냈다.",
          "나는 전쟁영화가 역사교육에 많이 도움이 될 거라 생각한다.",
          "나는 미래에 관한 영화를 재밌게 봤다.",
          "나는 수능 끝나고 학교에서 백 투터 퓨처를 틀어줘서 봤다.",
          "나는 조카분이 수능성적이 잘 나왔으면 한다고 했다.",
          "나는 조카분이 원하는 학과에 진학했으면 했다."
        ]
      },
      "prevAggregatedpersonaSummary": {
        "speaker1": [
          "나는 60대 여성이다",
          "나는 과일 자몽을 좋아한다",
          "나는 전쟁영화를 자주 보고 가끔 소설을 읽는다",
          "나는 사진 찍는 걸 좋아한다",
          "나는 47시간 만에 다시 연락했다",
          "나는 수능을 본 조카에게 음식을 만들어줬다",
          "나는 대학을 갈 수 있는 방법이 다양해져서 좋다",
          "나는 농어촌 특별전형에 대해 잘 알고 있다",
          "나는 열심히 하는 아이들과 그렇지 않은 아이들은 대학 가서 차이가 날 거라 생각한다",
          "나는 실력으로 아이들이 대학을 갈 수 있으면 좋겠다.",
          "나는 교육체제에 문제가 많다고 생각한다",
          "나는 과외가 좋은 아르바이트라 생각한다",
          "나는 전쟁영화를 좋아한다. 나는 서점에 갔었다",
          "나는 앞으로의 수능시험이 대해 생각해 보았다. 나는 미래에는 대학이 많이 사라질 것 같다고 생각한다.",
          "나는 기능대학이 많이 생겨야 한다고 본다"
        ],
        "speaker2": [
          "나는 20대 여성이다.",
          "나는 귤을 좋아하고, 중식을 좋아한다.",
          "나는 영화보기, PC 검색으로 쇼핑하기를 좋아한다.",
          "나는 인천에 살고, 취미는 음악 감상이다.",
          "나는 9월이 생일이다.",
          "나는 공감해 주는데 감사를 표했다.",
          "나는 호칭을 이모라고 부르기로 했다.",
          "나는 아르바이트랑 자격증 공부를 위해 학원도 알아보았다",
          "나는 컴퓨터 자격증 공부를 한다",
          "내가 학교 다닐 때는 수능시험이 중요했다",
          "나는 농어촌 특별전형이 특혜라고 본다",
          "나는 수시와 정시도 느낌이 비슷할 거라 본다",
          "나는 특기생으로 대학에 들어가려는 학생들은 공부 태도가 다르다",
          "ㅡ",
          "나는 아르바이트를 구했다",
          "나는 중학생 과외자리를 얻었다",
          "나는 수입은 좋지만 아이들 수준도 올라가 약간 힘들다",
          "나는 서점에서 맘에 드는 책을 구매했는지 물어봤다",
          "나는 각 대학이 재능 있는 학생들이 많은데 꼭 수능 위주의 교육이 맞는지 의문이다",
          "나는 특성화대학이 필요하다고 생각한다"
        ]
      }
    }
  ]
}