{
  "FileInfo": {
    "filename": "K4-00179-CL04527-CP05032-13-01-S4.json",
    "sessionLevel": "4"
  },
  "participantsInfo": {
    "numberOfParticipants": "2",
    "speaker1": {
      "participantID": "24624",
      "gender": "남성",
      "age": "50대",
      "occupation": "사무직",
      "bPlace": "대전/세종/충청/강원",
      "gPlace": "대전/세종/충청/강원",
      "rPlace": "대전/세종/충청/강원",
      "educationLevel": "고졸"
    },
    "speaker2": {
      "participantID": "24599",
      "gender": "여성",
      "age": "50대",
      "occupation": "주부",
      "bPlace": "서울/경기/인천",
      "gPlace": "서울/경기/인천",
      "rPlace": "서울/경기/인천",
      "educationLevel": "고졸"
    }
  },
  "multisessionInfo": {
    "multisessionID": "4-00179"
  },
  "personaInfo": {
    "clInfo": {
      "personaID": "04527",
      "personaFeatures": [
        "나는 남자이다.",
        "나는 50대이다.",
        "나의 거주지는 서울이다.",
        "나는 오전에 책을 읽는다.",
        "나는 요즘, 가끔 초조하다."
      ],
      "speakerType": "speaker1"
    },
    "cpInfo": {
      "personaID": "05032",
      "personaFeatures": [
        "나는 여자이다.",
        "나는 50대이다.",
        "나의 거주지는 서울이다.",
        "나는 요즘, 자주 두렵다.",
        "나는 초밥을 즐겨 먹는다."
      ],
      "speakerType": "speaker2"
    }
  },
  "topicInfo": {
    "topicID": "13-01",
    "topicType": "기후>계절/날씨",
    "topicTitle": "날씨"
  },
  "sessionInfo": [
    {
      "prevSessionID": null,
      "prevTimeInfo": {
        "timeNum": null,
        "timeUnit": null
      },
      "nthSession": "1",
      "numberOfUtterances": "14",
      "numberOfTurns": "7",
      "sessionID": "4-00179-1",
      "dialog": [
        {
          "speaker": "speaker1",
          "personaID": "04527",
          "participantID": "24624",
          "utterance": "안녕하세요. 저는 50대 남자입니다.",
          "summary": "나는 50대 남자이다.",
          "date": "2022-09-11",
          "time": "09:12:55",
          "terminate": "false"
        },
        {
          "speaker": "speaker2",
          "personaID": "05032",
          "participantID": "24599",
          "utterance": "안녕하세요. 50대 여자입니다. 반가워요.",
          "summary": "나는 50대 여자이다.",
          "date": "2022-09-11",
          "time": "09:13:05",
          "terminate": "false"
        },
        {
          "speaker": "speaker1",
          "personaID": "04527",
          "participantID": "24624",
          "utterance": "반갑습니다. 혹시 어디에 거주 중이신가요?",
          "summary": "",
          "date": "2022-09-11",
          "time": "09:13:15",
          "terminate": "false"
        },
        {
          "speaker": "speaker2",
          "personaID": "05032",
          "participantID": "24599",
          "utterance": "저는 서울 살고 있어요. 어디 사세요?",
          "summary": "나는 서울에 산다.",
          "date": "2022-09-11",
          "time": "09:13:26",
          "terminate": "false"
        },
        {
          "speaker": "speaker1",
          "personaID": "04527",
          "participantID": "24624",
          "utterance": "저도 서울 살아요 하하. 직장도 서울이세요?",
          "summary": "나는 서울에 거주 중이다.",
          "date": "2022-09-11",
          "time": "09:13:42",
          "terminate": "false"
        },
        {
          "speaker": "speaker2",
          "personaID": "05032",
          "participantID": "24599",
          "utterance": "네. 원래 고향은 부산인데 대학생 시절부터 직장도 서울로 잡아서 계속 서울 살고 있네요~",
          "summary": "나의 고향은 부산이다. 나는 대학생 시절부터 쭉 서울에 산다.",
          "date": "2022-09-11",
          "time": "09:14:19",
          "terminate": "false"
        },
        {
          "speaker": "speaker1",
          "personaID": "04527",
          "participantID": "24624",
          "utterance": "고향이 부산이시군요! 저는 고향도 서울이에요. 그런데 직장이 경기도라 출퇴근하기 힘들어요.",
          "summary": "나의 고향은 서울이다. 나는 직장이 경기도에 있어서 출퇴근하기 힘들다.",
          "date": "2022-09-11",
          "time": "09:14:39",
          "terminate": "false"
        },
        {
          "speaker": "speaker2",
          "personaID": "05032",
          "participantID": "24599",
          "utterance": "서울사람이시네요~ 경기도에서 서울로 출근하시는 분들은 많이 봤는데 반대이신 분은 처음 본 것 같아요.",
          "summary": "나는 경기도에서 서울로 출근하는 사람은 많이 봤지만 서울에서 경기도로 출근하는 사람은 처음 봤다.",
          "date": "2022-09-11",
          "time": "09:15:12",
          "terminate": "false"
        },
        {
          "speaker": "speaker1",
          "personaID": "04527",
          "participantID": "24624",
          "utterance": "원래 다니던 회사가 서울에 있었는데 연구소 지으면서 경기도로 옮겼어요. 그만두고 싶은데 가장이라 못 그만두네요 하하.",
          "summary": "나는 원래 다니던 회사가 서울에 있었지만 연구소를 지으면서 경기도로 옮기게 되어 경기도로 출퇴근을 하고 있다. 나는 회사를 그만두고 싶지만 가장이라 그만두지 못한다.",
          "date": "2022-09-11",
          "time": "09:15:36",
          "terminate": "false"
        },
        {
          "speaker": "speaker2",
          "personaID": "05032",
          "participantID": "24599",
          "utterance": "그렇군요. 가정 있으시면 이직도 더 신중해지죠. 그래도 반대방향은 좀 덜 막히지 않나요?",
          "summary": "",
          "date": "2022-09-11",
          "time": "09:16:08",
          "terminate": "false"
        },
        {
          "speaker": "speaker1",
          "personaID": "04527",
          "participantID": "24624",
          "utterance": "덜 막히긴 해요. 그런데 예전엔 지하철로 20분이면 갈 거리를 요즘은 차로 1시간은 걸려서 가거든요. 체력적으로 힘듭니다.",
          "summary": "나는 예전에 지하철로 20분이면 갈 거리를 요즘은 차로 1시간 걸려서 출퇴근하고 있어서 체력적으로 힘들다.",
          "date": "2022-09-11",
          "time": "09:16:42",
          "terminate": "false"
        },
        {
          "speaker": "speaker2",
          "personaID": "05032",
          "participantID": "24599",
          "utterance": "그럼 지하철 이용하시는 게 낫지 않으세요?",
          "summary": "",
          "date": "2022-09-11",
          "time": "09:17:13",
          "terminate": "false"
        },
        {
          "speaker": "speaker1",
          "personaID": "04527",
          "participantID": "24624",
          "utterance": "회사까지 가는 지하철이 없어요 하하. 제가 출근하는 곳은 버스도 잘 안 다니는 교통이 불편한 곳이에요. 또 연락드릴게요!",
          "summary": "나는 회사까지 지하철로 출근할 수 없다. 나는 버스도 잘 안 다니는 교통이 불편한 곳으로 출근하고 있다.",
          "date": "2022-09-11",
          "time": "09:17:48",
          "terminate": "false"
        },
        {
          "speaker": "speaker2",
          "personaID": "05032",
          "participantID": "24599",
          "utterance": "그럼 어쩔 수 없겠군요! 다음에 여유로울 때 또 연락해요~",
          "summary": "",
          "date": "2022-09-11",
          "time": "09:18:14",
          "terminate": "true"
        }
      ],
      "sessionPersonaSummary": {
        "speaker1": [
          "나는 50대 남자이다.",
          "나는 서울에 거주 중이다.",
          "나의 고향은 서울이다. 나는 직장이 경기도에 있어서 출퇴근하기 힘들다.",
          "나는 원래 다니던 회사가 서울에 있었지만 연구소를 지으면서 경기도로 옮기게 되어 경기도로 출퇴근을 하고 있다. 나는 회사를 그만두고 싶지만 가장이라 그만두지 못한다.",
          "나는 예전에 지하철로 20분이면 갈 거리를 요즘은 차로 1시간 걸려서 출퇴근하고 있어서 체력적으로 힘들다.",
          "나는 회사까지 지하철로 출근할 수 없다. 나는 버스도 잘 안 다니는 교통이 불편한 곳으로 출근하고 있다."
        ],
        "speaker2": [
          "나는 50대 여자이다.",
          "나는 서울에 산다.",
          "나의 고향은 부산이다. 나는 대학생 시절부터 쭉 서울에 산다.",
          "나는 경기도에서 서울로 출근하는 사람은 많이 봤지만 서울에서 경기도로 출근하는 사람은 처음 봤다."
        ]
      },
      "prevAggregatedpersonaSummary": {
        "speaker1": [],
        "speaker2": []
      }
    },
    {
      "prevSessionID": "4-00179-1",
      "prevTimeInfo": {
        "timeNum": "3",
        "timeUnit": "일"
      },
      "nthSession": "2",
      "numberOfUtterances": "14",
      "numberOfTurns": "7",
      "sessionID": "4-00179-2",
      "dialog": [
        {
          "speaker": "speaker1",
          "personaID": "04527",
          "participantID": "24624",
          "utterance": "출근하셨어요? 저는 출근 아침 7시 반까지 해서 좀 이른 편이에요.",
          "summary": "나는 출근을 아침 7시 반까지 한다.",
          "date": "2022-09-11",
          "time": "09:18:32",
          "terminate": "false"
        },
        {
          "speaker": "speaker2",
          "personaID": "05032",
          "participantID": "24599",
          "utterance": "출근 시간 엄청 이르시네요~ 저는 이제 출근중이에요. 저희는 10시 출근입니다.",
          "summary": "나는 10시까지 출근한다.",
          "date": "2022-09-11",
          "time": "09:19:12",
          "terminate": "false"
        },
        {
          "speaker": "speaker1",
          "personaID": "04527",
          "participantID": "24624",
          "utterance": "아침에 여유롭겠어요. 무슨 일 하고 계세요?",
          "summary": "",
          "date": "2022-09-11",
          "time": "09:19:26",
          "terminate": "false"
        },
        {
          "speaker": "speaker2",
          "personaID": "05032",
          "participantID": "24599",
          "utterance": "공공기관에서 지원사업 맡아서 일하고 있어요. 연구원이셨던가요?",
          "summary": "나는 공공기관 지원사업 담당자다.",
          "date": "2022-09-11",
          "time": "09:19:53",
          "terminate": "false"
        },
        {
          "speaker": "speaker1",
          "personaID": "04527",
          "participantID": "24624",
          "utterance": "네 저는 중견기업에서 연구원으로 일하고 있습니다. 그나저나 경기도 날씨는 서울이랑 또 다르네요.",
          "summary": "나는 중견기업에서 연구원으로 일하고 있다. 나는 경기도 날씨는 서울과 다르다고 생각한다.",
          "date": "2022-09-11",
          "time": "09:20:11",
          "terminate": "false"
        },
        {
          "speaker": "speaker2",
          "personaID": "05032",
          "participantID": "24599",
          "utterance": "오늘 맑지 않나요? 경기도 어디에요?",
          "summary": "",
          "date": "2022-09-11",
          "time": "09:20:24",
          "terminate": "false"
        },
        {
          "speaker": "speaker1",
          "personaID": "04527",
          "participantID": "24624",
          "utterance": "여긴 김포 대곶면이란 곳이에요. 분명 서울은 맑았는데 지금 이곳은 천둥이 막 치네요.",
          "summary": "나는 김포 대곶면으로 출근한다.",
          "date": "2022-09-11",
          "time": "09:21:13",
          "terminate": "false"
        },
        {
          "speaker": "speaker2",
          "personaID": "05032",
          "participantID": "24599",
          "utterance": "면이군요. 꽤 멀리 들어가시나보네요. 그래도 경기도면 가까운 편일텐데 요즘 국지적으로 날씨가 다른가봐요.",
          "summary": "",
          "date": "2022-09-11",
          "time": "09:21:55",
          "terminate": "false"
        },
        {
          "speaker": "speaker1",
          "personaID": "04527",
          "participantID": "24624",
          "utterance": "그러니까요. 우리나라 땅도 좁은데 지역마다 날씨 다른 거 신기하네요.",
          "summary": "나는 우리나라는 땅도 좁은데 지역마다 날씨가 다른 것이 신기하다.",
          "date": "2022-09-11",
          "time": "09:22:12",
          "terminate": "false"
        },
        {
          "speaker": "speaker2",
          "personaID": "05032",
          "participantID": "24599",
          "utterance": "정말 이상기후 같은 건가 싶어요. 요즘 그래서 제로웨이스트에 관심이 많이 생기긴 하더라고요.",
          "summary": "나는 제로 웨이스트에 관심이 많다.",
          "date": "2022-09-11",
          "time": "09:22:34",
          "terminate": "false"
        },
        {
          "speaker": "speaker1",
          "personaID": "04527",
          "participantID": "24624",
          "utterance": "어떤 거 실천하고 계신가요? 저도 환경이 걱정되긴 하는데 텀블러 사용 말고 다른 건 몰라서 못 하고 있어요.",
          "summary": "나는 환경이 걱정돼서 텀블러 사용을 하고 있지만 다른 제로 웨이스트 방법을 몰라서 못 하고 있다.",
          "date": "2022-09-11",
          "time": "09:23:00",
          "terminate": "false"
        },
        {
          "speaker": "speaker2",
          "personaID": "05032",
          "participantID": "24599",
          "utterance": "저는 주말에 가끔 쓰레기 주우면서 조깅하는 플로깅하고 텀블러 사용, 친환경 제품 사용 등 실천하고 있어요.",
          "summary": "나는 플로깅과 텀블러, 친환경 제품 사용 등을 실천하고 있다.",
          "date": "2022-09-11",
          "time": "09:23:38",
          "terminate": "false"
        },
        {
          "speaker": "speaker1",
          "personaID": "04527",
          "participantID": "24624",
          "utterance": "뉴스에서 플로깅 본 적 있어요. 운동도 되고 환경에도 도움되고 좋네요. 저도 해봐야겠어요. 나중에 또 연락할게요!",
          "summary": "나는 뉴스에서 플로깅을 본 적 있다. 나는 나중에 플로깅을 해볼 것이다.",
          "date": "2022-09-11",
          "time": "09:24:02",
          "terminate": "false"
        },
        {
          "speaker": "speaker2",
          "personaID": "05032",
          "participantID": "24599",
          "utterance": "네. 운동도 되고 주변도 깨끗해지고 하고 나면 기분이 좋아요! 좋은 하루 보내시길 바랍니다^^",
          "summary": "",
          "date": "2022-09-11",
          "time": "09:24:34",
          "terminate": "true"
        }
      ],
      "sessionPersonaSummary": {
        "speaker1": [
          "나는 출근을 아침 7시 반까지 한다.",
          "나는 중견기업에서 연구원으로 일하고 있다. 나는 경기도 날씨는 서울과 다르다고 생각한다.",
          "나는 김포 대곶면으로 출근한다.",
          "나는 우리나라는 땅도 좁은데 지역마다 날씨가 다른 것이 신기하다.",
          "나는 환경이 걱정돼서 텀블러 사용을 하고 있지만 다른 제로 웨이스트 방법을 몰라서 못 하고 있다.",
          "나는 뉴스에서 플로깅을 본 적 있다. 나는 나중에 플로깅을 해볼 것이다."
        ],
        "speaker2": [
          "나는 10시까지 출근한다.",
          "나는 공공기관 지원사업 담당자다.",
          "나는 제로 웨이스트에 관심이 많다.",
          "나는 플로깅과 텀블러, 친환경 제품 사용 등을 실천하고 있다."
        ]
      },
      "prevAggregatedpersonaSummary": {
        "speaker1": [
          "나는 50대 남자이다.",
          "나는 서울에 거주 중이다.",
          "나의 고향은 서울이다. 나는 직장이 경기도에 있어서 출퇴근하기 힘들다.",
          "나는 원래 다니던 회사가 서울에 있었지만 연구소를 지으면서 경기도로 옮기게 되어 경기도로 출퇴근을 하고 있다. 나는 회사를 그만두고 싶지만 가장이라 그만두지 못한다.",
          "나는 예전에 지하철로 20분이면 갈 거리를 요즘은 차로 1시간 걸려서 출퇴근하고 있어서 체력적으로 힘들다.",
          "나는 회사까지 지하철로 출근할 수 없다. 나는 버스도 잘 안 다니는 교통이 불편한 곳으로 출근하고 있다."
        ],
        "speaker2": [
          "나는 50대 여자이다.",
          "나는 서울에 산다.",
          "나의 고향은 부산이다. 나는 대학생 시절부터 쭉 서울에 산다.",
          "나는 경기도에서 서울로 출근하는 사람은 많이 봤지만 서울에서 경기도로 출근하는 사람은 처음 봤다."
        ]
      }
    },
    {
      "prevSessionID": "4-00179-2",
      "prevTimeInfo": {
        "timeNum": "3",
        "timeUnit": "일"
      },
      "nthSession": "3",
      "numberOfUtterances": "14",
      "numberOfTurns": "7",
      "sessionID": "4-00179-3",
      "dialog": [
        {
          "speaker": "speaker1",
          "personaID": "04527",
          "participantID": "24624",
          "utterance": "안녕하세요. 제가 너무 주말 이른 시간에 연락드리나요?",
          "summary": "",
          "date": "2022-09-11",
          "time": "09:24:50",
          "terminate": "false"
        },
        {
          "speaker": "speaker2",
          "personaID": "05032",
          "participantID": "24599",
          "utterance": "아닙니다. 제가 요즘 교회에 다니기 시작해서 일어나 있었어요.",
          "summary": "나는 최근 교회에 다니기 시작하였다.",
          "date": "2022-09-11",
          "time": "09:25:10",
          "terminate": "false"
        },
        {
          "speaker": "speaker1",
          "personaID": "04527",
          "participantID": "24624",
          "utterance": "종교가 있으시군요. 원래 종교 없으셨어요? 참고로 전 계속 무교입니다.",
          "summary": "나는 종교가 없다.",
          "date": "2022-09-11",
          "time": "09:25:33",
          "terminate": "false"
        },
        {
          "speaker": "speaker2",
          "personaID": "05032",
          "participantID": "24599",
          "utterance": "네 원래 없었는데 요즘 재난 같은 게 많아지면서 요즘 자주 두려움이 증폭되더라구요. 그래서 종교를 한 번 가져볼까 싶었어요.",
          "summary": "나는 요즘 재난 등으로 자주 두렵다. 나는 두려움 때문에 종교를 갖기 시작했다.",
          "date": "2022-09-11",
          "time": "09:26:10",
          "terminate": "false"
        },
        {
          "speaker": "speaker1",
          "personaID": "04527",
          "participantID": "24624",
          "utterance": "맞아요. 뉴스 보면 정말 곧 지구가 종말할 거 같더라고요.",
          "summary": "나는 뉴스를 보면 곧 지구가 종말 할 것 같다.",
          "date": "2022-09-11",
          "time": "09:26:25",
          "terminate": "false"
        },
        {
          "speaker": "speaker2",
          "personaID": "05032",
          "participantID": "24599",
          "utterance": "그러니까요. 바이러스에 전쟁에, 지구온난화에 50평생에 너무 불안한 세상이에요.",
          "summary": "나는 요즘 세상이 불안하다.",
          "date": "2022-09-11",
          "time": "09:26:54",
          "terminate": "false"
        },
        {
          "speaker": "speaker1",
          "personaID": "04527",
          "participantID": "24624",
          "utterance": "코로나라도 빨리 끝났으면 좋겠어요. 3년 넘게 마스크 쓰고 다니려니 지긋지긋하네요.",
          "summary": "나는 코로나라도 빨리 끝났으면 좋겠다. 나는 3년 넘게 마스크를 쓰고 다니려니 지긋지긋하다.",
          "date": "2022-09-11",
          "time": "09:27:24",
          "terminate": "false"
        },
        {
          "speaker": "speaker2",
          "personaID": "05032",
          "participantID": "24599",
          "utterance": "맞아요. 마스크 쓰고 다니는 건 적응이 되긴 했는데 여름엔 아무래도 답답하더라구요! 오늘은 뭐하세요?",
          "summary": "나는 여름 마스크가 답답하다.",
          "date": "2022-09-11",
          "time": "09:27:48",
          "terminate": "false"
        },
        {
          "speaker": "speaker1",
          "personaID": "04527",
          "participantID": "24624",
          "utterance": "저는 오전에 책을 읽는 습관이 있어서 지금 책 읽다가 잠깐 쉬고 있었어요. 이따 오후엔 가족들이랑 쇼핑하려구요.",
          "summary": "나는 오전에 책을 읽는다. 나는 책을 읽다가 잠깐 쉬고 있었다. 나는 오후에 가족들과 쇼핑을 할 것이다.",
          "date": "2022-09-11",
          "time": "09:28:18",
          "terminate": "false"
        },
        {
          "speaker": "speaker2",
          "personaID": "05032",
          "participantID": "24599",
          "utterance": "평화로운 주말을 보내실 예정이군요! 쇼핑은 어디로 가세요?",
          "summary": "",
          "date": "2022-09-11",
          "time": "09:28:33",
          "terminate": "false"
        },
        {
          "speaker": "speaker1",
          "personaID": "04527",
          "participantID": "24624",
          "utterance": "여의도에 백화점 새로 생긴 곳에 가보려고요. 저희 딸이랑 아내가 그 백화점을 참 좋아해요.",
          "summary": "나는 여의도에 새로 생긴 백화점에 갈 것이다. 나의 딸과 아내는 여의도에 새로 생긴 백화점을 좋아한다.",
          "date": "2022-09-11",
          "time": "09:28:54",
          "terminate": "false"
        },
        {
          "speaker": "speaker2",
          "personaID": "05032",
          "participantID": "24599",
          "utterance": "@브랜드명1@였나요? 저는 아직 안 가봤는데 다들 좋다고 하더라고요!",
          "summary": "",
          "date": "2022-09-11",
          "time": "09:29:08",
          "terminate": "false"
        },
        {
          "speaker": "speaker1",
          "personaID": "04527",
          "participantID": "24624",
          "utterance": "저도 가보는 건 오늘이 처음이에요 하하. 주말 잘 보내시구요. 또 연락할게요.",
          "summary": "나는 여의도 더@브랜드명2@에 오늘 처음 가본다.",
          "date": "2022-09-11",
          "time": "09:29:25",
          "terminate": "false"
        },
        {
          "speaker": "speaker2",
          "personaID": "05032",
          "participantID": "24599",
          "utterance": "그렇군요. 주말 즐겁게 보내시길 바랍니다~ ^^",
          "summary": "",
          "date": "2022-09-11",
          "time": "09:29:53",
          "terminate": "true"
        }
      ],
      "sessionPersonaSummary": {
        "speaker1": [
          "나는 종교가 없다.",
          "나는 뉴스를 보면 곧 지구가 종말 할 것 같다.",
          "나는 코로나라도 빨리 끝났으면 좋겠다. 나는 3년 넘게 마스크를 쓰고 다니려니 지긋지긋하다.",
          "나는 오전에 책을 읽는다. 나는 책을 읽다가 잠깐 쉬고 있었다. 나는 오후에 가족들과 쇼핑을 할 것이다.",
          "나는 여의도에 새로 생긴 백화점에 갈 것이다. 나의 딸과 아내는 여의도에 새로 생긴 백화점을 좋아한다.",
          "나는 여의도 더@브랜드명2@에 오늘 처음 가본다."
        ],
        "speaker2": [
          "나는 최근 교회에 다니기 시작하였다.",
          "나는 요즘 재난 등으로 자주 두렵다. 나는 두려움 때문에 종교를 갖기 시작했다.",
          "나는 요즘 세상이 불안하다.",
          "나는 여름 마스크가 답답하다."
        ]
      },
      "prevAggregatedpersonaSummary": {
        "speaker1": [
          "나는 50대 남자이다.",
          "나는 서울에 거주 중이다.",
          "나의 고향은 서울이다. 나는 직장이 경기도에 있어서 출퇴근하기 힘들다.",
          "나는 원래 다니던 회사가 서울에 있었지만 연구소를 지으면서 경기도로 옮기게 되어 경기도로 출퇴근을 하고 있다. 나는 회사를 그만두고 싶지만 가장이라 그만두지 못한다.",
          "나는 예전에 지하철로 20분이면 갈 거리를 요즘은 차로 1시간 걸려서 출퇴근하고 있어서 체력적으로 힘들다.",
          "나는 회사까지 지하철로 출근할 수 없다. 나는 버스도 잘 안 다니는 교통이 불편한 곳으로 출근하고 있다.",
          "나는 출근을 아침 7시 반까지 한다.",
          "나는 중견기업에서 연구원으로 일하고 있다. 나는 경기도 날씨는 서울과 다르다고 생각한다.",
          "나는 김포 대곶면으로 출근한다.",
          "나는 우리나라는 땅도 좁은데 지역마다 날씨가 다른 것이 신기하다.",
          "나는 환경이 걱정돼서 텀블러 사용을 하고 있지만 다른 제로 웨이스트 방법을 몰라서 못 하고 있다.",
          "나는 뉴스에서 플로깅을 본 적 있다. 나는 나중에 플로깅을 해볼 것이다."
        ],
        "speaker2": [
          "나는 50대 여자이다.",
          "나는 서울에 산다.",
          "나의 고향은 부산이다. 나는 대학생 시절부터 쭉 서울에 산다.",
          "나는 경기도에서 서울로 출근하는 사람은 많이 봤지만 서울에서 경기도로 출근하는 사람은 처음 봤다.",
          "나는 10시까지 출근한다.",
          "나는 공공기관 지원사업 담당자다.",
          "나는 제로 웨이스트에 관심이 많다.",
          "나는 플로깅과 텀블러, 친환경 제품 사용 등을 실천하고 있다."
        ]
      }
    },
    {
      "prevSessionID": "4-00179-3",
      "prevTimeInfo": {
        "timeNum": "2",
        "timeUnit": "일"
      },
      "nthSession": "4",
      "numberOfUtterances": "14",
      "numberOfTurns": "7",
      "sessionID": "4-00179-4",
      "dialog": [
        {
          "speaker": "speaker1",
          "personaID": "04527",
          "participantID": "24624",
          "utterance": "출근하셨어요? 지금 잠깐 쉬는 시간이라 연락 드려요.",
          "summary": "나는 지금 잠깐 쉬고 있다.",
          "date": "2022-09-11",
          "time": "09:30:11",
          "terminate": "false"
        },
        {
          "speaker": "speaker2",
          "personaID": "05032",
          "participantID": "24599",
          "utterance": "네 출근했어요~ 오늘도 일곱시반에 출근하신 건가요~?",
          "summary": "나는 출근을 했다.",
          "date": "2022-09-11",
          "time": "09:30:34",
          "terminate": "false"
        },
        {
          "speaker": "speaker1",
          "personaID": "04527",
          "participantID": "24624",
          "utterance": "네. 오전에 좀 한가해서 괜히 잡생각이 많아지네요. 혹시 실례가 안 된다면 가족관계 여쭤봐도 될까요?",
          "summary": "나는 오전에 한가해서 괜히 잡생각이 많아진다.",
          "date": "2022-09-11",
          "time": "09:31:00",
          "terminate": "false"
        },
        {
          "speaker": "speaker2",
          "personaID": "05032",
          "participantID": "24599",
          "utterance": "네 저는 싱글맘이라서 아들 혼자 키우고 있어요.",
          "summary": "나는 싱글맘으로 아들을 혼자 키운다.",
          "date": "2022-09-11",
          "time": "09:31:48",
          "terminate": "false"
        },
        {
          "speaker": "speaker1",
          "personaID": "04527",
          "participantID": "24624",
          "utterance": "그렇군요. 아드님 나이가 몇 살인가요? 저는 딸 한명이 있는데 올해 결혼하겠다고 해서 요즘 가끔 초조하네요.",
          "summary": "나는 딸 한 명이 있다. 나는 딸이 올해 결혼하겠다고 해서 요즘, 가끔 초조하다.",
          "date": "2022-09-11",
          "time": "09:32:18",
          "terminate": "false"
        },
        {
          "speaker": "speaker2",
          "personaID": "05032",
          "participantID": "24599",
          "utterance": "저희 아들 이제 고1이에요~ 따님이 아직 어리지 않아요!? 결혼을 일찍 하셨나요!?",
          "summary": "나의 아들은 고등학교 1학년이다.",
          "date": "2022-09-11",
          "time": "09:32:46",
          "terminate": "false"
        },
        {
          "speaker": "speaker1",
          "personaID": "04527",
          "participantID": "24624",
          "utterance": "제가 50대 후반이라 딸 아이는 30대 초반이에요. 제 욕심이지만 딸이 계속 저랑 살았으면 좋겠네요.",
          "summary": "나는 50대 후반이며 나의 딸은 30대 초반이다. 나는 나의 욕심이지만 딸이 나와 계속 같이 살았으면 좋겠다.",
          "date": "2022-09-11",
          "time": "09:33:13",
          "terminate": "false"
        },
        {
          "speaker": "speaker2",
          "personaID": "05032",
          "participantID": "24599",
          "utterance": "시집갈 나이긴 하네요~ 예비사위가 탐탁지 않으신 건 아니죠?ㅋㅋ.",
          "summary": "",
          "date": "2022-09-11",
          "time": "09:33:56",
          "terminate": "false"
        },
        {
          "speaker": "speaker1",
          "personaID": "04527",
          "participantID": "24624",
          "utterance": "딸이 어떤 남자를 데리고 와도 눈에 안 찰 거 같네요.",
          "summary": "나는 딸이 어떤 남자를 데리고 와도 눈에 안 찰 거 같다.",
          "date": "2022-09-11",
          "time": "09:34:11",
          "terminate": "false"
        },
        {
          "speaker": "speaker2",
          "personaID": "05032",
          "participantID": "24599",
          "utterance": "그쵸 눈에 넣어도 아프지 않을 자식인데 보내기 쉽지 않을 것 같아요. 저는 아들 군대보내기가 벌써 그렇게 싫네요.",
          "summary": "나는 아들을 군대에 보내고 싶지 않다.",
          "date": "2022-09-11",
          "time": "09:35:01",
          "terminate": "false"
        },
        {
          "speaker": "speaker1",
          "personaID": "04527",
          "participantID": "24624",
          "utterance": "아들 키우면 군대 문제가 있군요. 점심에 맛있는 거 먹으면서 초조함을 달래야겠네요. 점심 뭐 드실 건가요?",
          "summary": "나는 점심에 맛있는 것을 먹으면서 초조함을 달랠 것이다.",
          "date": "2022-09-11",
          "time": "09:35:36",
          "terminate": "false"
        },
        {
          "speaker": "speaker2",
          "personaID": "05032",
          "participantID": "24599",
          "utterance": "네 일단 일을 해야죠!ㅎㅎ 저는 평소에 즐겨 먹는 초밥 먹으려고 합니다. 뭐 드실지 정했어요?",
          "summary": "나는 초밥을 즐겨 먹는다.",
          "date": "2022-09-11",
          "time": "09:35:59",
          "terminate": "false"
        },
        {
          "speaker": "speaker1",
          "personaID": "04527",
          "participantID": "24624",
          "utterance": "초밥 좋네요. 저는 평소에 자주 가는 짬뽕집 있는데 오늘은 탕수육도 같이 시켜 먹게요. 오늘도 좋은 하루 되세요.",
          "summary": "나는 점심에 평소에 자주 가는 짬뽕집에서 탕수육도 같이 시켜 먹을 것이다.",
          "date": "2022-09-11",
          "time": "09:36:20",
          "terminate": "false"
        },
        {
          "speaker": "speaker2",
          "personaID": "05032",
          "participantID": "24599",
          "utterance": "중식도 좋네요~ 너무 속 끓이지 마시고 힘차게 하루 보내시길 바랍니다!",
          "summary": "",
          "date": "2022-09-11",
          "time": "09:36:39",
          "terminate": "true"
        }
      ],
      "sessionPersonaSummary": {
        "speaker1": [
          "나는 지금 잠깐 쉬고 있다.",
          "나는 오전에 한가해서 괜히 잡생각이 많아진다.",
          "나는 딸 한 명이 있다. 나는 딸이 올해 결혼하겠다고 해서 요즘, 가끔 초조하다.",
          "나는 50대 후반이며 나의 딸은 30대 초반이다. 나는 나의 욕심이지만 딸이 나와 계속 같이 살았으면 좋겠다.",
          "나는 딸이 어떤 남자를 데리고 와도 눈에 안 찰 거 같다.",
          "나는 점심에 맛있는 것을 먹으면서 초조함을 달랠 것이다.",
          "나는 점심에 평소에 자주 가는 짬뽕집에서 탕수육도 같이 시켜 먹을 것이다."
        ],
        "speaker2": [
          "나는 출근을 했다.",
          "나는 싱글맘으로 아들을 혼자 키운다.",
          "나의 아들은 고등학교 1학년이다.",
          "나는 아들을 군대에 보내고 싶지 않다.",
          "나는 초밥을 즐겨 먹는다."
        ]
      },
      "prevAggregatedpersonaSummary": {
        "speaker1": [
          "나는 50대 남자이다.",
          "나는 서울에 거주 중이다.",
          "나의 고향은 서울이다. 나는 직장이 경기도에 있어서 출퇴근하기 힘들다.",
          "나는 원래 다니던 회사가 서울에 있었지만 연구소를 지으면서 경기도로 옮기게 되어 경기도로 출퇴근을 하고 있다. 나는 회사를 그만두고 싶지만 가장이라 그만두지 못한다.",
          "나는 예전에 지하철로 20분이면 갈 거리를 요즘은 차로 1시간 걸려서 출퇴근하고 있어서 체력적으로 힘들다.",
          "나는 회사까지 지하철로 출근할 수 없다. 나는 버스도 잘 안 다니는 교통이 불편한 곳으로 출근하고 있다.",
          "나는 출근을 아침 7시 반까지 한다.",
          "나는 중견기업에서 연구원으로 일하고 있다. 나는 경기도 날씨는 서울과 다르다고 생각한다.",
          "나는 김포 대곶면으로 출근한다.",
          "나는 우리나라는 땅도 좁은데 지역마다 날씨가 다른 것이 신기하다.",
          "나는 환경이 걱정돼서 텀블러 사용을 하고 있지만 다른 제로 웨이스트 방법을 몰라서 못 하고 있다.",
          "나는 뉴스에서 플로깅을 본 적 있다. 나는 나중에 플로깅을 해볼 것이다.",
          "나는 종교가 없다.",
          "나는 뉴스를 보면 곧 지구가 종말 할 것 같다.",
          "나는 코로나라도 빨리 끝났으면 좋겠다. 나는 3년 넘게 마스크를 쓰고 다니려니 지긋지긋하다.",
          "나는 오전에 책을 읽는다. 나는 책을 읽다가 잠깐 쉬고 있었다. 나는 오후에 가족들과 쇼핑을 할 것이다.",
          "나는 여의도에 새로 생긴 백화점에 갈 것이다. 나의 딸과 아내는 여의도에 새로 생긴 백화점을 좋아한다.",
          "나는 여의도 더@브랜드명2@에 오늘 처음 가본다."
        ],
        "speaker2": [
          "나는 50대 여자이다.",
          "나는 서울에 산다.",
          "나의 고향은 부산이다. 나는 대학생 시절부터 쭉 서울에 산다.",
          "나는 경기도에서 서울로 출근하는 사람은 많이 봤지만 서울에서 경기도로 출근하는 사람은 처음 봤다.",
          "나는 10시까지 출근한다.",
          "나는 공공기관 지원사업 담당자다.",
          "나는 제로 웨이스트에 관심이 많다.",
          "나는 플로깅과 텀블러, 친환경 제품 사용 등을 실천하고 있다.",
          "나는 최근 교회에 다니기 시작하였다.",
          "나는 요즘 재난 등으로 자주 두렵다. 나는 두려움 때문에 종교를 갖기 시작했다.",
          "나는 요즘 세상이 불안하다.",
          "나는 여름 마스크가 답답하다."
        ]
      }
    }
  ]
}