{
  "FileInfo": {
    "filename": "K4-00507-CL96183-CP97747-05-03-S4.json",
    "sessionLevel": "4"
  },
  "participantsInfo": {
    "numberOfParticipants": "2",
    "speaker1": {
      "participantID": "30492",
      "gender": "남성",
      "age": "60대 이상",
      "occupation": "퇴직/연금생활자",
      "bPlace": "광주/전라/제주",
      "gPlace": "광주/전라/제주",
      "rPlace": "광주/전라/제주",
      "educationLevel": "대졸"
    },
    "speaker2": {
      "participantID": "30648",
      "gender": "여성",
      "age": "60대 이상",
      "occupation": "자영업",
      "bPlace": "대전/세종/충청/강원",
      "gPlace": "대전/세종/충청/강원",
      "rPlace": "대전/세종/충청/강원",
      "educationLevel": "대졸"
    }
  },
  "multisessionInfo": {
    "multisessionID": "4-00507"
  },
  "personaInfo": {
    "clInfo": {
      "personaID": "96183",
      "personaFeatures": [
        "나는 남자이다.",
        "나는 60대 이상이다.",
        "나는 맛집 여행을 좋아한다.",
        "나의 생일은 12월이다.",
        "나는 요즘, 현실이 비통하다.",
        "나는 오전에 동영상 채널을 본다."
      ],
      "speakerType": "speaker1"
    },
    "cpInfo": {
      "personaID": "97747",
      "personaFeatures": [
        "나는 여자이다.",
        "나는 60대 이상이다.",
        "나는 TV 애니메이션을 자주 본다.",
        "나의 생일은 5월이다.",
        "나는 사람을 깊이 사귀지 못한다.",
        "나는 강아지 두 마리를 키운다.",
        "나는 혈액형이 O형이다."
      ],
      "speakerType": "speaker2"
    }
  },
  "topicInfo": {
    "topicID": "05-03",
    "topicType": "일과 직업>군대",
    "topicTitle": "입대"
  },
  "sessionInfo": [
    {
      "prevSessionID": null,
      "prevTimeInfo": {
        "timeNum": null,
        "timeUnit": null
      },
      "nthSession": "1",
      "numberOfUtterances": "14",
      "numberOfTurns": "7",
      "sessionID": "4-00507-1",
      "dialog": [
        {
          "speaker": "speaker1",
          "personaID": "96183",
          "participantID": "30492",
          "utterance": "반갑습니다 ~ 저는 60대 남자입니다 ㅎㅎ.",
          "summary": "나는 60대 남자이다.",
          "date": "2022-11-28",
          "time": "22:22:14",
          "terminate": "false"
        },
        {
          "speaker": "speaker2",
          "personaID": "97747",
          "participantID": "30648",
          "utterance": "안녕하세요! 저는 같은 60대고 전 여자에요~",
          "summary": "나는 60대 여자이다.",
          "date": "2022-11-28",
          "time": "22:22:28",
          "terminate": "false"
        },
        {
          "speaker": "speaker1",
          "personaID": "96183",
          "participantID": "30492",
          "utterance": "저는 맛집 여행을 좋아해서 자주가요 ! 여행이나 먹는거 좋아하시나요?",
          "summary": "나는 맛집 여행을 좋아한다.",
          "date": "2022-11-28",
          "time": "22:22:29",
          "terminate": "false"
        },
        {
          "speaker": "speaker2",
          "personaID": "97747",
          "participantID": "30648",
          "utterance": "네~ 좋아해요! 저는 TV애니메이션을 자주봐서 여행가서도 애니메이션을 봤네요 ㅎㅎ.",
          "summary": "나는 TV 애니메이션을 자주 본다.",
          "date": "2022-11-28",
          "time": "22:22:42",
          "terminate": "false"
        },
        {
          "speaker": "speaker1",
          "personaID": "96183",
          "participantID": "30492",
          "utterance": "제 생일인 12월에는 방어를 먹으려 여수에 가볼까해요 ~ 애니메이션도 좋네요 ㅎㅎ.",
          "summary": "나의 생일은 12월이다. 나는 방어를 먹으러 여수에 갈 것이다.",
          "date": "2022-11-28",
          "time": "22:22:48",
          "terminate": "false"
        },
        {
          "speaker": "speaker2",
          "personaID": "97747",
          "participantID": "30648",
          "utterance": "방어라니~ 좋네요! 제가 사람을 깊이사귀지못하는데 그래서 여행은주로 혼자가요.",
          "summary": "나는 사람을 깊이 사귀지 못한다. 나는 여행을 혼자 간다.",
          "date": "2022-11-28",
          "time": "22:23:02",
          "terminate": "false"
        },
        {
          "speaker": "speaker1",
          "personaID": "96183",
          "participantID": "30492",
          "utterance": "저도 혼자가요 ~ 제가 결혼도 안했거든요 하하 요즘,현실이 비통한데 여행가는 생각만해도 좀 괜찮아지는 것 같네요.",
          "summary": "나는 요즘, 현실이 비통하다. 나는 결혼을 안 했다.",
          "date": "2022-11-28",
          "time": "22:23:13",
          "terminate": "false"
        },
        {
          "speaker": "speaker2",
          "personaID": "97747",
          "participantID": "30648",
          "utterance": "저도 미혼입니다...ㅎㅎ 그렇군요. 제가 O형인데 사교성이 떨어지나봐요ㅠ 저도 기분이 안좋네요..ㅠ.",
          "summary": "나는 혈액형이 O형이다.",
          "date": "2022-11-28",
          "time": "22:23:34",
          "terminate": "false"
        },
        {
          "speaker": "speaker1",
          "personaID": "96183",
          "participantID": "30492",
          "utterance": "아닙니다 ^^ 이렇게 대화하시는거 보면 성격 좋아보이시는데요?",
          "summary": "",
          "date": "2022-11-28",
          "time": "22:23:45",
          "terminate": "false"
        },
        {
          "speaker": "speaker2",
          "personaID": "97747",
          "participantID": "30648",
          "utterance": "그런가요? 감사해요 ㅎㅎ 제가 5월이 생일이라 그때 여행가보려고 고민중이에요.",
          "summary": "나의 생일은 5월이다.",
          "date": "2022-11-28",
          "time": "22:23:58",
          "terminate": "false"
        },
        {
          "speaker": "speaker1",
          "personaID": "96183",
          "participantID": "30492",
          "utterance": "좋네요 ~~~ 저도 회사 일 일정 잘 맞춰서 여행 계획해봐야겠어요 ㅠㅠ.",
          "summary": "",
          "date": "2022-11-28",
          "time": "22:24:11",
          "terminate": "false"
        },
        {
          "speaker": "speaker2",
          "personaID": "97747",
          "participantID": "30648",
          "utterance": "그러게요~ 어디갈지 잘 고민해봐야겠어요 ㅎㅎ이제 뭐하실건가요?",
          "summary": "",
          "date": "2022-11-28",
          "time": "22:24:25",
          "terminate": "false"
        },
        {
          "speaker": "speaker1",
          "personaID": "96183",
          "participantID": "30492",
          "utterance": "저는 아직 남은 업무가 있어서 처리 좀 하고 이따 다시 연락드릴게요 ~",
          "summary": "나는 업무처리를 하러 갈 것이다.",
          "date": "2022-11-28",
          "time": "22:24:29",
          "terminate": "false"
        },
        {
          "speaker": "speaker2",
          "personaID": "97747",
          "participantID": "30648",
          "utterance": "네~~ 일 열심히 하시고 저는 쉬고있을게요!",
          "summary": "나는 쉬러 간다.",
          "date": "2022-11-28",
          "time": "22:24:41",
          "terminate": "true"
        }
      ],
      "sessionPersonaSummary": {
        "speaker1": [
          "나는 60대 남자이다.",
          "나는 맛집 여행을 좋아한다.",
          "나의 생일은 12월이다. 나는 방어를 먹으러 여수에 갈 것이다.",
          "나는 요즘, 현실이 비통하다. 나는 결혼을 안 했다.",
          "나는 업무처리를 하러 갈 것이다."
        ],
        "speaker2": [
          "나는 60대 여자이다.",
          "나는 TV 애니메이션을 자주 본다.",
          "나는 사람을 깊이 사귀지 못한다. 나는 여행을 혼자 간다.",
          "나는 혈액형이 O형이다.",
          "나의 생일은 5월이다.",
          "나는 쉬러 간다."
        ]
      },
      "prevAggregatedpersonaSummary": {
        "speaker1": [],
        "speaker2": []
      }
    },
    {
      "prevSessionID": "4-00507-1",
      "prevTimeInfo": {
        "timeNum": "5",
        "timeUnit": "일"
      },
      "nthSession": "2",
      "numberOfUtterances": "14",
      "numberOfTurns": "7",
      "sessionID": "4-00507-2",
      "dialog": [
        {
          "speaker": "speaker1",
          "personaID": "96183",
          "participantID": "30492",
          "utterance": "대화한지 5일만에 다시 연락드려요 ~ 곧 입대하는 손주랑 밥 먹으려고 준비중입니다.",
          "summary": "나의 손주는 곧 입대를 한다.",
          "date": "2022-11-28",
          "time": "22:24:49",
          "terminate": "false"
        },
        {
          "speaker": "speaker2",
          "personaID": "97747",
          "participantID": "30648",
          "utterance": "정말요? 입대라니ㅠㅠ 마음 아프시겠어요~ㅠㅠ.",
          "summary": "",
          "date": "2022-11-28",
          "time": "22:24:59",
          "terminate": "false"
        },
        {
          "speaker": "speaker1",
          "personaID": "96183",
          "participantID": "30492",
          "utterance": "마음이 아프긴하지만.. 이왕 가는거 잘 갔다오라고 해야겠어요 ㅠ.",
          "summary": "나는 이왕 가는 군대 잘 갔다 오라고 할 것이다.",
          "date": "2022-11-28",
          "time": "22:25:09",
          "terminate": "false"
        },
        {
          "speaker": "speaker2",
          "personaID": "97747",
          "participantID": "30648",
          "utterance": "그러게요.. 가족 다같이 식사하는건가요?",
          "summary": "",
          "date": "2022-11-28",
          "time": "22:25:22",
          "terminate": "false"
        },
        {
          "speaker": "speaker1",
          "personaID": "96183",
          "participantID": "30492",
          "utterance": "네~ 안그래도 회사 일이 바빠서 요즘,현실이 비통한데 ㅜㅜ.. 오랜만에 환기 좀 하려구요.",
          "summary": "나는 회사 일이 바쁘다.",
          "date": "2022-11-28",
          "time": "22:25:33",
          "terminate": "false"
        },
        {
          "speaker": "speaker2",
          "personaID": "97747",
          "participantID": "30648",
          "utterance": "그러시군요. 다행이에요. 식사는 어떤거하실건가요?",
          "summary": "",
          "date": "2022-11-28",
          "time": "22:25:52",
          "terminate": "false"
        },
        {
          "speaker": "speaker1",
          "personaID": "96183",
          "participantID": "30492",
          "utterance": "곧 입대하는 손주가 먹고싶은게 많나봐요 ㅋㅋ 오늘은 일단 소고기 먹고싶다해서 그거 먹을 것 같아요.",
          "summary": "나의 손주는 소고기가 먹고 싶다고 했다.",
          "date": "2022-11-28",
          "time": "22:25:54",
          "terminate": "false"
        },
        {
          "speaker": "speaker2",
          "personaID": "97747",
          "participantID": "30648",
          "utterance": "소고기 좋네요~ 군입대 하기전에 맛있는거 많이 먹여서 보내야죠~ㅠ.",
          "summary": "나는 군 입대하기 전에 많이 먹여서 보내야 한다고 생각한다.",
          "date": "2022-11-28",
          "time": "22:26:04",
          "terminate": "false"
        },
        {
          "speaker": "speaker1",
          "personaID": "96183",
          "participantID": "30492",
          "utterance": "맞아요 ~ 조만간은 그래서 손주 입대하기 전에 가족끼리 식사 많이 할 것 같네요.",
          "summary": "나는 가족끼리 식사를 많이 할 것 같다.",
          "date": "2022-11-28",
          "time": "22:26:20",
          "terminate": "false"
        },
        {
          "speaker": "speaker2",
          "personaID": "97747",
          "participantID": "30648",
          "utterance": "그러게요. 입대까지는 얼마나 남았나요???",
          "summary": "",
          "date": "2022-11-28",
          "time": "22:26:31",
          "terminate": "false"
        },
        {
          "speaker": "speaker1",
          "personaID": "96183",
          "participantID": "30492",
          "utterance": "2 주 정도 남았네요 ~~ 이렇게 먹으러 다니면 맛집 여행 하는 기분 들 것 같아서 좋아요 ㅋㅋ.",
          "summary": "나는 맛집 여행하는 기분이 들 것 같다.",
          "date": "2022-11-28",
          "time": "22:26:46",
          "terminate": "false"
        },
        {
          "speaker": "speaker2",
          "personaID": "97747",
          "participantID": "30648",
          "utterance": "그렇군요~ 그전에 시간 많이 보내세요! 가고나면 아쉬울거같아요ㅠ.",
          "summary": "",
          "date": "2022-11-28",
          "time": "22:27:03",
          "terminate": "false"
        },
        {
          "speaker": "speaker1",
          "personaID": "96183",
          "participantID": "30492",
          "utterance": "그러려구요 ㅎㅎ손주 만날 시간이 돼서 이만 나가볼게요 이따 다시 대화드릴게요 ^^",
          "summary": "",
          "date": "2022-11-28",
          "time": "22:27:07",
          "terminate": "false"
        },
        {
          "speaker": "speaker2",
          "personaID": "97747",
          "participantID": "30648",
          "utterance": "네~~ 식사맛있게 하시고 시간나면 또 연락해요!",
          "summary": "",
          "date": "2022-11-28",
          "time": "22:27:14",
          "terminate": "true"
        }
      ],
      "sessionPersonaSummary": {
        "speaker1": [
          "나의 손주는 곧 입대를 한다.",
          "나는 이왕 가는 군대 잘 갔다 오라고 할 것이다.",
          "나는 회사 일이 바쁘다.",
          "나의 손주는 소고기가 먹고 싶다고 했다.",
          "나는 가족끼리 식사를 많이 할 것 같다.",
          "나는 맛집 여행하는 기분이 들 것 같다."
        ],
        "speaker2": [
          "나는 군 입대하기 전에 많이 먹여서 보내야 한다고 생각한다."
        ]
      },
      "prevAggregatedpersonaSummary": {
        "speaker1": [
          "나는 60대 남자이다.",
          "나는 맛집 여행을 좋아한다.",
          "나의 생일은 12월이다. 나는 방어를 먹으러 여수에 갈 것이다.",
          "나는 요즘, 현실이 비통하다. 나는 결혼을 안 했다.",
          "나는 업무처리를 하러 갈 것이다."
        ],
        "speaker2": [
          "나는 60대 여자이다.",
          "나는 TV 애니메이션을 자주 본다.",
          "나는 사람을 깊이 사귀지 못한다. 나는 여행을 혼자 간다.",
          "나는 혈액형이 O형이다.",
          "나의 생일은 5월이다.",
          "나는 쉬러 간다."
        ]
      }
    },
    {
      "prevSessionID": "4-00507-2",
      "prevTimeInfo": {
        "timeNum": "4",
        "timeUnit": "시간"
      },
      "nthSession": "3",
      "numberOfUtterances": "14",
      "numberOfTurns": "7",
      "sessionID": "4-00507-3",
      "dialog": [
        {
          "speaker": "speaker1",
          "personaID": "96183",
          "participantID": "30492",
          "utterance": "아까 말씀드렸던 소고기 먹고 왔어요 ~ 식사 하셨나요?",
          "summary": "나는 소고기를 먹고 왔다.",
          "date": "2022-11-28",
          "time": "22:27:27",
          "terminate": "false"
        },
        {
          "speaker": "speaker2",
          "personaID": "97747",
          "participantID": "30648",
          "utterance": "ㅎㅎ 저는 집에서 애니메이션 보고있었어요~ 아직 식사전이네요 ㅎㅎ.",
          "summary": "나는 애니메이션을 보고 있다.",
          "date": "2022-11-28",
          "time": "22:27:35",
          "terminate": "false"
        },
        {
          "speaker": "speaker1",
          "personaID": "96183",
          "participantID": "30492",
          "utterance": "얼른 식사하셔야죠 ㅠㅠ 저희 손주는 입대하기 전까지 먹고싶은거 다 먹고갈거라고 하더라구요.",
          "summary": "나의 손주는 입대 전까지 먹고 싶은 거 다 먹고 갈 것이라고 했다.",
          "date": "2022-11-28",
          "time": "22:27:48",
          "terminate": "false"
        },
        {
          "speaker": "speaker2",
          "personaID": "97747",
          "participantID": "30648",
          "utterance": "ㅎㅎ 그런가요? 손주분이 제일 좋아하는 음식이 뭘까요~ 치킨 이런걸까요?ㅎㅎ.",
          "summary": "",
          "date": "2022-11-28",
          "time": "22:28:04",
          "terminate": "false"
        },
        {
          "speaker": "speaker1",
          "personaID": "96183",
          "participantID": "30492",
          "utterance": "손주는 양식을 좋아하네요 ㅋㅋㅋ 다음에는 스테이크에 파스타 먹자하더라구요.",
          "summary": "나의 손주는 스테이크에 파스타를 먹자고 했다.",
          "date": "2022-11-28",
          "time": "22:28:19",
          "terminate": "false"
        },
        {
          "speaker": "speaker2",
          "personaID": "97747",
          "participantID": "30648",
          "utterance": "그렇군요 ㅋㅋㅋ나중에 면회라도가면 양식 싸가셔야하겠어요~",
          "summary": "",
          "date": "2022-11-28",
          "time": "22:28:33",
          "terminate": "false"
        },
        {
          "speaker": "speaker1",
          "personaID": "96183",
          "participantID": "30492",
          "utterance": "하하 파스타는 면이 불어서... 괜찮을지 모르겠네요.",
          "summary": "",
          "date": "2022-11-28",
          "time": "22:28:52",
          "terminate": "false"
        },
        {
          "speaker": "speaker2",
          "personaID": "97747",
          "participantID": "30648",
          "utterance": "그럴수있겠네요.. 저도 양식 얘기 하니까 집에서 파스타 만들어먹을까 고민되네요 ㅎㅎ.",
          "summary": "나는 파스타를 만들어먹을지 고민된다.",
          "date": "2022-11-28",
          "time": "22:28:59",
          "terminate": "false"
        },
        {
          "speaker": "speaker1",
          "personaID": "96183",
          "participantID": "30492",
          "utterance": "좋죠 ~ 어떤 파스타 제일 좋아하세요? 저는 오일파스타 제일 좋아해요.",
          "summary": "나는 오일 파스타를 제일 좋아한다.",
          "date": "2022-11-28",
          "time": "22:29:12",
          "terminate": "false"
        },
        {
          "speaker": "speaker2",
          "personaID": "97747",
          "participantID": "30648",
          "utterance": "오일파스타 저도좋아해요! 저는 봉골레를 좋아한답니다 ㅎㅎ.",
          "summary": "나는 봉골레 파스타를 좋아한다.",
          "date": "2022-11-28",
          "time": "22:29:24",
          "terminate": "false"
        },
        {
          "speaker": "speaker1",
          "personaID": "96183",
          "participantID": "30492",
          "utterance": "좋네요 ㅎㅎ 곧 입대하는 제 손주도 봉골레 제일 좋아한다더라구요 ~",
          "summary": "나의 손주는 봉골레를 제일 좋아한다.",
          "date": "2022-11-28",
          "time": "22:29:37",
          "terminate": "false"
        },
        {
          "speaker": "speaker2",
          "personaID": "97747",
          "participantID": "30648",
          "utterance": "맛내기가 어려워서 만들때마다 다르긴한데 말하니까 먹고싶어지네요..ㅎ.",
          "summary": "",
          "date": "2022-11-28",
          "time": "22:29:48",
          "terminate": "false"
        },
        {
          "speaker": "speaker1",
          "personaID": "96183",
          "participantID": "30492",
          "utterance": "얼른 식사하셔요 ~ 저는 좀 씻고 올게요 ㅎㅎ.",
          "summary": "나는 씻고 올 것이다.",
          "date": "2022-11-28",
          "time": "22:29:51",
          "terminate": "false"
        },
        {
          "speaker": "speaker2",
          "personaID": "97747",
          "participantID": "30648",
          "utterance": "네~ 그럼저는파스타 만들어먹으러 가볼게요!!",
          "summary": "",
          "date": "2022-11-28",
          "time": "22:30:00",
          "terminate": "true"
        }
      ],
      "sessionPersonaSummary": {
        "speaker1": [
          "나는 소고기를 먹고 왔다.",
          "나의 손주는 입대 전까지 먹고 싶은 거 다 먹고 갈 것이라고 했다.",
          "나의 손주는 스테이크에 파스타를 먹자고 했다.",
          "나는 오일 파스타를 제일 좋아한다.",
          "나의 손주는 봉골레를 제일 좋아한다.",
          "나는 씻고 올 것이다."
        ],
        "speaker2": [
          "나는 애니메이션을 보고 있다.",
          "나는 파스타를 만들어먹을지 고민된다.",
          "나는 봉골레 파스타를 좋아한다."
        ]
      },
      "prevAggregatedpersonaSummary": {
        "speaker1": [
          "나는 60대 남자이다.",
          "나는 맛집 여행을 좋아한다.",
          "나의 생일은 12월이다. 나는 방어를 먹으러 여수에 갈 것이다.",
          "나는 요즘, 현실이 비통하다. 나는 결혼을 안 했다.",
          "나는 업무처리를 하러 갈 것이다.",
          "나의 손주는 곧 입대를 한다.",
          "나는 이왕 가는 군대 잘 갔다 오라고 할 것이다.",
          "나는 회사 일이 바쁘다.",
          "나의 손주는 소고기가 먹고 싶다고 했다.",
          "나는 가족끼리 식사를 많이 할 것 같다.",
          "나는 맛집 여행하는 기분이 들 것 같다."
        ],
        "speaker2": [
          "나는 60대 여자이다.",
          "나는 TV 애니메이션을 자주 본다.",
          "나는 사람을 깊이 사귀지 못한다. 나는 여행을 혼자 간다.",
          "나는 혈액형이 O형이다.",
          "나의 생일은 5월이다.",
          "나는 쉬러 간다.",
          "나는 군 입대하기 전에 많이 먹여서 보내야 한다고 생각한다."
        ]
      }
    },
    {
      "prevSessionID": "4-00507-3",
      "prevTimeInfo": {
        "timeNum": "4",
        "timeUnit": "일"
      },
      "nthSession": "4",
      "numberOfUtterances": "14",
      "numberOfTurns": "7",
      "sessionID": "4-00507-4",
      "dialog": [
        {
          "speaker": "speaker1",
          "personaID": "96183",
          "participantID": "30492",
          "utterance": "손주 군대 입대가 점점 다가오네요 ㅠㅠ 오늘도 외식한지 며칠만에 다시 외식하러 나왔어요 ~",
          "summary": "나는 외식을 하러 나왔다.",
          "date": "2022-11-28",
          "time": "22:30:15",
          "terminate": "false"
        },
        {
          "speaker": "speaker2",
          "personaID": "97747",
          "participantID": "30648",
          "utterance": "오랜만이에요! 오늘도 손주분이랑 같이 식사하시나요??",
          "summary": "",
          "date": "2022-11-28",
          "time": "22:30:25",
          "terminate": "false"
        },
        {
          "speaker": "speaker1",
          "personaID": "96183",
          "participantID": "30492",
          "utterance": "네 ~ 입대 전에 먹고싶은게 많아서인지 며칠전에 파스타 얘기했었는데 오늘은 골뱅이소면을 먹자고 하네요 ㅋ.",
          "summary": "나는 골뱅이 소면을 먹을 것이다.",
          "date": "2022-11-28",
          "time": "22:30:42",
          "terminate": "false"
        },
        {
          "speaker": "speaker2",
          "personaID": "97747",
          "participantID": "30648",
          "utterance": "그렇군요 ㅋㅋ골뱅이소면은 술안주인데 술이 땡기나봐요!!",
          "summary": "",
          "date": "2022-11-28",
          "time": "22:30:56",
          "terminate": "false"
        },
        {
          "speaker": "speaker1",
          "personaID": "96183",
          "participantID": "30492",
          "utterance": "그런가봐요 ㅋㅋㅋ 손주도 입대 생각하니까 저처럼 현실이 비통한가봐요.",
          "summary": "",
          "date": "2022-11-28",
          "time": "22:31:08",
          "terminate": "false"
        },
        {
          "speaker": "speaker2",
          "personaID": "97747",
          "participantID": "30648",
          "utterance": "그런가요?ㅠㅠ 아 그럼 군입대할때 훈련소도 같이 가실건가봐요??",
          "summary": "",
          "date": "2022-11-28",
          "time": "22:31:20",
          "terminate": "false"
        },
        {
          "speaker": "speaker1",
          "personaID": "96183",
          "participantID": "30492",
          "utterance": "일이 바빠서 그러지는 못할 것 같네요 ㅠㅠ 대신 이렇게 맛집 여행 하는 것처럼 맛있는거 많이 먹으러 다니려구요.",
          "summary": "나는 일이 바빠서 훈련소는 같이 가지 못할 것 같다.",
          "date": "2022-11-28",
          "time": "22:31:38",
          "terminate": "false"
        },
        {
          "speaker": "speaker2",
          "personaID": "97747",
          "participantID": "30648",
          "utterance": "저는 지금 TV로 애니메이션 보고있는데 군대가면 이런것도 못즐길테니 너무 안쓰럽네요ㅠ.",
          "summary": "나는 TV로 애니메이션을 보고 있다.",
          "date": "2022-11-28",
          "time": "22:31:49",
          "terminate": "false"
        },
        {
          "speaker": "speaker1",
          "personaID": "96183",
          "participantID": "30492",
          "utterance": "그러니까요 ㅠ 괜히 저 군대 입대했을때도 생각나고.. 손주가 잘 버티면 좋겠어요.",
          "summary": "나는 손주가 군대에서 잘 버티면 좋겠다. 나는 군대 입대했을 때가 생각난다.",
          "date": "2022-11-28",
          "time": "22:32:02",
          "terminate": "false"
        },
        {
          "speaker": "speaker2",
          "personaID": "97747",
          "participantID": "30648",
          "utterance": "그러게요. 님도 군대를 다녀오셨군요... 심정이 더 이해되시겠어요ㅠ.",
          "summary": "",
          "date": "2022-11-28",
          "time": "22:32:15",
          "terminate": "false"
        },
        {
          "speaker": "speaker1",
          "personaID": "96183",
          "participantID": "30492",
          "utterance": "맞아요 하하 뭐 남자라면 다 치뤄야 하는 경험이니까 ^^",
          "summary": "",
          "date": "2022-11-28",
          "time": "22:32:29",
          "terminate": "false"
        },
        {
          "speaker": "speaker2",
          "personaID": "97747",
          "participantID": "30648",
          "utterance": "저까지 마음이 안좋네요.. 잘 다녀오셨으면 좋겠어요~ㅠ.",
          "summary": "",
          "date": "2022-11-28",
          "time": "22:32:32",
          "terminate": "false"
        },
        {
          "speaker": "speaker1",
          "personaID": "96183",
          "participantID": "30492",
          "utterance": "손주한테 전해드릴게요 ㅋㅋ 저는 이만 식사하고 올게요 ~",
          "summary": "",
          "date": "2022-11-28",
          "time": "22:32:42",
          "terminate": "false"
        },
        {
          "speaker": "speaker2",
          "personaID": "97747",
          "participantID": "30648",
          "utterance": "네~ 그럼 저는 다시 애니메이션 보러가볼게요! 또 연락해요 ㅎㅎ.",
          "summary": "나는 애니메이션 보러 간다.",
          "date": "2022-11-28",
          "time": "22:32:44",
          "terminate": "true"
        }
      ],
      "sessionPersonaSummary": {
        "speaker1": [
          "나는 외식을 하러 나왔다.",
          "나는 골뱅이 소면을 먹을 것이다.",
          "나는 일이 바빠서 훈련소는 같이 가지 못할 것 같다.",
          "나는 손주가 군대에서 잘 버티면 좋겠다. 나는 군대 입대했을 때가 생각난다."
        ],
        "speaker2": [
          "나는 TV로 애니메이션을 보고 있다.",
          "나는 애니메이션 보러 간다."
        ]
      },
      "prevAggregatedpersonaSummary": {
        "speaker1": [
          "나는 60대 남자이다.",
          "나는 맛집 여행을 좋아한다.",
          "나의 생일은 12월이다. 나는 방어를 먹으러 여수에 갈 것이다.",
          "나는 요즘, 현실이 비통하다. 나는 결혼을 안 했다.",
          "나는 업무처리를 하러 갈 것이다.",
          "나의 손주는 곧 입대를 한다.",
          "나는 이왕 가는 군대 잘 갔다 오라고 할 것이다.",
          "나는 회사 일이 바쁘다.",
          "나의 손주는 소고기가 먹고 싶다고 했다.",
          "나는 가족끼리 식사를 많이 할 것 같다.",
          "나는 맛집 여행하는 기분이 들 것 같다.",
          "나는 소고기를 먹고 왔다.",
          "나의 손주는 입대 전까지 먹고 싶은 거 다 먹고 갈 것이라고 했다.",
          "나의 손주는 스테이크에 파스타를 먹자고 했다.",
          "나는 오일 파스타를 제일 좋아한다.",
          "나의 손주는 봉골레를 제일 좋아한다.",
          "나는 씻고 올 것이다."
        ],
        "speaker2": [
          "나는 60대 여자이다.",
          "나는 TV 애니메이션을 자주 본다.",
          "나는 사람을 깊이 사귀지 못한다. 나는 여행을 혼자 간다.",
          "나는 혈액형이 O형이다.",
          "나의 생일은 5월이다.",
          "나는 쉬러 간다.",
          "나는 군 입대하기 전에 많이 먹여서 보내야 한다고 생각한다.",
          "나는 애니메이션을 보고 있다.",
          "나는 파스타를 만들어먹을지 고민된다.",
          "나는 봉골레 파스타를 좋아한다."
        ]
      }
    }
  ]
}