{
  "FileInfo": {
    "filename": "K4-00301-CL02607-CP03664-07-04-S4.json",
    "sessionLevel": "4"
  },
  "participantsInfo": {
    "numberOfParticipants": "2",
    "speaker1": {
      "participantID": "0021",
      "gender": "여성",
      "age": "30대",
      "occupation": "주부",
      "bPlace": "서울/경기/인천",
      "gPlace": "서울/경기/인천",
      "rPlace": "서울/경기/인천",
      "educationLevel": "대졸"
    },
    "speaker2": {
      "participantID": "0124",
      "gender": "남성",
      "age": "30대",
      "occupation": "사무직",
      "bPlace": "부산/대구/울산/경상",
      "gPlace": "부산/대구/울산/경상",
      "rPlace": "부산/대구/울산/경상",
      "educationLevel": "대졸"
    }
  },
  "multisessionInfo": {
    "multisessionID": "4-00301"
  },
  "personaInfo": {
    "clInfo": {
      "personaID": "02607",
      "personaFeatures": [
        "나는 여자이다.",
        "나는 30대이다.",
        "나는 가족과 이야기를 많이 나눈다.",
        "나는 다소 사교적이다.",
        "나는 소설을 가끔 읽는다."
      ],
      "speakerType": "speaker1"
    },
    "cpInfo": {
      "personaID": "03664",
      "personaFeatures": [
        "나는 남자이다.",
        "나는 40대이다.",
        "나의 종교는 불교이다.",
        "나는 짠 음식을 안 먹는다.",
        "나는 겨울을 좋아한다."
      ],
      "speakerType": "speaker2"
    }
  },
  "topicInfo": {
    "topicID": "07-04",
    "topicType": "개인 및 관계>가족",
    "topicTitle": "형제"
  },
  "sessionInfo": [
    {
      "prevSessionID": null,
      "prevTimeInfo": {
        "timeNum": null,
        "timeUnit": null
      },
      "nthSession": "1",
      "numberOfUtterances": "16",
      "numberOfTurns": "8",
      "sessionID": "4-00301-1",
      "dialog": [
        {
          "speaker": "speaker1",
          "personaID": "02607",
          "participantID": "0021",
          "utterance": "하@이름1@ ㅎㅎ 30대 여자에요 !! 반가워요~",
          "summary": "나는 30대 여자이다.",
          "date": "2022-08-02",
          "time": "17:50:16",
          "terminate": "false"
        },
        {
          "speaker": "speaker2",
          "personaID": "03664",
          "participantID": "0124",
          "utterance": "반갑습니다 저는 40대 남자입니다 ㅎㅎ.",
          "summary": "나는 40대 남자이다.",
          "date": "2022-08-02",
          "time": "17:50:21",
          "terminate": "false"
        },
        {
          "speaker": "speaker1",
          "personaID": "02607",
          "participantID": "0021",
          "utterance": "주말인데 뭐하고 계셨어요? 오늘 날씨도 좋은데 !!",
          "summary": "",
          "date": "2022-08-02",
          "time": "17:51:02",
          "terminate": "false"
        },
        {
          "speaker": "speaker2",
          "personaID": "03664",
          "participantID": "0124",
          "utterance": "저는 그냥 있습니다ㅎㅎ 뭐 주말인데 할게없네요 딱히..",
          "summary": "나는 그냥 있다.",
          "date": "2022-08-02",
          "time": "17:51:12",
          "terminate": "false"
        },
        {
          "speaker": "speaker1",
          "personaID": "02607",
          "participantID": "0021",
          "utterance": "저희 가족은 오늘 가족회의 있어가지구요 ㅋㅋ 토요일 마다 무려 20년째 이어지는 회의입니다..",
          "summary": "나는 오늘 가족회의가 있다.",
          "date": "2022-08-02",
          "time": "17:51:36",
          "terminate": "false"
        },
        {
          "speaker": "speaker2",
          "personaID": "03664",
          "participantID": "0124",
          "utterance": "대단하시네요.. 유서깊어요 아주 ㅋㅋ 20년이나!!",
          "summary": "",
          "date": "2022-08-02",
          "time": "17:51:37",
          "terminate": "false"
        },
        {
          "speaker": "speaker1",
          "personaID": "02607",
          "participantID": "0021",
          "utterance": "대단하긴하네요 제가 생각 해도 ㅋㅋ 이거 불참하면 벌금이 무려 10만원이에요..",
          "summary": "",
          "date": "2022-08-02",
          "time": "17:51:41",
          "terminate": "false"
        },
        {
          "speaker": "speaker2",
          "personaID": "03664",
          "participantID": "0124",
          "utterance": "이야 괜찮은 시스템이네요.. 아버지가 대단하신거같아요 정말 ㅋㅋ 그걸로 뭐하세요?",
          "summary": "",
          "date": "2022-08-02",
          "time": "17:52:05",
          "terminate": "false"
        },
        {
          "speaker": "speaker1",
          "personaID": "02607",
          "participantID": "0021",
          "utterance": "모아가지고 다같이 물건사고 그래요.. 저번주 제 여동생 불참.. 봐주는건 없답니다 ㅋㅋ 형제 있으세요?",
          "summary": "",
          "date": "2022-08-02",
          "time": "17:52:27",
          "terminate": "false"
        },
        {
          "speaker": "speaker2",
          "personaID": "03664",
          "participantID": "0124",
          "utterance": "와 진짜요? 진짜 봐주시는게 없나봐요ㅋㅋ 그래도 벌금 모아서 물건사는건 진짜 좋은 아이디어네요!",
          "summary": "",
          "date": "2022-08-02",
          "time": "17:52:28",
          "terminate": "false"
        },
        {
          "speaker": "speaker1",
          "personaID": "02607",
          "participantID": "0021",
          "utterance": "크면서 많이 심심하지 않으셨어요? ㅎㅎ 저희가족은 항상 말이 많아가지구요 ㅋㅋ 이야기 많이 나누져.",
          "summary": "나는 가족과 이야기 많이 나눈다.",
          "date": "2022-08-02",
          "time": "17:52:42",
          "terminate": "false"
        },
        {
          "speaker": "speaker2",
          "personaID": "03664",
          "participantID": "0124",
          "utterance": "혼자라서 좀 그럴수도 있겠지만.. 부모님과 친구처럼 지내 가지구요 ㅎㅎ.",
          "summary": "나는 부모님과 친구처럼 지낸다.",
          "date": "2022-08-02",
          "time": "18:04:26",
          "terminate": "false"
        },
        {
          "speaker": "speaker1",
          "personaID": "02607",
          "participantID": "0021",
          "utterance": "부모님과 친구 처럼 지내셨구나 ㅎㅎ..가족이 화목한건 정말 행운인거 같아요.",
          "summary": "",
          "date": "2022-08-02",
          "time": "17:53:59",
          "terminate": "false"
        },
        {
          "speaker": "speaker2",
          "personaID": "03664",
          "participantID": "0124",
          "utterance": "맞아요 진짜 행운이죠~ 그렇게 가족들이랑 화목하기 쉽지않아요.",
          "summary": "",
          "date": "2022-08-02",
          "time": "18:05:53",
          "terminate": "false"
        },
        {
          "speaker": "speaker1",
          "personaID": "02607",
          "participantID": "0021",
          "utterance": "저녁시간 다돼 가지고.. 밥먹으러 가봐야 될꺼같아요 !! 다음에 또 대화 나눠요!! 즐거웠어요!",
          "summary": "",
          "date": "2022-08-02",
          "time": "18:06:10",
          "terminate": "false"
        },
        {
          "speaker": "speaker2",
          "personaID": "03664",
          "participantID": "0124",
          "utterance": "알겠습니다~ 나중에 또 연락해요! 오늘하루도 즐거웠어요 ㅎㅎ.",
          "summary": "",
          "date": "2022-08-02",
          "time": "18:06:14",
          "terminate": "true"
        }
      ],
      "sessionPersonaSummary": {
        "speaker1": [
          "나는 30대 여자이다.",
          "나는 오늘 가족회의가 있다.",
          "나는 가족과 이야기 많이 나눈다."
        ],
        "speaker2": [
          "나는 40대 남자이다.",
          "나는 그냥 있다.",
          "나는 부모님과 친구처럼 지낸다."
        ]
      },
      "prevAggregatedpersonaSummary": {
        "speaker1": [],
        "speaker2": []
      }
    },
    {
      "prevSessionID": "4-00301-1",
      "prevTimeInfo": {
        "timeNum": "1",
        "timeUnit": "일"
      },
      "nthSession": "2",
      "numberOfUtterances": "16",
      "numberOfTurns": "8",
      "sessionID": "4-00301-2",
      "dialog": [
        {
          "speaker": "speaker1",
          "personaID": "02607",
          "participantID": "0021",
          "utterance": "잘주무셨어요? ㅎㅎ 날씨 너무 좋네요 !! 적당히 추워요!!",
          "summary": "",
          "date": "2022-08-02",
          "time": "18:08:08",
          "terminate": "false"
        },
        {
          "speaker": "speaker2",
          "personaID": "03664",
          "participantID": "0124",
          "utterance": "네 잘잤어요~ 네 오늘 좀 쌀쌀하긴하네요 ㅎㅎ!!",
          "summary": "",
          "date": "2022-08-02",
          "time": "18:08:25",
          "terminate": "false"
        },
        {
          "speaker": "speaker1",
          "personaID": "02607",
          "participantID": "0021",
          "utterance": "이제 가을냄새는 가시고 겨울냄새 나는거 같네요ㅎㅎ 아 나는 추위 딱 질색인데 !!",
          "summary": "",
          "date": "2022-08-02",
          "time": "18:09:21",
          "terminate": "false"
        },
        {
          "speaker": "speaker2",
          "personaID": "03664",
          "participantID": "0124",
          "utterance": "저는 겨울을 좋아해서~ 겨울냄새가 너무 좋아요 ㅎㅎ~",
          "summary": "나는 겨울을 좋아한다.",
          "date": "2022-08-02",
          "time": "18:09:37",
          "terminate": "false"
        },
        {
          "speaker": "speaker1",
          "personaID": "02607",
          "participantID": "0021",
          "utterance": "겨울 좋아 하시는구나 !! 저는 겨울도 나쁘지 않은데.. 추위는 워낙 싫어서..",
          "summary": "나는 추위를 싫어한다.",
          "date": "2022-08-02",
          "time": "18:09:45",
          "terminate": "false"
        },
        {
          "speaker": "speaker2",
          "personaID": "03664",
          "participantID": "0124",
          "utterance": "아 추위를 싫어하시구나! 저도 추위를 잘 타긴해요~!!!",
          "summary": "나는 추위를 잘 탄다.",
          "date": "2022-08-02",
          "time": "18:10:07",
          "terminate": "false"
        },
        {
          "speaker": "speaker1",
          "personaID": "02607",
          "participantID": "0021",
          "utterance": "주말인데 뭐하고 계셨어요? ㅎㅎ 저는 별 계획이 없어요 오늘은 !",
          "summary": "",
          "date": "2022-08-02",
          "time": "21:30:50",
          "terminate": "false"
        },
        {
          "speaker": "speaker2",
          "personaID": "03664",
          "participantID": "0124",
          "utterance": "저는 오늘 등산하러 가려고요!!ㅎㅎ 오랜만에 등산하는거라서~",
          "summary": "나는 오늘 등산을 간다.",
          "date": "2022-08-02",
          "time": "21:30:56",
          "terminate": "false"
        },
        {
          "speaker": "speaker1",
          "personaID": "02607",
          "participantID": "0021",
          "utterance": "등산 하러 가시는 구나!! 건강 때문에 하시는거겠죠? ㅎㅎ.",
          "summary": "",
          "date": "2022-08-02",
          "time": "21:32:17",
          "terminate": "false"
        },
        {
          "speaker": "speaker2",
          "personaID": "03664",
          "participantID": "0124",
          "utterance": "산위에 산사가 있어서 가는거에요! 뭐 올라가면서 운동이 되는것도 맞긴하죠!ㅎㅎ.",
          "summary": "나는 산 위에 산사를 간다.",
          "date": "2022-08-02",
          "time": "21:32:19",
          "terminate": "false"
        },
        {
          "speaker": "speaker1",
          "personaID": "02607",
          "participantID": "0021",
          "utterance": "아~ 절에 다니시는군요 ㅎㅎ 저도 예전에 어머니 따라 몇번 갔었어요 ㅎㅎ!!",
          "summary": "나는 예전에 어머니 따라 산사에 가봤다.",
          "date": "2022-08-02",
          "time": "21:32:36",
          "terminate": "false"
        },
        {
          "speaker": "speaker2",
          "personaID": "03664",
          "participantID": "0124",
          "utterance": "아 그래요~ 그렇게 한번씩 산에 가면 운동되고 상쾌해요!!ㅎㅎ.",
          "summary": "나는 산에 가면 운동도 되고 상쾌하다.",
          "date": "2022-08-02",
          "time": "21:33:02",
          "terminate": "false"
        },
        {
          "speaker": "speaker1",
          "personaID": "02607",
          "participantID": "0021",
          "utterance": "어제 가족회의가 다 끝나지 않아서 !! 종종 이렇게 뒤로 밀리곤 한답니다 ㅋㅋ.",
          "summary": "",
          "date": "2022-08-02",
          "time": "21:34:31",
          "terminate": "false"
        },
        {
          "speaker": "speaker2",
          "personaID": "03664",
          "participantID": "0124",
          "utterance": "아 어저께 동생때매 미뤄졌나봐요! ㅎㅎ 그래도 꾸준히 하는게 너무신기합니다!",
          "summary": "",
          "date": "2022-08-02",
          "time": "21:34:33",
          "terminate": "false"
        },
        {
          "speaker": "speaker1",
          "personaID": "02607",
          "participantID": "0021",
          "utterance": "그러면 저도 이것저것 준비 하러 가볼께요 ! 나중에 연락 드리겠습니다 !!",
          "summary": "",
          "date": "2022-08-02",
          "time": "21:34:45",
          "terminate": "false"
        },
        {
          "speaker": "speaker2",
          "personaID": "03664",
          "participantID": "0124",
          "utterance": "알겠습니다 다음에 또 연락해요!! 주말 마무리 잘하세요 ~",
          "summary": "",
          "date": "2022-08-02",
          "time": "21:34:49",
          "terminate": "true"
        }
      ],
      "sessionPersonaSummary": {
        "speaker1": [
          "나는 추위를 싫어한다.",
          "나는 예전에 어머니 따라 산사에 가봤다."
        ],
        "speaker2": [
          "나는 겨울을 좋아한다.",
          "나는 추위를 잘 탄다.",
          "나는 오늘 등산을 간다.",
          "나는 산 위에 산사를 간다.",
          "나는 산에 가면 운동도 되고 상쾌하다."
        ]
      },
      "prevAggregatedpersonaSummary": {
        "speaker1": [
          "나는 30대 여자이다.",
          "나는 오늘 가족회의가 있다.",
          "나는 가족과 이야기 많이 나눈다."
        ],
        "speaker2": [
          "나는 40대 남자이다.",
          "나는 그냥 있다.",
          "나는 부모님과 친구처럼 지낸다."
        ]
      }
    },
    {
      "prevSessionID": "4-00301-2",
      "prevTimeInfo": {
        "timeNum": "1",
        "timeUnit": "일"
      },
      "nthSession": "3",
      "numberOfUtterances": "16",
      "numberOfTurns": "8",
      "sessionID": "4-00301-3",
      "dialog": [
        {
          "speaker": "speaker1",
          "personaID": "02607",
          "participantID": "0021",
          "utterance": "안녕하세요 !! 등산 잘 다녀 오셨어요? ㅎㅎ.",
          "summary": "",
          "date": "2022-08-02",
          "time": "21:35:08",
          "terminate": "false"
        },
        {
          "speaker": "speaker2",
          "personaID": "03664",
          "participantID": "0124",
          "utterance": "네~ 잘갔다왔어요 !! 가족회의는 잘 마무리 되셨나요??",
          "summary": "",
          "date": "2022-08-02",
          "time": "21:35:16",
          "terminate": "false"
        },
        {
          "speaker": "speaker1",
          "personaID": "02607",
          "participantID": "0021",
          "utterance": "아니요 ㅋㅋㅋ 그게좀 복잡하네요 ㅋㅋ 단풍은 아직 볼만하던가요?",
          "summary": "",
          "date": "2022-08-02",
          "time": "21:35:44",
          "terminate": "false"
        },
        {
          "speaker": "speaker2",
          "personaID": "03664",
          "participantID": "0124",
          "utterance": "네 가을이 많이 지나서 그런지 거의 없더라고요ㅋㅋ.",
          "summary": "",
          "date": "2022-08-02",
          "time": "21:35:46",
          "terminate": "false"
        },
        {
          "speaker": "speaker1",
          "personaID": "02607",
          "participantID": "0021",
          "utterance": "ㅎㅎ 그렇군요. 그래도 정상에 가면 꽤 추웠을 텐데 괜찮으셨어요?",
          "summary": "",
          "date": "2022-08-02",
          "time": "21:35:58",
          "terminate": "false"
        },
        {
          "speaker": "speaker2",
          "personaID": "03664",
          "participantID": "0124",
          "utterance": "네 춥긴 추웠는데 옷을 잘 껴입고 가서 괜찮았어요!!ㅎㅎ.",
          "summary": "",
          "date": "2022-08-02",
          "time": "21:36:20",
          "terminate": "false"
        },
        {
          "speaker": "speaker1",
          "personaID": "02607",
          "participantID": "0021",
          "utterance": "다행이네여 ㅎㅎ 저희 어제 가족회의 했던게 이제 벌금이 꽤나 모여가지고.. 그거 어떻게 처리하냐 그거였거든요 ㅋㅋ.",
          "summary": "",
          "date": "2022-08-02",
          "time": "21:37:03",
          "terminate": "false"
        },
        {
          "speaker": "speaker2",
          "personaID": "03664",
          "participantID": "0124",
          "utterance": "아진짜요? ㅋㅋ 그래도 벌금이 많이 모였나봐요! ㅋㅋ 그걸로 뭘 할지 진짜 궁금하네요!",
          "summary": "",
          "date": "2022-08-02",
          "time": "21:37:14",
          "terminate": "false"
        },
        {
          "speaker": "speaker1",
          "personaID": "02607",
          "participantID": "0021",
          "utterance": "동생이 벌금을 가장 많이 내서.. 자기가 원하는걸 하고싶었는데.. 이제 다들 그건 아니다 벌금은 벌금이다 뭐 그런거였죠 ㅋㅋ.",
          "summary": "",
          "date": "2022-08-02",
          "time": "21:37:30",
          "terminate": "false"
        },
        {
          "speaker": "speaker2",
          "personaID": "03664",
          "participantID": "0124",
          "utterance": "ㅋㅋ그쵸 거기서 그 룰이깨지면 누가 책임감을 가지고 참여하겠습니까 ㅋㅋㅋ.",
          "summary": "",
          "date": "2022-08-02",
          "time": "21:37:33",
          "terminate": "false"
        },
        {
          "speaker": "speaker1",
          "personaID": "02607",
          "participantID": "0021",
          "utterance": "그러니까요 ㅋㅋ 오늘은 뭐하고 계셨어요? 출근하셨겠네요?",
          "summary": "",
          "date": "2022-08-02",
          "time": "21:37:41",
          "terminate": "false"
        },
        {
          "speaker": "speaker2",
          "personaID": "03664",
          "participantID": "0124",
          "utterance": "네 출근하고 지금 조금 여유있어서 이렇게 대화하고있어요 ㅋㅋ!",
          "summary": "나는 오늘 출근을 했다.",
          "date": "2022-08-02",
          "time": "21:37:59",
          "terminate": "false"
        },
        {
          "speaker": "speaker1",
          "personaID": "02607",
          "participantID": "0021",
          "utterance": "저는 오늘 재택근무라.. 널널해서 책읽고 있었어요 ㅋㅋ 가끔 소설책 읽어 주거든요..",
          "summary": "나는 소설책을 가끔 읽는다.",
          "date": "2022-08-02",
          "time": "21:38:02",
          "terminate": "false"
        },
        {
          "speaker": "speaker2",
          "personaID": "03664",
          "participantID": "0124",
          "utterance": "아 진짜요? 근데 재택근무라고 해도 그렇게 책읽으면 안되지 않아요?!",
          "summary": "",
          "date": "2022-08-02",
          "time": "21:38:35",
          "terminate": "false"
        },
        {
          "speaker": "speaker1",
          "personaID": "02607",
          "participantID": "0021",
          "utterance": "그렇긴 한데~ ㅋㅋ 비밀로 해두시죠.. 너무 놀았나..ㅋㅋ 다시 일하러 가볼께요 !! 나중에 연락 드릴께여~",
          "summary": "",
          "date": "2022-08-02",
          "time": "21:38:51",
          "terminate": "false"
        },
        {
          "speaker": "speaker2",
          "personaID": "03664",
          "participantID": "0124",
          "utterance": "네 알겠습니다ㅋㅋ 오늘도 수고하세요~ 나중에 또 연락합시다!!",
          "summary": "",
          "date": "2022-08-02",
          "time": "21:38:51",
          "terminate": "true"
        }
      ],
      "sessionPersonaSummary": {
        "speaker1": [
          "나는 소설책을 가끔 읽는다."
        ],
        "speaker2": [
          "나는 오늘 출근을 했다."
        ]
      },
      "prevAggregatedpersonaSummary": {
        "speaker1": [
          "나는 30대 여자이다.",
          "나는 오늘 가족회의가 있다.",
          "나는 가족과 이야기 많이 나눈다.",
          "나는 추위를 싫어한다.",
          "나는 예전에 어머니 따라 산사에 가봤다."
        ],
        "speaker2": [
          "나는 40대 남자이다.",
          "나는 그냥 있다.",
          "나는 부모님과 친구처럼 지낸다.",
          "나는 겨울을 좋아한다.",
          "나는 추위를 잘 탄다.",
          "나는 오늘 등산을 간다.",
          "나는 산 위에 산사를 간다.",
          "나는 산에 가면 운동도 되고 상쾌하다."
        ]
      }
    },
    {
      "prevSessionID": "4-00301-3",
      "prevTimeInfo": {
        "timeNum": "5",
        "timeUnit": "일"
      },
      "nthSession": "4",
      "numberOfUtterances": "16",
      "numberOfTurns": "8",
      "sessionID": "4-00301-4",
      "dialog": [
        {
          "speaker": "speaker1",
          "personaID": "02607",
          "participantID": "0021",
          "utterance": "그간 잘지내셨어요?ㅎㅎ 다시 또 주말이네요 !!",
          "summary": "",
          "date": "2022-08-02",
          "time": "21:39:24",
          "terminate": "false"
        },
        {
          "speaker": "speaker2",
          "personaID": "03664",
          "participantID": "0124",
          "utterance": "네 잘지냈습니다~ 드디어 주말이네요 ㅎㅎ.",
          "summary": "",
          "date": "2022-08-02",
          "time": "21:39:28",
          "terminate": "false"
        },
        {
          "speaker": "speaker1",
          "personaID": "02607",
          "participantID": "0021",
          "utterance": "점심은 드셨어요? ㅎㅎ 저는 아직 안먹었어요!! 뭐좀 먹을까 생각중..",
          "summary": "나는 점심을 아직 안 먹었다.",
          "date": "2022-08-02",
          "time": "21:39:42",
          "terminate": "false"
        },
        {
          "speaker": "speaker2",
          "personaID": "03664",
          "participantID": "0124",
          "utterance": "저는 누룽지 먹었어요 구수하니~",
          "summary": "나는 누룽지를 먹었다.",
          "date": "2022-08-02",
          "time": "21:39:46",
          "terminate": "false"
        },
        {
          "speaker": "speaker1",
          "personaID": "02607",
          "participantID": "0021",
          "utterance": "누룽지 맛있겠네요 ~ 누룽지 자주드세요?? 저희 부모님도 누룽지 자주 드시는데 ㅋㅋㅋ.",
          "summary": "",
          "date": "2022-08-02",
          "time": "21:40:23",
          "terminate": "false"
        },
        {
          "speaker": "speaker2",
          "personaID": "03664",
          "participantID": "0124",
          "utterance": "네 저는 누룽지를 자주먹어요 짠음식을 안먹어서 ㅋㅋ.",
          "summary": "나는 짠 음식을 안 먹는다.",
          "date": "2022-08-02",
          "time": "21:40:26",
          "terminate": "false"
        },
        {
          "speaker": "speaker1",
          "personaID": "02607",
          "participantID": "0021",
          "utterance": "아~ 짠음식 안드시는구나 ㅎㅎ.. 제가 저는 짠음식도 좋아하고 간 안되어 있는 음식도 좋아한답니다 ㅎㅎ.",
          "summary": "나는 모든 음식을 좋아한다.",
          "date": "2022-08-02",
          "time": "21:41:01",
          "terminate": "false"
        },
        {
          "speaker": "speaker2",
          "personaID": "03664",
          "participantID": "0124",
          "utterance": "음식이면 다 좋아하는것 같은데요? 그래도 잘먹는게 좋죠 ㅎㅎ.",
          "summary": "",
          "date": "2022-08-02",
          "time": "21:41:04",
          "terminate": "false"
        },
        {
          "speaker": "speaker1",
          "personaID": "02607",
          "participantID": "0021",
          "utterance": "저는뭐 취향의 범위가 아주 넓답니다~ 호호 포용력 넓은 사교적인 여자랄까요 ㅋㅋ.",
          "summary": "나는 다소 사교적이다.",
          "date": "2022-08-02",
          "time": "21:41:30",
          "terminate": "false"
        },
        {
          "speaker": "speaker2",
          "personaID": "03664",
          "participantID": "0124",
          "utterance": "아 그러시구나~ 보기 좋은것같습니다ㅋㅋ 아무거나 잘먹는여자.",
          "summary": "",
          "date": "2022-08-02",
          "time": "21:41:39",
          "terminate": "false"
        },
        {
          "speaker": "speaker1",
          "personaID": "02607",
          "participantID": "0021",
          "utterance": "농담이구요 ㅋㅋ 너무 진지하게 받아들이시니까 제가 이상해지잖아요 ㅋㅋ.",
          "summary": "",
          "date": "2022-08-02",
          "time": "21:41:50",
          "terminate": "false"
        },
        {
          "speaker": "speaker2",
          "personaID": "03664",
          "participantID": "0124",
          "utterance": "ㅋㅋ저도 농담입니다! 그래도 가리는게 없고 편신안하는건 좋은것같아요 ㅎㅎ.",
          "summary": "",
          "date": "2022-08-02",
          "time": "21:41:54",
          "terminate": "false"
        },
        {
          "speaker": "speaker1",
          "personaID": "02607",
          "participantID": "0021",
          "utterance": "감사해요ㅎㅎ주말에 무슨 뭐 계획있으세요? 또 절이나 등산 할 계획?",
          "summary": "",
          "date": "2022-08-02",
          "time": "21:42:07",
          "terminate": "false"
        },
        {
          "speaker": "speaker2",
          "personaID": "03664",
          "participantID": "0124",
          "utterance": "아니요 뭐 주말에는 딱히 계획은 없고 집에 있을 예정입니다!ㅎㅎ.",
          "summary": "나는 주말에 집에 있는다.",
          "date": "2022-08-02",
          "time": "21:42:23",
          "terminate": "false"
        },
        {
          "speaker": "speaker1",
          "personaID": "02607",
          "participantID": "0021",
          "utterance": "집콕 좋죠~ 저도 이번주말은 그냥 있으려구요..ㅎㅎ 그럼 푹 쉬세요!! 주말 잘보내시구요 !! 또 연락 드릴께요 ~",
          "summary": "",
          "date": "2022-08-02",
          "time": "21:42:40",
          "terminate": "false"
        },
        {
          "speaker": "speaker2",
          "personaID": "03664",
          "participantID": "0124",
          "utterance": "네 ~ 그러세요 ㅎㅎ 연락 기다릴께요~ 푹 쉬세요!",
          "summary": "",
          "date": "2022-08-02",
          "time": "21:42:47",
          "terminate": "true"
        }
      ],
      "sessionPersonaSummary": {
        "speaker1": [
          "나는 점심을 아직 안 먹었다.",
          "나는 모든 음식을 좋아한다.",
          "나는 다소 사교적이다."
        ],
        "speaker2": [
          "나는 누룽지를 먹었다.",
          "나는 짠 음식을 안 먹는다.",
          "나는 주말에 집에 있는다."
        ]
      },
      "prevAggregatedpersonaSummary": {
        "speaker1": [
          "나는 30대 여자이다.",
          "나는 오늘 가족회의가 있다.",
          "나는 가족과 이야기 많이 나눈다.",
          "나는 추위를 싫어한다.",
          "나는 예전에 어머니 따라 산사에 가봤다.",
          "나는 소설책을 가끔 읽는다."
        ],
        "speaker2": [
          "나는 40대 남자이다.",
          "나는 그냥 있다.",
          "나는 부모님과 친구처럼 지낸다.",
          "나는 겨울을 좋아한다.",
          "나는 추위를 잘 탄다.",
          "나는 오늘 등산을 간다.",
          "나는 산 위에 산사를 간다.",
          "나는 산에 가면 운동도 되고 상쾌하다.",
          "나는 오늘 출근을 했다."
        ]
      }
    }
  ]
}