{
  "FileInfo": {
    "filename": "K4-00394-CL68604-CP95271-01-01-S4.json",
    "sessionLevel": "4"
  },
  "participantsInfo": {
    "numberOfParticipants": "2",
    "speaker1": {
      "participantID": "31404",
      "gender": "남성",
      "age": "30대",
      "occupation": "사무직",
      "bPlace": "대전/세종/충청/강원",
      "gPlace": "대전/세종/충청/강원",
      "rPlace": "대전/세종/충청/강원",
      "educationLevel": "대졸"
    },
    "speaker2": {
      "participantID": "31324",
      "gender": "여성",
      "age": "50대",
      "occupation": "사무직",
      "bPlace": "서울/경기/인천",
      "gPlace": "서울/경기/인천",
      "rPlace": "서울/경기/인천",
      "educationLevel": "중졸"
    }
  },
  "multisessionInfo": {
    "multisessionID": "4-00394"
  },
  "personaInfo": {
    "clInfo": {
      "personaID": "68604",
      "personaFeatures": [
        "나는 남자이다.",
        "나는 30대이다.",
        "나는 가을을 싫어한다.",
        "나의 생일은 12월이다.",
        "나는 바이올린 연주를 배우고 있다.",
        "나는 핸드폰 게임을 좋아한다."
      ],
      "speakerType": "speaker1"
    },
    "cpInfo": {
      "personaID": "95271",
      "personaFeatures": [
        "나는 여자이다.",
        "나는 50대이다.",
        "나는 스릴러 영화를 가끔 본다.",
        "나의 생일은 1월이다.",
        "나는 전자기기를 수집한다.",
        "나는 된장찌개를 즐겨 먹는다.",
        "나는 혈액형이 A형이다."
      ],
      "speakerType": "speaker2"
    }
  },
  "topicInfo": {
    "topicID": "01-01",
    "topicType": "식음료",
    "topicTitle": "식사"
  },
  "sessionInfo": [
    {
      "prevSessionID": null,
      "prevTimeInfo": {
        "timeNum": null,
        "timeUnit": null
      },
      "nthSession": "1",
      "numberOfUtterances": "14",
      "numberOfTurns": "7",
      "sessionID": "4-00394-1",
      "dialog": [
        {
          "speaker": "speaker1",
          "personaID": "68604",
          "participantID": "31404",
          "utterance": "안녕하세요? 저는 30대 남성이에요. 만나서 영광입니다.",
          "summary": "나는 30대 남성이다.",
          "date": "2022-11-24",
          "time": "19:41:58",
          "terminate": "false"
        },
        {
          "speaker": "speaker2",
          "personaID": "95271",
          "participantID": "31324",
          "utterance": "반갑습니다~ 저는 나이는 50대이고, 성별은 여성입니다.",
          "summary": "나는 50대 여성이다.",
          "date": "2022-11-24",
          "time": "19:42:13",
          "terminate": "false"
        },
        {
          "speaker": "speaker1",
          "personaID": "68604",
          "participantID": "31404",
          "utterance": "즐거운 대화 나눴으면 좋겠네요. 편하게 대해주세요 그럼!",
          "summary": "",
          "date": "2022-11-24",
          "time": "19:42:29",
          "terminate": "false"
        },
        {
          "speaker": "speaker2",
          "personaID": "95271",
          "participantID": "31324",
          "utterance": "호칭은 편하게 선생님이라고 불러도 되겠죠?",
          "summary": "",
          "date": "2022-11-24",
          "time": "19:42:40",
          "terminate": "false"
        },
        {
          "speaker": "speaker1",
          "personaID": "68604",
          "participantID": "31404",
          "utterance": "네, 그럼요 저도 그렇게 부를게요 그럼! 출근했는데 오늘 날씨 너무 춥네요.",
          "summary": "",
          "date": "2022-11-24",
          "time": "19:42:58",
          "terminate": "false"
        },
        {
          "speaker": "speaker2",
          "personaID": "95271",
          "participantID": "31324",
          "utterance": "가을 하늘 날씨 너무 맑고 따뜻하지 않나요? 빨래하기에도 좋구요.",
          "summary": "",
          "date": "2022-11-24",
          "time": "19:43:32",
          "terminate": "false"
        },
        {
          "speaker": "speaker1",
          "personaID": "68604",
          "participantID": "31404",
          "utterance": "아 사실 제가 추위를 좀 많이타서 가을을 싫어해요.가을부터 추워져서 그런가..",
          "summary": "나는 가을을 싫어한다.",
          "date": "2022-11-24",
          "time": "19:43:50",
          "terminate": "false"
        },
        {
          "speaker": "speaker2",
          "personaID": "95271",
          "participantID": "31324",
          "utterance": "아 그렇군요 저는 겨울을 제일 좋아해요. 제 생일이 1월이거든요.. 호호.",
          "summary": "나의 생일은 1월이다.",
          "date": "2022-11-24",
          "time": "19:44:06",
          "terminate": "false"
        },
        {
          "speaker": "speaker1",
          "personaID": "68604",
          "participantID": "31404",
          "utterance": "어 저도 겨울에 태어났는데 제생일은 12월이에요. 근데 저는 왜이렇게 추위를 많이 탈까요?",
          "summary": "나의 생일은 12월이다.",
          "date": "2022-11-24",
          "time": "19:44:30",
          "terminate": "false"
        },
        {
          "speaker": "speaker2",
          "personaID": "95271",
          "participantID": "31324",
          "utterance": "그러게요, 추위 많이 타시면 겨울 보내기 힘드실텐데~ 집에서 시간 많이 보내시겠네요?",
          "summary": "",
          "date": "2022-11-24",
          "time": "19:45:05",
          "terminate": "false"
        },
        {
          "speaker": "speaker1",
          "personaID": "68604",
          "participantID": "31404",
          "utterance": "겨울엔 아무래도 약속 많이 안잡는 편 이긴해요. 집에서 영화보는 것도좋아해서 흐흐.",
          "summary": "",
          "date": "2022-11-24",
          "time": "19:45:20",
          "terminate": "false"
        },
        {
          "speaker": "speaker2",
          "personaID": "95271",
          "participantID": "31324",
          "utterance": "어머 저도 영화 보는거 좋아하는데, 스릴러 영화 가끔 봐요.",
          "summary": "나는 스릴러 영화를 가끔 본다.",
          "date": "2022-11-24",
          "time": "19:45:31",
          "terminate": "false"
        },
        {
          "speaker": "speaker1",
          "personaID": "68604",
          "participantID": "31404",
          "utterance": "스릴러요? 그런거 안무서워하시나보네요~ 아, 전 이제 퇴근하는데 학원 좀 다녀올게요.",
          "summary": "",
          "date": "2022-11-24",
          "time": "19:46:09",
          "terminate": "false"
        },
        {
          "speaker": "speaker2",
          "personaID": "95271",
          "participantID": "31324",
          "utterance": "네 천천히 다시 연락드릴게요. 학원 잘 다녀오세요!",
          "summary": "",
          "date": "2022-11-24",
          "time": "19:46:22",
          "terminate": "true"
        }
      ],
      "sessionPersonaSummary": {
        "speaker1": [
          "나는 30대 남성이다.",
          "나는 가을을 싫어한다.",
          "나의 생일은 12월이다."
        ],
        "speaker2": [
          "나는 50대 여성이다.",
          "나의 생일은 1월이다.",
          "나는 스릴러 영화를 가끔 본다."
        ]
      },
      "prevAggregatedpersonaSummary": {
        "speaker1": [],
        "speaker2": []
      }
    },
    {
      "prevSessionID": "4-00394-1",
      "prevTimeInfo": {
        "timeNum": "8",
        "timeUnit": "시간"
      },
      "nthSession": "2",
      "numberOfUtterances": "14",
      "numberOfTurns": "7",
      "sessionID": "4-00394-2",
      "dialog": [
        {
          "speaker": "speaker1",
          "personaID": "68604",
          "participantID": "31404",
          "utterance": "집에 잘 오셨어요? 선생님은 퇴근 얼마나 걸릴지 몰라서 한 8시간 뒤에 연락드려보네요~!",
          "summary": "",
          "date": "2022-11-24",
          "time": "19:46:55",
          "terminate": "false"
        },
        {
          "speaker": "speaker2",
          "personaID": "95271",
          "participantID": "31324",
          "utterance": "저는 주부라 집에 있었어요 호호. 근데 무슨 학원 다니세요?",
          "summary": "나는 주부이다.",
          "date": "2022-11-24",
          "time": "19:47:25",
          "terminate": "false"
        },
        {
          "speaker": "speaker1",
          "personaID": "68604",
          "participantID": "31404",
          "utterance": "저 바이올린을 배우고 있어요. 아직 배운지 얼마안돼서 잘 하진 못해요..",
          "summary": "나는 바이올린 연주를 배우고 있다.",
          "date": "2022-11-24",
          "time": "19:47:51",
          "terminate": "false"
        },
        {
          "speaker": "speaker2",
          "personaID": "95271",
          "participantID": "31324",
          "utterance": "그래도 배움을 시작하셨다는거 자체가 너무 대단하다 생각드네요.",
          "summary": "",
          "date": "2022-11-24",
          "time": "19:48:04",
          "terminate": "false"
        },
        {
          "speaker": "speaker1",
          "personaID": "68604",
          "participantID": "31404",
          "utterance": "하하 감사해요, 주부이시면 오늘 집에 하루종일 계셨어요? 심심하셨겠어요.",
          "summary": "",
          "date": "2022-11-24",
          "time": "19:48:24",
          "terminate": "false"
        },
        {
          "speaker": "speaker2",
          "personaID": "95271",
          "participantID": "31324",
          "utterance": "스릴러 영화도 보고, 아 참 그리고 중고거래도 하러 밖에 나갔다왔어요.",
          "summary": "나는 중고거래를 했다.",
          "date": "2022-11-24",
          "time": "19:48:54",
          "terminate": "false"
        },
        {
          "speaker": "speaker1",
          "personaID": "68604",
          "participantID": "31404",
          "utterance": "와! 무슨 중고거래요? 하하 관심있는 물건이 있으셨나보네요~!!",
          "summary": "",
          "date": "2022-11-24",
          "time": "19:49:12",
          "terminate": "false"
        },
        {
          "speaker": "speaker2",
          "personaID": "95271",
          "participantID": "31324",
          "utterance": "제가 전자기기를 수집하고있는데, 좀 특별한 전자기기가 보이길래 거래하고왔어요.",
          "summary": "나는 전자기기를 수집한다.",
          "date": "2022-11-24",
          "time": "19:49:30",
          "terminate": "false"
        },
        {
          "speaker": "speaker1",
          "personaID": "68604",
          "participantID": "31404",
          "utterance": "와 그렇군요~ 전자기기 수집해서 뭐 하시려고 하시는거에요?",
          "summary": "",
          "date": "2022-11-24",
          "time": "19:50:09",
          "terminate": "false"
        },
        {
          "speaker": "speaker2",
          "personaID": "95271",
          "participantID": "31324",
          "utterance": "아 이번에 거래한건 컴퓨터인데, 아들 컴퓨터 바꿔주려고 산거에요. 좀 특별한걸로요!",
          "summary": "",
          "date": "2022-11-24",
          "time": "19:50:28",
          "terminate": "false"
        },
        {
          "speaker": "speaker1",
          "personaID": "68604",
          "participantID": "31404",
          "utterance": "와 아드님은 너무 좋겠네요 부러워요. 주부라서 매일 집에서 맛있는 식사도 해주실테고.",
          "summary": "",
          "date": "2022-11-24",
          "time": "19:50:45",
          "terminate": "false"
        },
        {
          "speaker": "speaker2",
          "personaID": "95271",
          "participantID": "31324",
          "utterance": "하하 아들이 A형이라 그런가 표현을 잘 못한데요 자기말론, 전 A형인데 표현을 엄청 잘하는 편인데~..",
          "summary": "나는 혈액형이 A형이다.",
          "date": "2022-11-24",
          "time": "19:51:07",
          "terminate": "false"
        },
        {
          "speaker": "speaker1",
          "personaID": "68604",
          "participantID": "31404",
          "utterance": "아하하! 정말 웃기네요, 전 오늘 호텔에서 식음료와 식사를 먹었더니 만족스러운 저녁이네요. 잘 준비해야겠어요.",
          "summary": "나는 호텔에서 식음료와 식사를 했다.",
          "date": "2022-11-24",
          "time": "19:53:23",
          "terminate": "false"
        },
        {
          "speaker": "speaker2",
          "personaID": "95271",
          "participantID": "31324",
          "utterance": "호텔에서의 식사~ 너무 고급스러웠을 것 같아요. 편안한 밤 되세요.",
          "summary": "",
          "date": "2022-11-24",
          "time": "19:53:40",
          "terminate": "true"
        }
      ],
      "sessionPersonaSummary": {
        "speaker1": [
          "나는 바이올린 연주를 배우고 있다.",
          "나는 호텔에서 식음료와 식사를 했다."
        ],
        "speaker2": [
          "나는 주부이다.",
          "나는 중고거래를 했다.",
          "나는 전자기기를 수집한다.",
          "나는 혈액형이 A형이다."
        ]
      },
      "prevAggregatedpersonaSummary": {
        "speaker1": [
          "나는 30대 남성이다.",
          "나는 가을을 싫어한다.",
          "나의 생일은 12월이다."
        ],
        "speaker2": [
          "나는 50대 여성이다.",
          "나의 생일은 1월이다.",
          "나는 스릴러 영화를 가끔 본다."
        ]
      }
    },
    {
      "prevSessionID": "4-00394-2",
      "prevTimeInfo": {
        "timeNum": "3",
        "timeUnit": "일"
      },
      "nthSession": "3",
      "numberOfUtterances": "14",
      "numberOfTurns": "7",
      "sessionID": "4-00394-3",
      "dialog": [
        {
          "speaker": "speaker1",
          "personaID": "68604",
          "participantID": "31404",
          "utterance": "3일만에 연락드리네요! 잘 지내셨나요? 조금 바빴어요제가. 하하..",
          "summary": "",
          "date": "2022-11-24",
          "time": "19:54:03",
          "terminate": "false"
        },
        {
          "speaker": "speaker2",
          "personaID": "95271",
          "participantID": "31324",
          "utterance": "선생님 잘지내셨어요~? 연락없으셔서 궁금했거든요~!!",
          "summary": "",
          "date": "2022-11-24",
          "time": "19:54:27",
          "terminate": "false"
        },
        {
          "speaker": "speaker1",
          "personaID": "68604",
          "participantID": "31404",
          "utterance": "네, 식사 약속들이 계속 좀 있어서 바빴네요. 오늘은 다행히 약속 없답니다.",
          "summary": "",
          "date": "2022-11-24",
          "time": "19:54:50",
          "terminate": "false"
        },
        {
          "speaker": "speaker2",
          "personaID": "95271",
          "participantID": "31324",
          "utterance": "그 약속들도 호텔에서 식사하신거에요? ㅎㅎ 그때 듣고 너무 부러웠거든요~",
          "summary": "",
          "date": "2022-11-24",
          "time": "19:55:06",
          "terminate": "false"
        },
        {
          "speaker": "speaker1",
          "personaID": "68604",
          "participantID": "31404",
          "utterance": "아, 제가 호텔에서 식사하는 걸 굉장히 좋아해요. 음 코스 요리를 좋아하거든요.",
          "summary": "나는 코스 요리를 좋아한다.",
          "date": "2022-11-24",
          "time": "19:55:21",
          "terminate": "false"
        },
        {
          "speaker": "speaker2",
          "personaID": "95271",
          "participantID": "31324",
          "utterance": "바이올린도 배우시고, 호텔에서 식사도하시고 여러모로 고급스러우십니다..~",
          "summary": "",
          "date": "2022-11-24",
          "time": "19:57:00",
          "terminate": "false"
        },
        {
          "speaker": "speaker1",
          "personaID": "68604",
          "participantID": "31404",
          "utterance": "하하, 호텔 식사라고해서 막 금액대가 엄청 높은 것만은 아니에요!",
          "summary": "",
          "date": "2022-11-24",
          "time": "19:57:15",
          "terminate": "false"
        },
        {
          "speaker": "speaker2",
          "personaID": "95271",
          "participantID": "31324",
          "utterance": "아 그런가요? 선생님은 식사 종류중에 어떤 메뉴를 좋아하세요?",
          "summary": "",
          "date": "2022-11-24",
          "time": "19:57:28",
          "terminate": "false"
        },
        {
          "speaker": "speaker1",
          "personaID": "68604",
          "participantID": "31404",
          "utterance": "음 저는 중식 요리를 제일 좋아해요, 선생님은요?",
          "summary": "나는 중식요리를 좋아한다.",
          "date": "2022-11-24",
          "time": "19:57:38",
          "terminate": "false"
        },
        {
          "speaker": "speaker2",
          "personaID": "95271",
          "participantID": "31324",
          "utterance": "저는 제가 주부다보니 집에서 요리할땐 한식 좋아하고, 밖에서 먹을땐 양식이요 호호.",
          "summary": "",
          "date": "2022-11-24",
          "time": "19:58:19",
          "terminate": "false"
        },
        {
          "speaker": "speaker1",
          "personaID": "68604",
          "participantID": "31404",
          "utterance": "한식이 더 요리하기에 손 많이 간다던데 아닌가요? 하하.",
          "summary": "",
          "date": "2022-11-24",
          "time": "19:58:28",
          "terminate": "false"
        },
        {
          "speaker": "speaker2",
          "personaID": "95271",
          "participantID": "31324",
          "utterance": "주부 경력이 오래돼서 그런가 가족들한테 한식 한끼 뚝딱 차려주는게 편하더라구요~?",
          "summary": "",
          "date": "2022-11-24",
          "time": "19:58:48",
          "terminate": "false"
        },
        {
          "speaker": "speaker1",
          "personaID": "68604",
          "participantID": "31404",
          "utterance": "그렇군요, 다음에 기념일 같은 날 기회되면 호텔 식사 한번 추천드려요.",
          "summary": "",
          "date": "2022-11-24",
          "time": "19:58:56",
          "terminate": "false"
        },
        {
          "speaker": "speaker2",
          "personaID": "95271",
          "participantID": "31324",
          "utterance": "안그래도 다음주에 한번 다녀와볼까 해요. 다녀오면 꼭 알려드릴게요.!",
          "summary": "나는 다음 주에 호텔에 식사하러 간다.",
          "date": "2022-11-24",
          "time": "19:59:20",
          "terminate": "true"
        }
      ],
      "sessionPersonaSummary": {
        "speaker1": [
          "나는 코스 요리를 좋아한다.",
          "나는 중식요리를 좋아한다."
        ],
        "speaker2": [
          "나는 다음 주에 호텔에 식사하러 간다."
        ]
      },
      "prevAggregatedpersonaSummary": {
        "speaker1": [
          "나는 30대 남성이다.",
          "나는 가을을 싫어한다.",
          "나의 생일은 12월이다.",
          "나는 바이올린 연주를 배우고 있다.",
          "나는 호텔에서 식음료와 식사를 했다."
        ],
        "speaker2": [
          "나는 50대 여성이다.",
          "나의 생일은 1월이다.",
          "나는 스릴러 영화를 가끔 본다.",
          "나는 주부이다.",
          "나는 중고거래를 했다.",
          "나는 전자기기를 수집한다.",
          "나는 혈액형이 A형이다."
        ]
      }
    },
    {
      "prevSessionID": "4-00394-3",
      "prevTimeInfo": {
        "timeNum": "2",
        "timeUnit": "일"
      },
      "nthSession": "4",
      "numberOfUtterances": "14",
      "numberOfTurns": "7",
      "sessionID": "4-00394-4",
      "dialog": [
        {
          "speaker": "speaker1",
          "personaID": "68604",
          "participantID": "31404",
          "utterance": "2주일만에 연락드리네요~ 아참 선생님 그때 호텔 식사는 잘 다녀오셨나 모르겠네요.",
          "summary": "",
          "date": "2022-11-24",
          "time": "19:59:30",
          "terminate": "false"
        },
        {
          "speaker": "speaker2",
          "personaID": "95271",
          "participantID": "31324",
          "utterance": "네~ 안그래도 연락 드리려고했는데 연락 때마침 주셨네요! 너무 맛있게 먹었어요.",
          "summary": "",
          "date": "2022-11-24",
          "time": "20:00:41",
          "terminate": "false"
        },
        {
          "speaker": "speaker1",
          "personaID": "68604",
          "participantID": "31404",
          "utterance": "무슨 메뉴 종류 드시러 가셨어요? 양식 드셨으려나요~?",
          "summary": "",
          "date": "2022-11-24",
          "time": "20:00:52",
          "terminate": "false"
        },
        {
          "speaker": "speaker2",
          "personaID": "95271",
          "participantID": "31324",
          "utterance": "아 거긴 일식코스가 유명하다해서, 일식 먹었었어요!",
          "summary": "",
          "date": "2022-11-24",
          "time": "20:01:05",
          "terminate": "false"
        },
        {
          "speaker": "speaker1",
          "personaID": "68604",
          "participantID": "31404",
          "utterance": "음식 맛있으셨어요? 하하 식사하시고 바 같은곳에서 칵테일도 한잔 하심 최곤데~",
          "summary": "",
          "date": "2022-11-24",
          "time": "20:01:28",
          "terminate": "false"
        },
        {
          "speaker": "speaker2",
          "personaID": "95271",
          "participantID": "31324",
          "utterance": "식사하면서 식음료도 같이 즐겼더니, 너무 분위기가 좋더라구요.",
          "summary": "",
          "date": "2022-11-24",
          "time": "20:01:41",
          "terminate": "false"
        },
        {
          "speaker": "speaker1",
          "personaID": "68604",
          "participantID": "31404",
          "utterance": "좋으셨다니 너무 다행이네요! 근데 무슨 기념일은 아니었죠?",
          "summary": "",
          "date": "2022-11-24",
          "time": "20:02:01",
          "terminate": "false"
        },
        {
          "speaker": "speaker2",
          "personaID": "95271",
          "participantID": "31324",
          "utterance": "네, 기념일은 아니었는데 모처럼 한번 분위기 내보려고 갔네요 호호.",
          "summary": "",
          "date": "2022-11-24",
          "time": "20:02:30",
          "terminate": "false"
        },
        {
          "speaker": "speaker1",
          "personaID": "68604",
          "participantID": "31404",
          "utterance": "저도 제가 제일 좋아하는 중식 코스 요리 먹으러 이번주중에 한번 가야겠어요!",
          "summary": "",
          "date": "2022-11-24",
          "time": "20:02:43",
          "terminate": "false"
        },
        {
          "speaker": "speaker2",
          "personaID": "95271",
          "participantID": "31324",
          "utterance": "저도 다음에 가게되면 중식 요리 먹어보려구요. 배달 중국집이랑 맛이 다를거같아요.",
          "summary": "",
          "date": "2022-11-24",
          "time": "20:03:06",
          "terminate": "false"
        },
        {
          "speaker": "speaker1",
          "personaID": "68604",
          "participantID": "31404",
          "utterance": "네 기회되면 꼭 드셔보셔요. 좋은 식사와 식음료 만으로도 삶의 질이 올라가는거같아요.",
          "summary": "",
          "date": "2022-11-24",
          "time": "20:03:32",
          "terminate": "false"
        },
        {
          "speaker": "speaker2",
          "personaID": "95271",
          "participantID": "31324",
          "utterance": "그러게요, 저도 이번에 그런 생각을 정말 많이 했어요.",
          "summary": "",
          "date": "2022-11-24",
          "time": "20:03:42",
          "terminate": "false"
        },
        {
          "speaker": "speaker1",
          "personaID": "68604",
          "participantID": "31404",
          "utterance": "공감해주셔서 감사해요.하하 그럼 제가 또 다시 연락 한번 드릴게요.",
          "summary": "",
          "date": "2022-11-24",
          "time": "20:04:01",
          "terminate": "false"
        },
        {
          "speaker": "speaker2",
          "personaID": "95271",
          "participantID": "31324",
          "utterance": "네 연락주세요, 이번 대화 너무 즐거웠습니다 ^^.",
          "summary": "",
          "date": "2022-11-24",
          "time": "20:04:10",
          "terminate": "true"
        }
      ],
      "sessionPersonaSummary": {
        "speaker1": [],
        "speaker2": []
      },
      "prevAggregatedpersonaSummary": {
        "speaker1": [
          "나는 30대 남성이다.",
          "나는 가을을 싫어한다.",
          "나의 생일은 12월이다.",
          "나는 바이올린 연주를 배우고 있다.",
          "나는 호텔에서 식음료와 식사를 했다.",
          "나는 코스 요리를 좋아한다.",
          "나는 중식요리를 좋아한다."
        ],
        "speaker2": [
          "나는 50대 여성이다.",
          "나의 생일은 1월이다.",
          "나는 스릴러 영화를 가끔 본다.",
          "나는 주부이다.",
          "나는 중고거래를 했다.",
          "나는 전자기기를 수집한다.",
          "나는 혈액형이 A형이다.",
          "나는 다음 주에 호텔에 식사하러 간다."
        ]
      }
    }
  ]
}