{
  "FileInfo": {
    "filename": "K4-00271-CL21750-CP21040-06-12-S4.json",
    "sessionLevel": "4"
  },
  "participantsInfo": {
    "numberOfParticipants": "2",
    "speaker1": {
      "participantID": "0945",
      "gender": "여성",
      "age": "20대",
      "occupation": "학생",
      "bPlace": "서울/경기/인천",
      "gPlace": "서울/경기/인천",
      "rPlace": "서울/경기/인천",
      "educationLevel": "고졸"
    },
    "speaker2": {
      "participantID": "0975",
      "gender": "남성",
      "age": "20대",
      "occupation": "무직",
      "bPlace": "광주/전라/제주",
      "gPlace": "광주/전라/제주",
      "rPlace": "광주/전라/제주",
      "educationLevel": "대졸"
    }
  },
  "multisessionInfo": {
    "multisessionID": "4-00271"
  },
  "personaInfo": {
    "clInfo": {
      "personaID": "21750",
      "personaFeatures": [
        "나는 여자이다.",
        "나는 20대이다.",
        "나는 원숭이에 관심이 없다.",
        "나는 지리학과 전공이다.",
        "나는 콘솔게임을 자주 한다."
      ],
      "speakerType": "speaker1"
    },
    "cpInfo": {
      "personaID": "21040",
      "personaFeatures": [
        "나는 남자이다.",
        "나는 20대이다.",
        "나는 요즘, 가끔 환멸을 느낀다.",
        "나는 인생에서 가장 설레던 때는 시원한 바람이 불어올 때이다.",
        "나는 멜로 영화를 가끔 본다."
      ],
      "speakerType": "speaker2"
    }
  },
  "topicInfo": {
    "topicID": "06-12",
    "topicType": "교육",
    "topicTitle": "도서관"
  },
  "sessionInfo": [
    {
      "prevSessionID": null,
      "prevTimeInfo": {
        "timeNum": null,
        "timeUnit": null
      },
      "nthSession": "1",
      "numberOfUtterances": "14",
      "numberOfTurns": "7",
      "sessionID": "4-00271-1",
      "dialog": [
        {
          "speaker": "speaker1",
          "personaID": "21750",
          "participantID": "0945",
          "utterance": "안녕하세요~ 저는 20대 여자입니다.",
          "summary": "나는 20대 여자이다.",
          "date": "2022-11-02",
          "time": "03:26:34",
          "terminate": "false"
        },
        {
          "speaker": "speaker2",
          "personaID": "21040",
          "participantID": "0975",
          "utterance": "네 안녕하세요~ 저는 20대 남자입니다.",
          "summary": "나는 20대 남자이다.",
          "date": "2022-11-02",
          "time": "03:26:40",
          "terminate": "false"
        },
        {
          "speaker": "speaker1",
          "personaID": "21750",
          "participantID": "0945",
          "utterance": "네 반가워요~ 20대이시면 학생이신건가요?",
          "summary": "",
          "date": "2022-11-02",
          "time": "03:27:24",
          "terminate": "false"
        },
        {
          "speaker": "speaker2",
          "personaID": "21040",
          "participantID": "0975",
          "utterance": "아뇨 그냥 백수에요~ 님은 학생이신건가요?",
          "summary": "나는 백수이다.",
          "date": "2022-11-02",
          "time": "03:27:30",
          "terminate": "false"
        },
        {
          "speaker": "speaker1",
          "personaID": "21750",
          "participantID": "0945",
          "utterance": "네~ 저는 지금 대학교 재학중인 학생이에요.",
          "summary": "나는 학생이다.",
          "date": "2022-11-02",
          "time": "03:27:44",
          "terminate": "false"
        },
        {
          "speaker": "speaker2",
          "personaID": "21040",
          "participantID": "0975",
          "utterance": "그러시군요~ 그럼 전공은 뭐에요?",
          "summary": "",
          "date": "2022-11-02",
          "time": "03:27:52",
          "terminate": "false"
        },
        {
          "speaker": "speaker1",
          "personaID": "21750",
          "participantID": "0945",
          "utterance": "아 저 지금 지리학과 전공하고 있어요.ㅎㅎ.",
          "summary": "나는 지리학과 전공이다.",
          "date": "2022-11-02",
          "time": "03:28:01",
          "terminate": "false"
        },
        {
          "speaker": "speaker2",
          "personaID": "21040",
          "participantID": "0975",
          "utterance": "아 그러시군요.ㅎㅎ 학생이라니 부럽네요.",
          "summary": "",
          "date": "2022-11-02",
          "time": "03:28:15",
          "terminate": "false"
        },
        {
          "speaker": "speaker1",
          "personaID": "21750",
          "participantID": "0945",
          "utterance": "앗 정말요?ㅎㅎ 백수이시면 요즘 뭐하세요?",
          "summary": "",
          "date": "2022-11-02",
          "time": "03:29:13",
          "terminate": "false"
        },
        {
          "speaker": "speaker2",
          "personaID": "21040",
          "participantID": "0975",
          "utterance": "음.. 요즘 멜로영화를 가끔 봐요.",
          "summary": "나는 멜로 영화를 가끔 본다.",
          "date": "2022-11-02",
          "time": "03:29:19",
          "terminate": "false"
        },
        {
          "speaker": "speaker1",
          "personaID": "21750",
          "participantID": "0945",
          "utterance": "아 그러시군요. 멜로영화 좋아하시나봐요.",
          "summary": "",
          "date": "2022-11-02",
          "time": "03:29:30",
          "terminate": "false"
        },
        {
          "speaker": "speaker2",
          "personaID": "21040",
          "participantID": "0975",
          "utterance": "네.. 근데 제인생엔 왜 멜로가 안생기는건지 요즘따라 가끔 환멸이 느껴져요.ㅠ.",
          "summary": "나는 요즘 가끔 환멸을 느낀다.",
          "date": "2022-11-02",
          "time": "03:29:51",
          "terminate": "false"
        },
        {
          "speaker": "speaker1",
          "personaID": "21750",
          "participantID": "0945",
          "utterance": "헉..그렇군요. 일단 전 점심먹고 연락드릴게요~",
          "summary": "",
          "date": "2022-11-02",
          "time": "03:30:14",
          "terminate": "false"
        },
        {
          "speaker": "speaker2",
          "personaID": "21040",
          "participantID": "0975",
          "utterance": "네 그럼 점심 맛있게 먹고 이따 연락해요~",
          "summary": "",
          "date": "2022-11-02",
          "time": "03:30:20",
          "terminate": "true"
        }
      ],
      "sessionPersonaSummary": {
        "speaker1": [
          "나는 20대 여자이다.",
          "나는 학생이다.",
          "나는 지리학과 전공이다."
        ],
        "speaker2": [
          "나는 20대 남자이다.",
          "나는 백수이다.",
          "나는 멜로 영화를 가끔 본다.",
          "나는 요즘 가끔 환멸을 느낀다."
        ]
      },
      "prevAggregatedpersonaSummary": {
        "speaker1": [],
        "speaker2": []
      }
    },
    {
      "prevSessionID": "4-00271-1",
      "prevTimeInfo": {
        "timeNum": "1",
        "timeUnit": "시간"
      },
      "nthSession": "2",
      "numberOfUtterances": "14",
      "numberOfTurns": "7",
      "sessionID": "4-00271-2",
      "dialog": [
        {
          "speaker": "speaker1",
          "personaID": "21750",
          "participantID": "0945",
          "utterance": "안녕하세요~ 밥만 먹었는데 벌써 한시간이나 지났네요.",
          "summary": "",
          "date": "2022-11-02",
          "time": "03:30:46",
          "terminate": "false"
        },
        {
          "speaker": "speaker2",
          "personaID": "21040",
          "participantID": "0975",
          "utterance": "그러게요. 밥은 맛있게 드셨나요?",
          "summary": "",
          "date": "2022-11-02",
          "time": "03:30:56",
          "terminate": "false"
        },
        {
          "speaker": "speaker1",
          "personaID": "21750",
          "participantID": "0945",
          "utterance": "네~ 너무 맛있더라구요. 님은 맛있게 드셨어요?",
          "summary": "",
          "date": "2022-11-02",
          "time": "03:31:05",
          "terminate": "false"
        },
        {
          "speaker": "speaker2",
          "personaID": "21040",
          "participantID": "0975",
          "utterance": "네~ 오늘 도서관구내식당 메뉴 괜찮더라구요.",
          "summary": "나는 도서관 구내식당에서 식사를 했다.",
          "date": "2022-11-02",
          "time": "03:31:17",
          "terminate": "false"
        },
        {
          "speaker": "speaker1",
          "personaID": "21750",
          "participantID": "0945",
          "utterance": "아~ 도서관에서 식사하신거에요? 왜요?",
          "summary": "",
          "date": "2022-11-02",
          "time": "03:31:29",
          "terminate": "false"
        },
        {
          "speaker": "speaker2",
          "personaID": "21040",
          "participantID": "0975",
          "utterance": "도서관에서 파는 식사가 싸고 맛있어요.ㅎㅎ.",
          "summary": "",
          "date": "2022-11-02",
          "time": "03:31:38",
          "terminate": "false"
        },
        {
          "speaker": "speaker1",
          "personaID": "21750",
          "participantID": "0945",
          "utterance": "아 그렇군요. 도서관까지 가기 귀찮지 않으세요?",
          "summary": "",
          "date": "2022-11-02",
          "time": "03:32:01",
          "terminate": "false"
        },
        {
          "speaker": "speaker2",
          "personaID": "21040",
          "participantID": "0975",
          "utterance": "에이 귀찮긴요~ 멜로영화보는것도 도서관에서 보는거에요.",
          "summary": "나는 도서관 가는 게 귀찮지 않다.",
          "date": "2022-11-02",
          "time": "03:32:14",
          "terminate": "false"
        },
        {
          "speaker": "speaker1",
          "personaID": "21750",
          "participantID": "0945",
          "utterance": "헉..그 시각자료실에서요? 그렇군요.. 되게 활용을 잘하시네요.",
          "summary": "",
          "date": "2022-11-02",
          "time": "03:32:32",
          "terminate": "false"
        },
        {
          "speaker": "speaker2",
          "personaID": "21040",
          "participantID": "0975",
          "utterance": "아 그런가요?ㅎㅎ 도서관 엄청좋아요. 옥상에 올라가면 얼마나 시원한데요~",
          "summary": "나는 도서관 활용을 잘한다.",
          "date": "2022-11-02",
          "time": "03:32:54",
          "terminate": "false"
        },
        {
          "speaker": "speaker1",
          "personaID": "21750",
          "participantID": "0945",
          "utterance": "그렇군요.ㅎㅎ 도서관 옥상을 올라간적이 없어서요.",
          "summary": "",
          "date": "2022-11-02",
          "time": "03:33:04",
          "terminate": "false"
        },
        {
          "speaker": "speaker2",
          "personaID": "21040",
          "participantID": "0975",
          "utterance": "꼭 올라가보세요.제 인생에서 가장 설레던때가 도서관옥상에서 시원한 바람이 불어올때였어요.ㅎ.",
          "summary": "나는 인생에서 가장 설레던 때는 시원한 바람이 불어올 때이다.",
          "date": "2022-11-02",
          "time": "03:33:28",
          "terminate": "false"
        },
        {
          "speaker": "speaker1",
          "personaID": "21750",
          "participantID": "0945",
          "utterance": "헉..그정도군요.ㅎㅎ 나중에 꼭 가볼게요! 전 약속이 있어서 이따 연락드릴게요.",
          "summary": "",
          "date": "2022-11-02",
          "time": "03:34:03",
          "terminate": "false"
        },
        {
          "speaker": "speaker2",
          "personaID": "21040",
          "participantID": "0975",
          "utterance": "네 그럼 약속 잘 다녀오시고 이따 연락주세요~",
          "summary": "",
          "date": "2022-11-02",
          "time": "03:34:10",
          "terminate": "true"
        }
      ],
      "sessionPersonaSummary": {
        "speaker1": [],
        "speaker2": [
          "나는 도서관 구내식당에서 식사를 했다.",
          "나는 도서관 가는 게 귀찮지 않다.",
          "나는 도서관 활용을 잘한다.",
          "나는 인생에서 가장 설레던 때는 시원한 바람이 불어올 때이다."
        ]
      },
      "prevAggregatedpersonaSummary": {
        "speaker1": [
          "나는 20대 여자이다.",
          "나는 학생이다.",
          "나는 지리학과 전공이다."
        ],
        "speaker2": [
          "나는 20대 남자이다.",
          "나는 백수이다.",
          "나는 멜로 영화를 가끔 본다.",
          "나는 요즘 가끔 환멸을 느낀다."
        ]
      }
    },
    {
      "prevSessionID": "4-00271-2",
      "prevTimeInfo": {
        "timeNum": "3",
        "timeUnit": "시간"
      },
      "nthSession": "3",
      "numberOfUtterances": "14",
      "numberOfTurns": "7",
      "sessionID": "4-00271-3",
      "dialog": [
        {
          "speaker": "speaker1",
          "personaID": "21750",
          "participantID": "0945",
          "utterance": "안녕하세요~ 약속다녀오니 벌써 3시간이나 지났네요.",
          "summary": "",
          "date": "2022-11-02",
          "time": "03:34:37",
          "terminate": "false"
        },
        {
          "speaker": "speaker2",
          "personaID": "21040",
          "participantID": "0975",
          "utterance": "그러게요~ 벌써 시간이 그렇게나 지났군요. 무슨약속이였어요?",
          "summary": "",
          "date": "2022-11-02",
          "time": "03:35:02",
          "terminate": "false"
        },
        {
          "speaker": "speaker1",
          "personaID": "21750",
          "participantID": "0945",
          "utterance": "아 저 친구랑 놀고왔어요~ 오랜만에 노니깐 재밌더라구요.",
          "summary": "나는 오랜만에 친구와 놀았다.",
          "date": "2022-11-02",
          "time": "03:35:12",
          "terminate": "false"
        },
        {
          "speaker": "speaker2",
          "personaID": "21040",
          "participantID": "0975",
          "utterance": "아 그러셨군요~ 친구랑 뭐하고 노셨어요?",
          "summary": "",
          "date": "2022-11-02",
          "time": "03:35:19",
          "terminate": "false"
        },
        {
          "speaker": "speaker1",
          "personaID": "21750",
          "participantID": "0945",
          "utterance": "저 콘솔게임하고 놀았죠~ 콘솔게임 자주 하거든요.",
          "summary": "나는 콘솔게임을 자주 한다.",
          "date": "2022-11-02",
          "time": "03:35:35",
          "terminate": "false"
        },
        {
          "speaker": "speaker2",
          "personaID": "21040",
          "participantID": "0975",
          "utterance": "아 그러셨군요~ 되게 건전하고 재밌게 노셨네요.",
          "summary": "",
          "date": "2022-11-02",
          "time": "03:36:01",
          "terminate": "false"
        },
        {
          "speaker": "speaker1",
          "personaID": "21750",
          "participantID": "0945",
          "utterance": "아 그런가요?ㅎㅎ 님은 뭐하고 있으셨어요?",
          "summary": "",
          "date": "2022-11-02",
          "time": "03:36:09",
          "terminate": "false"
        },
        {
          "speaker": "speaker2",
          "personaID": "21040",
          "participantID": "0975",
          "utterance": "아 저 도서관에서 원숭이 다큐 봤어요~",
          "summary": "",
          "date": "2022-11-02",
          "time": "03:36:25",
          "terminate": "false"
        },
        {
          "speaker": "speaker1",
          "personaID": "21750",
          "participantID": "0945",
          "utterance": "앗 원숭이다큐요? 원숭이에 관심 많으신가봐요~",
          "summary": "",
          "date": "2022-11-02",
          "time": "03:50:26",
          "terminate": "false"
        },
        {
          "speaker": "speaker2",
          "personaID": "21040",
          "participantID": "0975",
          "utterance": "네ㅎㅎ글서 원숭이 영화도 봤어요. 님두 원숭이에 관심 많으세요?",
          "summary": "나는 원숭이에 관심이 많다.",
          "date": "2022-11-02",
          "time": "03:50:51",
          "terminate": "false"
        },
        {
          "speaker": "speaker1",
          "personaID": "21750",
          "participantID": "0945",
          "utterance": "아뇨ㅎㅎ저는 원숭이에 관심이 없어서요.ㅠㅠ.",
          "summary": "나는 원숭이에 관심이 없다.",
          "date": "2022-11-02",
          "time": "03:51:06",
          "terminate": "false"
        },
        {
          "speaker": "speaker2",
          "personaID": "21040",
          "participantID": "0975",
          "utterance": "헉.. 그러시군요.ㅎㅎ 그럼 어쩔 수 없죠.ㅠㅠ.",
          "summary": "",
          "date": "2022-11-02",
          "time": "03:54:01",
          "terminate": "false"
        },
        {
          "speaker": "speaker1",
          "personaID": "21750",
          "participantID": "0945",
          "utterance": "앗ㅎㅎ 네ㅠ 그럼 전 이제 집 근처라 이따 연락드릴게요!",
          "summary": "",
          "date": "2022-11-02",
          "time": "03:54:31",
          "terminate": "false"
        },
        {
          "speaker": "speaker2",
          "personaID": "21040",
          "participantID": "0975",
          "utterance": "네 그럼 집 조심히 들어가시고 이따 연락주세요.",
          "summary": "",
          "date": "2022-11-02",
          "time": "03:54:38",
          "terminate": "true"
        }
      ],
      "sessionPersonaSummary": {
        "speaker1": [
          "나는 오랜만에 친구와 놀았다.",
          "나는 콘솔게임을 자주 한다.",
          "나는 원숭이에 관심이 없다."
        ],
        "speaker2": [
          "나는 원숭이에 관심이 많다."
        ]
      },
      "prevAggregatedpersonaSummary": {
        "speaker1": [
          "나는 20대 여자이다.",
          "나는 학생이다.",
          "나는 지리학과 전공이다."
        ],
        "speaker2": [
          "나는 20대 남자이다.",
          "나는 백수이다.",
          "나는 멜로 영화를 가끔 본다.",
          "나는 요즘 가끔 환멸을 느낀다.",
          "나는 도서관 구내식당에서 식사를 했다.",
          "나는 도서관 가는 게 귀찮지 않다.",
          "나는 도서관 활용을 잘한다.",
          "나는 인생에서 가장 설레던 때는 시원한 바람이 불어올 때이다."
        ]
      }
    },
    {
      "prevSessionID": "4-00271-3",
      "prevTimeInfo": {
        "timeNum": "2",
        "timeUnit": "시간"
      },
      "nthSession": "4",
      "numberOfUtterances": "14",
      "numberOfTurns": "7",
      "sessionID": "4-00271-4",
      "dialog": [
        {
          "speaker": "speaker1",
          "personaID": "21750",
          "participantID": "0945",
          "utterance": "안녕하세요~ 집에서 이것저것 하니 벌써 2시간이나 지났네요.",
          "summary": "",
          "date": "2022-11-02",
          "time": "03:55:10",
          "terminate": "false"
        },
        {
          "speaker": "speaker2",
          "personaID": "21040",
          "participantID": "0975",
          "utterance": "그러게요. 벌써 시간이 그렇게 되었네요~",
          "summary": "",
          "date": "2022-11-02",
          "time": "03:55:16",
          "terminate": "false"
        },
        {
          "speaker": "speaker1",
          "personaID": "21750",
          "participantID": "0945",
          "utterance": "네~ 님은 아직도 도서관이신건가요?ㅎ.",
          "summary": "",
          "date": "2022-11-02",
          "time": "03:55:24",
          "terminate": "false"
        },
        {
          "speaker": "speaker2",
          "personaID": "21040",
          "participantID": "0975",
          "utterance": "아 아니요ㅎㅎ 저도 이제 집에 왔죠~",
          "summary": "",
          "date": "2022-11-02",
          "time": "03:55:32",
          "terminate": "false"
        },
        {
          "speaker": "speaker1",
          "personaID": "21750",
          "participantID": "0945",
          "utterance": "그러셨군요~ 그럼 뭐하고 있으셨나요?",
          "summary": "",
          "date": "2022-11-02",
          "time": "03:55:47",
          "terminate": "false"
        },
        {
          "speaker": "speaker2",
          "personaID": "21040",
          "participantID": "0975",
          "utterance": "아 저 원숭이 웹툰 보고 있었어요.ㅎㅎ.",
          "summary": "나는 원숭이 웹툰을 보고 있었다.",
          "date": "2022-11-02",
          "time": "03:56:00",
          "terminate": "false"
        },
        {
          "speaker": "speaker1",
          "personaID": "21750",
          "participantID": "0945",
          "utterance": "아ㅋㅋ 이번에 원숭이에 제대로 꽂히셨나보네요~",
          "summary": "",
          "date": "2022-11-02",
          "time": "03:56:07",
          "terminate": "false"
        },
        {
          "speaker": "speaker2",
          "personaID": "21040",
          "participantID": "0975",
          "utterance": "네 맞아요.되게 귀여워서 계속 생각나더라구요~",
          "summary": "나는 원숭이가 계속 생각난다.",
          "date": "2022-11-02",
          "time": "03:56:25",
          "terminate": "false"
        },
        {
          "speaker": "speaker1",
          "personaID": "21750",
          "participantID": "0945",
          "utterance": "그러셨군요.ㅎㅎ 원숭이 굿즈도 사모으시는거 아니에요?",
          "summary": "",
          "date": "2022-11-02",
          "time": "03:56:34",
          "terminate": "false"
        },
        {
          "speaker": "speaker2",
          "personaID": "21040",
          "participantID": "0975",
          "utterance": "그러게요. 아마 지금같은 기분으론 그럴수도 있겠네요.",
          "summary": "",
          "date": "2022-11-02",
          "time": "03:58:20",
          "terminate": "false"
        },
        {
          "speaker": "speaker1",
          "personaID": "21750",
          "participantID": "0945",
          "utterance": "그러게요.ㅎㅎ 원숭이 다큐보고 꽂히신거죠?",
          "summary": "",
          "date": "2022-11-02",
          "time": "03:58:39",
          "terminate": "false"
        },
        {
          "speaker": "speaker2",
          "personaID": "21040",
          "participantID": "0975",
          "utterance": "네 맞아요.진짜 너무 귀여우니깐 한번 봐보세요.ㅠ.",
          "summary": "나는 원숭이 다큐를 보고 원숭이에게 꽂혔다.",
          "date": "2022-11-02",
          "time": "03:58:48",
          "terminate": "false"
        },
        {
          "speaker": "speaker1",
          "personaID": "21750",
          "participantID": "0945",
          "utterance": "그래야겠네요.ㅋㅋ 일단 저는 자야할것같아서요. 나중에 연락드릴게요.",
          "summary": "",
          "date": "2022-11-02",
          "time": "03:58:59",
          "terminate": "false"
        },
        {
          "speaker": "speaker2",
          "personaID": "21040",
          "participantID": "0975",
          "utterance": "네 그럼 나중에 연락주세요~ 담에 봬요!",
          "summary": "",
          "date": "2022-11-02",
          "time": "03:59:06",
          "terminate": "true"
        }
      ],
      "sessionPersonaSummary": {
        "speaker1": [],
        "speaker2": [
          "나는 원숭이 웹툰을 보고 있었다.",
          "나는 원숭이가 계속 생각난다.",
          "나는 원숭이 다큐를 보고 원숭이에게 꽂혔다."
        ]
      },
      "prevAggregatedpersonaSummary": {
        "speaker1": [
          "나는 20대 여자이다.",
          "나는 학생이다.",
          "나는 지리학과 전공이다.",
          "나는 오랜만에 친구와 놀았다.",
          "나는 콘솔게임을 자주 한다.",
          "나는 원숭이에 관심이 없다."
        ],
        "speaker2": [
          "나는 20대 남자이다.",
          "나는 백수이다.",
          "나는 멜로 영화를 가끔 본다.",
          "나는 요즘 가끔 환멸을 느낀다.",
          "나는 도서관 구내식당에서 식사를 했다.",
          "나는 도서관 가는 게 귀찮지 않다.",
          "나는 도서관 활용을 잘한다.",
          "나는 인생에서 가장 설레던 때는 시원한 바람이 불어올 때이다.",
          "나는 원숭이에 관심이 많다."
        ]
      }
    }
  ]
}