{
  "FileInfo": {
    "filename": "K4-00151-CL21441-CP22104-03-10-S4.json",
    "sessionLevel": "4"
  },
  "participantsInfo": {
    "numberOfParticipants": "2",
    "speaker1": {
      "participantID": "0680",
      "gender": "여성",
      "age": "20대",
      "occupation": "무직",
      "bPlace": "서울/경기/인천",
      "gPlace": "서울/경기/인천",
      "rPlace": "서울/경기/인천",
      "educationLevel": "대졸"
    },
    "speaker2": {
      "participantID": "0681",
      "gender": "여성",
      "age": "20대",
      "occupation": "기타",
      "bPlace": "서울/경기/인천",
      "gPlace": "서울/경기/인천",
      "rPlace": "서울/경기/인천",
      "educationLevel": "대졸"
    }
  },
  "multisessionInfo": {
    "multisessionID": "4-00151"
  },
  "personaInfo": {
    "clInfo": {
      "personaID": "21441",
      "personaFeatures": [
        "나는 여자이다.",
        "나는 20대이다.",
        "나는 소주를 싫어한다.",
        "나는 반려동물 훈련사이다.",
        "나는 자기계발서를 꾸준히 읽는다."
      ],
      "speakerType": "speaker1"
    },
    "cpInfo": {
      "personaID": "22104",
      "personaFeatures": [
        "나는 여자이다.",
        "나는 20대이다.",
        "나는 맥주를 싫어한다.",
        "나는 주말에 화장실을 청소한다.",
        "나는 클라이밍을 좋아한다."
      ],
      "speakerType": "speaker2"
    }
  },
  "topicInfo": {
    "topicID": "03-10",
    "topicType": "교통",
    "topicTitle": "교통"
  },
  "sessionInfo": [
    {
      "prevSessionID": null,
      "prevTimeInfo": {
        "timeNum": null,
        "timeUnit": null
      },
      "nthSession": "1",
      "numberOfUtterances": "16",
      "numberOfTurns": "8",
      "sessionID": "4-00151-1",
      "dialog": [
        {
          "speaker": "speaker1",
          "personaID": "21441",
          "participantID": "0680",
          "utterance": "안녕하세요. 저는 20대 여자입니다.",
          "summary": "나는 20대 여성이다.",
          "date": "2022-10-05",
          "time": "23:58:37",
          "terminate": "false"
        },
        {
          "speaker": "speaker2",
          "personaID": "22104",
          "participantID": "0681",
          "utterance": "안녕하세요. 저는 20대 여자입니다.",
          "summary": "나는 20대 여성이다.",
          "date": "2022-10-05",
          "time": "23:59:19",
          "terminate": "false"
        },
        {
          "speaker": "speaker1",
          "personaID": "21441",
          "participantID": "0680",
          "utterance": "저는 반려동물 훈련사입니다. 반려동물을 키우세요?",
          "summary": "나는 반려동물 훈련사이다.",
          "date": "2022-10-05",
          "time": "23:59:24",
          "terminate": "false"
        },
        {
          "speaker": "speaker2",
          "personaID": "22104",
          "participantID": "0681",
          "utterance": "네! 저희 강아지좀 훈련해주세요. 완전 말썽쟁이에요!",
          "summary": "나는 강아지가 말썽쟁이다.",
          "date": "2022-10-05",
          "time": "23:59:45",
          "terminate": "false"
        },
        {
          "speaker": "speaker1",
          "personaID": "21441",
          "participantID": "0680",
          "utterance": "다음에 동영상 한번 보내주세요. 제가 한번 볼게요.",
          "summary": "",
          "date": "2022-10-05",
          "time": "23:59:55",
          "terminate": "false"
        },
        {
          "speaker": "speaker2",
          "personaID": "22104",
          "participantID": "0681",
          "utterance": "네! 감사합니다.저는 지금 클라이밍을 하러 왔어요~",
          "summary": "나는 클라이밍을 하러 왔다.",
          "date": "2022-10-06",
          "time": "00:00:06",
          "terminate": "false"
        },
        {
          "speaker": "speaker1",
          "personaID": "21441",
          "participantID": "0680",
          "utterance": "클라이밍을 잘 하시나봐요? 대단하네요.",
          "summary": "나는 상대방이 대단한 거 같다.",
          "date": "2022-10-06",
          "time": "00:00:13",
          "terminate": "false"
        },
        {
          "speaker": "speaker2",
          "personaID": "22104",
          "participantID": "0681",
          "utterance": "너무 재미가 있어서 6년동안 꾸준하게 하고 있어요!",
          "summary": "나는 클라이밍을 6년 동안 꾸준하게 하고 있다.",
          "date": "2022-10-06",
          "time": "00:00:27",
          "terminate": "false"
        },
        {
          "speaker": "speaker1",
          "personaID": "21441",
          "participantID": "0680",
          "utterance": "오래하셨네요! 멋져요. 식사는 하셨나요?",
          "summary": "나는 상대방이 멋지다.",
          "date": "2022-10-06",
          "time": "00:00:54",
          "terminate": "false"
        },
        {
          "speaker": "speaker2",
          "personaID": "22104",
          "participantID": "0681",
          "utterance": "네. 저는 친구들이랑 치맥을 하러 갔었는데 저는 맥주를 싫어해서 치킨만 먹었어요.",
          "summary": "나는 맥주를 싫어해서 치킨만 먹었다.",
          "date": "2022-10-06",
          "time": "00:01:08",
          "terminate": "false"
        },
        {
          "speaker": "speaker1",
          "personaID": "21441",
          "participantID": "0680",
          "utterance": "헉. 저는 소주를 싫어해요. 소주도 싫어하시나요?",
          "summary": "나는 소주를 싫어한다.",
          "date": "2022-10-06",
          "time": "00:01:13",
          "terminate": "false"
        },
        {
          "speaker": "speaker2",
          "personaID": "22104",
          "participantID": "0681",
          "utterance": "네! 저는 소주와 맥주 둘다 싫어요! 와인이 좋아요~",
          "summary": "나는 소주와 맥주가 싫다. 나는 와인이 좋다.",
          "date": "2022-10-06",
          "time": "00:01:31",
          "terminate": "false"
        },
        {
          "speaker": "speaker1",
          "personaID": "21441",
          "participantID": "0680",
          "utterance": "그렇군요. 저도 와인이 좋아요. 갑자기 와인을 마시고싶네요.",
          "summary": "나는 와인이 좋다. 나는 와인을 마시고 싶다.",
          "date": "2022-10-06",
          "time": "00:01:41",
          "terminate": "false"
        },
        {
          "speaker": "speaker2",
          "personaID": "22104",
          "participantID": "0681",
          "utterance": "제말이 그말이에요~ 저는 이제 일하러 가야 합니다...",
          "summary": "나는 일하러 가야 한다.",
          "date": "2022-10-06",
          "time": "00:01:52",
          "terminate": "false"
        },
        {
          "speaker": "speaker1",
          "personaID": "21441",
          "participantID": "0680",
          "utterance": "네. 일 잘 하시고 오세요! 화이팅입니다.",
          "summary": "",
          "date": "2022-10-06",
          "time": "00:01:55",
          "terminate": "false"
        },
        {
          "speaker": "speaker2",
          "personaID": "22104",
          "participantID": "0681",
          "utterance": "화이팅이에요! 좋은 하루 보내세요!",
          "summary": "",
          "date": "2022-10-06",
          "time": "00:02:07",
          "terminate": "true"
        }
      ],
      "sessionPersonaSummary": {
        "speaker1": [
          "나는 20대 여성이다.",
          "나는 반려동물 훈련사이다.",
          "나는 상대방이 대단한 거 같다.",
          "나는 상대방이 멋지다.",
          "나는 소주를 싫어한다.",
          "나는 와인이 좋다. 나는 와인을 마시고 싶다."
        ],
        "speaker2": [
          "나는 20대 여성이다.",
          "나는 강아지가 말썽쟁이다.",
          "나는 클라이밍을 하러 왔다.",
          "나는 클라이밍을 6년 동안 꾸준하게 하고 있다.",
          "나는 맥주를 싫어해서 치킨만 먹었다.",
          "나는 소주와 맥주가 싫다. 나는 와인이 좋다.",
          "나는 일하러 가야 한다."
        ]
      },
      "prevAggregatedpersonaSummary": {
        "speaker1": [],
        "speaker2": []
      }
    },
    {
      "prevSessionID": "4-00151-1",
      "prevTimeInfo": {
        "timeNum": "1",
        "timeUnit": "일"
      },
      "nthSession": "2",
      "numberOfUtterances": "16",
      "numberOfTurns": "8",
      "sessionID": "4-00151-2",
      "dialog": [
        {
          "speaker": "speaker1",
          "personaID": "21441",
          "participantID": "0680",
          "utterance": "저는 지금 출근중이에요. 출근 하셨나요?",
          "summary": "나는 출근 중이다.",
          "date": "2022-10-06",
          "time": "00:02:30",
          "terminate": "false"
        },
        {
          "speaker": "speaker2",
          "personaID": "22104",
          "participantID": "0681",
          "utterance": "네! 저도 출근을 했어요. 혹시 지하철 타고 출근하세요?",
          "summary": "나는 출근을 했다.",
          "date": "2022-10-06",
          "time": "00:02:51",
          "terminate": "false"
        },
        {
          "speaker": "speaker1",
          "personaID": "21441",
          "participantID": "0680",
          "utterance": "저는 버스를 타고 출근한답니다. 가깝거든요.",
          "summary": "나는 버스를 타고 출근한다.",
          "date": "2022-10-06",
          "time": "00:02:57",
          "terminate": "false"
        },
        {
          "speaker": "speaker2",
          "personaID": "22104",
          "participantID": "0681",
          "utterance": "부러워요. 오늘은 왠일로 지옥철이 아니여서 조금 당황했어요.",
          "summary": "나는 오늘 지옥철이 아니라서 당황했다.",
          "date": "2022-10-06",
          "time": "00:03:07",
          "terminate": "false"
        },
        {
          "speaker": "speaker1",
          "personaID": "21441",
          "participantID": "0680",
          "utterance": "오늘 무슨 날인가요? 오늘 버스도 교통체증에 걸리지않았어요.",
          "summary": "나는 버스도 교통체증이 없었다.",
          "date": "2022-10-06",
          "time": "00:03:19",
          "terminate": "false"
        },
        {
          "speaker": "speaker2",
          "personaID": "22104",
          "participantID": "0681",
          "utterance": "오늘 혹시 무슨 날인가요? 왜 갑자기 그런 걸까요?",
          "summary": "",
          "date": "2022-10-06",
          "time": "00:03:27",
          "terminate": "false"
        },
        {
          "speaker": "speaker1",
          "personaID": "21441",
          "participantID": "0680",
          "utterance": "그러게요. 신기하네요. 출근했더니 저만 있는건 아니겠죠?",
          "summary": "나는 오늘이 신기하다.",
          "date": "2022-10-06",
          "time": "00:03:38",
          "terminate": "false"
        },
        {
          "speaker": "speaker2",
          "personaID": "22104",
          "participantID": "0681",
          "utterance": "생전 지옥철을 타면서 고생하다가 오늘은 편하게 오니까 진짜 당황스러워요.",
          "summary": "나는 편하게 와서 당황스럽다.",
          "date": "2022-10-06",
          "time": "00:03:49",
          "terminate": "false"
        },
        {
          "speaker": "speaker1",
          "personaID": "21441",
          "participantID": "0680",
          "utterance": "퇴근할때도 출근할때 같이 편했으면 좋겠어요.",
          "summary": "나는 퇴근할 때도 편했으면 좋겠다.",
          "date": "2022-10-06",
          "time": "00:03:56",
          "terminate": "false"
        },
        {
          "speaker": "speaker2",
          "personaID": "22104",
          "participantID": "0681",
          "utterance": "그러니까요. 제발 오늘 하루만큼은 교통체증 없이 무사히 집에 가고 싶네요.",
          "summary": "나는 오늘 하루만큼은 교통체증 없이 무사히 집에 가고 싶다.",
          "date": "2022-10-06",
          "time": "00:04:20",
          "terminate": "false"
        },
        {
          "speaker": "speaker1",
          "personaID": "21441",
          "participantID": "0680",
          "utterance": "맞아요. 교통은 발전했지만 교통체증은 좋지않네요.",
          "summary": "",
          "date": "2022-10-06",
          "time": "00:04:35",
          "terminate": "false"
        },
        {
          "speaker": "speaker2",
          "personaID": "22104",
          "participantID": "0681",
          "utterance": "그러니까요... 교통체증 없는 세상에서 살고 싶어요!",
          "summary": "나는 교통체증 없는 세상에서 살고 싶다.",
          "date": "2022-10-06",
          "time": "00:04:49",
          "terminate": "false"
        },
        {
          "speaker": "speaker1",
          "personaID": "21441",
          "participantID": "0680",
          "utterance": "저도 그렇게 생각해요. 회사가 집 앞에 있으면 좋겠어요.",
          "summary": "나는 회사가 집 앞에 있었으면 좋겠다.",
          "date": "2022-10-06",
          "time": "00:05:09",
          "terminate": "false"
        },
        {
          "speaker": "speaker2",
          "personaID": "22104",
          "participantID": "0681",
          "utterance": "저도 제발 회사가 집 앞에 있으면 좋겠네요.",
          "summary": "나는 회사가 집 앞에 있으면 좋겠다.",
          "date": "2022-10-06",
          "time": "00:05:23",
          "terminate": "false"
        },
        {
          "speaker": "speaker1",
          "personaID": "21441",
          "participantID": "0680",
          "utterance": "저는 이만 회사에 도착했으니 나중에 연락할게요.",
          "summary": "나는 회사에 도착해서 나중에 연락할 것이다.",
          "date": "2022-10-06",
          "time": "00:05:32",
          "terminate": "false"
        },
        {
          "speaker": "speaker2",
          "personaID": "22104",
          "participantID": "0681",
          "utterance": "네! 그럼 열심히 일하시고 다음에 또 연락해요~",
          "summary": "",
          "date": "2022-10-06",
          "time": "00:05:38",
          "terminate": "true"
        }
      ],
      "sessionPersonaSummary": {
        "speaker1": [
          "나는 출근 중이다.",
          "나는 버스를 타고 출근한다.",
          "나는 버스도 교통체증이 없었다.",
          "나는 오늘이 신기하다.",
          "나는 퇴근할 때도 편했으면 좋겠다.",
          "나는 회사가 집 앞에 있었으면 좋겠다.",
          "나는 회사에 도착해서 나중에 연락할 것이다."
        ],
        "speaker2": [
          "나는 출근을 했다.",
          "나는 오늘 지옥철이 아니라서 당황했다.",
          "나는 편하게 와서 당황스럽다.",
          "나는 오늘 하루만큼은 교통체증 없이 무사히 집에 가고 싶다.",
          "나는 교통체증 없는 세상에서 살고 싶다.",
          "나는 회사가 집 앞에 있으면 좋겠다."
        ]
      },
      "prevAggregatedpersonaSummary": {
        "speaker1": [
          "나는 20대 여성이다.",
          "나는 반려동물 훈련사이다.",
          "나는 상대방이 대단한 거 같다.",
          "나는 상대방이 멋지다.",
          "나는 소주를 싫어한다.",
          "나는 와인이 좋다. 나는 와인을 마시고 싶다."
        ],
        "speaker2": [
          "나는 20대 여성이다.",
          "나는 강아지가 말썽쟁이다.",
          "나는 클라이밍을 하러 왔다.",
          "나는 클라이밍을 6년 동안 꾸준하게 하고 있다.",
          "나는 맥주를 싫어해서 치킨만 먹었다.",
          "나는 소주와 맥주가 싫다. 나는 와인이 좋다.",
          "나는 일하러 가야 한다."
        ]
      }
    },
    {
      "prevSessionID": "4-00151-2",
      "prevTimeInfo": {
        "timeNum": "10",
        "timeUnit": "시간"
      },
      "nthSession": "3",
      "numberOfUtterances": "16",
      "numberOfTurns": "8",
      "sessionID": "4-00151-3",
      "dialog": [
        {
          "speaker": "speaker1",
          "personaID": "21441",
          "participantID": "0680",
          "utterance": "저는 퇴근했답니다. 퇴근 하셨어요?",
          "summary": "나는 퇴근했다.",
          "date": "2022-10-06",
          "time": "00:05:52",
          "terminate": "false"
        },
        {
          "speaker": "speaker2",
          "personaID": "22104",
          "participantID": "0681",
          "utterance": "네! 저는 오늘 진짜 신기하게 교통 체증 없이 지하철을 타고 왔어요,",
          "summary": "나는 교통 체증 없이 지하철을 타고 왔다.",
          "date": "2022-10-06",
          "time": "00:06:10",
          "terminate": "false"
        },
        {
          "speaker": "speaker1",
          "personaID": "21441",
          "participantID": "0680",
          "utterance": "그러게요. 저도 퇴근할때도 막히지 않았어요.",
          "summary": "나는 퇴근할 때도 안 막혔다.",
          "date": "2022-10-06",
          "time": "00:06:15",
          "terminate": "false"
        },
        {
          "speaker": "speaker2",
          "personaID": "22104",
          "participantID": "0681",
          "utterance": "진짜 대박인것 같아요! 내일은 드디어 주말이네요~",
          "summary": "나는 진짜 대박인 것 같다.",
          "date": "2022-10-06",
          "time": "00:06:30",
          "terminate": "false"
        },
        {
          "speaker": "speaker1",
          "personaID": "21441",
          "participantID": "0680",
          "utterance": "그러게요. 주말이 너무 기다려져요. 저는 주말동안 자기계발서를 읽을거에요.",
          "summary": "나는 주말 동안 자기 계발서를 읽을 것이다.",
          "date": "2022-10-06",
          "time": "00:06:43",
          "terminate": "false"
        },
        {
          "speaker": "speaker2",
          "personaID": "22104",
          "participantID": "0681",
          "utterance": "책을 즐겨 읽으시나 보군요~ 저는 주말에 화장실을 청소할 계획이에요!",
          "summary": "나는 주말에 화장실을 청소할 계획이다.",
          "date": "2022-10-06",
          "time": "00:07:00",
          "terminate": "false"
        },
        {
          "speaker": "speaker1",
          "personaID": "21441",
          "participantID": "0680",
          "utterance": "네. 특히 자기계발서를 꾸준히 읽고 있어요.",
          "summary": "나는 자기 계발서를 꾸준히 읽고 있다.",
          "date": "2022-10-06",
          "time": "00:07:07",
          "terminate": "false"
        },
        {
          "speaker": "speaker2",
          "personaID": "22104",
          "participantID": "0681",
          "utterance": "꾸준하게 책을 읽는다는게 쉽지 않던데 참 부지런 하세요~",
          "summary": "나는 꾸준하게 책을 읽는 게 쉽지 않은데 상대방이 참 부지런하다고 생각한다.",
          "date": "2022-10-06",
          "time": "00:07:16",
          "terminate": "false"
        },
        {
          "speaker": "speaker1",
          "personaID": "21441",
          "participantID": "0680",
          "utterance": "감사합니다. 혹시 독서를 좋아하시나요?",
          "summary": "",
          "date": "2022-10-06",
          "time": "00:07:20",
          "terminate": "false"
        },
        {
          "speaker": "speaker2",
          "personaID": "22104",
          "participantID": "0681",
          "utterance": "네! 저는 독서를 좋아해요. 하지만 소설을 좋아한답니다.",
          "summary": "나는 독서를 좋아한다. 나는 소설을 좋아한다.",
          "date": "2022-10-06",
          "time": "00:07:43",
          "terminate": "false"
        },
        {
          "speaker": "speaker1",
          "personaID": "21441",
          "participantID": "0680",
          "utterance": "그렇군요. 내일 화장실 청소 말고는 뭐 하실건가요?",
          "summary": "",
          "date": "2022-10-06",
          "time": "00:07:49",
          "terminate": "false"
        },
        {
          "speaker": "speaker2",
          "personaID": "22104",
          "participantID": "0681",
          "utterance": "주말에는 화장실을 청소한 후에는 공원에 소풍을 갈 거랍니다!",
          "summary": "나는 화장실 청소 후에 공원에 소풍을 갈 것이다.",
          "date": "2022-10-06",
          "time": "00:08:16",
          "terminate": "false"
        },
        {
          "speaker": "speaker1",
          "personaID": "21441",
          "participantID": "0680",
          "utterance": "재밌겠네요! 소풍은 강아지랑 같이 가시나요?",
          "summary": "",
          "date": "2022-10-06",
          "time": "00:08:22",
          "terminate": "false"
        },
        {
          "speaker": "speaker2",
          "personaID": "22104",
          "participantID": "0681",
          "utterance": "네! 강아지와 함께 뛰어 놀 거에요.",
          "summary": "나는 강아지와 뛰어 놀 것이다.",
          "date": "2022-10-06",
          "time": "00:08:33",
          "terminate": "false"
        },
        {
          "speaker": "speaker1",
          "personaID": "21441",
          "participantID": "0680",
          "utterance": "그렇군요. 그럼 주말 잘 지내시고요 나중에 연락할게요.",
          "summary": "",
          "date": "2022-10-06",
          "time": "00:08:43",
          "terminate": "false"
        },
        {
          "speaker": "speaker2",
          "personaID": "22104",
          "participantID": "0681",
          "utterance": "감사합니다~ 주말 잘 보내시고 다음에 연락해요!",
          "summary": "",
          "date": "2022-10-06",
          "time": "00:08:46",
          "terminate": "true"
        }
      ],
      "sessionPersonaSummary": {
        "speaker1": [
          "나는 퇴근했다.",
          "나는 퇴근할 때도 안 막혔다.",
          "나는 주말 동안 자기 계발서를 읽을 것이다.",
          "나는 자기 계발서를 꾸준히 읽고 있다."
        ],
        "speaker2": [
          "나는 교통 체증 없이 지하철을 타고 왔다.",
          "나는 진짜 대박인 것 같다.",
          "나는 주말에 화장실을 청소할 계획이다.",
          "나는 꾸준하게 책을 읽는 게 쉽지 않은데 상대방이 참 부지런하다고 생각한다.",
          "나는 독서를 좋아한다. 나는 소설을 좋아한다.",
          "나는 화장실 청소 후에 공원에 소풍을 갈 것이다.",
          "나는 강아지와 뛰어 놀 것이다."
        ]
      },
      "prevAggregatedpersonaSummary": {
        "speaker1": [
          "나는 20대 여성이다.",
          "나는 반려동물 훈련사이다.",
          "나는 상대방이 대단한 거 같다.",
          "나는 상대방이 멋지다.",
          "나는 소주를 싫어한다.",
          "나는 와인이 좋다. 나는 와인을 마시고 싶다.",
          "나는 출근 중이다.",
          "나는 버스를 타고 출근한다.",
          "나는 버스도 교통체증이 없었다.",
          "나는 오늘이 신기하다.",
          "나는 퇴근할 때도 편했으면 좋겠다.",
          "나는 회사가 집 앞에 있었으면 좋겠다.",
          "나는 회사에 도착해서 나중에 연락할 것이다."
        ],
        "speaker2": [
          "나는 20대 여성이다.",
          "나는 강아지가 말썽쟁이다.",
          "나는 클라이밍을 하러 왔다.",
          "나는 클라이밍을 6년 동안 꾸준하게 하고 있다.",
          "나는 맥주를 싫어해서 치킨만 먹었다.",
          "나는 소주와 맥주가 싫다. 나는 와인이 좋다.",
          "나는 일하러 가야 한다.",
          "나는 출근을 했다.",
          "나는 오늘 지옥철이 아니라서 당황했다.",
          "나는 편하게 와서 당황스럽다.",
          "나는 오늘 하루만큼은 교통체증 없이 무사히 집에 가고 싶다.",
          "나는 교통체증 없는 세상에서 살고 싶다.",
          "나는 회사가 집 앞에 있으면 좋겠다."
        ]
      }
    },
    {
      "prevSessionID": "4-00151-3",
      "prevTimeInfo": {
        "timeNum": "2",
        "timeUnit": "일"
      },
      "nthSession": "4",
      "numberOfUtterances": "16",
      "numberOfTurns": "8",
      "sessionID": "4-00151-4",
      "dialog": [
        {
          "speaker": "speaker1",
          "personaID": "21441",
          "participantID": "0680",
          "utterance": "일요일 저녁이네요. 주말 잘 보내셨어요?",
          "summary": "",
          "date": "2022-10-06",
          "time": "00:08:53",
          "terminate": "false"
        },
        {
          "speaker": "speaker2",
          "personaID": "22104",
          "participantID": "0681",
          "utterance": "네~ 저는 화장실 청소를 하다가 힘들어 죽는줄 알았어요.",
          "summary": "나는 화장실 청소를 하다가 힘들어 죽는 줄 알았다.",
          "date": "2022-10-06",
          "time": "00:09:00",
          "terminate": "false"
        },
        {
          "speaker": "speaker1",
          "personaID": "21441",
          "participantID": "0680",
          "utterance": "그렇군요. 집 청소는 정말 힘든거같아요.",
          "summary": "나는 집 청소가 힘들다.",
          "date": "2022-10-06",
          "time": "00:09:04",
          "terminate": "false"
        },
        {
          "speaker": "speaker2",
          "personaID": "22104",
          "participantID": "0681",
          "utterance": "그러게나 말이에요. 주말에 자기 계발서는 다 읽으셨어요?",
          "summary": "",
          "date": "2022-10-06",
          "time": "00:09:20",
          "terminate": "false"
        },
        {
          "speaker": "speaker1",
          "personaID": "21441",
          "participantID": "0680",
          "utterance": "네. 2권이나 읽었답니다. 소풍도 잘 하셨나요?",
          "summary": "나는 자기 계발서를 2권이나 읽었다.",
          "date": "2022-10-06",
          "time": "00:09:26",
          "terminate": "false"
        },
        {
          "speaker": "speaker2",
          "personaID": "22104",
          "participantID": "0681",
          "utterance": "대박이네요? 소풍을 가서 강아지가 실종되었었어요. 찾았지만요.",
          "summary": "나는 소풍을 가서 강아지가 실종이 되었었다.",
          "date": "2022-10-06",
          "time": "00:09:39",
          "terminate": "false"
        },
        {
          "speaker": "speaker1",
          "personaID": "21441",
          "participantID": "0680",
          "utterance": "강아지를 잘 안보시고 뭐하셨던건가요?!",
          "summary": "",
          "date": "2022-10-06",
          "time": "00:09:47",
          "terminate": "false"
        },
        {
          "speaker": "speaker2",
          "personaID": "22104",
          "participantID": "0681",
          "utterance": "강아지가 말썽쟁이라 이런 일들이 종종 일어나요.",
          "summary": "나는 강아지가 말썽쟁이라 이런 일들이 종종 일어난다고 말했다.",
          "date": "2022-10-06",
          "time": "00:09:59",
          "terminate": "false"
        },
        {
          "speaker": "speaker1",
          "personaID": "21441",
          "participantID": "0680",
          "utterance": "제가 반려동물 전문가로서 그건 엄연히 주인 잘못이라고 생각해요.",
          "summary": "나는 반려동물 전문가로서 주인 잘못이라고 생각한다.",
          "date": "2022-10-06",
          "time": "00:10:08",
          "terminate": "false"
        },
        {
          "speaker": "speaker2",
          "personaID": "22104",
          "participantID": "0681",
          "utterance": "제가 고쳐야 하는군요? 강아지가 문제가 아닌건가요?",
          "summary": "",
          "date": "2022-10-06",
          "time": "00:10:20",
          "terminate": "false"
        },
        {
          "speaker": "speaker1",
          "personaID": "21441",
          "participantID": "0680",
          "utterance": "당연하죠. 강아지는 다 주인 때문에 행동하는거랍니다.",
          "summary": "",
          "date": "2022-10-06",
          "time": "00:10:37",
          "terminate": "false"
        },
        {
          "speaker": "speaker2",
          "personaID": "22104",
          "participantID": "0681",
          "utterance": "제가 참 못난 주인이었군요... 저의 행동도 코칭이 가능한가요?",
          "summary": "나는 못난 주인이라고 깨달았다.",
          "date": "2022-10-06",
          "time": "00:10:45",
          "terminate": "false"
        },
        {
          "speaker": "speaker1",
          "personaID": "21441",
          "participantID": "0680",
          "utterance": "당연하죠. 일단 @브랜드명1@ 동영상으로 먼저 공부하세요.",
          "summary": "",
          "date": "2022-10-06",
          "time": "00:10:52",
          "terminate": "false"
        },
        {
          "speaker": "speaker2",
          "personaID": "22104",
          "participantID": "0681",
          "utterance": "그래야 겠군요. @브랜드명1@ 동영상은 아무거나 봐도 되나요?",
          "summary": "",
          "date": "2022-10-06",
          "time": "00:11:09",
          "terminate": "false"
        },
        {
          "speaker": "speaker1",
          "personaID": "21441",
          "participantID": "0680",
          "utterance": "네. 전문가가 나오는걸로 보세요. 그럼 저는 자야겠어요.",
          "summary": "나는 잘 것이다.",
          "date": "2022-10-06",
          "time": "00:11:18",
          "terminate": "false"
        },
        {
          "speaker": "speaker2",
          "personaID": "22104",
          "participantID": "0681",
          "utterance": "그렇군요... 그럼 저도 이만 잘게요. 수고 많으 셨어요!",
          "summary": "",
          "date": "2022-10-06",
          "time": "00:11:24",
          "terminate": "true"
        }
      ],
      "sessionPersonaSummary": {
        "speaker1": [
          "나는 집 청소가 힘들다.",
          "나는 자기 계발서를 2권이나 읽었다.",
          "나는 반려동물 전문가로서 주인 잘못이라고 생각한다.",
          "나는 잘 것이다."
        ],
        "speaker2": [
          "나는 화장실 청소를 하다가 힘들어 죽는 줄 알았다.",
          "나는 소풍을 가서 강아지가 실종이 되었었다.",
          "나는 강아지가 말썽쟁이라 이런 일들이 종종 일어난다고 말했다.",
          "나는 못난 주인이라고 깨달았다."
        ]
      },
      "prevAggregatedpersonaSummary": {
        "speaker1": [
          "나는 20대 여성이다.",
          "나는 반려동물 훈련사이다.",
          "나는 상대방이 대단한 거 같다.",
          "나는 상대방이 멋지다.",
          "나는 소주를 싫어한다.",
          "나는 와인이 좋다. 나는 와인을 마시고 싶다.",
          "나는 출근 중이다.",
          "나는 버스를 타고 출근한다.",
          "나는 버스도 교통체증이 없었다.",
          "나는 오늘이 신기하다.",
          "나는 퇴근할 때도 편했으면 좋겠다.",
          "나는 회사가 집 앞에 있었으면 좋겠다.",
          "나는 회사에 도착해서 나중에 연락할 것이다.",
          "나는 퇴근했다.",
          "나는 퇴근할 때도 안 막혔다.",
          "나는 주말 동안 자기 계발서를 읽을 것이다.",
          "나는 자기 계발서를 꾸준히 읽고 있다."
        ],
        "speaker2": [
          "나는 20대 여성이다.",
          "나는 강아지가 말썽쟁이다.",
          "나는 클라이밍을 하러 왔다.",
          "나는 클라이밍을 6년 동안 꾸준하게 하고 있다.",
          "나는 맥주를 싫어해서 치킨만 먹었다.",
          "나는 소주와 맥주가 싫다. 나는 와인이 좋다.",
          "나는 일하러 가야 한다.",
          "나는 출근을 했다.",
          "나는 오늘 지옥철이 아니라서 당황했다.",
          "나는 편하게 와서 당황스럽다.",
          "나는 오늘 하루만큼은 교통체증 없이 무사히 집에 가고 싶다.",
          "나는 교통체증 없는 세상에서 살고 싶다.",
          "나는 회사가 집 앞에 있으면 좋겠다.",
          "나는 교통 체증 없이 지하철을 타고 왔다.",
          "나는 진짜 대박인 것 같다.",
          "나는 주말에 화장실을 청소할 계획이다.",
          "나는 꾸준하게 책을 읽는 게 쉽지 않은데 상대방이 참 부지런하다고 생각한다.",
          "나는 독서를 좋아한다. 나는 소설을 좋아한다.",
          "나는 화장실 청소 후에 공원에 소풍을 갈 것이다.",
          "나는 강아지와 뛰어 놀 것이다."
        ]
      }
    }
  ]
}