{
  "FileInfo": {
    "filename": "K4-00281-CL22056-CP22748-13-03-S4.json",
    "sessionLevel": "4"
  },
  "participantsInfo": {
    "numberOfParticipants": "2",
    "speaker1": {
      "participantID": "3005",
      "gender": "여성",
      "age": "30대",
      "occupation": "주부",
      "bPlace": "부산/대구/울산/경상",
      "gPlace": "부산/대구/울산/경상",
      "rPlace": "서울/경기/인천",
      "educationLevel": "대졸"
    },
    "speaker2": {
      "participantID": "2215",
      "gender": "여성",
      "age": "30대",
      "occupation": "주부",
      "bPlace": "광주/전라/제주",
      "gPlace": "광주/전라/제주",
      "rPlace": "서울/경기/인천",
      "educationLevel": "대졸"
    }
  },
  "multisessionInfo": {
    "multisessionID": "4-00281"
  },
  "personaInfo": {
    "clInfo": {
      "personaID": "22056",
      "personaFeatures": [
        "나는 여자이다.",
        "나는 20대이다.",
        "나의 거주지는 인천이다",
        "나는 종교학 전공이다",
        "나는 바나나를 즐겨 먹는다"
      ],
      "speakerType": "speaker1"
    },
    "cpInfo": {
      "personaID": "22748",
      "personaFeatures": [
        "나는 여자이다.",
        "나는 20대이다.",
        "나의 종교는 개신교이다",
        "나는 만화부 동아리에 참여한다",
        "나는 TV 음악 프로그램을 가끔 본다"
      ],
      "speakerType": "speaker2"
    }
  },
  "topicInfo": {
    "topicID": "13-03",
    "topicType": "기후>계절/날씨",
    "topicTitle": "천재지변"
  },
  "sessionInfo": [
    {
      "prevSessionID": null,
      "prevTimeInfo": {
        "timeNum": null,
        "timeUnit": null
      },
      "nthSession": "1",
      "numberOfUtterances": "14",
      "numberOfTurns": "7",
      "sessionID": "4-00281-1",
      "dialog": [
        {
          "speaker": "speaker1",
          "personaID": "22056",
          "participantID": "3005",
          "utterance": "안녕하세요 저는 20대 여성입니다",
          "summary": "나는 20대 여자다.",
          "date": "2022-10-30",
          "time": "20:11:44",
          "terminate": "false"
        },
        {
          "speaker": "speaker2",
          "personaID": "22748",
          "participantID": "2215",
          "utterance": "반갑습니다. 저도 대학생인 20대 여자예요.",
          "summary": "나는 20대 대학생인 여자이다",
          "date": "2022-10-30",
          "time": "20:12:00",
          "terminate": "false"
        },
        {
          "speaker": "speaker1",
          "personaID": "22056",
          "participantID": "3005",
          "utterance": "저는 인천에 살고 있고 종교학을 전공하고있어요",
          "summary": "나는 인천에 살고 종교학을 전공한다.",
          "date": "2022-10-30",
          "time": "20:12:23",
          "terminate": "false"
        },
        {
          "speaker": "speaker2",
          "personaID": "22748",
          "participantID": "2215",
          "utterance": "저는 개신교인데 어떤 종교학을 배우시나요?",
          "summary": "나는 개신교이다",
          "date": "2022-10-30",
          "time": "20:12:48",
          "terminate": "false"
        },
        {
          "speaker": "speaker1",
          "personaID": "22056",
          "participantID": "3005",
          "utterance": "한가지종교만 배우지않고 여러종교를 배우고있어요 ",
          "summary": "나는 여러 종교를 배우고 있다.",
          "date": "2022-10-30",
          "time": "20:13:39",
          "terminate": "false"
        },
        {
          "speaker": "speaker2",
          "personaID": "22748",
          "participantID": "2215",
          "utterance": "그렇군요. 저는 개신교이지만 독실하지는 않습니다.  저는 학교에서 만화부 동아리 부원인데 혹시 학회나 동아리 드셨어요?",
          "summary": "나는 개신교이지만 독실하지는 않다 나는 면화부 동아리 부원이다",
          "date": "2022-10-30",
          "time": "20:14:12",
          "terminate": "false"
        },
        {
          "speaker": "speaker1",
          "personaID": "22056",
          "participantID": "3005",
          "utterance": "아니요 ~아직 뭘해야할지몰라 그냥있어요",
          "summary": "나는 아직 동아리 생각이 없다.",
          "date": "2022-10-30",
          "time": "20:14:38",
          "terminate": "false"
        },
        {
          "speaker": "speaker2",
          "personaID": "22748",
          "participantID": "2215",
          "utterance": "종교학을 전공하시면 종교 관련한 동아리도 있지 않나요? 도움이 되실것 같은데.",
          "summary": "",
          "date": "2022-10-30",
          "time": "20:14:57",
          "terminate": "false"
        },
        {
          "speaker": "speaker1",
          "personaID": "22056",
          "participantID": "3005",
          "utterance": "한번 생각해보겠습니다~ 저는 바나나를 즐겨 먹어요 좋아하는 과일 있으세요?",
          "summary": "나는 바나나를 좋아한다.",
          "date": "2022-10-30",
          "time": "20:15:27",
          "terminate": "false"
        },
        {
          "speaker": "speaker2",
          "personaID": "22748",
          "participantID": "2215",
          "utterance": "저는 포도나 수박을 좋아해요. 모두 여름 과일들이네요. 곧 딸기가 나올 시기인데 제 조카가 무척 좋아해요.",
          "summary": "나는 포도나 수박을 좋아한다",
          "date": "2022-10-30",
          "time": "20:15:57",
          "terminate": "false"
        },
        {
          "speaker": "speaker1",
          "personaID": "22056",
          "participantID": "3005",
          "utterance": "저도 딸기 좋아해요 !!!이번겨울에는 맛있는 딸기가 많이 나왔으면 좋겠네요",
          "summary": "나도 딸기를 좋아한다.",
          "date": "2022-10-30",
          "time": "20:16:34",
          "terminate": "false"
        },
        {
          "speaker": "speaker2",
          "personaID": "22748",
          "participantID": "2215",
          "utterance": "그러게요. 주말인데 한가한 시간이라 저는 티비 음악 프로그램을 시청중이에요. 가끔 보는데 머리 비우는 데 그만인 것 같아요. 좋아하는 음악 있으세요?",
          "summary": "나는 티브이 음악프로그램을 시청 중이다",
          "date": "2022-10-30",
          "time": "20:17:05",
          "terminate": "false"
        },
        {
          "speaker": "speaker1",
          "personaID": "22056",
          "participantID": "3005",
          "utterance": "저는 발라드를 좋아해요 ~ 요즘딱 어울리는 계절이죠",
          "summary": "나는 발라드를 좋아한다.",
          "date": "2022-10-30",
          "time": "20:17:35",
          "terminate": "false"
        },
        {
          "speaker": "speaker2",
          "personaID": "22748",
          "participantID": "2215",
          "utterance": "맞아요. 선선하고 한적한 가을날씨에 들으면 분위기가 날 것 같네요. 저녁먹을 시간이에요. 나중에 얘기해요.",
          "summary": "",
          "date": "2022-10-30",
          "time": "20:18:04",
          "terminate": "true"
        }
      ],
      "sessionPersonaSummary": {
        "speaker1": [
          "나는 20대 여자다.",
          "나는 인천에 살고 종교학을 전공한다.",
          "나는 여러 종교를 배우고 있다.",
          "나는 아직 동아리 생각이 없다.",
          "나는 바나나를 좋아한다.",
          "나도 딸기를 좋아한다.",
          "나는 발라드를 좋아한다."
        ],
        "speaker2": [
          "나는 20대 대학생인 여자이다",
          "나는 개신교이다",
          "나는 개신교이지만 독실하지는 않다",
          "나는 면화부 동아리 부원이다",
          "나는 포도나 수박을 좋아한다",
          "나는 티브이 음악프로그램을 시청 중이다"
        ]
      },
      "prevAggregatedpersonaSummary": {
        "speaker1": [],
        "speaker2": []
      }
    },
    {
      "prevSessionID": "4-00281-1",
      "prevTimeInfo": {
        "timeNum": "4",
        "timeUnit": "주"
      },
      "nthSession": "2",
      "numberOfUtterances": "14",
      "numberOfTurns": "7",
      "sessionID": "4-00281-2",
      "dialog": [
        {
          "speaker": "speaker1",
          "personaID": "22056",
          "participantID": "3005",
          "utterance": "벌써 4주가 지났어요. 잘지내셨나요?",
          "summary": "나는 4주 만에 채팅을 접속한다.",
          "date": "2022-10-30",
          "time": "20:19:53",
          "terminate": "false"
        },
        {
          "speaker": "speaker2",
          "personaID": "22748",
          "participantID": "2215",
          "utterance": "네. 잘 지냈어요. 올해는 유독 기후 이상인 소식이 많이 들렸죠? ",
          "summary": "",
          "date": "2022-10-30",
          "time": "20:25:18",
          "terminate": "false"
        },
        {
          "speaker": "speaker1",
          "personaID": "22056",
          "participantID": "3005",
          "utterance": "그러게요 ~ 몇달전 인천에 폭우가 내려서 정말 힘들었어요",
          "summary": "나는 몇 달 전 인천에 폭우가 내려서 힘들었다.",
          "date": "2022-10-30",
          "time": "20:26:58",
          "terminate": "false"
        },
        {
          "speaker": "speaker2",
          "personaID": "22748",
          "participantID": "2215",
          "utterance": "차들이 많이 잠겼죠? 지하 주차장에 물이 잠겨서 사망자도 나왔잖아요. 슬픈 일이에요.",
          "summary": "",
          "date": "2022-10-30",
          "time": "20:29:08",
          "terminate": "false"
        },
        {
          "speaker": "speaker1",
          "personaID": "22056",
          "participantID": "3005",
          "utterance": "맞아요 천재지변 앞에서는 사람이 한없이 작다는걸 다시한번 느꼈어요",
          "summary": "나는 천재지변 앞에 사람이 작다는 것을 느꼈다.",
          "date": "2022-10-30",
          "time": "20:29:52",
          "terminate": "false"
        },
        {
          "speaker": "speaker2",
          "personaID": "22748",
          "participantID": "2215",
          "utterance": "잠시만 폭우가 그치지 않아도 이렇게 많은 피해가 일어나다니 믿을 수 없었어요. 제 남친도 운전하다가 물이 불어나서 무서웠다고 하더라고요. 다행히 퇴근이 일러서 피해 시각을 피했대요.",
          "summary": "나는 남자 친구가 운전하다 물이 불어나 무서웠다고 하는 말을 들었다.",
          "date": "2022-10-30",
          "time": "20:31:07",
          "terminate": "false"
        },
        {
          "speaker": "speaker1",
          "personaID": "22056",
          "participantID": "3005",
          "utterance": "다행이네요 ~인간이 아무리 대비를 해도 소용없다는게 느껴졌었어요 ~",
          "summary": "",
          "date": "2022-10-30",
          "time": "20:32:34",
          "terminate": "false"
        },
        {
          "speaker": "speaker2",
          "personaID": "22748",
          "participantID": "2215",
          "utterance": "대비가 부족했을 때는 더 심각한 상황이 되는 것 같아요. 특히 인구가 많은 서울시는 배수구를 잘 점검해야 할 것 같아요.",
          "summary": "",
          "date": "2022-10-30",
          "time": "20:34:20",
          "terminate": "false"
        },
        {
          "speaker": "speaker1",
          "personaID": "22056",
          "participantID": "3005",
          "utterance": "그러게요 ~ 뉴스에서 보니 부산해안가 근처는 철저하게 대비를 했는데도 불구하고 피해가 크더라구요",
          "summary": "나는 뉴스에서 부산의 피해가 크다는 소식을 접했다.",
          "date": "2022-10-30",
          "time": "20:35:05",
          "terminate": "false"
        },
        {
          "speaker": "speaker2",
          "personaID": "22748",
          "participantID": "2215",
          "utterance": "그렇군요. 거기는 해안가라서 물이 불어나서 많이 넘쳤나 보네요. 제주나 포항 쪽도 태풍 피해도 있었잖아요. ",
          "summary": "",
          "date": "2022-10-30",
          "time": "20:35:43",
          "terminate": "false"
        },
        {
          "speaker": "speaker1",
          "personaID": "22056",
          "participantID": "3005",
          "utterance": "태풍은 올때마다 항상 긴장 되는것 같아요 경로가 바뀌기도 하니까요",
          "summary": "나는 태풍에 긴장이 된다.",
          "date": "2022-10-30",
          "time": "20:36:33",
          "terminate": "false"
        },
        {
          "speaker": "speaker2",
          "personaID": "22748",
          "participantID": "2215",
          "utterance": "맞아요. 요즘엔 구글로 태풍 경로를 수시로 확인할 수 있어서 그래도 편리해졌어요. 이번에 지진도 일어난 거 아세요? 강도 4 이상이면 큰 지진이었는데 피해는 없었어도 내륙에 일어났다는 게 너무 충격이었어요.",
          "summary": "나는 내륙에 지진이 일어나 너무 충격이었다",
          "date": "2022-10-30",
          "time": "20:37:14",
          "terminate": "false"
        },
        {
          "speaker": "speaker1",
          "personaID": "22056",
          "participantID": "3005",
          "utterance": "그러게요 주말아침에 너무 놀랐어요 ~ 우리나라도 더이상 안전지대가 아닌가봐요",
          "summary": "나는 우리나라도 안전하지 않다고 느꼈다.",
          "date": "2022-10-30",
          "time": "20:38:14",
          "terminate": "false"
        },
        {
          "speaker": "speaker2",
          "personaID": "22748",
          "participantID": "2215",
          "utterance": "천재 지변은 막을 수 없지만 항상 긴장하고 대책을 잘 숙지하면 피해가 덜하겠죠? 저녁 먹을 시간이네요. 다음이 이야기할게요.",
          "summary": "",
          "date": "2022-10-30",
          "time": "20:38:56",
          "terminate": "true"
        }
      ],
      "sessionPersonaSummary": {
        "speaker1": [
          "나는 4주 만에 채팅을 접속한다.",
          "나는 몇 달 전 인천에 폭우가 내려서 힘들었다.",
          "나는 천재지변 앞에 사람이 작다는 것을 느꼈다.",
          "나는 뉴스에서 부산의 피해가 크다는 소식을 접했다.",
          "나는 태풍에 긴장이 된다.",
          "나는 우리나라도 안전하지 않다고 느꼈다."
        ],
        "speaker2": [
          "나는 남자 친구가 운전하다 물이 불어나 무서웠다고 하는 말을 들었다.",
          "나는 내륙에 지진이 일어나 너무 충격이었다"
        ]
      },
      "prevAggregatedpersonaSummary": {
        "speaker1": [
          "나는 20대 여자다.",
          "나는 인천에 살고 종교학을 전공한다.",
          "나는 여러 종교를 배우고 있다.",
          "나는 아직 동아리 생각이 없다.",
          "나는 바나나를 좋아한다.",
          "나도 딸기를 좋아한다.",
          "나는 발라드를 좋아한다."
        ],
        "speaker2": [
          "나는 20대 대학생인 여자이다",
          "나는 개신교이다",
          "나는 개신교이지만 독실하지는 않다",
          "나는 면화부 동아리 부원이다",
          "나는 포도나 수박을 좋아한다",
          "나는 티브이 음악프로그램을 시청 중이다"
        ]
      }
    },
    {
      "prevSessionID": "4-00281-2",
      "prevTimeInfo": {
        "timeNum": "9",
        "timeUnit": "일"
      },
      "nthSession": "3",
      "numberOfUtterances": "14",
      "numberOfTurns": "7",
      "sessionID": "4-00281-3",
      "dialog": [
        {
          "speaker": "speaker1",
          "personaID": "22056",
          "participantID": "3005",
          "utterance": "9일이 지났어요 ~ 시간이 참 빠른것 같네요",
          "summary": "나는 9일 만에 접속한다.",
          "date": "2022-10-30",
          "time": "20:41:28",
          "terminate": "false"
        },
        {
          "speaker": "speaker2",
          "personaID": "22748",
          "participantID": "2215",
          "utterance": "잘 지내셨어요? 날씨가 갑자기 추워졌죠~",
          "summary": "",
          "date": "2022-10-30",
          "time": "20:51:00",
          "terminate": "false"
        },
        {
          "speaker": "speaker1",
          "personaID": "22056",
          "participantID": "3005",
          "utterance": "그러네요 요즘은 가을이 너무 짧아진것 같아요 ~ 우리느란 우리나라는 4계절이 뚜렷한게 특징이였는데 점차 사라지는것 같아 걱정이예요",
          "summary": "",
          "date": "2022-10-30",
          "time": "23:07:28",
          "terminate": "false"
        },
        {
          "speaker": "speaker2",
          "personaID": "22748",
          "participantID": "2215",
          "utterance": "맞아요. 그리고 여름과 겨울의 강도가 너무 들쭉날쭉해서 종잡을 수가 없네요.",
          "summary": "",
          "date": "2022-10-30",
          "time": "23:15:16",
          "terminate": "false"
        },
        {
          "speaker": "speaker1",
          "personaID": "22056",
          "participantID": "3005",
          "utterance": "그러니까요 ~ 비가 오는곳은 많이오고 안오는 지역은 너무 안오고 …",
          "summary": "",
          "date": "2022-10-31",
          "time": "11:21:22",
          "terminate": "false"
        },
        {
          "speaker": "speaker2",
          "personaID": "22748",
          "participantID": "2215",
          "utterance": "우주의 순환은 저희가 어찌할 수 없는 부분이라 인간은 미약한 존재로밖에 설명이 안 되네요. 심각하고 큰 피해가 많이 일어나지 않기를 교회에서도 많이 기도하고 있어요.  천재지변으로 피해 본 적 있으세요?",
          "summary": "나는 큰 피해가 일어나지 않기를 교화에서 기도하고 있다",
          "date": "2022-10-31",
          "time": "13:56:31",
          "terminate": "false"
        },
        {
          "speaker": "speaker1",
          "personaID": "22056",
          "participantID": "3005",
          "utterance": "특별히 기억나는것은 없는데 얼마전 강남이 폭우로 물에 잠겼을때 집에 돌아오는 길이 험난했어요",
          "summary": "나는 강남이 폭우로 물에 잠겼을 때 귀가가 힘들었다.",
          "date": "2022-10-31",
          "time": "18:37:36",
          "terminate": "false"
        },
        {
          "speaker": "speaker2",
          "personaID": "22748",
          "participantID": "2215",
          "utterance": "자가용 몰아서 귀가하셨나요? 아니면 대중 교통?",
          "summary": "",
          "date": "2022-10-31",
          "time": "21:48:30",
          "terminate": "false"
        },
        {
          "speaker": "speaker1",
          "personaID": "22056",
          "participantID": "3005",
          "utterance": "대중교통을 이용했는데 차가 다닐수가 없어서 건물과지하철이 연결된 역으로 가서 타고 왔어요",
          "summary": "나는 홍수에 지하철 역으로 귀가했다.",
          "date": "2022-11-01",
          "time": "09:16:46",
          "terminate": "false"
        },
        {
          "speaker": "speaker2",
          "personaID": "22748",
          "participantID": "2215",
          "utterance": "그렇군요. 홍수가 나면 지하철도 위험하다고 하더라고요. 안전수칙도 다시 한 번 살펴봐야겠네요. 며칠 전에도 지진이 났잖아요~",
          "summary": "",
          "date": "2022-11-01",
          "time": "10:02:12",
          "terminate": "false"
        },
        {
          "speaker": "speaker1",
          "personaID": "22056",
          "participantID": "3005",
          "utterance": "맞아요 .  예측할 수 없는 일들이 일어나니 정말 무서워요",
          "summary": "나는 예측할 수 없는 일이 무섭다.",
          "date": "2022-11-01",
          "time": "11:53:16",
          "terminate": "false"
        },
        {
          "speaker": "speaker2",
          "personaID": "22748",
          "participantID": "2215",
          "utterance": "항상 예보를 잘 봐야하겠고, 대처 시뮬레이션도 잘 돌려야겠고요. 어린아이들도 특히 안전교육 철저히 시켜야겠어요.",
          "summary": "",
          "date": "2022-11-01",
          "time": "11:55:11",
          "terminate": "false"
        },
        {
          "speaker": "speaker1",
          "personaID": "22056",
          "participantID": "3005",
          "utterance": "네 어릴부터 꾸준히 교육을 하는건 정말 중요한것 같아요 !!",
          "summary": "",
          "date": "2022-11-01",
          "time": "11:56:15",
          "terminate": "false"
        },
        {
          "speaker": "speaker2",
          "personaID": "22748",
          "participantID": "2215",
          "utterance": "그러게요. 점심 맛있게 드시고 담에 보아요.",
          "summary": "",
          "date": "2022-11-01",
          "time": "12:03:19",
          "terminate": "true"
        }
      ],
      "sessionPersonaSummary": {
        "speaker1": [
          "나는 9일 만에 접속한다.",
          "나는 강남이 폭우로 물에 잠겼을 때 귀가가 힘들었다.",
          "나는 홍수에 지하철 역으로 귀가했다.",
          "나는 예측할 수 없는 일이 무섭다."
        ],
        "speaker2": [
          "나는 큰 피해가 일어나지 않기를 교화에서 기도하고 있다"
        ]
      },
      "prevAggregatedpersonaSummary": {
        "speaker1": [
          "나는 20대 여자다.",
          "나는 인천에 살고 종교학을 전공한다.",
          "나는 여러 종교를 배우고 있다.",
          "나는 아직 동아리 생각이 없다.",
          "나는 바나나를 좋아한다.",
          "나도 딸기를 좋아한다.",
          "나는 발라드를 좋아한다.",
          "나는 4주 만에 채팅을 접속한다.",
          "나는 몇 달 전 인천에 폭우가 내려서 힘들었다.",
          "나는 천재지변 앞에 사람이 작다는 것을 느꼈다.",
          "나는 뉴스에서 부산의 피해가 크다는 소식을 접했다.",
          "나는 태풍에 긴장이 된다.",
          "나는 우리나라도 안전하지 않다고 느꼈다."
        ],
        "speaker2": [
          "나는 20대 대학생인 여자이다",
          "나는 개신교이다",
          "나는 개신교이지만 독실하지는 않다",
          "나는 면화부 동아리 부원이다",
          "나는 포도나 수박을 좋아한다",
          "나는 티브이 음악프로그램을 시청 중이다",
          "나는 남자 친구가 운전하다 물이 불어나 무서웠다고 하는 말을 들었다.",
          "나는 내륙에 지진이 일어나 너무 충격이었다"
        ]
      }
    },
    {
      "prevSessionID": "4-00281-3",
      "prevTimeInfo": {
        "timeNum": "43",
        "timeUnit": "시간"
      },
      "nthSession": "4",
      "numberOfUtterances": "14",
      "numberOfTurns": "7",
      "sessionID": "4-00281-4",
      "dialog": [
        {
          "speaker": "speaker1",
          "personaID": "22056",
          "participantID": "3005",
          "utterance": "43시간 만이네요 ~ 잘지내셨나요?",
          "summary": "",
          "date": "2022-11-01",
          "time": "13:20:34",
          "terminate": "false"
        },
        {
          "speaker": "speaker2",
          "personaID": "22748",
          "participantID": "2215",
          "utterance": "안녕하세요? 황사가 심하네요.",
          "summary": "",
          "date": "2022-11-01",
          "time": "13:21:51",
          "terminate": "false"
        },
        {
          "speaker": "speaker1",
          "personaID": "22056",
          "participantID": "3005",
          "utterance": "그러네요 ~ 아침부터 공기가 안좋아요 ~ 요즘 캠페인을 보면 빙하가 녹아내려 북극곰들이 힘들어한다고 하는데 ..",
          "summary": "",
          "date": "2022-11-01",
          "time": "13:41:14",
          "terminate": "false"
        },
        {
          "speaker": "speaker2",
          "personaID": "22748",
          "participantID": "2215",
          "utterance": "몰디브 같은 작은 섬은 수위가 높아져 잠긴다고 예전부터 그랬죠.",
          "summary": "",
          "date": "2022-11-02",
          "time": "12:15:37",
          "terminate": "false"
        },
        {
          "speaker": "speaker1",
          "personaID": "22056",
          "participantID": "3005",
          "utterance": "천재지변도 무섭지만 인간이 만드는 환경오염때문에 지구가 변하고 있는것도 무서워요",
          "summary": "나는 인간이 만드는 환경오염으로 인한 지구 환경 변화가 무섭다.",
          "date": "2022-11-02",
          "time": "14:52:59",
          "terminate": "false"
        },
        {
          "speaker": "speaker2",
          "personaID": "22748",
          "participantID": "2215",
          "utterance": "다음 세대들이 살아갈 환경이 걱정되지요? 그래도 우린 젊은 나이인데도 이런걸 중대한 사안으로 보고 있다는 게 위안이 됩니다.",
          "summary": "",
          "date": "2022-11-03",
          "time": "09:49:45",
          "terminate": "false"
        },
        {
          "speaker": "speaker1",
          "personaID": "22056",
          "participantID": "3005",
          "utterance": "그런가요? 폭우나 폭설 태풍같은 천재지변이 무섭지만 폭우로인한 산사태는 사람이 대비할 수도 있는것인데 좀더 안전에 신경썼으면 좋겠어요",
          "summary": "",
          "date": "2022-11-03",
          "time": "10:03:19",
          "terminate": "false"
        },
        {
          "speaker": "speaker2",
          "personaID": "22748",
          "participantID": "2215",
          "utterance": "맞아요. 지진이나 해일은 조금 어렵다지만 태풍경로, 전선 상태는 데이터가 꽤 정확해서 알 수 있으니까요. 이제 소 잃고 외양간 고치는 건 안 했으면 좋겠어요.",
          "summary": "",
          "date": "2022-11-03",
          "time": "10:58:01",
          "terminate": "false"
        },
        {
          "speaker": "speaker1",
          "personaID": "22056",
          "participantID": "3005",
          "utterance": "네~ 안타까운일들이 요즘 많았는데 대비를 잘해서 모두 잘 지났으면 좋겠어요",
          "summary": "",
          "date": "2022-11-03",
          "time": "11:09:38",
          "terminate": "false"
        },
        {
          "speaker": "speaker2",
          "personaID": "22748",
          "participantID": "2215",
          "utterance": "며칠간 미세먼지가 심하던데, 눈에 보이지 않는 천재지변이라고 할 만하죠?",
          "summary": "",
          "date": "2022-11-03",
          "time": "11:48:00",
          "terminate": "false"
        },
        {
          "speaker": "speaker1",
          "personaID": "22056",
          "participantID": "3005",
          "utterance": "이것도 인간이 만든 거라고 생각해요 !! 올 겨울에는 얼마나 많은 눈이 올지 걱정이네요",
          "summary": "나는 올 겨울 폭설이 걱정된다.",
          "date": "2022-11-03",
          "time": "12:00:03",
          "terminate": "false"
        },
        {
          "speaker": "speaker2",
          "personaID": "22748",
          "participantID": "2215",
          "utterance": "그러게요. 폭설로 인한 피해도 많았으니까요. 벌써부터 안전 사고에 대해 걱정이되네요.",
          "summary": "나는 겨울 안전사고가 벌써부터 걱정된다",
          "date": "2022-11-03",
          "time": "12:10:07",
          "terminate": "false"
        },
        {
          "speaker": "speaker1",
          "personaID": "22056",
          "participantID": "3005",
          "utterance": "천재지변도 철저히대비하면 피해가 최소화되겠죠~ 수고많으셨습니다",
          "summary": "",
          "date": "2022-11-03",
          "time": "12:21:28",
          "terminate": "false"
        },
        {
          "speaker": "speaker2",
          "personaID": "22748",
          "participantID": "2215",
          "utterance": "대화 즐거웠어요. 좋은 하루 되세요.",
          "summary": "",
          "date": "2022-11-03",
          "time": "12:21:53",
          "terminate": "true"
        }
      ],
      "sessionPersonaSummary": {
        "speaker1": [
          "나는 인간이 만드는 환경오염으로 인한 지구 환경 변화가 무섭다.",
          "나는 올 겨울 폭설이 걱정된다."
        ],
        "speaker2": [
          "나는 겨울 안전사고가 벌써부터 걱정된다"
        ]
      },
      "prevAggregatedpersonaSummary": {
        "speaker1": [
          "나는 20대 여자다.",
          "나는 인천에 살고 종교학을 전공한다.",
          "나는 여러 종교를 배우고 있다.",
          "나는 아직 동아리 생각이 없다.",
          "나는 바나나를 좋아한다.",
          "나도 딸기를 좋아한다.",
          "나는 발라드를 좋아한다.",
          "나는 4주 만에 채팅을 접속한다.",
          "나는 몇 달 전 인천에 폭우가 내려서 힘들었다.",
          "나는 천재지변 앞에 사람이 작다는 것을 느꼈다.",
          "나는 뉴스에서 부산의 피해가 크다는 소식을 접했다.",
          "나는 태풍에 긴장이 된다.",
          "나는 우리나라도 안전하지 않다고 느꼈다.",
          "나는 9일 만에 접속한다.",
          "나는 강남이 폭우로 물에 잠겼을 때 귀가가 힘들었다.",
          "나는 홍수에 지하철 역으로 귀가했다.",
          "나는 예측할 수 없는 일이 무섭다."
        ],
        "speaker2": [
          "나는 20대 대학생인 여자이다",
          "나는 개신교이다",
          "나는 개신교이지만 독실하지는 않다",
          "나는 면화부 동아리 부원이다",
          "나는 포도나 수박을 좋아한다",
          "나는 티브이 음악프로그램을 시청 중이다",
          "나는 남자 친구가 운전하다 물이 불어나 무서웠다고 하는 말을 들었다.",
          "나는 내륙에 지진이 일어나 너무 충격이었다",
          "나는 큰 피해가 일어나지 않기를 교화에서 기도하고 있다"
        ]
      }
    }
  ]
}