{
  "FileInfo": {
    "filename": "K4-00383-CL66582-CP90788-01-09-S4.json",
    "sessionLevel": "4"
  },
  "participantsInfo": {
    "numberOfParticipants": "2",
    "speaker1": {
      "participantID": "31211",
      "gender": "남성",
      "age": "20대",
      "occupation": "사무직",
      "bPlace": "부산/대구/울산/경상",
      "gPlace": "부산/대구/울산/경상",
      "rPlace": "부산/대구/울산/경상",
      "educationLevel": "고졸"
    },
    "speaker2": {
      "participantID": "30726",
      "gender": "여성",
      "age": "30대",
      "occupation": "주부",
      "bPlace": "서울/경기/인천",
      "gPlace": "서울/경기/인천",
      "rPlace": "서울/경기/인천",
      "educationLevel": "대졸"
    }
  },
  "multisessionInfo": {
    "multisessionID": "4-00383"
  },
  "personaInfo": {
    "clInfo": {
      "personaID": "66582",
      "personaFeatures": [
        "나는 남자이다.",
        "나는 20대이다.",
        "나는 트로트 음악을 가끔 듣는다.",
        "나는 인도에 가보고 싶다.",
        "나는 매일 질투가 난다.",
        "나는 정원 가꾸는 것을 싫어한다.",
        "나는 혈액형이 B형이다."
      ],
      "speakerType": "speaker1"
    },
    "cpInfo": {
      "personaID": "90788",
      "personaFeatures": [
        "나는 여자이다.",
        "나는 30대이다.",
        "나는 디스코 음악을 자주 듣는다.",
        "나는 맛집 여행을 가끔 간다.",
        "나는 매일 걱정스럽다.",
        "나는 비빔밥을 안 먹는다.",
        "나는 혈액형이 AB형이다."
      ],
      "speakerType": "speaker2"
    }
  },
  "topicInfo": {
    "topicID": "01-09",
    "topicType": "식음료",
    "topicTitle": "주류"
  },
  "sessionInfo": [
    {
      "prevSessionID": null,
      "prevTimeInfo": {
        "timeNum": null,
        "timeUnit": null
      },
      "nthSession": "1",
      "numberOfUtterances": "14",
      "numberOfTurns": "7",
      "sessionID": "4-00383-1",
      "dialog": [
        {
          "speaker": "speaker1",
          "personaID": "66582",
          "participantID": "31211",
          "utterance": "반갑습니다 ~ 저는 남자이고 20대랍니다!",
          "summary": "나는 20대 남자이다.",
          "date": "2022-11-22",
          "time": "17:09:28",
          "terminate": "false"
        },
        {
          "speaker": "speaker2",
          "personaID": "90788",
          "participantID": "30726",
          "utterance": "만나서 반가워요!! 저는 30대 여자랍니다~~~",
          "summary": "나는 30대 여자이다.",
          "date": "2022-11-22",
          "time": "17:09:29",
          "terminate": "false"
        },
        {
          "speaker": "speaker1",
          "personaID": "66582",
          "participantID": "31211",
          "utterance": "저는 여행하는 것을 좋아하는데 인도에 가보고싶어요.. 여행 자주 다니는 사람을 보면서 매일 질투가 난답니다 ㅠㅠ.",
          "summary": "나는 인도에 가보고 싶다. 나는 매일 질투가 난다. 나는 여행하는 것을 좋아한다.",
          "date": "2022-11-22",
          "time": "17:09:47",
          "terminate": "false"
        },
        {
          "speaker": "speaker2",
          "personaID": "90788",
          "participantID": "30726",
          "utterance": "저도 맛집 여행을 가끔 가는데! 여행 좋아하시는군요~ 근데 매일 걱정스러워요ㅠ아직 코로나 때문에요ㅠ.",
          "summary": "나는 맛집 여행을 가끔 간다. 나는 매일 걱정스럽다.",
          "date": "2022-11-22",
          "time": "17:10:15",
          "terminate": "false"
        },
        {
          "speaker": "speaker1",
          "personaID": "66582",
          "participantID": "31211",
          "utterance": "그럴 수 있죠 저는 B형이라 코로나에 좀 무딘 편인 것 같아요.. 막 너무 걱정스럽지는 않달까요? 이미 걸렸기도 했고요.",
          "summary": "나는 혈액형이 B형이다. 나는 코로나에 좀 무딘 편이다. 나는 코로나에 걸렸었다.",
          "date": "2022-11-22",
          "time": "17:10:46",
          "terminate": "false"
        },
        {
          "speaker": "speaker2",
          "personaID": "90788",
          "participantID": "30726",
          "utterance": "그렇군요 저는 AB형입니다ㅎㅎ저는 디스코 음악을 자주 듣는데 음악 좋아하세요?",
          "summary": "나는 혈액형이 AB형이다. 나는 디스코 음악을 자주 듣는다.",
          "date": "2022-11-22",
          "time": "17:11:02",
          "terminate": "false"
        },
        {
          "speaker": "speaker1",
          "personaID": "66582",
          "participantID": "31211",
          "utterance": "네! 매일 질투가 나서 해소하기위해 가끔 트로트 음악을 들어요.",
          "summary": "나는 트로트 음악을 가끔 듣는다.",
          "date": "2022-11-22",
          "time": "17:11:13",
          "terminate": "false"
        },
        {
          "speaker": "speaker2",
          "personaID": "90788",
          "participantID": "30726",
          "utterance": "트로트 음악 ㅋㅋㅋㅋ취향이 확고하시네요!! 여행은 계획 없으신건가요?",
          "summary": "",
          "date": "2022-11-22",
          "time": "17:11:33",
          "terminate": "false"
        },
        {
          "speaker": "speaker1",
          "personaID": "66582",
          "participantID": "31211",
          "utterance": "요새 학교 일로 너무 바빠서 여행 계획은 딱히 없네요 ㅠㅠ 님은요?",
          "summary": "나는 학교 일로 바쁘다.",
          "date": "2022-11-22",
          "time": "17:11:52",
          "terminate": "false"
        },
        {
          "speaker": "speaker2",
          "personaID": "90788",
          "participantID": "30726",
          "utterance": "저는 맛집 여행으로 부산을 가볼까 생각중입니다!! 맛있는거 많대요~",
          "summary": "나는 맛집 여행으로 부산을 가볼까 생각 중이다.",
          "date": "2022-11-22",
          "time": "17:12:11",
          "terminate": "false"
        },
        {
          "speaker": "speaker1",
          "personaID": "66582",
          "participantID": "31211",
          "utterance": "부산하면 곱창인데 ~~ 가서 꼭 드세요 ㅋㅋ 질투 안할게요 ^^",
          "summary": "나는 부산하면 곱창이라고 생각한다.",
          "date": "2022-11-22",
          "time": "17:12:23",
          "terminate": "false"
        },
        {
          "speaker": "speaker2",
          "personaID": "90788",
          "participantID": "30726",
          "utterance": "넵 부산은 곱창이긴 하더라구요^^ @브랜드명@여기 맛있더라구요.",
          "summary": "나는 부산@브랜드명@곱창이 맛있다.",
          "date": "2022-11-22",
          "time": "17:12:39",
          "terminate": "false"
        },
        {
          "speaker": "speaker1",
          "personaID": "66582",
          "participantID": "31211",
          "utterance": "오.. 하하 좀 질투가 날 것 같으니 트로트 음악 좀 듣고 올게요 ^^",
          "summary": "나는 트로트 음악을 듣고 올 것이다.",
          "date": "2022-11-22",
          "time": "17:12:44",
          "terminate": "false"
        },
        {
          "speaker": "speaker2",
          "personaID": "90788",
          "participantID": "30726",
          "utterance": "알겠습니다ㅋㅋㅋㅋ음악 듣고 또 연락해요~",
          "summary": "",
          "date": "2022-11-22",
          "time": "17:12:54",
          "terminate": "true"
        }
      ],
      "sessionPersonaSummary": {
        "speaker1": [
          "나는 20대 남자이다.",
          "나는 인도에 가보고 싶다. 나는 매일 질투가 난다. 나는 여행하는 것을 좋아한다.",
          "나는 혈액형이 B형이다. 나는 코로나에 좀 무딘 편이다. 나는 코로나에 걸렸었다.",
          "나는 트로트 음악을 가끔 듣는다.",
          "나는 학교 일로 바쁘다.",
          "나는 부산하면 곱창이라고 생각한다.",
          "나는 트로트 음악을 듣고 올 것이다."
        ],
        "speaker2": [
          "나는 30대 여자이다.",
          "나는 맛집 여행을 가끔 간다. 나는 매일 걱정스럽다.",
          "나는 혈액형이 AB형이다. 나는 디스코 음악을 자주 듣는다.",
          "나는 맛집 여행으로 부산을 가볼까 생각 중이다.",
          "나는 부산@브랜드명@곱창이 맛있다."
        ]
      },
      "prevAggregatedpersonaSummary": {
        "speaker1": [],
        "speaker2": []
      }
    },
    {
      "prevSessionID": "4-00383-1",
      "prevTimeInfo": {
        "timeNum": "4",
        "timeUnit": "시간"
      },
      "nthSession": "2",
      "numberOfUtterances": "14",
      "numberOfTurns": "7",
      "sessionID": "4-00383-2",
      "dialog": [
        {
          "speaker": "speaker1",
          "personaID": "66582",
          "participantID": "31211",
          "utterance": "부산은 못가지만 질투가 나서 친구랑 곱창 먹으러 나왔어요 ㅋㅋ 4시간동안 뭐하셨어요?",
          "summary": "나는 친구랑 곱창 먹으러 나왔다.",
          "date": "2022-11-22",
          "time": "17:13:07",
          "terminate": "false"
        },
        {
          "speaker": "speaker2",
          "personaID": "90788",
          "participantID": "30726",
          "utterance": "저는 여행 계획 세웠어요ㅋㅋㅋ선생님 질투 안낸다면서요~~~!",
          "summary": "",
          "date": "2022-11-22",
          "time": "17:13:27",
          "terminate": "false"
        },
        {
          "speaker": "speaker1",
          "personaID": "66582",
          "participantID": "31211",
          "utterance": "아 앞에서는 티 안내겠다고요 ^^ 물론 티내고 있지만요 소주도 마시려구요 ~~",
          "summary": "나는 소주도 마실 것이다.",
          "date": "2022-11-22",
          "time": "17:13:50",
          "terminate": "false"
        },
        {
          "speaker": "speaker2",
          "personaID": "90788",
          "participantID": "30726",
          "utterance": "하하 소주 좋아하시나봐요!? 저는 맥주를 좋아하는데~~",
          "summary": "나는 맥주를 좋아한다.",
          "date": "2022-11-22",
          "time": "17:14:03",
          "terminate": "false"
        },
        {
          "speaker": "speaker1",
          "personaID": "66582",
          "participantID": "31211",
          "utterance": "저는 맥주는 배가 불러서 싫더라구요 ㅠㅠ.",
          "summary": "나는 맥주는 배가 불러서 싫다.",
          "date": "2022-11-22",
          "time": "17:14:12",
          "terminate": "false"
        },
        {
          "speaker": "speaker2",
          "personaID": "90788",
          "participantID": "30726",
          "utterance": "그럴수도있죠.. 저는 맥주는.. 그냥 꿀꺽꿀꺽 잘 넘어가더라구요!!",
          "summary": "나는 맥주가 꿀꺽꿀꺽 잘 넘어간다.",
          "date": "2022-11-22",
          "time": "17:14:36",
          "terminate": "false"
        },
        {
          "speaker": "speaker1",
          "personaID": "66582",
          "participantID": "31211",
          "utterance": "와 부럽네요 하지만 그래도 역시 기름진 곱창에는 소주잖아요? ㅎㅎ.",
          "summary": "나는 기름진 곱창에는 소주라고 생각한다.",
          "date": "2022-11-22",
          "time": "17:14:42",
          "terminate": "false"
        },
        {
          "speaker": "speaker2",
          "personaID": "90788",
          "participantID": "30726",
          "utterance": "그럼요 또 메뉴에 따라서 주류가 바껴야 제맛이죠^^",
          "summary": "나는 메뉴에 따라서 주류가 바뀌어야 제맛이다.",
          "date": "2022-11-22",
          "time": "17:14:59",
          "terminate": "false"
        },
        {
          "speaker": "speaker1",
          "personaID": "66582",
          "participantID": "31211",
          "utterance": "맞아요 저는 맥주는 치킨 먹을 때 무지 땡기더라구요.. ㅎㅎ.",
          "summary": "나는 치킨 먹을 때는 맥주가 무지 당긴다.",
          "date": "2022-11-22",
          "time": "17:15:03",
          "terminate": "false"
        },
        {
          "speaker": "speaker2",
          "personaID": "90788",
          "participantID": "30726",
          "utterance": "웃긴게.. 안 믿겠지만..저는 치킨을 싫어해요ㅠ 치킨에 오는 감자튀김에 맥주 먹는걸 좋아해요..하하.",
          "summary": "나는 치킨을 싫어한다. 나는 감자튀김에 맥주 먹는 걸 좋아한다.",
          "date": "2022-11-22",
          "time": "17:15:25",
          "terminate": "false"
        },
        {
          "speaker": "speaker1",
          "personaID": "66582",
          "participantID": "31211",
          "utterance": "그럴 수도 있죠..!! 저는 오늘은 곱창을 먹으니 사이드로 선짓국도 시켜서 소주 뿌시려구요 ^^",
          "summary": "나는 사이드로 선짓국을 시켜 먹을 것이다.",
          "date": "2022-11-22",
          "time": "17:15:36",
          "terminate": "false"
        },
        {
          "speaker": "speaker2",
          "personaID": "90788",
          "participantID": "30726",
          "utterance": "오늘 하루가 길거 같은 느낌인데요 선생님? ㅎㅎ아주 달리시겠어요.",
          "summary": "",
          "date": "2022-11-22",
          "time": "17:15:56",
          "terminate": "false"
        },
        {
          "speaker": "speaker1",
          "personaID": "66582",
          "participantID": "31211",
          "utterance": "맞아요 ㅎㅎ 그럼 저는 곱창에 소주 뿌시고 올게요 ~~~!!! 다음에 대화해요 ㅎㅎ.",
          "summary": "나는 곱창에 소주를 부수고 올 것이다.",
          "date": "2022-11-22",
          "time": "17:16:00",
          "terminate": "false"
        },
        {
          "speaker": "speaker2",
          "personaID": "90788",
          "participantID": "30726",
          "utterance": "그럼 맛있게 드시고 다음에 연락 주세요 ㅎㅎ.",
          "summary": "",
          "date": "2022-11-22",
          "time": "17:16:04",
          "terminate": "true"
        }
      ],
      "sessionPersonaSummary": {
        "speaker1": [
          "나는 친구랑 곱창 먹으러 나왔다.",
          "나는 소주도 마실 것이다.",
          "나는 맥주는 배가 불러서 싫다.",
          "나는 기름진 곱창에는 소주라고 생각한다.",
          "나는 치킨 먹을 때는 맥주가 무지 당긴다.",
          "나는 사이드로 선짓국을 시켜 먹을 것이다.",
          "나는 곱창에 소주를 부수고 올 것이다."
        ],
        "speaker2": [
          "나는 맥주를 좋아한다.",
          "나는 맥주가 꿀꺽꿀꺽 잘 넘어간다.",
          "나는 메뉴에 따라서 주류가 바뀌어야 제맛이다.",
          "나는 치킨을 싫어한다. 나는 감자튀김에 맥주 먹는 걸 좋아한다."
        ]
      },
      "prevAggregatedpersonaSummary": {
        "speaker1": [
          "나는 20대 남자이다.",
          "나는 인도에 가보고 싶다. 나는 매일 질투가 난다. 나는 여행하는 것을 좋아한다.",
          "나는 혈액형이 B형이다. 나는 코로나에 좀 무딘 편이다. 나는 코로나에 걸렸었다.",
          "나는 트로트 음악을 가끔 듣는다.",
          "나는 학교 일로 바쁘다.",
          "나는 부산하면 곱창이라고 생각한다.",
          "나는 트로트 음악을 듣고 올 것이다."
        ],
        "speaker2": [
          "나는 30대 여자이다.",
          "나는 맛집 여행을 가끔 간다. 나는 매일 걱정스럽다.",
          "나는 혈액형이 AB형이다. 나는 디스코 음악을 자주 듣는다.",
          "나는 맛집 여행으로 부산을 가볼까 생각 중이다.",
          "나는 부산@브랜드명@곱창이 맛있다."
        ]
      }
    },
    {
      "prevSessionID": "4-00383-2",
      "prevTimeInfo": {
        "timeNum": "1",
        "timeUnit": "일"
      },
      "nthSession": "3",
      "numberOfUtterances": "14",
      "numberOfTurns": "7",
      "sessionID": "4-00383-3",
      "dialog": [
        {
          "speaker": "speaker1",
          "personaID": "66582",
          "participantID": "31211",
          "utterance": "하루만에 연락드리네요 어제 많이 마셨는데 다행히 숙취가 없어요 ^^",
          "summary": "나는 숙취가 없다. 나는 어제 소주를 많이 마셨다.",
          "date": "2022-11-22",
          "time": "17:16:20",
          "terminate": "false"
        },
        {
          "speaker": "speaker2",
          "personaID": "90788",
          "participantID": "30726",
          "utterance": "다행이네요^^ 저는 여행 계획을 세웠는데 매일 걱정 스러워요..",
          "summary": "나는 여행 계획을 세웠는데 매일 걱정스럽다.",
          "date": "2022-11-22",
          "time": "17:16:34",
          "terminate": "false"
        },
        {
          "speaker": "speaker1",
          "personaID": "66582",
          "participantID": "31211",
          "utterance": "엇 왜요? 저는 여행가시는 것만으로도 질투나는데.. ㅠㅠ 뭔 일 있으세요?",
          "summary": "나는 여행 가는 게 질투 난다.",
          "date": "2022-11-22",
          "time": "17:16:48",
          "terminate": "false"
        },
        {
          "speaker": "speaker2",
          "personaID": "90788",
          "participantID": "30726",
          "utterance": "제가 계획적인 사람이라.. 계획에 어긋날까봐서요ㅠㅠ.",
          "summary": "나는 계획적인 사람이다. 나는 계획에 어긋날까 봐 걱정스럽다.",
          "date": "2022-11-22",
          "time": "17:16:56",
          "terminate": "false"
        },
        {
          "speaker": "speaker1",
          "personaID": "66582",
          "participantID": "31211",
          "utterance": "아 저도 계획적이라서 계획 어긋나면 스트레스 받더라구요 그럴때 트로트 음악 듣지만요 ㅠㅠ 어떤 계획이신데요?",
          "summary": "나는 계획이 어긋나면 스트레스를 받는다.",
          "date": "2022-11-22",
          "time": "17:17:16",
          "terminate": "false"
        },
        {
          "speaker": "speaker2",
          "personaID": "90788",
          "participantID": "30726",
          "utterance": "맛집 계획을 세웠는데.. 재료가 떨어져서 못먹는다거나.. 갑자기 개인사정으로 문을 닫는다거나?ㅜㅜ.",
          "summary": "",
          "date": "2022-11-22",
          "time": "17:17:41",
          "terminate": "false"
        },
        {
          "speaker": "speaker1",
          "personaID": "66582",
          "participantID": "31211",
          "utterance": "하.. 말만 들어도 싫네요 ㅠㅠ주류 계획까지 세우세요? 저는 세우거든요..",
          "summary": "나는 여행 갈 때 주류 계획까지 세운다.",
          "date": "2022-11-22",
          "time": "17:18:03",
          "terminate": "false"
        },
        {
          "speaker": "speaker2",
          "personaID": "90788",
          "participantID": "30726",
          "utterance": "앗 주류 계획까지는 아니예요ㅋㅋ딱 갑자기 땡기는거 먹거든요!",
          "summary": "",
          "date": "2022-11-22",
          "time": "17:18:20",
          "terminate": "false"
        },
        {
          "speaker": "speaker1",
          "personaID": "66582",
          "participantID": "31211",
          "utterance": "저는 먹을 음식 정해서 주류까지 정해서 가거든요 ㅋㅋ 그래야 마음이 편해요.",
          "summary": "나는 먹을 음식을 정하고 주류까지 정해서 간다.",
          "date": "2022-11-22",
          "time": "17:18:38",
          "terminate": "false"
        },
        {
          "speaker": "speaker2",
          "personaID": "90788",
          "participantID": "30726",
          "utterance": "그렇긴 하죠.. 하 불안해서 안되겠어요~ 혹시 모를 대비해서 대안을 짜놔야겠어요!",
          "summary": "나는 혹시 모를 대비해서 대안을 짜 놔야겠다.",
          "date": "2022-11-22",
          "time": "17:18:58",
          "terminate": "false"
        },
        {
          "speaker": "speaker1",
          "personaID": "66582",
          "participantID": "31211",
          "utterance": "그래요 ~~!! 저도 3플랜까지 짜놔야 마음이 편하더라구요 ㅎㅎ.",
          "summary": "나는 3 플랜까지 짜 놔야 마음이 편하다.",
          "date": "2022-11-22",
          "time": "17:19:09",
          "terminate": "false"
        },
        {
          "speaker": "speaker2",
          "personaID": "90788",
          "participantID": "30726",
          "utterance": "이렇게 사는게 살짝 힘이 들긴 하지만.. 스트레스 받는거보단 낫더라구요^^",
          "summary": "",
          "date": "2022-11-22",
          "time": "17:19:23",
          "terminate": "false"
        },
        {
          "speaker": "speaker1",
          "personaID": "66582",
          "participantID": "31211",
          "utterance": "ㅋㅋ 맞아요 계획세우시고 다음에 대화해요 ~ 저는 속은 괜찮지만 허해서 해장하러 가볼게요.",
          "summary": "나는 속이 허해서 해장하러 갈 것이다.",
          "date": "2022-11-22",
          "time": "17:19:35",
          "terminate": "false"
        },
        {
          "speaker": "speaker2",
          "personaID": "90788",
          "participantID": "30726",
          "utterance": "알겠어요!!그럼 저는 계획을 세우고 올게요 ㅎㅎ.",
          "summary": "",
          "date": "2022-11-22",
          "time": "17:19:43",
          "terminate": "true"
        }
      ],
      "sessionPersonaSummary": {
        "speaker1": [
          "나는 숙취가 없다. 나는 어제 소주를 많이 마셨다.",
          "나는 여행 가는 게 질투 난다.",
          "나는 계획이 어긋나면 스트레스를 받는다.",
          "나는 여행 갈 때 주류 계획까지 세운다.",
          "나는 먹을 음식을 정하고 주류까지 정해서 간다.",
          "나는 3 플랜까지 짜 놔야 마음이 편하다.",
          "나는 속이 허해서 해장하러 갈 것이다."
        ],
        "speaker2": [
          "나는 여행 계획을 세웠는데 매일 걱정스럽다.",
          "나는 계획적인 사람이다. 나는 계획에 어긋날까 봐 걱정스럽다.",
          "나는 혹시 모를 대비해서 대안을 짜 놔야겠다."
        ]
      },
      "prevAggregatedpersonaSummary": {
        "speaker1": [
          "나는 20대 남자이다.",
          "나는 인도에 가보고 싶다. 나는 매일 질투가 난다. 나는 여행하는 것을 좋아한다.",
          "나는 혈액형이 B형이다. 나는 코로나에 좀 무딘 편이다. 나는 코로나에 걸렸었다.",
          "나는 트로트 음악을 가끔 듣는다.",
          "나는 학교 일로 바쁘다.",
          "나는 부산하면 곱창이라고 생각한다.",
          "나는 트로트 음악을 듣고 올 것이다.",
          "나는 친구랑 곱창 먹으러 나왔다.",
          "나는 소주도 마실 것이다.",
          "나는 맥주는 배가 불러서 싫다.",
          "나는 기름진 곱창에는 소주라고 생각한다.",
          "나는 치킨 먹을 때는 맥주가 무지 당긴다.",
          "나는 사이드로 선짓국을 시켜 먹을 것이다.",
          "나는 곱창에 소주를 부수고 올 것이다."
        ],
        "speaker2": [
          "나는 30대 여자이다.",
          "나는 맛집 여행을 가끔 간다. 나는 매일 걱정스럽다.",
          "나는 혈액형이 AB형이다. 나는 디스코 음악을 자주 듣는다.",
          "나는 맛집 여행으로 부산을 가볼까 생각 중이다.",
          "나는 부산@브랜드명@곱창이 맛있다.",
          "나는 맥주를 좋아한다.",
          "나는 맥주가 꿀꺽꿀꺽 잘 넘어간다.",
          "나는 메뉴에 따라서 주류가 바뀌어야 제맛이다.",
          "나는 치킨을 싫어한다. 나는 감자튀김에 맥주 먹는 걸 좋아한다."
        ]
      }
    },
    {
      "prevSessionID": "4-00383-3",
      "prevTimeInfo": {
        "timeNum": "1",
        "timeUnit": "주"
      },
      "nthSession": "4",
      "numberOfUtterances": "14",
      "numberOfTurns": "7",
      "sessionID": "4-00383-4",
      "dialog": [
        {
          "speaker": "speaker1",
          "personaID": "66582",
          "participantID": "31211",
          "utterance": "매일 질투가나서 연락 안드리려다가 1주만에 연락드려요^^ 여행 잘 갔다오셨어요?",
          "summary": "나는 매일 질투가 나서 연락을 안 하려 했다.",
          "date": "2022-11-22",
          "time": "17:19:56",
          "terminate": "false"
        },
        {
          "speaker": "speaker2",
          "personaID": "90788",
          "participantID": "30726",
          "utterance": "넵 잘다녀왔답니다~ 매일 걱정했었는데 아무 문제 없었어요 ㅎㅎ.",
          "summary": "",
          "date": "2022-11-22",
          "time": "17:20:19",
          "terminate": "false"
        },
        {
          "speaker": "speaker1",
          "personaID": "66582",
          "participantID": "31211",
          "utterance": "하하 음식은 뭐 드셨어요? 주류도 함께 하셨나요?",
          "summary": "",
          "date": "2022-11-22",
          "time": "17:20:33",
          "terminate": "false"
        },
        {
          "speaker": "speaker2",
          "personaID": "90788",
          "participantID": "30726",
          "utterance": "넵! 당연하죠ㅎㅎ곱창에 소주 먹고 낙곱새에 소맥 먹었어요^^",
          "summary": "나는 곱창에 소주 먹고 낙곱새에 소맥을 먹었다.",
          "date": "2022-11-22",
          "time": "17:20:48",
          "terminate": "false"
        },
        {
          "speaker": "speaker1",
          "personaID": "66582",
          "participantID": "31211",
          "utterance": "완벽한 음식 주류 매칭이네요 ^^ 배우신 분인데요?",
          "summary": "",
          "date": "2022-11-22",
          "time": "17:20:59",
          "terminate": "false"
        },
        {
          "speaker": "speaker2",
          "personaID": "90788",
          "participantID": "30726",
          "utterance": "당연하죠~ 맛있는거엔 맛있는게 같이 어우려져야 행복이 두배라구요^^",
          "summary": "나는 맛있는 거엔 맛있는 게 같이 어우러져야 행복이 두배이다.",
          "date": "2022-11-22",
          "time": "17:21:16",
          "terminate": "false"
        },
        {
          "speaker": "speaker1",
          "personaID": "66582",
          "participantID": "31211",
          "utterance": "맞아요 ~~ 하하 저는 오늘 친구랑 꿔바로우에 소맥 마시기로 했답니다 ^^",
          "summary": "나는 친구랑 꿔바로우에 소맥을 마시기로 했다.",
          "date": "2022-11-22",
          "time": "17:21:40",
          "terminate": "false"
        },
        {
          "speaker": "speaker2",
          "personaID": "90788",
          "participantID": "30726",
          "utterance": "우와 그것도 맛있겠네요~ 혹시 마라탕 드셔보셨나요? 저는 안 먹어봤는데 요즘 다들 먹더라구요.",
          "summary": "나는 마라탕을 안 먹어봤다.",
          "date": "2022-11-22",
          "time": "17:21:56",
          "terminate": "false"
        },
        {
          "speaker": "speaker1",
          "personaID": "66582",
          "participantID": "31211",
          "utterance": "당연하죠~ 저는 마라탕 좋아해서 자주 먹어요 ㅋㅋㅋ 이따 마라탕도 시킬거에요 ㅎㅎ.",
          "summary": "나는 마라탕을 좋아해서 자주 먹는다. 나는 이따 마라탕도 시킬 것이다.",
          "date": "2022-11-22",
          "time": "17:22:09",
          "terminate": "false"
        },
        {
          "speaker": "speaker2",
          "personaID": "90788",
          "participantID": "30726",
          "utterance": "아 진짜요? 향신료에 강하신가보네요.. 저는 향신료에 약해서 먹어보고 싶긴한데 도전을 못하겠어요ㅠ.",
          "summary": "나는 향신료에 약하다. 나는 마라탕 먹어보고 싶긴 한데 도전을 못하겠다.",
          "date": "2022-11-22",
          "time": "17:22:24",
          "terminate": "false"
        },
        {
          "speaker": "speaker1",
          "personaID": "66582",
          "participantID": "31211",
          "utterance": "산초가루 조금 빼달라고 하면 돼요 ! 저도 향신료에 약해서 빼달라해서 먹거든요 ㅎㅎ.",
          "summary": "나는 산초가루를 빼 달라하고 마라탕을 먹는다.",
          "date": "2022-11-22",
          "time": "17:22:40",
          "terminate": "false"
        },
        {
          "speaker": "speaker2",
          "personaID": "90788",
          "participantID": "30726",
          "utterance": "오호 다음에 한 번 마라탕을 도전해봐야겠네요~~^^",
          "summary": "나는 마라탕을 도전해봐야겠다.",
          "date": "2022-11-22",
          "time": "17:22:45",
          "terminate": "false"
        },
        {
          "speaker": "speaker1",
          "personaID": "66582",
          "participantID": "31211",
          "utterance": "네 그러세요 ㅎㅎ 저는 꿔바로우랑 마라탕 먹으러 가볼게요 ㅎㅎ.",
          "summary": "나는 꿔바로우랑 마라탕을 먹으러 갈 것이다.",
          "date": "2022-11-22",
          "time": "17:23:00",
          "terminate": "false"
        },
        {
          "speaker": "speaker2",
          "personaID": "90788",
          "participantID": "30726",
          "utterance": "넵 알겠습니다!! 맛있게 드시고 오세요 ㅎㅎ.",
          "summary": "",
          "date": "2022-11-22",
          "time": "17:23:12",
          "terminate": "true"
        }
      ],
      "sessionPersonaSummary": {
        "speaker1": [
          "나는 매일 질투가 나서 연락을 안 하려 했다.",
          "나는 친구랑 꿔바로우에 소맥을 마시기로 했다.",
          "나는 마라탕을 좋아해서 자주 먹는다. 나는 이따 마라탕도 시킬 것이다.",
          "나는 산초가루를 빼 달라하고 마라탕을 먹는다.",
          "나는 꿔바로우랑 마라탕을 먹으러 갈 것이다."
        ],
        "speaker2": [
          "나는 곱창에 소주 먹고 낙곱새에 소맥을 먹었다.",
          "나는 맛있는 거엔 맛있는 게 같이 어우러져야 행복이 두배이다.",
          "나는 마라탕을 안 먹어봤다.",
          "나는 향신료에 약하다. 나는 마라탕 먹어보고 싶긴 한데 도전을 못하겠다.",
          "나는 마라탕을 도전해봐야겠다."
        ]
      },
      "prevAggregatedpersonaSummary": {
        "speaker1": [
          "나는 20대 남자이다.",
          "나는 인도에 가보고 싶다. 나는 매일 질투가 난다. 나는 여행하는 것을 좋아한다.",
          "나는 혈액형이 B형이다. 나는 코로나에 좀 무딘 편이다. 나는 코로나에 걸렸었다.",
          "나는 트로트 음악을 가끔 듣는다.",
          "나는 학교 일로 바쁘다.",
          "나는 부산하면 곱창이라고 생각한다.",
          "나는 트로트 음악을 듣고 올 것이다.",
          "나는 친구랑 곱창 먹으러 나왔다.",
          "나는 소주도 마실 것이다.",
          "나는 맥주는 배가 불러서 싫다.",
          "나는 기름진 곱창에는 소주라고 생각한다.",
          "나는 치킨 먹을 때는 맥주가 무지 당긴다.",
          "나는 사이드로 선짓국을 시켜 먹을 것이다.",
          "나는 곱창에 소주를 부수고 올 것이다.",
          "나는 숙취가 없다. 나는 어제 소주를 많이 마셨다.",
          "나는 여행 가는 게 질투 난다.",
          "나는 계획이 어긋나면 스트레스를 받는다.",
          "나는 여행 갈 때 주류 계획까지 세운다.",
          "나는 먹을 음식을 정하고 주류까지 정해서 간다.",
          "나는 3 플랜까지 짜 놔야 마음이 편하다.",
          "나는 속이 허해서 해장하러 갈 것이다."
        ],
        "speaker2": [
          "나는 30대 여자이다.",
          "나는 맛집 여행을 가끔 간다. 나는 매일 걱정스럽다.",
          "나는 혈액형이 AB형이다. 나는 디스코 음악을 자주 듣는다.",
          "나는 맛집 여행으로 부산을 가볼까 생각 중이다.",
          "나는 부산@브랜드명@곱창이 맛있다.",
          "나는 맥주를 좋아한다.",
          "나는 맥주가 꿀꺽꿀꺽 잘 넘어간다.",
          "나는 메뉴에 따라서 주류가 바뀌어야 제맛이다.",
          "나는 치킨을 싫어한다. 나는 감자튀김에 맥주 먹는 걸 좋아한다.",
          "나는 여행 계획을 세웠는데 매일 걱정스럽다.",
          "나는 계획적인 사람이다. 나는 계획에 어긋날까 봐 걱정스럽다.",
          "나는 혹시 모를 대비해서 대안을 짜 놔야겠다."
        ]
      }
    }
  ]
}