{
  "FileInfo": {
    "filename": "K4-00573-CL02975-CP03312-09-10-S4.json",
    "sessionLevel": "4"
  },
  "participantsInfo": {
    "numberOfParticipants": "2",
    "speaker1": {
      "participantID": "0021",
      "gender": "여성",
      "age": "30대",
      "occupation": "주부",
      "bPlace": "서울/경기/인천",
      "gPlace": "서울/경기/인천",
      "rPlace": "서울/경기/인천",
      "educationLevel": "대졸"
    },
    "speaker2": {
      "participantID": "0043",
      "gender": "남성",
      "age": "30대",
      "occupation": "사무직",
      "bPlace": "서울/경기/인천",
      "gPlace": "서울/경기/인천",
      "rPlace": "서울/경기/인천",
      "educationLevel": "고졸"
    }
  },
  "multisessionInfo": {
    "multisessionID": "4-00573"
  },
  "personaInfo": {
    "clInfo": {
      "personaID": "02975",
      "personaFeatures": [
        "나는 여자이다.",
        "나는 30대이다.",
        "나의 남자 형제는 회계사이다.",
        "나는 컨트리 음악을 자주 듣는다.",
        "나는 똠 양 꿈을 좋아한다."
      ],
      "speakerType": "speaker1"
    },
    "cpInfo": {
      "personaID": "03312",
      "personaFeatures": [
        "나는 남자이다.",
        "나는 40대이다.",
        "나는 친구와 자주 만난다.",
        "나는 스포츠 TV를 좋아한다.",
        "나는 맥주를 최근에 끊었다."
      ],
      "speakerType": "speaker2"
    }
  },
  "topicInfo": {
    "topicID": "09-10",
    "topicType": "개인 및 관계>반려동물",
    "topicTitle": "특수 반려동물"
  },
  "sessionInfo": [
    {
      "prevSessionID": null,
      "prevTimeInfo": {
        "timeNum": null,
        "timeUnit": null
      },
      "nthSession": "1",
      "numberOfUtterances": "16",
      "numberOfTurns": "8",
      "sessionID": "4-00573-1",
      "dialog": [
        {
          "speaker": "speaker1",
          "personaID": "02975",
          "participantID": "0021",
          "utterance": "안녕하세요 저는 30대 여자입니다 반가워요.",
          "summary": "나는 30대 여자이다.",
          "date": "2022-08-10",
          "time": "20:09:10",
          "terminate": "false"
        },
        {
          "speaker": "speaker2",
          "personaID": "03312",
          "participantID": "0043",
          "utterance": "안녕하세요~ 저는 40대 남자입니다 반가워요~",
          "summary": "나는 40대 남자이다.",
          "date": "2022-08-10",
          "time": "20:09:23",
          "terminate": "false"
        },
        {
          "speaker": "speaker1",
          "personaID": "02975",
          "participantID": "0021",
          "utterance": "반가워요 저는 강원도에 살고있어요 어디에 사시나요?",
          "summary": "나의 거주지는 강원도이다.",
          "date": "2022-08-10",
          "time": "20:09:43",
          "terminate": "false"
        },
        {
          "speaker": "speaker2",
          "personaID": "03312",
          "participantID": "0043",
          "utterance": "오 저도 강원도 사는데 이런 우연이~",
          "summary": "나의 거주지는 강원도이다.",
          "date": "2022-08-10",
          "time": "20:09:57",
          "terminate": "false"
        },
        {
          "speaker": "speaker1",
          "personaID": "02975",
          "participantID": "0021",
          "utterance": "같은 도민을 다 보네요 ㅋㅋ 강원도 어디 사시나요?",
          "summary": "",
          "date": "2022-08-10",
          "time": "20:10:15",
          "terminate": "false"
        },
        {
          "speaker": "speaker2",
          "personaID": "03312",
          "participantID": "0043",
          "utterance": "강원도 산골자기에 살아요ㅋㅋ 작게 펫샵 하거든요 그쪽은요?",
          "summary": "나는 펫 샵을 운영한다.",
          "date": "2022-08-10",
          "time": "20:10:33",
          "terminate": "false"
        },
        {
          "speaker": "speaker1",
          "personaID": "02975",
          "participantID": "0021",
          "utterance": "아 진짜요? 저는 뭐 그냥 공무원이에요.",
          "summary": "나는 공무원이다.",
          "date": "2022-08-10",
          "time": "20:10:54",
          "terminate": "false"
        },
        {
          "speaker": "speaker2",
          "personaID": "03312",
          "participantID": "0043",
          "utterance": "네ㅋㅋ 곤충을 판매하는데 이런게 아무래도 강원도쪽이 잘 잡히니까요.",
          "summary": "나는 곤충을 판매한다.",
          "date": "2022-08-10",
          "time": "20:11:17",
          "terminate": "false"
        },
        {
          "speaker": "speaker1",
          "personaID": "02975",
          "participantID": "0021",
          "utterance": "아 진짜요? 신기하다 그런 일을 하시는군요.",
          "summary": "",
          "date": "2022-08-10",
          "time": "20:11:25",
          "terminate": "false"
        },
        {
          "speaker": "speaker2",
          "personaID": "03312",
          "participantID": "0043",
          "utterance": "네~ 산속에서 이것저것 채집하면서 @브랜드명1@도 해요.",
          "summary": "나는 @브랜드명1@를 한다.",
          "date": "2022-08-10",
          "time": "20:11:44",
          "terminate": "false"
        },
        {
          "speaker": "speaker1",
          "personaID": "02975",
          "participantID": "0021",
          "utterance": "@브랜드명1@도 하시는구나 저는 공무원이라 겸직이 안나와요 ㅠ.",
          "summary": "나는 공무원이라 @브랜드명1@를 하지 못한다.",
          "date": "2022-08-10",
          "time": "20:12:06",
          "terminate": "false"
        },
        {
          "speaker": "speaker2",
          "personaID": "03312",
          "participantID": "0043",
          "utterance": "공무원분들은 그런게 좀 답답하겠네요~",
          "summary": "",
          "date": "2022-08-10",
          "time": "20:12:17",
          "terminate": "false"
        },
        {
          "speaker": "speaker1",
          "personaID": "02975",
          "participantID": "0021",
          "utterance": "곤충은 그러면 어떤 곤충을 파는거에요?",
          "summary": "",
          "date": "2022-08-10",
          "time": "21:03:06",
          "terminate": "false"
        },
        {
          "speaker": "speaker2",
          "personaID": "03312",
          "participantID": "0043",
          "utterance": "제가 직접 잡아다가 파는건 사슴벌레 장수풍뎅이 이런거에요.",
          "summary": "나는 딱정벌레를 채집한다.",
          "date": "2022-08-10",
          "time": "21:03:06",
          "terminate": "false"
        },
        {
          "speaker": "speaker1",
          "personaID": "02975",
          "participantID": "0021",
          "utterance": "아 진짜 그런거 잡으시는구나 다음에 또 연락해요!",
          "summary": "",
          "date": "2022-08-10",
          "time": "21:03:06",
          "terminate": "false"
        },
        {
          "speaker": "speaker2",
          "personaID": "03312",
          "participantID": "0043",
          "utterance": "네~ 다음에 시간나시면 연락 또 해요 우리~",
          "summary": "",
          "date": "2022-08-10",
          "time": "21:03:06",
          "terminate": "true"
        }
      ],
      "sessionPersonaSummary": {
        "speaker1": [
          "나는 30대 여자이다.",
          "나의 거주지는 강원도이다.",
          "나는 공무원이다.",
          "나는 공무원이라 @브랜드명1@를 하지 못한다."
        ],
        "speaker2": [
          "나는 40대 남자이다.",
          "나의 거주지는 강원도이다.",
          "나는 펫 샵을 운영한다.",
          "나는 곤충을 판매한다.",
          "나는 @브랜드명1@를 한다.",
          "나는 딱정벌레를 채집한다."
        ]
      },
      "prevAggregatedpersonaSummary": {
        "speaker1": [],
        "speaker2": []
      }
    },
    {
      "prevSessionID": "4-00573-1",
      "prevTimeInfo": {
        "timeNum": "3",
        "timeUnit": "일"
      },
      "nthSession": "2",
      "numberOfUtterances": "16",
      "numberOfTurns": "8",
      "sessionID": "4-00573-2",
      "dialog": [
        {
          "speaker": "speaker1",
          "personaID": "02975",
          "participantID": "0021",
          "utterance": "그동안 잘지내셨나요? 벌레 채집 좀 하셨나요?",
          "summary": "",
          "date": "2022-08-10",
          "time": "21:03:06",
          "terminate": "false"
        },
        {
          "speaker": "speaker2",
          "personaID": "03312",
          "participantID": "0043",
          "utterance": "아뇨 요즘은 해외에서 도마뱀류들 수입중이라 바쁘네요.",
          "summary": "나는 해외에서 도마뱀을 수입한다.",
          "date": "2022-08-10",
          "time": "21:03:06",
          "terminate": "false"
        },
        {
          "speaker": "speaker1",
          "personaID": "02975",
          "participantID": "0021",
          "utterance": "다른것도 하시는구나 저는 남동생이 놀러와서 오랜만에 같이 만났어요.",
          "summary": "나는 남동생과 함께 놀러 왔다.",
          "date": "2022-08-10",
          "time": "21:03:06",
          "terminate": "false"
        },
        {
          "speaker": "speaker2",
          "personaID": "03312",
          "participantID": "0043",
          "utterance": "아 남동생 있으시구나 남동생은 무슨일 해요?",
          "summary": "",
          "date": "2022-08-10",
          "time": "21:03:06",
          "terminate": "false"
        },
        {
          "speaker": "speaker1",
          "personaID": "02975",
          "participantID": "0021",
          "utterance": "제 남동생은 회계사에요 너무 바빠서 잘 못봐요.",
          "summary": "나의 남자 형제는 회계사이다.",
          "date": "2022-08-10",
          "time": "21:03:06",
          "terminate": "false"
        },
        {
          "speaker": "speaker2",
          "personaID": "03312",
          "participantID": "0043",
          "utterance": "아 훌륭한 일 하시네요 동생분이ㅎㅎ 멋지군요.",
          "summary": "",
          "date": "2022-08-10",
          "time": "21:03:06",
          "terminate": "false"
        },
        {
          "speaker": "speaker1",
          "personaID": "02975",
          "participantID": "0021",
          "utterance": "네 돈도 잘벌고 공부도 잘하고 부러워요~",
          "summary": "",
          "date": "2022-08-10",
          "time": "21:03:06",
          "terminate": "false"
        },
        {
          "speaker": "speaker2",
          "personaID": "03312",
          "participantID": "0043",
          "utterance": "저도 친구놈들이랑 자주 만나는데 다들 잘 살아서 부러워요ㅋㅋ.",
          "summary": "나는 친구와 자주 만난다.",
          "date": "2022-08-10",
          "time": "21:03:06",
          "terminate": "false"
        },
        {
          "speaker": "speaker1",
          "personaID": "02975",
          "participantID": "0021",
          "utterance": "아 진짜요? 그래도 그정도 펫샵이면 꽤 잘 사실거같은데요 뭐 ㅋㅋ.",
          "summary": "",
          "date": "2022-08-10",
          "time": "21:03:06",
          "terminate": "false"
        },
        {
          "speaker": "speaker2",
          "personaID": "03312",
          "participantID": "0043",
          "utterance": "아 이게 힘든거에 비해 남는거 없어요ㅋㅋ 이런거 좋아해서 하는거지.",
          "summary": "나는 내가 하는 일을 좋아한다.",
          "date": "2022-08-10",
          "time": "21:03:06",
          "terminate": "false"
        },
        {
          "speaker": "speaker1",
          "personaID": "02975",
          "participantID": "0021",
          "utterance": "아 그렇구나 꽤 힘들거같아요 그러면 ㅠㅠ 고생하시네요.",
          "summary": "",
          "date": "2022-08-10",
          "time": "21:03:06",
          "terminate": "false"
        },
        {
          "speaker": "speaker2",
          "personaID": "03312",
          "participantID": "0043",
          "utterance": "진짜 힘들어요ㅋㅋ 애들 다 온도 관리해주느라 덥기도 하구요.",
          "summary": "나는 일이 힘들다.",
          "date": "2022-08-10",
          "time": "21:03:06",
          "terminate": "false"
        },
        {
          "speaker": "speaker1",
          "personaID": "02975",
          "participantID": "0021",
          "utterance": "나중에 한번 들를게요! 주소 한번 알려주세요~",
          "summary": "나는 나중에 펫 샵을 들릴 것이다.",
          "date": "2022-08-10",
          "time": "21:03:06",
          "terminate": "false"
        },
        {
          "speaker": "speaker2",
          "personaID": "03312",
          "participantID": "0043",
          "utterance": "그래요 @홈페이지1@ 지도에 슈퍼울트라벌레라고 검색하시면 나올거에요ㅎㅎ.",
          "summary": "",
          "date": "2022-08-10",
          "time": "21:03:06",
          "terminate": "false"
        },
        {
          "speaker": "speaker1",
          "personaID": "02975",
          "participantID": "0021",
          "utterance": "구경만 해도 재밌을거같아요! 꼭 갈게요.",
          "summary": "",
          "date": "2022-08-10",
          "time": "21:03:06",
          "terminate": "false"
        },
        {
          "speaker": "speaker2",
          "personaID": "03312",
          "participantID": "0043",
          "utterance": "아이 데리고 구경하러 오시는 손님분도 많이 계시죠~ 기다릴게요~",
          "summary": "",
          "date": "2022-08-10",
          "time": "21:03:06",
          "terminate": "true"
        }
      ],
      "sessionPersonaSummary": {
        "speaker1": [
          "나는 남동생과 함께 놀러 왔다.",
          "나의 남자 형제는 회계사이다.",
          "나는 나중에 펫 샵을 들릴 것이다."
        ],
        "speaker2": [
          "나는 해외에서 도마뱀을 수입한다.",
          "나는 친구와 자주 만난다.",
          "나는 내가 하는 일을 좋아한다.",
          "나는 일이 힘들다."
        ]
      },
      "prevAggregatedpersonaSummary": {
        "speaker1": [
          "나는 30대 여자이다.",
          "나의 거주지는 강원도이다.",
          "나는 공무원이다.",
          "나는 공무원이라 @브랜드명1@를 하지 못한다."
        ],
        "speaker2": [
          "나는 40대 남자이다.",
          "나의 거주지는 강원도이다.",
          "나는 펫 샵을 운영한다.",
          "나는 곤충을 판매한다.",
          "나는 @브랜드명1@를 한다.",
          "나는 딱정벌레를 채집한다."
        ]
      }
    },
    {
      "prevSessionID": "4-00573-2",
      "prevTimeInfo": {
        "timeNum": "2",
        "timeUnit": "일"
      },
      "nthSession": "3",
      "numberOfUtterances": "16",
      "numberOfTurns": "8",
      "sessionID": "4-00573-3",
      "dialog": [
        {
          "speaker": "speaker1",
          "personaID": "02975",
          "participantID": "0021",
          "utterance": "오늘도 가게 하시죠? 저는 오늘 쉬는날이라서요.",
          "summary": "",
          "date": "2022-08-10",
          "time": "21:03:06",
          "terminate": "false"
        },
        {
          "speaker": "speaker2",
          "personaID": "03312",
          "participantID": "0043",
          "utterance": "아뇨 오늘은 저도 쉽니다ㅎㅎ 집에서 TV나 보려구요.",
          "summary": "나는 TV를 볼 예정이다.",
          "date": "2022-08-10",
          "time": "21:03:06",
          "terminate": "false"
        },
        {
          "speaker": "speaker1",
          "personaID": "02975",
          "participantID": "0021",
          "utterance": "아 좋네요~ 저는 노래 들으면서 쉬고 있어요.",
          "summary": "나는 노래를 듣고 있다.",
          "date": "2022-08-10",
          "time": "21:03:06",
          "terminate": "false"
        },
        {
          "speaker": "speaker2",
          "personaID": "03312",
          "participantID": "0043",
          "utterance": "평화롭네요ㅎㅎ 전 스포츠TV를 좋아해서 티비 예약해봤어요.",
          "summary": "나는 스포츠 TV를 좋아한다.",
          "date": "2022-08-10",
          "time": "21:03:06",
          "terminate": "false"
        },
        {
          "speaker": "speaker1",
          "personaID": "02975",
          "participantID": "0021",
          "utterance": "저는 컨트리 음악을 좋아해서 자주들어요 그거 듣고 있어요!",
          "summary": "나는 컨트리 음악을 좋아해서 자주 듣는다.",
          "date": "2022-08-10",
          "time": "21:03:06",
          "terminate": "false"
        },
        {
          "speaker": "speaker2",
          "personaID": "03312",
          "participantID": "0043",
          "utterance": "아~ 듣기만 해도 평화로운게 잠이 노곤노곤 오네요ㅋㅋㅋ.",
          "summary": "",
          "date": "2022-08-10",
          "time": "21:03:06",
          "terminate": "false"
        },
        {
          "speaker": "speaker1",
          "personaID": "02975",
          "participantID": "0021",
          "utterance": "그러시나요? 낮잠도 좋지만 주말인데 외출도 좋지않나요 ㅋㅋ.",
          "summary": "",
          "date": "2022-08-10",
          "time": "21:03:06",
          "terminate": "false"
        },
        {
          "speaker": "speaker2",
          "personaID": "03312",
          "participantID": "0043",
          "utterance": "평소에 산 타면서 곤충 채집 하다보니 쉬는날엔 뻗어서 TV나 봐요ㅋㅋ.",
          "summary": "나는 쉬는 날 집에만 있는다.",
          "date": "2022-08-10",
          "time": "21:03:06",
          "terminate": "false"
        },
        {
          "speaker": "speaker1",
          "personaID": "02975",
          "participantID": "0021",
          "utterance": "힘드시겠어요... 저는 똠양꿍을 좋아해서 한번 시내로 나가볼까봐요.",
          "summary": "나는 똠 양 꿈을 좋아한다.",
          "date": "2022-08-10",
          "time": "21:03:06",
          "terminate": "false"
        },
        {
          "speaker": "speaker2",
          "personaID": "03312",
          "participantID": "0043",
          "utterance": "아~ 똠양꿍 좋죠 하... 저도 TV보면서 치킨에 맥주나 좀 때리고 싶은데.",
          "summary": "나는 치킨과 맥주를 먹고 싶다.",
          "date": "2022-08-10",
          "time": "21:03:06",
          "terminate": "false"
        },
        {
          "speaker": "speaker1",
          "personaID": "02975",
          "participantID": "0021",
          "utterance": "진짜요 ㅋㅋ 딱 스포츠 보면서 먹기 좋잖아요?",
          "summary": "",
          "date": "2022-08-10",
          "time": "21:03:06",
          "terminate": "false"
        },
        {
          "speaker": "speaker2",
          "personaID": "03312",
          "participantID": "0043",
          "utterance": "그쵸 이게 필순데 제가 요새 배가 너무 나와서 끊었습니다ㅠㅠ.",
          "summary": "나는 맥주를 최근에 끊었다.",
          "date": "2022-08-10",
          "time": "21:03:06",
          "terminate": "false"
        },
        {
          "speaker": "speaker1",
          "personaID": "02975",
          "participantID": "0021",
          "utterance": "아~ 진짜 맥주 칼로리가 ㅠㅠ 너무 높죠.",
          "summary": "",
          "date": "2022-08-10",
          "time": "21:03:06",
          "terminate": "false"
        },
        {
          "speaker": "speaker2",
          "personaID": "03312",
          "participantID": "0043",
          "utterance": "다들 치킨이 살찌는 줄 아는데 맥주가 진짜에요 맥주가~",
          "summary": "",
          "date": "2022-08-10",
          "time": "21:03:06",
          "terminate": "false"
        },
        {
          "speaker": "speaker1",
          "personaID": "02975",
          "participantID": "0021",
          "utterance": "맞아요 ㅠㅠ 그러면 저는 한번 나가봐야겠어요! 잘 쉬시고 또 연락해요.",
          "summary": "나는 외출할 것이다.",
          "date": "2022-08-10",
          "time": "21:03:06",
          "terminate": "false"
        },
        {
          "speaker": "speaker2",
          "personaID": "03312",
          "participantID": "0043",
          "utterance": "네~ 휴일 즐겁게 보내시고 다음에 또 연락해요~",
          "summary": "",
          "date": "2022-08-10",
          "time": "21:03:06",
          "terminate": "true"
        }
      ],
      "sessionPersonaSummary": {
        "speaker1": [
          "나는 노래를 듣고 있다.",
          "나는 컨트리 음악을 좋아해서 자주 듣는다.",
          "나는 똠 양 꿈을 좋아한다.",
          "나는 외출할 것이다."
        ],
        "speaker2": [
          "나는 TV를 볼 예정이다.",
          "나는 스포츠 TV를 좋아한다.",
          "나는 쉬는 날 집에만 있는다.",
          "나는 치킨과 맥주를 먹고 싶다.",
          "나는 맥주를 최근에 끊었다."
        ]
      },
      "prevAggregatedpersonaSummary": {
        "speaker1": [
          "나는 30대 여자이다.",
          "나의 거주지는 강원도이다.",
          "나는 공무원이다.",
          "나는 공무원이라 @브랜드명1@를 하지 못한다.",
          "나는 남동생과 함께 놀러 왔다.",
          "나의 남자 형제는 회계사이다.",
          "나는 나중에 펫 샵을 들릴 것이다."
        ],
        "speaker2": [
          "나는 40대 남자이다.",
          "나의 거주지는 강원도이다.",
          "나는 펫 샵을 운영한다.",
          "나는 곤충을 판매한다.",
          "나는 @브랜드명1@를 한다.",
          "나는 딱정벌레를 채집한다.",
          "나는 해외에서 도마뱀을 수입한다.",
          "나는 친구와 자주 만난다.",
          "나는 내가 하는 일을 좋아한다.",
          "나는 일이 힘들다."
        ]
      }
    },
    {
      "prevSessionID": "4-00573-3",
      "prevTimeInfo": {
        "timeNum": "1",
        "timeUnit": "일"
      },
      "nthSession": "4",
      "numberOfUtterances": "16",
      "numberOfTurns": "8",
      "sessionID": "4-00573-4",
      "dialog": [
        {
          "speaker": "speaker1",
          "personaID": "02975",
          "participantID": "0021",
          "utterance": "진짜 이게 월요병이라는건가봐요 ㅠㅠ 너무 지치네요.",
          "summary": "나는 월요일이 힘들다.",
          "date": "2022-08-10",
          "time": "21:03:06",
          "terminate": "false"
        },
        {
          "speaker": "speaker2",
          "personaID": "03312",
          "participantID": "0043",
          "utterance": "하하 그러면 쓰나요 전 펫샵 애들 채우러 준비중입니다.",
          "summary": "",
          "date": "2022-08-10",
          "time": "21:03:06",
          "terminate": "false"
        },
        {
          "speaker": "speaker1",
          "personaID": "02975",
          "participantID": "0021",
          "utterance": "혹시 특수 동물만 하는것도 아니고 강아지도 하시나요?",
          "summary": "",
          "date": "2022-08-10",
          "time": "21:03:06",
          "terminate": "false"
        },
        {
          "speaker": "speaker2",
          "personaID": "03312",
          "participantID": "0043",
          "utterance": "아뇨~ 전 곤충이나 파충류같은 애들만 다뤄요ㅎㅎ.",
          "summary": "",
          "date": "2022-08-10",
          "time": "21:03:06",
          "terminate": "false"
        },
        {
          "speaker": "speaker1",
          "personaID": "02975",
          "participantID": "0021",
          "utterance": "아 그러진 않으시군요... 저는 강아지를 진짜 좋아하는데.",
          "summary": "나는 강아지를 좋아한다.",
          "date": "2022-08-10",
          "time": "21:03:06",
          "terminate": "false"
        },
        {
          "speaker": "speaker2",
          "personaID": "03312",
          "participantID": "0043",
          "utterance": "여성분들이 보통 강아지 좋아하죠ㅋㅋ 이런건 남자손님들이 자주 오세요.",
          "summary": "나의 가게는 남자 손님이 주이다.",
          "date": "2022-08-10",
          "time": "21:03:06",
          "terminate": "false"
        },
        {
          "speaker": "speaker1",
          "personaID": "02975",
          "participantID": "0021",
          "utterance": "맞아요 그래도 벌레나 파충류도 저는 좀 관심 있어요!",
          "summary": "",
          "date": "2022-08-10",
          "time": "21:03:06",
          "terminate": "false"
        },
        {
          "speaker": "speaker2",
          "personaID": "03312",
          "participantID": "0043",
          "utterance": "가끔 여성분들이 오긴 합니다 특히 뱀을 좋아하세요 여성분들은.",
          "summary": "",
          "date": "2022-08-10",
          "time": "21:03:06",
          "terminate": "false"
        },
        {
          "speaker": "speaker1",
          "personaID": "02975",
          "participantID": "0021",
          "utterance": "그 게코 도마뱀? 그거 @브랜드명1@로 보니까 너무 귀엽더라고요.",
          "summary": "나는 게코 도마뱀을 좋아한다.",
          "date": "2022-08-10",
          "time": "21:03:06",
          "terminate": "false"
        },
        {
          "speaker": "speaker2",
          "personaID": "03312",
          "participantID": "0043",
          "utterance": "그래요?ㅋㅋ 근데 파충류 좋아하시는 여성분들은 스타일이 다 비슷하시더라구요.",
          "summary": "",
          "date": "2022-08-10",
          "time": "21:03:06",
          "terminate": "false"
        },
        {
          "speaker": "speaker1",
          "personaID": "02975",
          "participantID": "0021",
          "utterance": "아 그런가요? 장사하니까 그런것도 보이시나봐요.",
          "summary": "",
          "date": "2022-08-10",
          "time": "21:03:06",
          "terminate": "false"
        },
        {
          "speaker": "speaker2",
          "personaID": "03312",
          "participantID": "0043",
          "utterance": "네 손님들 특징이 자주 보니 보여요ㅋㅋ.",
          "summary": "나는 손님들 특징을 파악한다.",
          "date": "2022-08-10",
          "time": "21:03:06",
          "terminate": "false"
        },
        {
          "speaker": "speaker1",
          "personaID": "02975",
          "participantID": "0021",
          "utterance": "그러면 이번 주말에는 진짜 한번 가볼게요! 너무 궁금해요.",
          "summary": "나는 주말에 펫 샵을 갈 것이다.",
          "date": "2022-08-10",
          "time": "21:03:06",
          "terminate": "false"
        },
        {
          "speaker": "speaker2",
          "personaID": "03312",
          "participantID": "0043",
          "utterance": "그래요 한번 들리세요 전 이만 산에 올라가 봐야겠네요.",
          "summary": "",
          "date": "2022-08-10",
          "time": "21:03:06",
          "terminate": "false"
        },
        {
          "speaker": "speaker1",
          "personaID": "02975",
          "participantID": "0021",
          "utterance": "와 오늘도 가시나요 대단하시네요! 다음에 또 봐요!",
          "summary": "",
          "date": "2022-08-10",
          "time": "21:03:06",
          "terminate": "false"
        },
        {
          "speaker": "speaker2",
          "personaID": "03312",
          "participantID": "0043",
          "utterance": "오늘도 대화 즐거웠습니다 월요일이라고 축 쳐지지 마시고 화이팅 하세요!",
          "summary": "",
          "date": "2022-08-10",
          "time": "21:03:06",
          "terminate": "true"
        }
      ],
      "sessionPersonaSummary": {
        "speaker1": [
          "나는 월요일이 힘들다.",
          "나는 강아지를 좋아한다.",
          "나는 게코 도마뱀을 좋아한다.",
          "나는 주말에 펫 샵을 갈 것이다."
        ],
        "speaker2": [
          "나의 가게는 남자 손님이 주이다.",
          "나는 손님들 특징을 파악한다."
        ]
      },
      "prevAggregatedpersonaSummary": {
        "speaker1": [
          "나는 30대 여자이다.",
          "나의 거주지는 강원도이다.",
          "나는 공무원이다.",
          "나는 공무원이라 @브랜드명1@를 하지 못한다.",
          "나는 남동생과 함께 놀러 왔다.",
          "나의 남자 형제는 회계사이다.",
          "나는 나중에 펫 샵을 들릴 것이다.",
          "나는 노래를 듣고 있다.",
          "나는 컨트리 음악을 좋아해서 자주 듣는다.",
          "나는 똠 양 꿈을 좋아한다.",
          "나는 외출할 것이다."
        ],
        "speaker2": [
          "나는 40대 남자이다.",
          "나의 거주지는 강원도이다.",
          "나는 펫 샵을 운영한다.",
          "나는 곤충을 판매한다.",
          "나는 @브랜드명1@를 한다.",
          "나는 딱정벌레를 채집한다.",
          "나는 해외에서 도마뱀을 수입한다.",
          "나는 친구와 자주 만난다.",
          "나는 내가 하는 일을 좋아한다.",
          "나는 일이 힘들다.",
          "나는 TV를 볼 예정이다.",
          "나는 스포츠 TV를 좋아한다.",
          "나는 쉬는 날 집에만 있는다.",
          "나는 치킨과 맥주를 먹고 싶다.",
          "나는 맥주를 최근에 끊었다."
        ]
      }
    }
  ]
}