{
  "FileInfo": {
    "filename": "K4-00404-CL67406-CP68047-16-02-S4.json",
    "sessionLevel": "4"
  },
  "participantsInfo": {
    "numberOfParticipants": "2",
    "speaker1": {
      "participantID": "20589",
      "gender": "여성",
      "age": "20대",
      "occupation": "무직",
      "bPlace": "부산/대구/울산/경상",
      "gPlace": "부산/대구/울산/경상",
      "rPlace": "부산/대구/울산/경상",
      "educationLevel": "고졸"
    },
    "speaker2": {
      "participantID": "20330",
      "gender": "여성",
      "age": "20대",
      "occupation": "무직",
      "bPlace": "광주/전라/제주",
      "gPlace": "광주/전라/제주",
      "rPlace": "광주/전라/제주",
      "educationLevel": "대졸"
    }
  },
  "multisessionInfo": {
    "multisessionID": "4-00404"
  },
  "personaInfo": {
    "clInfo": {
      "personaID": "67406",
      "personaFeatures": [
        "나는 여자이다.",
        "나는 20대이다.",
        "나는 겨울을 좋아한다.",
        "나의 생일은 5월이다.",
        "나는 TV 예능을 싫어한다.",
        "나는 오렌지를 싫어한다."
      ],
      "speakerType": "speaker1"
    },
    "cpInfo": {
      "personaID": "68047",
      "personaFeatures": [
        "나는 여자이다.",
        "나는 20대이다.",
        "나는 바람 부는 날을 싫어한다.",
        "나는 스위스에 가 보고 싶다.",
        "나는 다소 내성적이다.",
        "나는 거북이 두 마리를 키운다.",
        "나는 혈액형이 AB형이다."
      ],
      "speakerType": "speaker2"
    }
  },
  "topicInfo": {
    "topicID": "16-02",
    "topicType": "미용과 건강>미용",
    "topicTitle": "피부"
  },
  "sessionInfo": [
    {
      "prevSessionID": null,
      "prevTimeInfo": {
        "timeNum": null,
        "timeUnit": null
      },
      "nthSession": "1",
      "numberOfUtterances": "14",
      "numberOfTurns": "7",
      "sessionID": "4-00404-1",
      "dialog": [
        {
          "speaker": "speaker1",
          "personaID": "67406",
          "participantID": "20589",
          "utterance": "안녕하세요~ 저는 20대 여자입니다!ㅎㅎ.",
          "summary": "나는 20대 여자이다.",
          "date": "2022-11-18",
          "time": "09:35:37",
          "terminate": "false"
        },
        {
          "speaker": "speaker2",
          "personaID": "68047",
          "participantID": "20330",
          "utterance": "안녕하세요 저는 20대 여자입니다 같은 동년배이네요^^",
          "summary": "나는 20대 여자이다.",
          "date": "2022-11-18",
          "time": "09:35:46",
          "terminate": "false"
        },
        {
          "speaker": "speaker1",
          "personaID": "67406",
          "participantID": "20589",
          "utterance": "같은 20대네요? 저 5월달 생일인데^^선물 뜯으러 들어왔어요..헤헷.",
          "summary": "나의 생일은 5월이다.",
          "date": "2022-11-18",
          "time": "09:35:57",
          "terminate": "false"
        },
        {
          "speaker": "speaker2",
          "personaID": "68047",
          "participantID": "20330",
          "utterance": "앗생일 한참지났는데요? 지금 11월달이잖아요^^",
          "summary": "",
          "date": "2022-11-18",
          "time": "09:36:17",
          "terminate": "false"
        },
        {
          "speaker": "speaker1",
          "personaID": "67406",
          "participantID": "20589",
          "utterance": "그래도 그냥 주세요!ㅋㅋㅋㅋ원래 선물 주고받아야 친해지잖아요~",
          "summary": "",
          "date": "2022-11-18",
          "time": "09:36:44",
          "terminate": "false"
        },
        {
          "speaker": "speaker2",
          "personaID": "68047",
          "participantID": "20330",
          "utterance": "제가 AB형이라 다소 내성적이랍니다^^ 이해좀요^^",
          "summary": "나의 혈액형은 AB형이고 다소 내성적이다.",
          "date": "2022-11-18",
          "time": "09:37:13",
          "terminate": "false"
        },
        {
          "speaker": "speaker1",
          "personaID": "67406",
          "participantID": "20589",
          "utterance": "A형이 내성적이지 않나요?ㅎㅎ혈액형은 믿거나 말거나같아요~~",
          "summary": "",
          "date": "2022-11-18",
          "time": "09:37:27",
          "terminate": "false"
        },
        {
          "speaker": "speaker2",
          "personaID": "68047",
          "participantID": "20330",
          "utterance": "저는 혈액형 성격을 좀 믿는편이라서요~ 존중해줘요!",
          "summary": "나는 혈액형 성격을 믿는다.",
          "date": "2022-11-18",
          "time": "09:37:42",
          "terminate": "false"
        },
        {
          "speaker": "speaker1",
          "personaID": "67406",
          "participantID": "20589",
          "utterance": "알겠어요! 그럼 선물은..^^? 저 겨울 좋아해요! 겨울용품으로 사주세여!",
          "summary": "나는 겨울을 좋아한다.",
          "date": "2022-11-18",
          "time": "09:37:56",
          "terminate": "false"
        },
        {
          "speaker": "speaker2",
          "personaID": "68047",
          "participantID": "20330",
          "utterance": "스마트폰사용할수 있는 장갑어떠세요? 제가 하나 장만했는데 좋거든요!",
          "summary": "",
          "date": "2022-11-18",
          "time": "09:38:12",
          "terminate": "false"
        },
        {
          "speaker": "speaker1",
          "personaID": "67406",
          "participantID": "20589",
          "utterance": "오 터치 장갑이요? 너무 좋아요! 나중에 추운나라 여행갈 때도 좋을 것 같은데요?ㅎㅎ.",
          "summary": "",
          "date": "2022-11-18",
          "time": "09:38:31",
          "terminate": "false"
        },
        {
          "speaker": "speaker2",
          "personaID": "68047",
          "participantID": "20330",
          "utterance": "네 맞아요! 겨울에 저는 자연의나라 스위스에 가보고싶네요 ㅠ.",
          "summary": "나는 스위스에 가보고 싶다.",
          "date": "2022-11-18",
          "time": "09:38:45",
          "terminate": "false"
        },
        {
          "speaker": "speaker1",
          "personaID": "67406",
          "participantID": "20589",
          "utterance": "스위스 너무 좋죠ㅠㅠ근데 저 회의 좀 다녀올게요!",
          "summary": "나는 회의를 다녀올 것이다.",
          "date": "2022-11-18",
          "time": "09:38:59",
          "terminate": "false"
        },
        {
          "speaker": "speaker2",
          "personaID": "68047",
          "participantID": "20330",
          "utterance": "네 다녀오세요! 저도 이제 약먹어야해서 아침좀 먹어야겠네요~",
          "summary": "",
          "date": "2022-11-18",
          "time": "09:39:08",
          "terminate": "true"
        }
      ],
      "sessionPersonaSummary": {
        "speaker1": [
          "나는 20대 여자이다.",
          "나의 생일은 5월이다.",
          "나는 겨울을 좋아한다.",
          "나는 회의를 다녀올 것이다."
        ],
        "speaker2": [
          "나는 20대 여자이다.",
          "나의 혈액형은 AB형이고 다소 내성적이다.",
          "나는 혈액형 성격을 믿는다.",
          "나는 스위스에 가보고 싶다."
        ]
      },
      "prevAggregatedpersonaSummary": {
        "speaker1": [],
        "speaker2": []
      }
    },
    {
      "prevSessionID": "4-00404-1",
      "prevTimeInfo": {
        "timeNum": "6",
        "timeUnit": "시간"
      },
      "nthSession": "2",
      "numberOfUtterances": "14",
      "numberOfTurns": "7",
      "sessionID": "4-00404-2",
      "dialog": [
        {
          "speaker": "speaker1",
          "personaID": "67406",
          "participantID": "20589",
          "utterance": "6시간정도 지났는데 퇴근하셨나요?ㅎㅎ.",
          "summary": "",
          "date": "2022-11-18",
          "time": "09:39:14",
          "terminate": "false"
        },
        {
          "speaker": "speaker2",
          "personaID": "68047",
          "participantID": "20330",
          "utterance": "네! 벌써 여섯시간이 지났나요? 회의는 잘 하셨어요?",
          "summary": "",
          "date": "2022-11-18",
          "time": "09:39:27",
          "terminate": "false"
        },
        {
          "speaker": "speaker1",
          "personaID": "67406",
          "participantID": "20589",
          "utterance": "네~ 근데 겨울이라 그런지 피부가 너무 건조해지는 것 같아서 미치겠어요ㅠㅠ.",
          "summary": "",
          "date": "2022-11-18",
          "time": "09:39:38",
          "terminate": "false"
        },
        {
          "speaker": "speaker2",
          "personaID": "68047",
          "participantID": "20330",
          "utterance": "그러게요 바람까지 불어서 너무 미치겠어요 바람부는날 싫어하는데 빨리 집에 가야겠어요!",
          "summary": "나는 바람 부는 날을 싫어한다.",
          "date": "2022-11-18",
          "time": "09:39:55",
          "terminate": "false"
        },
        {
          "speaker": "speaker1",
          "personaID": "67406",
          "participantID": "20589",
          "utterance": "머리 스타일 망가지면 안되죠!! 저도 머리 스타일에 되게 민감하거든요!",
          "summary": "나는 머리 스타일에 민감하다.",
          "date": "2022-11-18",
          "time": "09:40:20",
          "terminate": "false"
        },
        {
          "speaker": "speaker2",
          "personaID": "68047",
          "participantID": "20330",
          "utterance": "앗정말요? 어떤헤어스타일이신지 궁금하네요! 저는 바디로션 사러가려구요!",
          "summary": "나는 바디로션을 사러 갈 것이다.",
          "date": "2022-11-18",
          "time": "09:40:53",
          "terminate": "false"
        },
        {
          "speaker": "speaker1",
          "personaID": "67406",
          "participantID": "20589",
          "utterance": "저는 중단발 머리에요ㅎㅎ겨울엔 바디로션 진짜 필수죠ㅠㅠ안그럼 각질 나와요......ㅋㅋ.",
          "summary": "나는 중단발 머리다.",
          "date": "2022-11-18",
          "time": "09:41:10",
          "terminate": "false"
        },
        {
          "speaker": "speaker2",
          "personaID": "68047",
          "participantID": "20330",
          "utterance": "맞아요 ㅠㅠ 저는 엄청 예민한 피부라서 겨울에 바디로션 안바르면 큰일나요..",
          "summary": "나는 예민한 피부이다.",
          "date": "2022-11-18",
          "time": "09:41:32",
          "terminate": "false"
        },
        {
          "speaker": "speaker1",
          "personaID": "67406",
          "participantID": "20589",
          "utterance": "저는 오늘 집에가서 팩을 해야겠어요! 화장이 자꾸 뜨니까 신경쓰여요ㅠㅠ.",
          "summary": "나는 집에 가서 팩을 할 것이다.",
          "date": "2022-11-18",
          "time": "09:41:43",
          "terminate": "false"
        },
        {
          "speaker": "speaker2",
          "personaID": "68047",
          "participantID": "20330",
          "utterance": "오 팩은 어떤팩을 자주하세요? 저도 추천좀 받아야겠네요~",
          "summary": "",
          "date": "2022-11-18",
          "time": "09:42:01",
          "terminate": "false"
        },
        {
          "speaker": "speaker1",
          "personaID": "67406",
          "participantID": "20589",
          "utterance": "보습력 좋은 꿀팩하려구요!ㅎㅎTV에서 봤거든요~ 건조할 땐 꿀이 최고래요!",
          "summary": "나는 보습력 좋은 꿀팩을 할 것이다.",
          "date": "2022-11-18",
          "time": "09:42:19",
          "terminate": "false"
        },
        {
          "speaker": "speaker2",
          "personaID": "68047",
          "participantID": "20330",
          "utterance": "오 정말요? 꿀 비싸잖아요^^ 좋은 브랜드 팩 있나요?",
          "summary": "",
          "date": "2022-11-18",
          "time": "09:42:36",
          "terminate": "false"
        },
        {
          "speaker": "speaker1",
          "personaID": "67406",
          "participantID": "20589",
          "utterance": "저는 제가 만들어서 직접해요! TV 예능을 싫어해서 TV보면 뷰티프로그램만 보면서 배웠어요ㅎㅎ.",
          "summary": "나는 TV 예능을 싫어한다.",
          "date": "2022-11-18",
          "time": "09:43:08",
          "terminate": "false"
        },
        {
          "speaker": "speaker2",
          "personaID": "68047",
          "participantID": "20330",
          "utterance": "아 그러시군요! @브랜드명@ 들렸다 가야겠네요! 그럼 이만~",
          "summary": "나는 @브랜드명@을 갈 것이다.",
          "date": "2022-11-18",
          "time": "09:43:30",
          "terminate": "true"
        }
      ],
      "sessionPersonaSummary": {
        "speaker1": [
          "나는 머리 스타일에 민감하다.",
          "나는 중단발 머리다.",
          "나는 집에 가서 팩을 할 것이다.",
          "나는 보습력 좋은 꿀팩을 할 것이다.",
          "나는 TV 예능을 싫어한다."
        ],
        "speaker2": [
          "나는 바람 부는 날을 싫어한다.",
          "나는 바디로션을 사러 갈 것이다.",
          "나는 예민한 피부이다.",
          "나는 @브랜드명@을 갈 것이다."
        ]
      },
      "prevAggregatedpersonaSummary": {
        "speaker1": [
          "나는 20대 여자이다.",
          "나의 생일은 5월이다.",
          "나는 겨울을 좋아한다.",
          "나는 회의를 다녀올 것이다."
        ],
        "speaker2": [
          "나는 20대 여자이다.",
          "나의 혈액형은 AB형이고 다소 내성적이다.",
          "나는 혈액형 성격을 믿는다.",
          "나는 스위스에 가보고 싶다."
        ]
      }
    },
    {
      "prevSessionID": "4-00404-2",
      "prevTimeInfo": {
        "timeNum": "2",
        "timeUnit": "주"
      },
      "nthSession": "3",
      "numberOfUtterances": "14",
      "numberOfTurns": "7",
      "sessionID": "4-00404-3",
      "dialog": [
        {
          "speaker": "speaker1",
          "personaID": "67406",
          "participantID": "20589",
          "utterance": "2주만에 연락드려요~ 피부 관리는 잘하고 계세요?",
          "summary": "",
          "date": "2022-11-18",
          "time": "09:43:33",
          "terminate": "false"
        },
        {
          "speaker": "speaker2",
          "personaID": "68047",
          "participantID": "20330",
          "utterance": "네! @브랜드명@ 에서 산 바디로션 최고랍니다^^",
          "summary": "",
          "date": "2022-11-18",
          "time": "09:43:54",
          "terminate": "false"
        },
        {
          "speaker": "speaker1",
          "personaID": "67406",
          "participantID": "20589",
          "utterance": "맞아요! 저는 무향이 좋더라구요>< 님은 어떤향 좋아하세요?",
          "summary": "나는 무향을 좋아한다.",
          "date": "2022-11-18",
          "time": "09:45:24",
          "terminate": "false"
        },
        {
          "speaker": "speaker2",
          "personaID": "68047",
          "participantID": "20330",
          "utterance": "저는 약간 은은한 꽃향기 좋아해요! 꿀팩은 꾸준히 하세요?",
          "summary": "나는 은은한 꽃향기를 좋아한다.",
          "date": "2022-11-18",
          "time": "09:46:13",
          "terminate": "false"
        },
        {
          "speaker": "speaker1",
          "personaID": "67406",
          "participantID": "20589",
          "utterance": "저는 향 중에는 클린향이 좋아요!ㅎㅎ꿀팩 하니까 확실히 좋더라구요!",
          "summary": "나는 클린 향을 좋아한다.",
          "date": "2022-11-18",
          "time": "09:46:45",
          "terminate": "false"
        },
        {
          "speaker": "speaker2",
          "personaID": "68047",
          "participantID": "20330",
          "utterance": "저도 한번해보려구요>< 님은 겨울좋아하시면 여름은 싫어하시나요?",
          "summary": "",
          "date": "2022-11-18",
          "time": "09:47:11",
          "terminate": "false"
        },
        {
          "speaker": "speaker1",
          "personaID": "67406",
          "participantID": "20589",
          "utterance": "네 저는 땀이 많아가지고.. 여름은 극혐..수준이랍니다ㅠㅠ그쪽은요?",
          "summary": "나는 땀이 많다. 나는 여름을 싫어한다.",
          "date": "2022-11-18",
          "time": "09:47:23",
          "terminate": "false"
        },
        {
          "speaker": "speaker2",
          "personaID": "68047",
          "participantID": "20330",
          "utterance": "저는 사실 겨울보다 여름을 좋아해요! 물놀이를 좋아해서요!",
          "summary": "나는 겨울보다 여름이 좋다.",
          "date": "2022-11-18",
          "time": "09:47:39",
          "terminate": "false"
        },
        {
          "speaker": "speaker1",
          "personaID": "67406",
          "participantID": "20589",
          "utterance": "수영을 잘하시나봐요? 내성적이라고 하셔서 활동적인거 안좋아할 줄알았는데!",
          "summary": "",
          "date": "2022-11-18",
          "time": "09:48:01",
          "terminate": "false"
        },
        {
          "speaker": "speaker2",
          "personaID": "68047",
          "participantID": "20330",
          "utterance": "사람들 만나는것만 좀 꺼려해요! 수영 너무 좋아요~",
          "summary": "나는 사람들 만나는 것만 꺼려하고 수영을 좋아한다.",
          "date": "2022-11-18",
          "time": "09:48:22",
          "terminate": "false"
        },
        {
          "speaker": "speaker1",
          "personaID": "67406",
          "participantID": "20589",
          "utterance": "오~ 수영은 어디까지 할 줄 아세요? 저는 접영까지 다 해요! 히릿~!",
          "summary": "나는 접영까지 할 줄 안다.",
          "date": "2022-11-18",
          "time": "09:48:35",
          "terminate": "false"
        },
        {
          "speaker": "speaker2",
          "personaID": "68047",
          "participantID": "20330",
          "utterance": "저는 자유형만 배웠어요! 빨리 여름이 왔으면 좋겠어요!",
          "summary": "나는 자유형만 배웠다.",
          "date": "2022-11-18",
          "time": "09:48:50",
          "terminate": "false"
        },
        {
          "speaker": "speaker1",
          "personaID": "67406",
          "participantID": "20589",
          "utterance": "저는 여름은.. 오지 않았으면 좋겠는데..ㅎㅎ.",
          "summary": "나는 여름이 오지 않았으면 좋겠다.",
          "date": "2022-11-18",
          "time": "09:49:04",
          "terminate": "false"
        },
        {
          "speaker": "speaker2",
          "personaID": "68047",
          "participantID": "20330",
          "utterance": "저랑 취향이 정말 안맞으시네요! 호호 그럼 저는 밥먹으러 가볼게요~",
          "summary": "나는 밥 먹으러 갈 것이다.",
          "date": "2022-11-18",
          "time": "09:49:20",
          "terminate": "true"
        }
      ],
      "sessionPersonaSummary": {
        "speaker1": [
          "나는 무향을 좋아한다.",
          "나는 클린 향을 좋아한다.",
          "나는 땀이 많다. 나는 여름을 싫어한다.",
          "나는 접영까지 할 줄 안다.",
          "나는 여름이 오지 않았으면 좋겠다."
        ],
        "speaker2": [
          "나는 은은한 꽃향기를 좋아한다.",
          "나는 겨울보다 여름이 좋다.",
          "나는 사람들 만나는 것만 꺼려하고 수영을 좋아한다.",
          "나는 자유형만 배웠다.",
          "나는 밥 먹으러 갈 것이다."
        ]
      },
      "prevAggregatedpersonaSummary": {
        "speaker1": [
          "나는 20대 여자이다.",
          "나의 생일은 5월이다.",
          "나는 겨울을 좋아한다.",
          "나는 회의를 다녀올 것이다.",
          "나는 머리 스타일에 민감하다.",
          "나는 중단발 머리다.",
          "나는 집에 가서 팩을 할 것이다.",
          "나는 보습력 좋은 꿀팩을 할 것이다.",
          "나는 TV 예능을 싫어한다."
        ],
        "speaker2": [
          "나는 20대 여자이다.",
          "나의 혈액형은 AB형이고 다소 내성적이다.",
          "나는 혈액형 성격을 믿는다.",
          "나는 스위스에 가보고 싶다.",
          "나는 바람 부는 날을 싫어한다.",
          "나는 바디로션을 사러 갈 것이다.",
          "나는 예민한 피부이다.",
          "나는 @브랜드명@을 갈 것이다."
        ]
      }
    },
    {
      "prevSessionID": "4-00404-3",
      "prevTimeInfo": {
        "timeNum": "3",
        "timeUnit": "일"
      },
      "nthSession": "4",
      "numberOfUtterances": "14",
      "numberOfTurns": "7",
      "sessionID": "4-00404-4",
      "dialog": [
        {
          "speaker": "speaker1",
          "personaID": "67406",
          "participantID": "20589",
          "utterance": "3일만에 연락드리네요~ 잘지내고 계셨죠?",
          "summary": "",
          "date": "2022-11-18",
          "time": "09:49:24",
          "terminate": "false"
        },
        {
          "speaker": "speaker2",
          "personaID": "68047",
          "participantID": "20330",
          "utterance": "오랜만인거 같네요! 저는 잘지내고있어요~ 꿀팩해봤어요!",
          "summary": "나는 잘 지낸다.",
          "date": "2022-11-18",
          "time": "09:49:43",
          "terminate": "false"
        },
        {
          "speaker": "speaker1",
          "personaID": "67406",
          "participantID": "20589",
          "utterance": "꿀팩 어때요? ㅎㅎ 저는 바디로션 뭐샀는지 여쭤보려고 했거든요!",
          "summary": "",
          "date": "2022-11-18",
          "time": "09:50:00",
          "terminate": "false"
        },
        {
          "speaker": "speaker2",
          "personaID": "68047",
          "participantID": "20330",
          "utterance": "좋아요! 정말 보습력이 장난아니던데요? 제가 바디로션 추천해드릴까요?",
          "summary": "",
          "date": "2022-11-18",
          "time": "09:50:30",
          "terminate": "false"
        },
        {
          "speaker": "speaker1",
          "personaID": "67406",
          "participantID": "20589",
          "utterance": "네~ 추천해주세요! 저도 쓰던 바디로션 다 썼거든요ㅠㅠ.",
          "summary": "나는 바디로션을 다 썼다.",
          "date": "2022-11-18",
          "time": "09:50:38",
          "terminate": "false"
        },
        {
          "speaker": "speaker2",
          "personaID": "68047",
          "participantID": "20330",
          "utterance": "@브랜드명@에서 1위인상품이예요! 피지오겔이요!",
          "summary": "",
          "date": "2022-11-18",
          "time": "09:50:46",
          "terminate": "false"
        },
        {
          "speaker": "speaker1",
          "personaID": "67406",
          "participantID": "20589",
          "utterance": "오!!!! 저도 그거 들어봤어요!! 한번 사봐야겠어요!!ㅎㅎ.",
          "summary": "",
          "date": "2022-11-18",
          "time": "09:51:16",
          "terminate": "false"
        },
        {
          "speaker": "speaker2",
          "personaID": "68047",
          "participantID": "20330",
          "utterance": "네! 님은 수영 접영까지하신다고 하셨는제 언제부터 배우신거예요?",
          "summary": "",
          "date": "2022-11-18",
          "time": "09:51:37",
          "terminate": "false"
        },
        {
          "speaker": "speaker1",
          "personaID": "67406",
          "participantID": "20589",
          "utterance": "저는 초등학교 때부터 수영을 배워가지고 성인이되서도 잘 헤엄쳐요^^",
          "summary": "나는 초등학교 때부터 수영을 배웠다.",
          "date": "2022-11-18",
          "time": "09:52:00",
          "terminate": "false"
        },
        {
          "speaker": "speaker2",
          "personaID": "68047",
          "participantID": "20330",
          "utterance": "저는 자유형만 배워봤는데 내년 여름에는 접영도 배워보고싶어서요~",
          "summary": "나는 접영을 배우고 싶다.",
          "date": "2022-11-18",
          "time": "09:52:03",
          "terminate": "false"
        },
        {
          "speaker": "speaker1",
          "personaID": "67406",
          "participantID": "20589",
          "utterance": "접영하면 뭔가 내가 뭐된 기분 들어서 좋아요ㅋㅋㅋㅋ한번 배워보세요!",
          "summary": "",
          "date": "2022-11-18",
          "time": "09:52:34",
          "terminate": "false"
        },
        {
          "speaker": "speaker2",
          "personaID": "68047",
          "participantID": "20330",
          "utterance": "자세가 좀 웃긴거같아요! 접영은 안그런가요? 호호.",
          "summary": "",
          "date": "2022-11-18",
          "time": "09:52:48",
          "terminate": "false"
        },
        {
          "speaker": "speaker1",
          "personaID": "67406",
          "participantID": "20589",
          "utterance": "저는 멋있다고 생각했는데 물살을 지배하는 느낌?ㅎㅎ우선 저 출근 준비 좀 하고 올게요!",
          "summary": "",
          "date": "2022-11-18",
          "time": "09:53:07",
          "terminate": "false"
        },
        {
          "speaker": "speaker2",
          "personaID": "68047",
          "participantID": "20330",
          "utterance": "그럼 오늘도 대화 정말재밌었네요! 나중에 또 기회 되면 나눠요^^",
          "summary": "",
          "date": "2022-11-18",
          "time": "09:53:10",
          "terminate": "true"
        }
      ],
      "sessionPersonaSummary": {
        "speaker1": [
          "나는 바디로션을 다 썼다.",
          "나는 초등학교 때부터 수영을 배웠다."
        ],
        "speaker2": [
          "나는 잘 지낸다.",
          "나는 접영을 배우고 싶다."
        ]
      },
      "prevAggregatedpersonaSummary": {
        "speaker1": [
          "나는 20대 여자이다.",
          "나의 생일은 5월이다.",
          "나는 겨울을 좋아한다.",
          "나는 회의를 다녀올 것이다.",
          "나는 머리 스타일에 민감하다.",
          "나는 중단발 머리다.",
          "나는 집에 가서 팩을 할 것이다.",
          "나는 보습력 좋은 꿀팩을 할 것이다.",
          "나는 TV 예능을 싫어한다.",
          "나는 무향을 좋아한다.",
          "나는 클린 향을 좋아한다.",
          "나는 땀이 많다. 나는 여름을 싫어한다.",
          "나는 접영까지 할 줄 안다.",
          "나는 여름이 오지 않았으면 좋겠다."
        ],
        "speaker2": [
          "나는 20대 여자이다.",
          "나의 혈액형은 AB형이고 다소 내성적이다.",
          "나는 혈액형 성격을 믿는다.",
          "나는 스위스에 가보고 싶다.",
          "나는 바람 부는 날을 싫어한다.",
          "나는 바디로션을 사러 갈 것이다.",
          "나는 예민한 피부이다.",
          "나는 @브랜드명@을 갈 것이다.",
          "나는 은은한 꽃향기를 좋아한다.",
          "나는 겨울보다 여름이 좋다.",
          "나는 사람들 만나는 것만 꺼려하고 수영을 좋아한다.",
          "나는 자유형만 배웠다.",
          "나는 밥 먹으러 갈 것이다."
        ]
      }
    }
  ]
}