{
  "FileInfo": {
    "filename": "K4-00378-CL31356-CP20900-14-11-S4.json",
    "sessionLevel": "4"
  },
  "participantsInfo": {
    "numberOfParticipants": "2",
    "speaker1": {
      "participantID": "0919",
      "gender": "여성",
      "age": "30대",
      "occupation": "사무직",
      "bPlace": "서울/경기/인천",
      "gPlace": "서울/경기/인천",
      "rPlace": "서울/경기/인천",
      "educationLevel": "고졸"
    },
    "speaker2": {
      "participantID": "0957",
      "gender": "남성",
      "age": "20대",
      "occupation": "무직",
      "bPlace": "서울/경기/인천",
      "gPlace": "서울/경기/인천",
      "rPlace": "서울/경기/인천",
      "educationLevel": "고졸"
    }
  },
  "multisessionInfo": {
    "multisessionID": "4-00378"
  },
  "personaInfo": {
    "clInfo": {
      "personaID": "31356",
      "personaFeatures": [
        "나는 여자이다.",
        "나는 30대이다.",
        "나는 사무 보조원이다.",
        "나는 칠레에 가 보고 싶다.",
        "나는 비빔냉면을 즐겨 먹는다."
      ],
      "speakerType": "speaker1"
    },
    "cpInfo": {
      "personaID": "20900",
      "personaFeatures": [
        "나는 남자이다.",
        "나는 20대이다.",
        "나는 밤에 인기 노래 차트를 확인한다.",
        "나는 연극회 동아리에 관심이 없다.",
        "나는 TV 음악 프로그램을 자주 본다."
      ],
      "speakerType": "speaker2"
    }
  },
  "topicInfo": {
    "topicID": "14-11",
    "topicType": "시사/사회>사회이슈(국내)",
    "topicTitle": "백신"
  },
  "sessionInfo": [
    {
      "prevSessionID": null,
      "prevTimeInfo": {
        "timeNum": null,
        "timeUnit": null
      },
      "nthSession": "1",
      "numberOfUtterances": "16",
      "numberOfTurns": "8",
      "sessionID": "4-00378-1",
      "dialog": [
        {
          "speaker": "speaker1",
          "personaID": "31356",
          "participantID": "0919",
          "utterance": "안녕하세요. 저는 30대 여자이고 사무 보조원입니다.",
          "summary": "나는 30대 여자이고 사무 보조원이다.",
          "date": "2022-10-15",
          "time": "22:44:35",
          "terminate": "false"
        },
        {
          "speaker": "speaker2",
          "personaID": "20900",
          "participantID": "0957",
          "utterance": "안녕하세요. 저는 20대 남자입니다.",
          "summary": "나는 20대 남자이다.",
          "date": "2022-10-15",
          "time": "22:44:38",
          "terminate": "false"
        },
        {
          "speaker": "speaker1",
          "personaID": "31356",
          "participantID": "0919",
          "utterance": "제가 비빔냉면을 즐겨 먹는데 요새 다이어트 중이라 못 먹네요..",
          "summary": "나는 비빔냉면을 즐겨 먹는다.",
          "date": "2022-10-15",
          "time": "22:45:03",
          "terminate": "false"
        },
        {
          "speaker": "speaker2",
          "personaID": "20900",
          "participantID": "0957",
          "utterance": "그렇군요. 저는 밤에 tv 음악 프로그램을 자주 보고 인기 노래 차트를 확인해요.",
          "summary": "나는 TV 음악 프로그램을 자주 본다. 나는 밤에 인기 노래 차트를 확인한다.",
          "date": "2022-10-15",
          "time": "22:45:06",
          "terminate": "false"
        },
        {
          "speaker": "speaker1",
          "personaID": "31356",
          "participantID": "0919",
          "utterance": "어떤 노래가 차트에 올랐으면 하나요?",
          "summary": "",
          "date": "2022-10-15",
          "time": "22:45:23",
          "terminate": "false"
        },
        {
          "speaker": "speaker2",
          "personaID": "20900",
          "participantID": "0957",
          "utterance": "요즘 @이름1@의 소우주 좋더라구요. 다시 올랐으면 좋겠네요.",
          "summary": "나는 @이름1@의 소우주 노래를 좋아한다.",
          "date": "2022-10-15",
          "time": "22:45:39",
          "terminate": "false"
        },
        {
          "speaker": "speaker1",
          "personaID": "31356",
          "participantID": "0919",
          "utterance": "소우주요? 저는 처음 들어보네요! 전 CCM만 들어서요.",
          "summary": "",
          "date": "2022-10-15",
          "time": "22:46:03",
          "terminate": "false"
        },
        {
          "speaker": "speaker2",
          "personaID": "20900",
          "participantID": "0957",
          "utterance": "ㅋㅋㅋㅋ 그렇구나. 근데 취미는 뭐예요?",
          "summary": "",
          "date": "2022-10-15",
          "time": "22:46:12",
          "terminate": "false"
        },
        {
          "speaker": "speaker1",
          "personaID": "31356",
          "participantID": "0919",
          "utterance": "저는 여행이에요! 칠레에 가보고 싶더라구요.",
          "summary": "나는 칠레에 가 보고 싶다.",
          "date": "2022-10-15",
          "time": "22:46:21",
          "terminate": "false"
        },
        {
          "speaker": "speaker2",
          "personaID": "20900",
          "participantID": "0957",
          "utterance": "그렇구나. 저는 연극회 동아리에 관심이 없는데 억지로 하게 됐어요..",
          "summary": "나는 연극회 동아리에 관심이 없다.",
          "date": "2022-10-15",
          "time": "22:46:26",
          "terminate": "false"
        },
        {
          "speaker": "speaker1",
          "personaID": "31356",
          "participantID": "0919",
          "utterance": "오.. 그래도 하다보면 재밌지 않을까요?",
          "summary": "",
          "date": "2022-10-15",
          "time": "22:46:38",
          "terminate": "false"
        },
        {
          "speaker": "speaker2",
          "personaID": "20900",
          "participantID": "0957",
          "utterance": "네.. 연기 실력이라도 늘었으면 좋겠네요.",
          "summary": "",
          "date": "2022-10-15",
          "time": "22:46:42",
          "terminate": "false"
        },
        {
          "speaker": "speaker1",
          "personaID": "31356",
          "participantID": "0919",
          "utterance": "자, 그럼 저를 따라해보세요! 지금 이 순간~",
          "summary": "",
          "date": "2022-10-15",
          "time": "22:47:11",
          "terminate": "false"
        },
        {
          "speaker": "speaker2",
          "personaID": "20900",
          "participantID": "0957",
          "utterance": "네. ㅋㅋㅋ 지금 이 순간~ 뮤지컬 아닌가?",
          "summary": "",
          "date": "2022-10-15",
          "time": "22:47:26",
          "terminate": "false"
        },
        {
          "speaker": "speaker1",
          "personaID": "31356",
          "participantID": "0919",
          "utterance": "아, 이건 뮤지컬 노래죠? 하하하 저 일단 나갔다 올게요!",
          "summary": "",
          "date": "2022-10-15",
          "time": "22:47:31",
          "terminate": "false"
        },
        {
          "speaker": "speaker2",
          "personaID": "20900",
          "participantID": "0957",
          "utterance": "네. 그럼 다음 번에 다시 이야기해요~",
          "summary": "",
          "date": "2022-10-15",
          "time": "22:47:32",
          "terminate": "true"
        }
      ],
      "sessionPersonaSummary": {
        "speaker1": [
          "나는 30대 여자이고 사무 보조원이다.",
          "나는 비빔냉면을 즐겨 먹는다.",
          "나는 칠레에 가 보고 싶다."
        ],
        "speaker2": [
          "나는 20대 남자이다.",
          "나는 TV 음악 프로그램을 자주 본다. 나는 밤에 인기 노래 차트를 확인한다.",
          "나는 @이름1@의 소우주 노래를 좋아한다.",
          "나는 연극회 동아리에 관심이 없다."
        ]
      },
      "prevAggregatedpersonaSummary": {
        "speaker1": [],
        "speaker2": []
      }
    },
    {
      "prevSessionID": "4-00378-1",
      "prevTimeInfo": {
        "timeNum": "3",
        "timeUnit": "시간"
      },
      "nthSession": "2",
      "numberOfUtterances": "16",
      "numberOfTurns": "8",
      "sessionID": "4-00378-2",
      "dialog": [
        {
          "speaker": "speaker1",
          "personaID": "31356",
          "participantID": "0919",
          "utterance": "저 백신을 맞고 왔어요. 3시간이나 걸렸네요.",
          "summary": "나는 백신을 맞았다.",
          "date": "2022-10-15",
          "time": "22:47:50",
          "terminate": "false"
        },
        {
          "speaker": "speaker2",
          "personaID": "20900",
          "participantID": "0957",
          "utterance": "네. 그러셨군요. 컨디션은 괜찮아요?",
          "summary": "",
          "date": "2022-10-15",
          "time": "22:47:50",
          "terminate": "false"
        },
        {
          "speaker": "speaker1",
          "personaID": "31356",
          "participantID": "0919",
          "utterance": "컨디션 아직까지는 괜찮은 거 같은데, 모르겠네요!",
          "summary": "백신을 맞은 후 컨디션이 괜찮다고 느낀다.",
          "date": "2022-10-15",
          "time": "22:48:01",
          "terminate": "false"
        },
        {
          "speaker": "speaker2",
          "personaID": "20900",
          "participantID": "0957",
          "utterance": "그렇구나. 저는 완전 괜찮았어요.",
          "summary": "",
          "date": "2022-10-15",
          "time": "22:48:02",
          "terminate": "false"
        },
        {
          "speaker": "speaker1",
          "personaID": "31356",
          "participantID": "0919",
          "utterance": "저는 전에 맞았을 때 엄청 아팠거든요.. 열나고.. 으으.",
          "summary": "전에 백신을 맞았을 때에는 열이 나고 많이 아팠다.",
          "date": "2022-10-15",
          "time": "22:48:14",
          "terminate": "false"
        },
        {
          "speaker": "speaker2",
          "personaID": "20900",
          "participantID": "0957",
          "utterance": "그렇군요. 사람마다 차이가 있네요.",
          "summary": "",
          "date": "2022-10-15",
          "time": "22:48:14",
          "terminate": "false"
        },
        {
          "speaker": "speaker1",
          "personaID": "31356",
          "participantID": "0919",
          "utterance": "몸살인 것 처럼 힘들더라구요. 머리도 아프고!",
          "summary": "나는 백신을 맞으면 몸살인 것처럼 힘들다.",
          "date": "2022-10-15",
          "time": "22:48:26",
          "terminate": "false"
        },
        {
          "speaker": "speaker2",
          "personaID": "20900",
          "participantID": "0957",
          "utterance": "아하.. 진짜 몸살 나면 힘든데.. 이번엔 괜찮길!",
          "summary": "",
          "date": "2022-10-15",
          "time": "22:48:31",
          "terminate": "false"
        },
        {
          "speaker": "speaker1",
          "personaID": "31356",
          "participantID": "0919",
          "utterance": "그래도 이번에는 저번에 맞았었으니까 괜찮지 않을까요?",
          "summary": "",
          "date": "2022-10-15",
          "time": "22:48:46",
          "terminate": "false"
        },
        {
          "speaker": "speaker2",
          "personaID": "20900",
          "participantID": "0957",
          "utterance": "네. ㅋㅋ 괜찮을 거 같네요. 그러길 바라요.",
          "summary": "",
          "date": "2022-10-15",
          "time": "22:48:52",
          "terminate": "false"
        },
        {
          "speaker": "speaker1",
          "personaID": "31356",
          "participantID": "0919",
          "utterance": "이게 병균이 들어가서 면역이 생겼지 않을까 싶어요.",
          "summary": "나는 과거 백신의 경험으로 인해 면역이 생겼을 것이라고 생각한다.",
          "date": "2022-10-15",
          "time": "22:48:57",
          "terminate": "false"
        },
        {
          "speaker": "speaker2",
          "personaID": "20900",
          "participantID": "0957",
          "utterance": "네. ㅋㅋ 맞아요. 면역력이 좋아졌겠죠?",
          "summary": "",
          "date": "2022-10-15",
          "time": "22:49:04",
          "terminate": "false"
        },
        {
          "speaker": "speaker1",
          "personaID": "31356",
          "participantID": "0919",
          "utterance": "ㅎㅎㅎ근데 살살 열이 오르는 거 같은 느낌이네요.",
          "summary": "나는 지금 열이 오르는 것 같다.",
          "date": "2022-10-15",
          "time": "22:49:24",
          "terminate": "false"
        },
        {
          "speaker": "speaker2",
          "personaID": "20900",
          "participantID": "0957",
          "utterance": "그래도 이번에는 좀 괜찮을 거예요.",
          "summary": "",
          "date": "2022-10-15",
          "time": "22:49:25",
          "terminate": "false"
        },
        {
          "speaker": "speaker1",
          "personaID": "31356",
          "participantID": "0919",
          "utterance": "저 열 나는 거 같아서 쉴게요! 다음에 대화해요.",
          "summary": "",
          "date": "2022-10-15",
          "time": "22:49:31",
          "terminate": "false"
        },
        {
          "speaker": "speaker2",
          "personaID": "20900",
          "participantID": "0957",
          "utterance": "네. 그럼 다음 번에 다시 이야기해요~",
          "summary": "",
          "date": "2022-10-15",
          "time": "22:49:32",
          "terminate": "true"
        }
      ],
      "sessionPersonaSummary": {
        "speaker1": [
          "나는 백신을 맞았다.",
          "백신을 맞은 후 컨디션이 괜찮다고 느낀다.",
          "전에 백신을 맞았을 때에는 열이 나고 많이 아팠다.",
          "나는 백신을 맞으면 몸살인 것처럼 힘들다.",
          "나는 과거 백신의 경험으로 인해 면역이 생겼을 것이라고 생각한다.",
          "나는 지금 열이 오르는 것 같다."
        ],
        "speaker2": []
      },
      "prevAggregatedpersonaSummary": {
        "speaker1": [
          "나는 30대 여자이고 사무 보조원이다.",
          "나는 비빔냉면을 즐겨 먹는다.",
          "나는 칠레에 가 보고 싶다."
        ],
        "speaker2": [
          "나는 20대 남자이다.",
          "나는 TV 음악 프로그램을 자주 본다. 나는 밤에 인기 노래 차트를 확인한다.",
          "나는 @이름1@의 소우주 노래를 좋아한다.",
          "나는 연극회 동아리에 관심이 없다."
        ]
      }
    },
    {
      "prevSessionID": "4-00378-2",
      "prevTimeInfo": {
        "timeNum": "2",
        "timeUnit": "일"
      },
      "nthSession": "3",
      "numberOfUtterances": "16",
      "numberOfTurns": "8",
      "sessionID": "4-00378-3",
      "dialog": [
        {
          "speaker": "speaker1",
          "personaID": "31356",
          "participantID": "0919",
          "utterance": "이제서야 좀 낫다고 느껴지네요. 2일이 지나서야..",
          "summary": "나는 백신 후유증을 2일을 겪었다.",
          "date": "2022-10-15",
          "time": "22:49:47",
          "terminate": "false"
        },
        {
          "speaker": "speaker2",
          "personaID": "20900",
          "participantID": "0957",
          "utterance": "그래도 이제서라도 나아져서 다행이네요.",
          "summary": "",
          "date": "2022-10-15",
          "time": "22:49:50",
          "terminate": "false"
        },
        {
          "speaker": "speaker1",
          "personaID": "31356",
          "participantID": "0919",
          "utterance": "네, 백신은 생각보다 주사는 안 아픈데..",
          "summary": "나는 백신 주사는 아프지 않다.",
          "date": "2022-10-15",
          "time": "22:50:08",
          "terminate": "false"
        },
        {
          "speaker": "speaker2",
          "personaID": "20900",
          "participantID": "0957",
          "utterance": "네. 주사는 하나도 안 아프죠~ ㅋㅋ 근데요?",
          "summary": "",
          "date": "2022-10-15",
          "time": "22:50:19",
          "terminate": "false"
        },
        {
          "speaker": "speaker1",
          "personaID": "31356",
          "participantID": "0919",
          "utterance": "주사 바늘이 엄청 얇더라구요! 그래서 맞는 건 괜찮은데...",
          "summary": "백신 주사는 바늘이 얇다.",
          "date": "2022-10-15",
          "time": "22:50:21",
          "terminate": "false"
        },
        {
          "speaker": "speaker2",
          "personaID": "20900",
          "participantID": "0957",
          "utterance": "네. 맞는 건 괜찮은데? 무슨 문제가 있었나요?",
          "summary": "",
          "date": "2022-10-15",
          "time": "22:50:30",
          "terminate": "false"
        },
        {
          "speaker": "speaker1",
          "personaID": "31356",
          "participantID": "0919",
          "utterance": "맞고 나니까 온 몸이 너무 힘들어서요...",
          "summary": "나는 백신을 맞고 나니까 온 몸이 너무 힘들다.",
          "date": "2022-10-15",
          "time": "22:50:40",
          "terminate": "false"
        },
        {
          "speaker": "speaker2",
          "personaID": "20900",
          "participantID": "0957",
          "utterance": "그래도 코로나 걸리는 것 보다는 나으니까요~",
          "summary": "나는 백신을 맞는 것이 코로나 걸리는 것보다 힘들다고 생각한다.",
          "date": "2022-10-15",
          "time": "22:50:40",
          "terminate": "false"
        },
        {
          "speaker": "speaker1",
          "personaID": "31356",
          "participantID": "0919",
          "utterance": "근데 걸렸었어요.. 근데도.. 맞은거에요.. 하하하.",
          "summary": "나는 코로나에 걸린 적이 있다.",
          "date": "2022-10-15",
          "time": "22:50:55",
          "terminate": "false"
        },
        {
          "speaker": "speaker2",
          "personaID": "20900",
          "participantID": "0957",
          "utterance": "ㅋㅋㅋㅋ 그렇군요. 그래도 백신 맞으면 덜 고생한대요.",
          "summary": "코로나는 백신을 맞으면 고생이 적다.",
          "date": "2022-10-15",
          "time": "22:51:02",
          "terminate": "false"
        },
        {
          "speaker": "speaker1",
          "personaID": "31356",
          "participantID": "0919",
          "utterance": "이미 고생은 했는데... 제가 또 사서 고생한 거 같아요.",
          "summary": "",
          "date": "2022-10-15",
          "time": "22:51:14",
          "terminate": "false"
        },
        {
          "speaker": "speaker2",
          "personaID": "20900",
          "participantID": "0957",
          "utterance": "그런가요? ㅋㅋ 이미 맞았으니 어쩔 수 없죠.",
          "summary": "",
          "date": "2022-10-15",
          "time": "22:51:21",
          "terminate": "false"
        },
        {
          "speaker": "speaker1",
          "personaID": "31356",
          "participantID": "0919",
          "utterance": "차라리 독감 백신을 맞을 걸 그랬나 싶구요.",
          "summary": "나는 독감 백신을 맞지 않은 것을 후회한다.",
          "date": "2022-10-15",
          "time": "22:51:23",
          "terminate": "false"
        },
        {
          "speaker": "speaker2",
          "personaID": "20900",
          "participantID": "0957",
          "utterance": "네. ㅋㅋ 독감 백신도 맞으세요. ㅋㅋ 고고~",
          "summary": "",
          "date": "2022-10-15",
          "time": "22:51:30",
          "terminate": "false"
        },
        {
          "speaker": "speaker1",
          "personaID": "31356",
          "participantID": "0919",
          "utterance": "한 번 독감 백신 알아봐야겠어요! 다음에 또 대화해요.",
          "summary": "",
          "date": "2022-10-15",
          "time": "22:51:42",
          "terminate": "false"
        },
        {
          "speaker": "speaker2",
          "personaID": "20900",
          "participantID": "0957",
          "utterance": "네. 그럼 다음 번에 다시 이야기해요~",
          "summary": "",
          "date": "2022-10-15",
          "time": "22:51:43",
          "terminate": "true"
        }
      ],
      "sessionPersonaSummary": {
        "speaker1": [
          "나는 백신 후유증을 2일을 겪었다.",
          "나는 백신 주사는 아프지 않다.",
          "백신 주사는 바늘이 얇다.",
          "나는 백신을 맞고 나니까 온 몸이 너무 힘들다.",
          "나는 코로나에 걸린 적이 있다.",
          "나는 독감 백신을 맞지 않은 것을 후회한다."
        ],
        "speaker2": [
          "나는 백신을 맞는 것이 코로나 걸리는 것보다 힘들다고 생각한다.",
          "코로나는 백신을 맞으면 고생이 적다."
        ]
      },
      "prevAggregatedpersonaSummary": {
        "speaker1": [
          "나는 30대 여자이고 사무 보조원이다.",
          "나는 비빔냉면을 즐겨 먹는다.",
          "나는 칠레에 가 보고 싶다.",
          "나는 백신을 맞았다.",
          "백신을 맞은 후 컨디션이 괜찮다고 느낀다.",
          "전에 백신을 맞았을 때에는 열이 나고 많이 아팠다.",
          "나는 백신을 맞으면 몸살인 것처럼 힘들다.",
          "나는 과거 백신의 경험으로 인해 면역이 생겼을 것이라고 생각한다.",
          "나는 지금 열이 오르는 것 같다."
        ],
        "speaker2": [
          "나는 20대 남자이다.",
          "나는 TV 음악 프로그램을 자주 본다. 나는 밤에 인기 노래 차트를 확인한다.",
          "나는 @이름1@의 소우주 노래를 좋아한다.",
          "나는 연극회 동아리에 관심이 없다."
        ]
      }
    },
    {
      "prevSessionID": "4-00378-3",
      "prevTimeInfo": {
        "timeNum": "4",
        "timeUnit": "일"
      },
      "nthSession": "4",
      "numberOfUtterances": "16",
      "numberOfTurns": "8",
      "sessionID": "4-00378-4",
      "dialog": [
        {
          "speaker": "speaker1",
          "personaID": "31356",
          "participantID": "0919",
          "utterance": "4일 만에 연락드려요. 아직 백신 안 맞으셨죠?",
          "summary": "",
          "date": "2022-10-15",
          "time": "22:52:00",
          "terminate": "false"
        },
        {
          "speaker": "speaker2",
          "personaID": "20900",
          "participantID": "0957",
          "utterance": "네. 시간이 벌써 그렇게 됐네요. 저는 맞았어요.",
          "summary": "나는 백신을 맞았다.",
          "date": "2022-10-15",
          "time": "22:52:01",
          "terminate": "false"
        },
        {
          "speaker": "speaker1",
          "personaID": "31356",
          "participantID": "0919",
          "utterance": "그 사이에 맞으신거에요? 언제 맞았어요?",
          "summary": "",
          "date": "2022-10-15",
          "time": "22:52:17",
          "terminate": "false"
        },
        {
          "speaker": "speaker2",
          "personaID": "20900",
          "participantID": "0957",
          "utterance": "네. 저는 그 사이에 맞았습니다. ㅋㅋ.",
          "summary": "",
          "date": "2022-10-15",
          "time": "22:52:17",
          "terminate": "false"
        },
        {
          "speaker": "speaker1",
          "personaID": "31356",
          "participantID": "0919",
          "utterance": "님은 괜찮았나요? 안 아팠어요?",
          "summary": "",
          "date": "2022-10-15",
          "time": "22:52:31",
          "terminate": "false"
        },
        {
          "speaker": "speaker2",
          "personaID": "20900",
          "participantID": "0957",
          "utterance": "네. 저는 완~~전 괜찮았어요. 건강했어요.",
          "summary": "나는 백신을 맞고도 건강했다.",
          "date": "2022-10-15",
          "time": "22:52:35",
          "terminate": "false"
        },
        {
          "speaker": "speaker1",
          "personaID": "31356",
          "participantID": "0919",
          "utterance": "원래 건강하신 분인가봐요! 신기하네~",
          "summary": "",
          "date": "2022-10-15",
          "time": "22:52:45",
          "terminate": "false"
        },
        {
          "speaker": "speaker2",
          "personaID": "20900",
          "participantID": "0957",
          "utterance": "ㅋㅋㅋ 그건 아닌데 면역력은 좋나봐요.",
          "summary": "나는 면역력이 좋다고 생각한다.",
          "date": "2022-10-15",
          "time": "22:52:47",
          "terminate": "false"
        },
        {
          "speaker": "speaker1",
          "personaID": "31356",
          "participantID": "0919",
          "utterance": "제 주변에는 다들 골골대던데요...",
          "summary": "내 주변 사람들은 백신을 맞고 힘들어했다.",
          "date": "2022-10-15",
          "time": "22:52:55",
          "terminate": "false"
        },
        {
          "speaker": "speaker2",
          "personaID": "20900",
          "participantID": "0957",
          "utterance": "ㅋㅋㅋㅋ 이게 다 운동의 효과입니다. 운동하세요.",
          "summary": "나는 면역력이 운동을 했기 때문이라고 생각한다.",
          "date": "2022-10-15",
          "time": "22:52:57",
          "terminate": "false"
        },
        {
          "speaker": "speaker1",
          "personaID": "31356",
          "participantID": "0919",
          "utterance": "님이 젊어서 그런건가요? 운동은 저도 합니다!",
          "summary": "나는 운동을 한다.",
          "date": "2022-10-15",
          "time": "22:53:08",
          "terminate": "false"
        },
        {
          "speaker": "speaker2",
          "personaID": "20900",
          "participantID": "0957",
          "utterance": "그런 걸 수도 있지요. ㅋㅋ 잘은 모르겠네요.",
          "summary": "",
          "date": "2022-10-15",
          "time": "22:53:11",
          "terminate": "false"
        },
        {
          "speaker": "speaker1",
          "personaID": "31356",
          "participantID": "0919",
          "utterance": "저도 다시 20대의 건강함으로 가고 싶네요.",
          "summary": "나는 20대처럼 건강하고 싶다.",
          "date": "2022-10-15",
          "time": "22:53:22",
          "terminate": "false"
        },
        {
          "speaker": "speaker2",
          "personaID": "20900",
          "participantID": "0957",
          "utterance": "ㅋㅋㅋ 20대가 건강해서 좋기는 하죠.",
          "summary": "나는 20대는 건강해서 좋다고 생각한다.",
          "date": "2022-10-15",
          "time": "22:53:46",
          "terminate": "false"
        },
        {
          "speaker": "speaker1",
          "personaID": "31356",
          "participantID": "0919",
          "utterance": "꼭 20대라고 건강한 건 아니지만 제 20대가 그립네요.ㅎㅎㅎ 다음에 또 대화해요.",
          "summary": "나는 20대가 그립다.",
          "date": "2022-10-15",
          "time": "22:54:04",
          "terminate": "false"
        },
        {
          "speaker": "speaker2",
          "personaID": "20900",
          "participantID": "0957",
          "utterance": "네. 그럼 다음 번에 다시 이야기해요~",
          "summary": "",
          "date": "2022-10-15",
          "time": "22:54:05",
          "terminate": "true"
        }
      ],
      "sessionPersonaSummary": {
        "speaker1": [
          "내 주변 사람들은 백신을 맞고 힘들어했다.",
          "나는 운동을 한다.",
          "나는 20대처럼 건강하고 싶다.",
          "나는 20대가 그립다."
        ],
        "speaker2": [
          "나는 백신을 맞았다.",
          "나는 백신을 맞고도 건강했다.",
          "나는 면역력이 좋다고 생각한다.",
          "나는 면역력이 운동을 했기 때문이라고 생각한다.",
          "나는 20대는 건강해서 좋다고 생각한다."
        ]
      },
      "prevAggregatedpersonaSummary": {
        "speaker1": [
          "나는 30대 여자이고 사무 보조원이다.",
          "나는 비빔냉면을 즐겨 먹는다.",
          "나는 칠레에 가 보고 싶다.",
          "나는 백신을 맞았다.",
          "백신을 맞은 후 컨디션이 괜찮다고 느낀다.",
          "전에 백신을 맞았을 때에는 열이 나고 많이 아팠다.",
          "나는 백신을 맞으면 몸살인 것처럼 힘들다.",
          "나는 과거 백신의 경험으로 인해 면역이 생겼을 것이라고 생각한다.",
          "나는 지금 열이 오르는 것 같다.",
          "나는 백신 후유증을 2일을 겪었다.",
          "나는 백신 주사는 아프지 않다.",
          "백신 주사는 바늘이 얇다.",
          "나는 백신을 맞고 나니까 온 몸이 너무 힘들다.",
          "나는 코로나에 걸린 적이 있다.",
          "나는 독감 백신을 맞지 않은 것을 후회한다."
        ],
        "speaker2": [
          "나는 20대 남자이다.",
          "나는 TV 음악 프로그램을 자주 본다. 나는 밤에 인기 노래 차트를 확인한다.",
          "나는 @이름1@의 소우주 노래를 좋아한다.",
          "나는 연극회 동아리에 관심이 없다.",
          "나는 백신을 맞는 것이 코로나 걸리는 것보다 힘들다고 생각한다.",
          "코로나는 백신을 맞으면 고생이 적다."
        ]
      }
    }
  ]
}