{
  "FileInfo": {
    "filename": "K4-00513-CL69854-CP68154-13-01-S4.json",
    "sessionLevel": "4"
  },
  "participantsInfo": {
    "numberOfParticipants": "2",
    "speaker1": {
      "participantID": "20440",
      "gender": "여성",
      "age": "30대",
      "occupation": "주부",
      "bPlace": "서울/경기/인천",
      "gPlace": "서울/경기/인천",
      "rPlace": "서울/경기/인천",
      "educationLevel": "고졸"
    },
    "speaker2": {
      "participantID": "21385",
      "gender": "여성",
      "age": "20대",
      "occupation": "사무직",
      "bPlace": "서울/경기/인천",
      "gPlace": "서울/경기/인천",
      "rPlace": "서울/경기/인천",
      "educationLevel": "대졸"
    }
  },
  "multisessionInfo": {
    "multisessionID": "4-00513"
  },
  "personaInfo": {
    "clInfo": {
      "personaID": "69854",
      "personaFeatures": [
        "나는 여자이다.",
        "나는 30대이다.",
        "나는 가을을 싫어한다.",
        "나의 생일은 7월이다.",
        "나는 포크 음악을 좋아한다.",
        "나는 화분에 물 주는 것을 좋아한다."
      ],
      "speakerType": "speaker1"
    },
    "cpInfo": {
      "personaID": "68154",
      "personaFeatures": [
        "나는 여자이다.",
        "나는 20대이다.",
        "나의 생일은 7월이다.",
        "나는 주말에 근교 카페에 간다.",
        "나는 자주 짜증이 난다.",
        "나는 스테이크를 안 먹는다.",
        "나는 혈액형이 AB형이다."
      ],
      "speakerType": "speaker2"
    }
  },
  "topicInfo": {
    "topicID": "13-01",
    "topicType": "기후>계절/날씨",
    "topicTitle": "날씨"
  },
  "sessionInfo": [
    {
      "prevSessionID": null,
      "prevTimeInfo": {
        "timeNum": null,
        "timeUnit": null
      },
      "nthSession": "1",
      "numberOfUtterances": "14",
      "numberOfTurns": "7",
      "sessionID": "4-00513-1",
      "dialog": [
        {
          "speaker": "speaker1",
          "personaID": "69854",
          "participantID": "20440",
          "utterance": "안녕하세요. 저는 30대 여성입니다. 서울에 살고 있고요 ~ 대화 잘 부탁 드려요.",
          "summary": "나는 30대 여성이다. 나는 서울에 살고 있다.",
          "date": "2022-12-07",
          "time": "15:55:28",
          "terminate": "false"
        },
        {
          "speaker": "speaker2",
          "personaID": "68154",
          "participantID": "21385",
          "utterance": "안녕하세요. 저는 20대 여성입니다. 저는 경기도에 살아요!",
          "summary": "나는 20대 여성이다. 나는 경기도에 산다.",
          "date": "2022-12-07",
          "time": "15:56:19",
          "terminate": "false"
        },
        {
          "speaker": "speaker1",
          "personaID": "69854",
          "participantID": "20440",
          "utterance": "20대면 아직 대학생인가요? 젊음이 부럽네요 ~",
          "summary": "나는 젊음이 부럽다.",
          "date": "2022-12-07",
          "time": "15:56:27",
          "terminate": "false"
        },
        {
          "speaker": "speaker2",
          "personaID": "68154",
          "participantID": "21385",
          "utterance": "아니요. 얼마전에 취직했습니다.",
          "summary": "나는 얼마 전에 취직했다.",
          "date": "2022-12-07",
          "time": "15:56:54",
          "terminate": "false"
        },
        {
          "speaker": "speaker1",
          "personaID": "69854",
          "participantID": "20440",
          "utterance": "우와 축하드려요! 요즘 취업 어렵다고 하던데 잘 하셨네요! 어떤 일 하세요?",
          "summary": "",
          "date": "2022-12-07",
          "time": "15:57:07",
          "terminate": "false"
        },
        {
          "speaker": "speaker2",
          "personaID": "68154",
          "participantID": "21385",
          "utterance": "대기업 인사팀에서 일하고 있습니다. 취미는 어떻게 되세요?",
          "summary": "",
          "date": "2022-12-07",
          "time": "15:57:41",
          "terminate": "false"
        },
        {
          "speaker": "speaker1",
          "personaID": "69854",
          "participantID": "20440",
          "utterance": "좋은 곳에 취업하셨네요. 저는 음악 감상이 취미예요. 전 포크 음악을 좋아하는데 어떤 음악을 좋아하시나요?",
          "summary": "나는 음악 감상이 취미이다. 나는 포크 음악을 좋아한다.",
          "date": "2022-12-07",
          "time": "15:57:57",
          "terminate": "false"
        },
        {
          "speaker": "speaker2",
          "personaID": "68154",
          "participantID": "21385",
          "utterance": "저는 재즈 음악을 좋아해요. 주말에는 보통 뭐하시나요? 저는 주말에 근교 카페에 가요!",
          "summary": "나는 재즈 음악을 좋아한다. 나는 주말에 근교 카페에 간다.",
          "date": "2022-12-07",
          "time": "15:58:28",
          "terminate": "false"
        },
        {
          "speaker": "speaker1",
          "personaID": "69854",
          "participantID": "20440",
          "utterance": "저는 주말에 밀린 살림해요. 제가 혼자 살고 있거든요. 커피 좋아하세요?",
          "summary": "나는 주말에 밀린 살림을 한다. 나는 혼자 살고 있다.",
          "date": "2022-12-07",
          "time": "15:58:46",
          "terminate": "false"
        },
        {
          "speaker": "speaker2",
          "personaID": "68154",
          "participantID": "21385",
          "utterance": "네 커피 좋아해요. 산미 있는 커피를 가장 좋아하죠. 혹시 혈액형과 생일 좀 알 수 있을까요?",
          "summary": "나는 커피를 좋아한다. 나는 산미 있는 커피를 가장 좋아한다.",
          "date": "2022-12-07",
          "time": "15:59:18",
          "terminate": "false"
        },
        {
          "speaker": "speaker1",
          "personaID": "69854",
          "participantID": "20440",
          "utterance": "그럼요. 전 A형이고요. 생일은 7월이에요. 님은요?",
          "summary": "나는 혈액형이 A형이다. 나의 생일은 7월이다.",
          "date": "2022-12-07",
          "time": "15:59:47",
          "terminate": "false"
        },
        {
          "speaker": "speaker2",
          "personaID": "68154",
          "participantID": "21385",
          "utterance": "저도 생일이 7월이에요. 혈액형은 AB형이구요.",
          "summary": "나는 생일이 7월이다. 나는 혈액형이 AB형이다.",
          "date": "2022-12-07",
          "time": "16:00:05",
          "terminate": "false"
        },
        {
          "speaker": "speaker1",
          "personaID": "69854",
          "participantID": "20440",
          "utterance": "어머 저랑 같은 달에 태어나셨네요 ~ 다음에 또 대화 해요!",
          "summary": "",
          "date": "2022-12-07",
          "time": "16:00:13",
          "terminate": "false"
        },
        {
          "speaker": "speaker2",
          "personaID": "68154",
          "participantID": "21385",
          "utterance": "네 알겠습니다. 다음에 또 대화 하시죠!",
          "summary": "",
          "date": "2022-12-07",
          "time": "16:00:29",
          "terminate": "true"
        }
      ],
      "sessionPersonaSummary": {
        "speaker1": [
          "나는 30대 여성이다. 나는 서울에 살고 있다.",
          "나는 젊음이 부럽다.",
          "나는 음악 감상이 취미이다. 나는 포크 음악을 좋아한다.",
          "나는 주말에 밀린 살림을 한다. 나는 혼자 살고 있다.",
          "나는 혈액형이 A형이다. 나의 생일은 7월이다."
        ],
        "speaker2": [
          "나는 20대 여성이다. 나는 경기도에 산다.",
          "나는 얼마 전에 취직했다.",
          "나는 재즈 음악을 좋아한다. 나는 주말에 근교 카페에 간다.",
          "나는 커피를 좋아한다. 나는 산미 있는 커피를 가장 좋아한다.",
          "나는 생일이 7월이다. 나는 혈액형이 AB형이다."
        ]
      },
      "prevAggregatedpersonaSummary": {
        "speaker1": [],
        "speaker2": []
      }
    },
    {
      "prevSessionID": "4-00513-1",
      "prevTimeInfo": {
        "timeNum": "2",
        "timeUnit": "주"
      },
      "nthSession": "2",
      "numberOfUtterances": "14",
      "numberOfTurns": "7",
      "sessionID": "4-00513-2",
      "dialog": [
        {
          "speaker": "speaker1",
          "personaID": "69854",
          "participantID": "20440",
          "utterance": "안녕하세요. 2주만이에요. 날씨가 많이 추워졌죠?",
          "summary": "",
          "date": "2022-12-07",
          "time": "16:00:33",
          "terminate": "false"
        },
        {
          "speaker": "speaker2",
          "personaID": "68154",
          "participantID": "21385",
          "utterance": "네 많이 추워졌네요. 그동안 포크 음악은 자주 들으셨나요?",
          "summary": "",
          "date": "2022-12-07",
          "time": "16:01:14",
          "terminate": "false"
        },
        {
          "speaker": "speaker1",
          "personaID": "69854",
          "participantID": "20440",
          "utterance": "네. 포크 음악 들으면서 겨울 날씨를 즐기고 있어요. 전 가을은 싫어해요. 날씨가 애매하잖아요.",
          "summary": "나는 포크 음악을 들으며 겨울 날씨를 즐기고 있다. 나는 가을을 싫어한다.",
          "date": "2022-12-07",
          "time": "16:01:31",
          "terminate": "false"
        },
        {
          "speaker": "speaker2",
          "personaID": "68154",
          "participantID": "21385",
          "utterance": "그러시군요. 저도 겨울을 좋아해요. 눈 오면 이쁘다고 생각해요.",
          "summary": "나는 겨울을 좋아한다. 나는 눈 오면 이쁘다고 생각한다.",
          "date": "2022-12-07",
          "time": "16:02:09",
          "terminate": "false"
        },
        {
          "speaker": "speaker1",
          "personaID": "69854",
          "participantID": "20440",
          "utterance": "눈 좀 펑펑 내렸으면 좋겠는데 눈이 아직 많이 안 내리네요? 겨울 간식 뭐 좋아해요?",
          "summary": "나는 눈이 펑펑 내렸으면 좋겠다.",
          "date": "2022-12-07",
          "time": "16:02:41",
          "terminate": "false"
        },
        {
          "speaker": "speaker2",
          "personaID": "68154",
          "participantID": "21385",
          "utterance": "저는 호떡을 좋아해요. 어떤 간식을 좋아하세요?",
          "summary": "나는 호떡을 좋아한다.",
          "date": "2022-12-07",
          "time": "16:02:57",
          "terminate": "false"
        },
        {
          "speaker": "speaker1",
          "personaID": "69854",
          "participantID": "20440",
          "utterance": "저는 붕어빵이요! 그런데 요즘 붕어빵이 비싸서 자주 못 먹어요.",
          "summary": "나는 겨울 간식 중 붕어빵을 좋아하지만 비싸서 자주 못 먹는다.",
          "date": "2022-12-07",
          "time": "16:03:15",
          "terminate": "false"
        },
        {
          "speaker": "speaker2",
          "personaID": "68154",
          "participantID": "21385",
          "utterance": "맞아요. 한개에 500원이더라구요. 예전에는 3개에 1000원이였는데 올라서 자주 짜증나네요.",
          "summary": "나는 붕어빵이 한 개에 500원인 것으로 안다. 나는 예전에는 붕어빵이 3개에 1000원이었는데 올라서 자주 짜증이 난다.",
          "date": "2022-12-07",
          "time": "16:03:38",
          "terminate": "false"
        },
        {
          "speaker": "speaker1",
          "personaID": "69854",
          "participantID": "20440",
          "utterance": "네. 돈을 벌고 있어도 붕어빵 2개에 천원은 비싸게 느껴져요.",
          "summary": "나는 돈을 벌고 있어도 붕어빵 2개에 천원은 비싸게 느껴진다.",
          "date": "2022-12-07",
          "time": "16:04:07",
          "terminate": "false"
        },
        {
          "speaker": "speaker2",
          "personaID": "68154",
          "participantID": "21385",
          "utterance": "맞아요. 그냥 붕어빵팬을 사서 집에서 해먹는게 나을 것 같아요.",
          "summary": "나는 붕어빵 팬을 사서 집에서 해 먹는 게 나을 것 같다.",
          "date": "2022-12-07",
          "time": "16:04:25",
          "terminate": "false"
        },
        {
          "speaker": "speaker1",
          "personaID": "69854",
          "participantID": "20440",
          "utterance": "요즘 인터넷에서 다 팔더라고요 진짜. 저는 겨울에 난방도 잘 안 틀어요.",
          "summary": "나는 겨울에 난방을 잘 안 튼다.",
          "date": "2022-12-07",
          "time": "16:04:44",
          "terminate": "false"
        },
        {
          "speaker": "speaker2",
          "personaID": "68154",
          "participantID": "21385",
          "utterance": "가스비가 올랐더라구요. 저는 너무 추울때만 30분 정도 틀고 남은 열로 버텨요.",
          "summary": "나는 가스비가 오른 것으로 안다. 나는 너무 추울 때만 난방을 30분 정도 틀고 남은열로 버틴다.",
          "date": "2022-12-07",
          "time": "16:05:22",
          "terminate": "false"
        },
        {
          "speaker": "speaker1",
          "personaID": "69854",
          "participantID": "20440",
          "utterance": "저 난방 안 쓰고 온수만 썼는데 가스비 많이 나와서 완전 충격 받았어요. 겨울 잘 버텨보자고요. 다음에 봐요.",
          "summary": "나는 난방을 안 쓰고 온수만 쓰는데 가스비가 많이 나와서 충격을 받았다.",
          "date": "2022-12-07",
          "time": "16:05:56",
          "terminate": "false"
        },
        {
          "speaker": "speaker2",
          "personaID": "68154",
          "participantID": "21385",
          "utterance": "네 알겠습니다. 다음에 또 뵈어요~^^",
          "summary": "",
          "date": "2022-12-07",
          "time": "16:06:12",
          "terminate": "true"
        }
      ],
      "sessionPersonaSummary": {
        "speaker1": [
          "나는 포크 음악을 들으며 겨울 날씨를 즐기고 있다. 나는 가을을 싫어한다.",
          "나는 눈이 펑펑 내렸으면 좋겠다.",
          "나는 겨울 간식 중 붕어빵을 좋아하지만 비싸서 자주 못 먹는다.",
          "나는 돈을 벌고 있어도 붕어빵 2개에 천원은 비싸게 느껴진다.",
          "나는 겨울에 난방을 잘 안 튼다.",
          "나는 난방을 안 쓰고 온수만 쓰는데 가스비가 많이 나와서 충격을 받았다."
        ],
        "speaker2": [
          "나는 겨울을 좋아한다. 나는 눈 오면 이쁘다고 생각한다.",
          "나는 호떡을 좋아한다.",
          "나는 붕어빵이 한 개에 500원인 것으로 안다. 나는 예전에는 붕어빵이 3개에 1000원이었는데 올라서 자주 짜증이 난다.",
          "나는 붕어빵 팬을 사서 집에서 해 먹는 게 나을 것 같다.",
          "나는 가스비가 오른 것으로 안다. 나는 너무 추울 때만 난방을 30분 정도 틀고 남은열로 버틴다."
        ]
      },
      "prevAggregatedpersonaSummary": {
        "speaker1": [
          "나는 30대 여성이다. 나는 서울에 살고 있다.",
          "나는 젊음이 부럽다.",
          "나는 음악 감상이 취미이다. 나는 포크 음악을 좋아한다.",
          "나는 주말에 밀린 살림을 한다. 나는 혼자 살고 있다.",
          "나는 혈액형이 A형이다. 나의 생일은 7월이다."
        ],
        "speaker2": [
          "나는 20대 여성이다. 나는 경기도에 산다.",
          "나는 얼마 전에 취직했다.",
          "나는 재즈 음악을 좋아한다. 나는 주말에 근교 카페에 간다.",
          "나는 커피를 좋아한다. 나는 산미 있는 커피를 가장 좋아한다.",
          "나는 생일이 7월이다. 나는 혈액형이 AB형이다."
        ]
      }
    },
    {
      "prevSessionID": "4-00513-2",
      "prevTimeInfo": {
        "timeNum": "24",
        "timeUnit": "시간"
      },
      "nthSession": "3",
      "numberOfUtterances": "14",
      "numberOfTurns": "7",
      "sessionID": "4-00513-3",
      "dialog": [
        {
          "speaker": "speaker1",
          "personaID": "69854",
          "participantID": "20440",
          "utterance": "안녕하세요. 하루만에 연락 드렸어요. 뭐하고 계세요?",
          "summary": "",
          "date": "2022-12-07",
          "time": "16:07:43",
          "terminate": "false"
        },
        {
          "speaker": "speaker2",
          "personaID": "68154",
          "participantID": "21385",
          "utterance": "저 쉬고 있었어요. 가을을 싫어하신다고 하셨는데 단풍구경도 안좋아하시나요?",
          "summary": "나는 쉬고 있었다.",
          "date": "2022-12-07",
          "time": "16:08:26",
          "terminate": "false"
        },
        {
          "speaker": "speaker1",
          "personaID": "69854",
          "participantID": "20440",
          "utterance": "네. 별로 감흥이 없어요. 단풍 구경 어디 다녀오셨어요?",
          "summary": "나는 단풍 구경에 별 감흥이 없다.",
          "date": "2022-12-07",
          "time": "16:08:40",
          "terminate": "false"
        },
        {
          "speaker": "speaker2",
          "personaID": "68154",
          "participantID": "21385",
          "utterance": "저는 양평에 용문사에 다녀왔어요. 너무 이뻐서 사진 많이 찍었어요.",
          "summary": "나는 단풍 구경하러 양평에 있는 용문사에 다녀왔다. 나는 용문사에서 단풍이 너무 이뻐서 사진을 많이 찍었다.",
          "date": "2022-12-07",
          "time": "16:09:16",
          "terminate": "false"
        },
        {
          "speaker": "speaker1",
          "personaID": "69854",
          "participantID": "20440",
          "utterance": "계절이나 날씨에 맞춰서 어디 놀러가는 편이세요?",
          "summary": "",
          "date": "2022-12-07",
          "time": "16:09:25",
          "terminate": "false"
        },
        {
          "speaker": "speaker2",
          "personaID": "68154",
          "participantID": "21385",
          "utterance": "네 봄에는 벚꽃 구경하러 가고 겨울에는 스키타러 스키장에 가요.",
          "summary": "나는 봄에는 벚꽃 구경하러 간다. 나는 겨울에는 스키 타러 스키장에 간다.",
          "date": "2022-12-07",
          "time": "16:09:56",
          "terminate": "false"
        },
        {
          "speaker": "speaker1",
          "personaID": "69854",
          "participantID": "20440",
          "utterance": "정말 날씨를 즐기시는 분이네요. 전 스키 한번도 안 타봤는데 재밌나요?",
          "summary": "나는 스키를 한 번도 안 타봤다.",
          "date": "2022-12-07",
          "time": "16:10:12",
          "terminate": "false"
        },
        {
          "speaker": "speaker2",
          "personaID": "68154",
          "participantID": "21385",
          "utterance": "네 재밌어요. 처음 타시면 많이 넘어지실 거에요.",
          "summary": "나는 스키가 재미있다. 나는 처음 타시면 많이 넘어진다고 생각한다.",
          "date": "2022-12-07",
          "time": "16:10:29",
          "terminate": "false"
        },
        {
          "speaker": "speaker1",
          "personaID": "69854",
          "participantID": "20440",
          "utterance": "저는 썰매나 타러 다녀야겠네요. 제가 운동 신경이 좋은 편은 아니에요.",
          "summary": "나는 썰매나 타러 다닐 것이다. 나는 운동 신경이 좋은 편은 아니다.",
          "date": "2022-12-07",
          "time": "16:10:41",
          "terminate": "false"
        },
        {
          "speaker": "speaker2",
          "personaID": "68154",
          "participantID": "21385",
          "utterance": "썰매도 재미있죠. 제일 좋아하는 제철 음식이 뭐세요?",
          "summary": "",
          "date": "2022-12-07",
          "time": "16:11:04",
          "terminate": "false"
        },
        {
          "speaker": "speaker1",
          "personaID": "69854",
          "participantID": "20440",
          "utterance": "저는 여름에 먹는 평양 냉면을 제일 좋아해요. 선생님은요?",
          "summary": "나는 제철 음식으로 여름에 먹는 평양냉면을 제일 좋아한다.",
          "date": "2022-12-07",
          "time": "16:11:16",
          "terminate": "false"
        },
        {
          "speaker": "speaker2",
          "personaID": "68154",
          "participantID": "21385",
          "utterance": "저는 여름에 옥수수 먹는 것을 좋아해요.",
          "summary": "나는 여름에 옥수수 먹는 것을 좋아한다.",
          "date": "2022-12-07",
          "time": "16:12:10",
          "terminate": "false"
        },
        {
          "speaker": "speaker1",
          "personaID": "69854",
          "participantID": "20440",
          "utterance": "옥수수도 맛있죠 ~ 우리나라는 날씨에 맞게 먹어야 하는 음식이 많아서 좋아요. 다음에 또 얘기 나눠요 ~",
          "summary": "나는 우리나라가 날씨에 맞게 먹어야 하는 음식이 많아서 좋다.",
          "date": "2022-12-07",
          "time": "16:12:40",
          "terminate": "false"
        },
        {
          "speaker": "speaker2",
          "personaID": "68154",
          "participantID": "21385",
          "utterance": "네 대화 즐거웠어요. 다음에 또 봬요.",
          "summary": "",
          "date": "2022-12-07",
          "time": "16:12:57",
          "terminate": "true"
        }
      ],
      "sessionPersonaSummary": {
        "speaker1": [
          "나는 단풍 구경에 별 감흥이 없다.",
          "나는 스키를 한 번도 안 타봤다.",
          "나는 썰매나 타러 다닐 것이다. 나는 운동 신경이 좋은 편은 아니다.",
          "나는 제철 음식으로 여름에 먹는 평양냉면을 제일 좋아한다.",
          "나는 우리나라가 날씨에 맞게 먹어야 하는 음식이 많아서 좋다."
        ],
        "speaker2": [
          "나는 쉬고 있었다.",
          "나는 단풍 구경하러 양평에 있는 용문사에 다녀왔다. 나는 용문사에서 단풍이 너무 이뻐서 사진을 많이 찍었다.",
          "나는 봄에는 벚꽃 구경하러 간다. 나는 겨울에는 스키 타러 스키장에 간다.",
          "나는 스키가 재미있다. 나는 처음 타시면 많이 넘어진다고 생각한다.",
          "나는 여름에 옥수수 먹는 것을 좋아한다."
        ]
      },
      "prevAggregatedpersonaSummary": {
        "speaker1": [
          "나는 30대 여성이다. 나는 서울에 살고 있다.",
          "나는 젊음이 부럽다.",
          "나는 음악 감상이 취미이다. 나는 포크 음악을 좋아한다.",
          "나는 주말에 밀린 살림을 한다. 나는 혼자 살고 있다.",
          "나는 혈액형이 A형이다. 나의 생일은 7월이다.",
          "나는 포크 음악을 들으며 겨울 날씨를 즐기고 있다. 나는 가을을 싫어한다.",
          "나는 눈이 펑펑 내렸으면 좋겠다.",
          "나는 겨울 간식 중 붕어빵을 좋아하지만 비싸서 자주 못 먹는다.",
          "나는 돈을 벌고 있어도 붕어빵 2개에 천원은 비싸게 느껴진다.",
          "나는 겨울에 난방을 잘 안 튼다.",
          "나는 난방을 안 쓰고 온수만 쓰는데 가스비가 많이 나와서 충격을 받았다."
        ],
        "speaker2": [
          "나는 20대 여성이다. 나는 경기도에 산다.",
          "나는 얼마 전에 취직했다.",
          "나는 재즈 음악을 좋아한다. 나는 주말에 근교 카페에 간다.",
          "나는 커피를 좋아한다. 나는 산미 있는 커피를 가장 좋아한다.",
          "나는 생일이 7월이다. 나는 혈액형이 AB형이다.",
          "나는 겨울을 좋아한다. 나는 눈 오면 이쁘다고 생각한다.",
          "나는 호떡을 좋아한다.",
          "나는 붕어빵이 한 개에 500원인 것으로 안다. 나는 예전에는 붕어빵이 3개에 1000원이었는데 올라서 자주 짜증이 난다.",
          "나는 붕어빵 팬을 사서 집에서 해 먹는 게 나을 것 같다.",
          "나는 가스비가 오른 것으로 안다. 나는 너무 추울 때만 난방을 30분 정도 틀고 남은열로 버틴다."
        ]
      }
    },
    {
      "prevSessionID": "4-00513-3",
      "prevTimeInfo": {
        "timeNum": "5",
        "timeUnit": "일"
      },
      "nthSession": "4",
      "numberOfUtterances": "14",
      "numberOfTurns": "7",
      "sessionID": "4-00513-4",
      "dialog": [
        {
          "speaker": "speaker1",
          "personaID": "69854",
          "participantID": "20440",
          "utterance": "안녕하세요. 5일만이에요~ 일 다 하셨어요?",
          "summary": "",
          "date": "2022-12-07",
          "time": "16:13:15",
          "terminate": "false"
        },
        {
          "speaker": "speaker2",
          "personaID": "68154",
          "participantID": "21385",
          "utterance": "네 일 끝났습니다. 그동안 어떻게 지내셨어요?",
          "summary": "",
          "date": "2022-12-07",
          "time": "16:13:37",
          "terminate": "false"
        },
        {
          "speaker": "speaker1",
          "personaID": "69854",
          "participantID": "20440",
          "utterance": "그 동안 집에서만 지냈어요. 날씨가 많이 추워졌더라고요. 전에 스키 즐겨탄다고 하셨는데 올해 스키 타보셨나요?",
          "summary": "나는 날씨가 많이 추워져서 그동안 집에서만 지냈다.",
          "date": "2022-12-07",
          "time": "16:13:55",
          "terminate": "false"
        },
        {
          "speaker": "speaker2",
          "personaID": "68154",
          "participantID": "21385",
          "utterance": "네 얼마전에 스키장에 다녀왔어요. 오랜만에 타서 그런지 몸이 굳었더라구요.",
          "summary": "나는 얼마 전에 스키장에 다녀왔다. 나는 오랜만에 스키 타서 몸이 굳었다.",
          "date": "2022-12-07",
          "time": "16:14:20",
          "terminate": "false"
        },
        {
          "speaker": "speaker1",
          "personaID": "69854",
          "participantID": "20440",
          "utterance": "스키장 가면 리프트도 타야 돼죠? 전 스키 타는 것보다 그게 더 무서울 거 같아요.",
          "summary": "나는 스키 타는 것보다 리프트를 타는 게 더 무서울 것 같다.",
          "date": "2022-12-07",
          "time": "16:14:35",
          "terminate": "false"
        },
        {
          "speaker": "speaker2",
          "personaID": "68154",
          "participantID": "21385",
          "utterance": "친구랑 같이 타서 수다떨면 금방 도착해 있어요. 혼자 타면 좀 무섭습니다.",
          "summary": "나는 리프트를 탈 때 친구랑 같이 타서 수다 떨면 금방 도착해있다. 나는 혼자 리프트를 타는 것은 좀 무섭다.",
          "date": "2022-12-07",
          "time": "16:15:07",
          "terminate": "false"
        },
        {
          "speaker": "speaker1",
          "personaID": "69854",
          "participantID": "20440",
          "utterance": "전 고소공포증 있어서 놀이기구도 잘 못 타거든요. 선생님은 어떤 날씨를 제일 좋아하세요?",
          "summary": "나는 고소공포증이 있어서 놀이기구를 잘 못 탄다.",
          "date": "2022-12-07",
          "time": "16:15:30",
          "terminate": "false"
        },
        {
          "speaker": "speaker2",
          "personaID": "68154",
          "participantID": "21385",
          "utterance": "저는 봄을 제일 좋아해요. 덥지도 춥지도 않은 날씨가 좋아요.",
          "summary": "나는 봄을 제일 좋아한다. 나는 덥지도 춥지도 않은 날씨가 좋다.",
          "date": "2022-12-07",
          "time": "16:15:53",
          "terminate": "false"
        },
        {
          "speaker": "speaker1",
          "personaID": "69854",
          "participantID": "20440",
          "utterance": "봄 활기차고 좋죠. 저는 겨울에 아주 건조하고 바람이 서늘한 날씨가 좋아요.",
          "summary": "나는 겨울에 건조하고 바람이 서늘한 날씨를 좋아한다.",
          "date": "2022-12-07",
          "time": "16:16:11",
          "terminate": "false"
        },
        {
          "speaker": "speaker2",
          "personaID": "68154",
          "participantID": "21385",
          "utterance": "그러시군요. 오늘은 일정이 어떻게 되세요?",
          "summary": "",
          "date": "2022-12-07",
          "time": "16:16:36",
          "terminate": "false"
        },
        {
          "speaker": "speaker1",
          "personaID": "69854",
          "participantID": "20440",
          "utterance": "오늘은 퇴근할 때 장 좀 봐서 가게요. 오늘 집 들어가면 주말 내내 안 나갈 거예요.",
          "summary": "나는 오늘 퇴근할 때 장을 봐서 갈 것이다. 나는 오늘 집에 들어가면 주말 내내 밖으로 나가지 않을 것이다.",
          "date": "2022-12-07",
          "time": "16:17:00",
          "terminate": "false"
        },
        {
          "speaker": "speaker2",
          "personaID": "68154",
          "participantID": "21385",
          "utterance": "저도 주말에는 집에서 쉬고 싶네요. 오랜만에 영화를 봐야겠어요.",
          "summary": "나는 주말에는 집에서 쉬고 싶다. 나는 주말에 오랜만에 영화를 볼 것이다.",
          "date": "2022-12-07",
          "time": "16:17:26",
          "terminate": "false"
        },
        {
          "speaker": "speaker1",
          "personaID": "69854",
          "participantID": "20440",
          "utterance": "가끔 혼자 쉬는 것도 중요해요 ~ 그래야 자주 짜증이 안 나실 거예요. 다음에 또 대화 나눠요 ~",
          "summary": "",
          "date": "2022-12-07",
          "time": "16:17:40",
          "terminate": "false"
        },
        {
          "speaker": "speaker2",
          "personaID": "68154",
          "participantID": "21385",
          "utterance": "네 알겠습니다. 다음에 또 봬요~^^",
          "summary": "",
          "date": "2022-12-07",
          "time": "16:17:58",
          "terminate": "true"
        }
      ],
      "sessionPersonaSummary": {
        "speaker1": [
          "나는 날씨가 많이 추워져서 그동안 집에서만 지냈다.",
          "나는 스키 타는 것보다 리프트를 타는 게 더 무서울 것 같다.",
          "나는 고소공포증이 있어서 놀이기구를 잘 못 탄다.",
          "나는 겨울에 건조하고 바람이 서늘한 날씨를 좋아한다.",
          "나는 오늘 퇴근할 때 장을 봐서 갈 것이다. 나는 오늘 집에 들어가면 주말 내내 밖으로 나가지 않을 것이다."
        ],
        "speaker2": [
          "나는 얼마 전에 스키장에 다녀왔다. 나는 오랜만에 스키 타서 몸이 굳었다.",
          "나는 리프트를 탈 때 친구랑 같이 타서 수다 떨면 금방 도착해있다. 나는 혼자 리프트를 타는 것은 좀 무섭다.",
          "나는 봄을 제일 좋아한다. 나는 덥지도 춥지도 않은 날씨가 좋다.",
          "나는 주말에는 집에서 쉬고 싶다. 나는 주말에 오랜만에 영화를 볼 것이다."
        ]
      },
      "prevAggregatedpersonaSummary": {
        "speaker1": [
          "나는 30대 여성이다. 나는 서울에 살고 있다.",
          "나는 젊음이 부럽다.",
          "나는 음악 감상이 취미이다. 나는 포크 음악을 좋아한다.",
          "나는 주말에 밀린 살림을 한다. 나는 혼자 살고 있다.",
          "나는 혈액형이 A형이다. 나의 생일은 7월이다.",
          "나는 포크 음악을 들으며 겨울 날씨를 즐기고 있다. 나는 가을을 싫어한다.",
          "나는 눈이 펑펑 내렸으면 좋겠다.",
          "나는 겨울 간식 중 붕어빵을 좋아하지만 비싸서 자주 못 먹는다.",
          "나는 돈을 벌고 있어도 붕어빵 2개에 천원은 비싸게 느껴진다.",
          "나는 겨울에 난방을 잘 안 튼다.",
          "나는 난방을 안 쓰고 온수만 쓰는데 가스비가 많이 나와서 충격을 받았다.",
          "나는 단풍 구경에 별 감흥이 없다.",
          "나는 스키를 한 번도 안 타봤다.",
          "나는 썰매나 타러 다닐 것이다. 나는 운동 신경이 좋은 편은 아니다.",
          "나는 제철 음식으로 여름에 먹는 평양냉면을 제일 좋아한다.",
          "나는 우리나라가 날씨에 맞게 먹어야 하는 음식이 많아서 좋다."
        ],
        "speaker2": [
          "나는 20대 여성이다. 나는 경기도에 산다.",
          "나는 얼마 전에 취직했다.",
          "나는 재즈 음악을 좋아한다. 나는 주말에 근교 카페에 간다.",
          "나는 커피를 좋아한다. 나는 산미 있는 커피를 가장 좋아한다.",
          "나는 생일이 7월이다. 나는 혈액형이 AB형이다.",
          "나는 겨울을 좋아한다. 나는 눈 오면 이쁘다고 생각한다.",
          "나는 호떡을 좋아한다.",
          "나는 붕어빵이 한 개에 500원인 것으로 안다. 나는 예전에는 붕어빵이 3개에 1000원이었는데 올라서 자주 짜증이 난다.",
          "나는 붕어빵 팬을 사서 집에서 해 먹는 게 나을 것 같다.",
          "나는 가스비가 오른 것으로 안다. 나는 너무 추울 때만 난방을 30분 정도 틀고 남은열로 버틴다.",
          "나는 쉬고 있었다.",
          "나는 단풍 구경하러 양평에 있는 용문사에 다녀왔다. 나는 용문사에서 단풍이 너무 이뻐서 사진을 많이 찍었다.",
          "나는 봄에는 벚꽃 구경하러 간다. 나는 겨울에는 스키 타러 스키장에 간다.",
          "나는 스키가 재미있다. 나는 처음 타시면 많이 넘어진다고 생각한다.",
          "나는 여름에 옥수수 먹는 것을 좋아한다."
        ]
      }
    }
  ]
}