{
  "FileInfo": {
    "filename": "K4-00574-CL24815-CP41055-01-04-S4.json",
    "sessionLevel": "4"
  },
  "participantsInfo": {
    "numberOfParticipants": "2",
    "speaker1": {
      "participantID": "0212",
      "gender": "여성",
      "age": "20대",
      "occupation": "무직",
      "bPlace": "광주/전라/제주",
      "gPlace": "광주/전라/제주",
      "rPlace": "서울/경기/인천",
      "educationLevel": "고졸"
    },
    "speaker2": {
      "participantID": "0219",
      "gender": "남성",
      "age": "30대",
      "occupation": "기타",
      "bPlace": "서울/경기/인천",
      "gPlace": "서울/경기/인천",
      "rPlace": "서울/경기/인천",
      "educationLevel": "고졸"
    }
  },
  "multisessionInfo": {
    "multisessionID": "4-00574"
  },
  "personaInfo": {
    "clInfo": {
      "personaID": "24815",
      "personaFeatures": [
        "나는 여자이다.",
        "나는 20대이다.",
        "나는 매우 게으르다",
        "나는 혈액형이 A형이다",
        "나는 바닐라라떼를 좋아한다"
      ],
      "speakerType": "speaker1"
    },
    "cpInfo": {
      "personaID": "41055",
      "personaFeatures": [
        "나는 남자이다.",
        "나는 40대이다.",
        "나는 요즘, 자주 외롭다",
        "나는 국내 주식에 관심이 많다",
        "나는 오보에 연주를 가끔 한다"
      ],
      "speakerType": "speaker2"
    }
  },
  "topicInfo": {
    "topicID": "01-04",
    "topicType": "식음료",
    "topicTitle": "야식"
  },
  "sessionInfo": [
    {
      "prevSessionID": null,
      "prevTimeInfo": {
        "timeNum": null,
        "timeUnit": null
      },
      "nthSession": "1",
      "numberOfUtterances": "15",
      "numberOfTurns": "7",
      "sessionID": "4-00574-1",
      "dialog": [
        {
          "speaker": "speaker1",
          "personaID": "24815",
          "participantID": "0212",
          "utterance": "안녕하세요. 저는 여자예요. 20대구요.",
          "summary": "나는 20대 여자다.",
          "date": "2022-11-04",
          "time": "07:46:02",
          "terminate": "false"
        },
        {
          "speaker": "speaker2",
          "personaID": "41055",
          "participantID": "0219",
          "utterance": "네. 안녕하세요. 저는 40대고 남자입니다. ",
          "summary": "나는 40대 남자다.",
          "date": "2022-11-04",
          "time": "07:46:16",
          "terminate": "false"
        },
        {
          "speaker": "speaker1",
          "personaID": "24815",
          "participantID": "0212",
          "utterance": "40대시면 결혼하셨나요? 다른 의도는 없고 궁금해서요",
          "summary": "",
          "date": "2022-11-04",
          "time": "07:46:38",
          "terminate": "false"
        },
        {
          "speaker": "speaker2",
          "personaID": "41055",
          "participantID": "0219",
          "utterance": "아직 짝을 못 만났습니다. 요즘 자주 외롭네요..",
          "summary": "나는 요즘 자주 외롭다.",
          "date": "2022-11-04",
          "time": "07:46:56",
          "terminate": "false"
        },
        {
          "speaker": "speaker1",
          "personaID": "24815",
          "participantID": "0212",
          "utterance": "하시는 일이 어떻게 되세요???",
          "summary": "",
          "date": "2022-11-04",
          "time": "07:47:19",
          "terminate": "false"
        },
        {
          "speaker": "speaker2",
          "personaID": "41055",
          "participantID": "0219",
          "utterance": "저는 일은 따로 안하고 돈이 꽤 많아서 국내 주식에 관심을 많이 가지고 있습니다.",
          "summary": "나는 돈이 꽤 많다. 나는 국내 주식에 관심이 많다.",
          "date": "2022-11-04",
          "time": "07:48:14",
          "terminate": "false"
        },
        {
          "speaker": "speaker1",
          "personaID": "24815",
          "participantID": "0212",
          "utterance": "오.. 나중에 저도 주식팁 좀 알려주세요~ 제가 매우 게으른 편인데 더 게으르게 살고 싶거든요ㅎ",
          "summary": "나는 매우 게으른 편이다.",
          "date": "2022-11-04",
          "time": "07:48:56",
          "terminate": "false"
        },
        {
          "speaker": "speaker2",
          "personaID": "41055",
          "participantID": "0219",
          "utterance": "아... 게으르면 집이 엉망진창인가요? 저는 깔끔한 걸 지향하거든요.\\",
          "summary": "나는 깔끔한 것을 좋아한다.",
          "date": "2022-11-04",
          "time": "07:49:48",
          "terminate": "false"
        },
        {
          "speaker": "speaker1",
          "personaID": "24815",
          "participantID": "0212",
          "utterance": "..말씀이 심하시네요. 저 A형이라 상처 잘 받는데..",
          "summary": "나는 A형이라 상처를 잘 받는다.",
          "date": "2022-11-04",
          "time": "07:50:15",
          "terminate": "false"
        },
        {
          "speaker": "speaker2",
          "personaID": "41055",
          "participantID": "0219",
          "utterance": "아. 죄송해요. 화 풀어드리고 싶은데 제가 어떻게 하면 될까요?",
          "summary": "나는 화를 풀어주고 싶다.",
          "date": "2022-11-04",
          "time": "07:50:42",
          "terminate": "false"
        },
        {
          "speaker": "speaker1",
          "personaID": "24815",
          "participantID": "0212",
          "utterance": "음. 일단 제가 좋아하는 바닐라라떼 사주세요! 그리고 잘하시는 게 뭐예요?",
          "summary": "나는 바닐라라테를 좋아한다.",
          "date": "2022-11-04",
          "time": "07:51:22",
          "terminate": "false"
        },
        {
          "speaker": "speaker2",
          "personaID": "41055",
          "participantID": "0219",
          "utterance": "저는 오보에 연주를 잘해요. 지금도 가끔 하구요.",
          "summary": "나는 오보에 연주를 가끔 한다.",
          "date": "2022-11-04",
          "time": "07:51:45",
          "terminate": "false"
        },
        {
          "speaker": "speaker1",
          "personaID": "24815",
          "participantID": "0212",
          "utterance": "그럼 전화로 오보에 연주도 들려주세요! ",
          "summary": "나는 오보에 연주를 듣고 싶다.",
          "date": "2022-11-04",
          "time": "07:52:03",
          "terminate": "false"
        },
        {
          "speaker": "speaker2",
          "personaID": "41055",
          "participantID": "0219",
          "utterance": "하하하하. 그럼 저 전화 드리기 전에 오보에 연습 좀 하고 올께요.",
          "summary": "나는 오보에 연습을 하러 갈 예정이다.",
          "date": "2022-11-04",
          "time": "07:52:26",
          "terminate": "false"
        },
        {
          "speaker": "speaker1",
          "personaID": "24815",
          "participantID": "0212",
          "utterance": "넵! 기다리고 있을께요! 빨리 하고 오세요~",
          "summary": "",
          "date": "2022-11-04",
          "time": "07:52:46",
          "terminate": "true"
        }
      ],
      "sessionPersonaSummary": {
        "speaker1": [
          "나는 20대 여자다.",
          "나는 매우 게으른 편이다.",
          "나는 A형이라 상처를 잘 받는다.",
          "나는 바닐라라테를 좋아한다.",
          "나는 오보에 연주를 듣고 싶다."
        ],
        "speaker2": [
          "나는 40대 남자다.",
          "나는 요즘 자주 외롭다.",
          "나는 돈이 꽤 많다. 나는 국내 주식에 관심이 많다.",
          "나는 깔끔한 것을 좋아한다.",
          "나는 화를 풀어주고 싶다.",
          "나는 오보에 연주를 가끔 한다.",
          "나는 오보에 연습을 하러 갈 예정이다."
        ]
      },
      "prevAggregatedpersonaSummary": {
        "speaker1": [],
        "speaker2": []
      }
    },
    {
      "prevSessionID": "4-00574-1",
      "prevTimeInfo": {
        "timeNum": "8",
        "timeUnit": "일"
      },
      "nthSession": "2",
      "numberOfUtterances": "15",
      "numberOfTurns": "7",
      "sessionID": "4-00574-2",
      "dialog": [
        {
          "speaker": "speaker1",
          "personaID": "24815",
          "participantID": "0212",
          "utterance": "오랜만에 연락을 드리네요. 8일동안 잘 지내셨나요?",
          "summary": "나는 오랜만에 연락을 했다.",
          "date": "2022-11-04",
          "time": "07:55:47",
          "terminate": "false"
        },
        {
          "speaker": "speaker2",
          "personaID": "41055",
          "participantID": "0219",
          "utterance": "그럼요~ 잘 지냈죠. 이 늦은 시간에 연락을 다 주시고 무슨 일이예요?",
          "summary": "나는 잘 지냈다.",
          "date": "2022-11-04",
          "time": "07:56:19",
          "terminate": "false"
        },
        {
          "speaker": "speaker1",
          "personaID": "24815",
          "participantID": "0212",
          "utterance": "야식을 고르려는데 어려워서 연락드렸어요ㅎ",
          "summary": "나는 야식을 고르기 어렵다.",
          "date": "2022-11-04",
          "time": "07:56:43",
          "terminate": "false"
        },
        {
          "speaker": "speaker2",
          "personaID": "41055",
          "participantID": "0219",
          "utterance": "하하하하. 야식 드시려구요? 저는 아까 족발 먹었어요.",
          "summary": "나는 아까 족발을 먹었다.",
          "date": "2022-11-04",
          "time": "07:57:14",
          "terminate": "false"
        },
        {
          "speaker": "speaker1",
          "personaID": "24815",
          "participantID": "0212",
          "utterance": "흠. 족발 말고 다른 야식은 없을까요? 족발은 오늘 점심에 먹었거든요.",
          "summary": "나는 점심에 족발을 먹었다.",
          "date": "2022-11-04",
          "time": "07:57:39",
          "terminate": "false"
        },
        {
          "speaker": "speaker2",
          "personaID": "41055",
          "participantID": "0219",
          "utterance": "그럼 치킨 어때요? 치킨에 맥주 시원하잖아요~",
          "summary": "나는 치킨에 맥주가 좋다.",
          "date": "2022-11-04",
          "time": "07:58:06",
          "terminate": "false"
        },
        {
          "speaker": "speaker1",
          "personaID": "24815",
          "participantID": "0212",
          "utterance": "그거 좋은 생각이네요ㅎ 오늘 야식으로는 치킨을 먹어야겠어요!",
          "summary": "나는 야식으로 치킨을 먹을 예정이다.",
          "date": "2022-11-04",
          "time": "07:58:32",
          "terminate": "false"
        },
        {
          "speaker": "speaker2",
          "personaID": "41055",
          "participantID": "0219",
          "utterance": "근데 야식을 살 찌는데... 괜찮겠어요?",
          "summary": "",
          "date": "2022-11-04",
          "time": "07:58:46",
          "terminate": "false"
        },
        {
          "speaker": "speaker1",
          "personaID": "24815",
          "participantID": "0212",
          "utterance": "아이참. 저 A형이라 뒤끝도 있는데 감당 가능 하시죠?!",
          "summary": "나는 뒤끝이 있다.",
          "date": "2022-11-04",
          "time": "07:59:08",
          "terminate": "false"
        },
        {
          "speaker": "speaker2",
          "personaID": "41055",
          "participantID": "0219",
          "utterance": "아이쿠. 제가 눈치없이 실수를 저질렀네요; 용서해주세요.",
          "summary": "나는 눈치 없이 실수를 했다.",
          "date": "2022-11-04",
          "time": "07:59:59",
          "terminate": "false"
        },
        {
          "speaker": "speaker1",
          "personaID": "24815",
          "participantID": "0212",
          "utterance": "흥! 전 쉽게 화가 안 풀려요.",
          "summary": "나는 쉽게 화가 안 풀린다.",
          "date": "2022-11-04",
          "time": "08:00:38",
          "terminate": "false"
        },
        {
          "speaker": "speaker2",
          "personaID": "41055",
          "participantID": "0219",
          "utterance": "제가 어떻게 하면 풀리실까요?",
          "summary": "",
          "date": "2022-11-04",
          "time": "08:00:57",
          "terminate": "false"
        },
        {
          "speaker": "speaker1",
          "personaID": "24815",
          "participantID": "0212",
          "utterance": "흠... 시간이 늦었으니 담에 뵈면 소원 하나 들어주세요.",
          "summary": "나는 소원이 있다.",
          "date": "2022-11-04",
          "time": "08:01:35",
          "terminate": "false"
        },
        {
          "speaker": "speaker2",
          "personaID": "41055",
          "participantID": "0219",
          "utterance": "그래요^^ 야식 맛있게 드세요~ 저는 이만 자러 가볼께요!",
          "summary": "나는 자러 갈 예정이다.",
          "date": "2022-11-04",
          "time": "08:01:57",
          "terminate": "false"
        },
        {
          "speaker": "speaker1",
          "personaID": "24815",
          "participantID": "0212",
          "utterance": "넵! 꼭 소원 잊지 말아주세요!",
          "summary": "",
          "date": "2022-11-04",
          "time": "08:02:11",
          "terminate": "true"
        }
      ],
      "sessionPersonaSummary": {
        "speaker1": [
          "나는 오랜만에 연락을 했다.",
          "나는 야식을 고르기 어렵다.",
          "나는 점심에 족발을 먹었다.",
          "나는 야식으로 치킨을 먹을 예정이다.",
          "나는 뒤끝이 있다.",
          "나는 쉽게 화가 안 풀린다.",
          "나는 소원이 있다."
        ],
        "speaker2": [
          "나는 잘 지냈다.",
          "나는 아까 족발을 먹었다.",
          "나는 치킨에 맥주가 좋다.",
          "나는 눈치 없이 실수를 했다.",
          "나는 자러 갈 예정이다."
        ]
      },
      "prevAggregatedpersonaSummary": {
        "speaker1": [
          "나는 20대 여자다.",
          "나는 매우 게으른 편이다.",
          "나는 A형이라 상처를 잘 받는다.",
          "나는 바닐라라테를 좋아한다.",
          "나는 오보에 연주를 듣고 싶다."
        ],
        "speaker2": [
          "나는 40대 남자다.",
          "나는 요즘 자주 외롭다.",
          "나는 돈이 꽤 많다. 나는 국내 주식에 관심이 많다.",
          "나는 깔끔한 것을 좋아한다.",
          "나는 화를 풀어주고 싶다.",
          "나는 오보에 연주를 가끔 한다.",
          "나는 오보에 연습을 하러 갈 예정이다."
        ]
      }
    },
    {
      "prevSessionID": "4-00574-2",
      "prevTimeInfo": {
        "timeNum": "5",
        "timeUnit": "주"
      },
      "nthSession": "3",
      "numberOfUtterances": "15",
      "numberOfTurns": "7",
      "sessionID": "4-00574-3",
      "dialog": [
        {
          "speaker": "speaker1",
          "personaID": "24815",
          "participantID": "0212",
          "utterance": "아. 소원을 깜박하고 5주가 지나버렸네요ㅠㅠ 잘 지내셨어요?",
          "summary": "나는 소원을 깜박했다.",
          "date": "2022-11-04",
          "time": "08:05:08",
          "terminate": "false"
        },
        {
          "speaker": "speaker2",
          "personaID": "41055",
          "participantID": "0219",
          "utterance": "네~ 저는 항상 잘 지내죠~ 주식이 많이 올라서 건물을 하나 샀어요.",
          "summary": "나는 건물을 샀다.",
          "date": "2022-11-04",
          "time": "08:05:42",
          "terminate": "false"
        },
        {
          "speaker": "speaker1",
          "personaID": "24815",
          "participantID": "0212",
          "utterance": "건물주 되신 건가요? 축하드려요! 저도 건물주가 꿈인데 어느 세월에 될런지...",
          "summary": "나는 건물주가 꿈이다.",
          "date": "2022-11-04",
          "time": "08:06:11",
          "terminate": "false"
        },
        {
          "speaker": "speaker2",
          "personaID": "41055",
          "participantID": "0219",
          "utterance": "축하 감사해요. 아직 젊으시니까 투자만 잘 하시면 돼요~ 저도 투자 공부 많이 했어요.",
          "summary": "나는 투자 공부를 많이 했다.",
          "date": "2022-11-04",
          "time": "08:06:40",
          "terminate": "false"
        },
        {
          "speaker": "speaker1",
          "personaID": "24815",
          "participantID": "0212",
          "utterance": "어떤 일이던 제 게으른 성격이 방해가 되네요...ㅠㅠ",
          "summary": "나는 게으른 성격이 방해가 된다.",
          "date": "2022-11-04",
          "time": "08:07:04",
          "terminate": "false"
        },
        {
          "speaker": "speaker2",
          "personaID": "41055",
          "participantID": "0219",
          "utterance": "공부라고 생각하지 마시고 돈 버는 거라고 생각해보세요~ 저도 그랬어요ㅎ",
          "summary": "나는 투자가 돈을 버는 거라고 생각했다.",
          "date": "2022-11-04",
          "time": "08:07:29",
          "terminate": "false"
        },
        {
          "speaker": "speaker1",
          "personaID": "24815",
          "participantID": "0212",
          "utterance": "ㅎㅎ다음에 만나면 자세히 가르쳐주세요~ 그 투자공부 해볼께요!",
          "summary": "나는 투자 공부를 해보고 싶다.",
          "date": "2022-11-04",
          "time": "08:08:03",
          "terminate": "false"
        },
        {
          "speaker": "speaker2",
          "personaID": "41055",
          "participantID": "0219",
          "utterance": "그래요ㅎㅎ 요즘도 자주 야식 드시나요?",
          "summary": "",
          "date": "2022-11-04",
          "time": "08:08:13",
          "terminate": "false"
        },
        {
          "speaker": "speaker1",
          "personaID": "24815",
          "participantID": "0212",
          "utterance": "아? 어떻게 아셨어요? 저 @브랜드명@ VIP 됐어요ㅋㅋㅋ",
          "summary": "나는 @브랜드명@ VIP이다.",
          "date": "2022-11-04",
          "time": "08:08:28",
          "terminate": "false"
        },
        {
          "speaker": "speaker2",
          "personaID": "41055",
          "participantID": "0219",
          "utterance": "와우. 얼마나 드신거예요? 저는 한달에 2번 시킬까 말까인데.",
          "summary": "나는 배달을 한 달에 한두 번 시킨다.",
          "date": "2022-11-04",
          "time": "08:08:48",
          "terminate": "false"
        },
        {
          "speaker": "speaker1",
          "personaID": "24815",
          "participantID": "0212",
          "utterance": "...하 참... 정말.. 저 소원권 있는 거 잊으신거죠? 제가 무슨 소원을 빌 줄 알고.",
          "summary": "나는 소원권이 있다.",
          "date": "2022-11-04",
          "time": "08:09:12",
          "terminate": "false"
        },
        {
          "speaker": "speaker2",
          "personaID": "41055",
          "participantID": "0219",
          "utterance": "맞다 참. 소원이 뭐예요? 궁금했는데.",
          "summary": "",
          "date": "2022-11-04",
          "time": "08:09:39",
          "terminate": "false"
        },
        {
          "speaker": "speaker1",
          "personaID": "24815",
          "participantID": "0212",
          "utterance": "하루종일 저의 사진기사님이 되어 주세요! 사진을 많이 안 찍어서 사진이 없어요.",
          "summary": "나는 사진이 없다.",
          "date": "2022-11-04",
          "time": "08:10:22",
          "terminate": "false"
        },
        {
          "speaker": "speaker2",
          "personaID": "41055",
          "participantID": "0219",
          "utterance": "그거야 쉽죠~ 비싼 카메라가 어디 있을텐데 한번 찾아보고 연락드릴께요.",
          "summary": "나는 비싼 카메라가 있다.",
          "date": "2022-11-04",
          "time": "08:10:49",
          "terminate": "false"
        },
        {
          "speaker": "speaker1",
          "personaID": "24815",
          "participantID": "0212",
          "utterance": "오 정말이죠? 알겠어요. 기다릴께요.",
          "summary": "",
          "date": "2022-11-04",
          "time": "08:11:02",
          "terminate": "true"
        }
      ],
      "sessionPersonaSummary": {
        "speaker1": [
          "나는 소원을 깜박했다.",
          "나는 건물주가 꿈이다.",
          "나는 게으른 성격이 방해가 된다.",
          "나는 투자 공부를 해보고 싶다.",
          "나는 @브랜드명@ VIP이다.",
          "나는 소원권이 있다.",
          "나는 사진이 없다."
        ],
        "speaker2": [
          "나는 건물을 샀다.",
          "나는 투자 공부를 많이 했다.",
          "나는 투자가 돈을 버는 거라고 생각했다.",
          "나는 배달을 한 달에 한두 번 시킨다.",
          "나는 비싼 카메라가 있다."
        ]
      },
      "prevAggregatedpersonaSummary": {
        "speaker1": [
          "나는 20대 여자다.",
          "나는 매우 게으른 편이다.",
          "나는 A형이라 상처를 잘 받는다.",
          "나는 바닐라라테를 좋아한다.",
          "나는 오보에 연주를 듣고 싶다.",
          "나는 오랜만에 연락을 했다.",
          "나는 야식을 고르기 어렵다.",
          "나는 점심에 족발을 먹었다.",
          "나는 야식으로 치킨을 먹을 예정이다.",
          "나는 뒤끝이 있다.",
          "나는 쉽게 화가 안 풀린다.",
          "나는 소원이 있다."
        ],
        "speaker2": [
          "나는 40대 남자다.",
          "나는 요즘 자주 외롭다.",
          "나는 돈이 꽤 많다. 나는 국내 주식에 관심이 많다.",
          "나는 깔끔한 것을 좋아한다.",
          "나는 화를 풀어주고 싶다.",
          "나는 오보에 연주를 가끔 한다.",
          "나는 오보에 연습을 하러 갈 예정이다.",
          "나는 잘 지냈다.",
          "나는 아까 족발을 먹었다.",
          "나는 치킨에 맥주가 좋다.",
          "나는 눈치 없이 실수를 했다.",
          "나는 자러 갈 예정이다."
        ]
      }
    },
    {
      "prevSessionID": "4-00574-3",
      "prevTimeInfo": {
        "timeNum": "3",
        "timeUnit": "주"
      },
      "nthSession": "4",
      "numberOfUtterances": "15",
      "numberOfTurns": "7",
      "sessionID": "4-00574-4",
      "dialog": [
        {
          "speaker": "speaker1",
          "personaID": "24815",
          "participantID": "0212",
          "utterance": "또 오랜만에 연락드려요ㅎ 3주만인가요?",
          "summary": "",
          "date": "2022-11-04",
          "time": "08:13:49",
          "terminate": "false"
        },
        {
          "speaker": "speaker2",
          "personaID": "41055",
          "participantID": "0219",
          "utterance": "그러게요ㅎ 그때 찍어드린 사진은 잘 받아보셨어요?",
          "summary": "나는 사진을 찍어 줬었다.",
          "date": "2022-11-04",
          "time": "08:14:17",
          "terminate": "false"
        },
        {
          "speaker": "speaker1",
          "personaID": "24815",
          "participantID": "0212",
          "utterance": "네! 방금 배송와서 봤어요. 정말 예쁘게 잘 나왔던데요! 저 아닌 줄 알았어요.",
          "summary": "나는 사진이 예쁘게 잘 나왔다.",
          "date": "2022-11-04",
          "time": "08:14:42",
          "terminate": "false"
        },
        {
          "speaker": "speaker2",
          "personaID": "41055",
          "participantID": "0219",
          "utterance": "제가 아주 살짝 포토샵 해드렸어요. 포토샵도 조금 할 줄 알거든요ㅎ",
          "summary": "나는 포토샵을 할 줄 안다.",
          "date": "2022-11-04",
          "time": "08:15:14",
          "terminate": "false"
        },
        {
          "speaker": "speaker1",
          "personaID": "24815",
          "participantID": "0212",
          "utterance": "어쩐지.. 예쁘더라ㅋㅋㅋ 덕분에 사진 앨범도 처음 가져보네요. 고마워요!",
          "summary": "나는 사진 앨범을 처음 가져본다.",
          "date": "2022-11-04",
          "time": "08:15:51",
          "terminate": "false"
        },
        {
          "speaker": "speaker2",
          "personaID": "41055",
          "participantID": "0219",
          "utterance": "감사하시면 저도 소원권 하나 주실래요? 저도 소원권 필요한데.",
          "summary": "나는 소원권이 필요하다.",
          "date": "2022-11-04",
          "time": "08:16:17",
          "terminate": "false"
        },
        {
          "speaker": "speaker1",
          "personaID": "24815",
          "participantID": "0212",
          "utterance": "뭔데요? 어떤 소원인지 들어보구요. 제가 이런 건 또 꼼꼼해서ㅋㅋㅋ",
          "summary": "나는 가끔 꼼꼼하다.",
          "date": "2022-11-04",
          "time": "08:16:40",
          "terminate": "false"
        },
        {
          "speaker": "speaker2",
          "personaID": "41055",
          "participantID": "0219",
          "utterance": "저 노래 좀 알려주실 수 있어요? 친구 결혼식 축가를 가야해서요.",
          "summary": "나는 결혼식 축가를 불러야 한다.",
          "date": "2022-11-04",
          "time": "08:17:11",
          "terminate": "false"
        },
        {
          "speaker": "speaker1",
          "personaID": "24815",
          "participantID": "0212",
          "utterance": "축가요? 축가는 노래 잘 부르는 사람이 하는 거 아닌가요?",
          "summary": "",
          "date": "2022-11-04",
          "time": "08:17:25",
          "terminate": "false"
        },
        {
          "speaker": "speaker2",
          "personaID": "41055",
          "participantID": "0219",
          "utterance": "저는 노래를 못 부르는데 굳이 시키네요ㅠㅠㅠㅠ",
          "summary": "나는 노래를 못 부른다.",
          "date": "2022-11-04",
          "time": "08:17:40",
          "terminate": "false"
        },
        {
          "speaker": "speaker1",
          "personaID": "24815",
          "participantID": "0212",
          "utterance": "아.. 그래요! 그건 제가 도와드릴 수 있어요. 저 보컬학원에 다닌 적 있거든요.",
          "summary": "나는 보컬학원에 다닌 적이 있다.",
          "date": "2022-11-04",
          "time": "08:17:59",
          "terminate": "false"
        },
        {
          "speaker": "speaker2",
          "personaID": "41055",
          "participantID": "0219",
          "utterance": "와! 진짜요? 감사합니다. 제가 뭐부터 연습하면 될까요?",
          "summary": "",
          "date": "2022-11-04",
          "time": "08:18:17",
          "terminate": "false"
        },
        {
          "speaker": "speaker1",
          "personaID": "24815",
          "participantID": "0212",
          "utterance": "일단 아무노래 불러서 녹음파일 보내주세요~ 제 귀가 정확해요!",
          "summary": "나는 귀가 정확하다.",
          "date": "2022-11-04",
          "time": "08:18:43",
          "terminate": "false"
        },
        {
          "speaker": "speaker2",
          "personaID": "41055",
          "participantID": "0219",
          "utterance": "네! 지금 불러서 보내드려볼께요!",
          "summary": "",
          "date": "2022-11-04",
          "time": "08:18:53",
          "terminate": "false"
        },
        {
          "speaker": "speaker1",
          "personaID": "24815",
          "participantID": "0212",
          "utterance": "넵! 안 놀릴테니 얼른 보내주세요~",
          "summary": "",
          "date": "2022-11-04",
          "time": "08:19:04",
          "terminate": "true"
        }
      ],
      "sessionPersonaSummary": {
        "speaker1": [
          "나는 사진이 예쁘게 잘 나왔다.",
          "나는 사진 앨범을 처음 가져본다.",
          "나는 가끔 꼼꼼하다.",
          "나는 보컬학원에 다닌 적이 있다.",
          "나는 귀가 정확하다."
        ],
        "speaker2": [
          "나는 사진을 찍어 줬었다.",
          "나는 포토샵을 할 줄 안다.",
          "나는 소원권이 필요하다.",
          "나는 결혼식 축가를 불러야 한다.",
          "나는 노래를 못 부른다."
        ]
      },
      "prevAggregatedpersonaSummary": {
        "speaker1": [
          "나는 20대 여자다.",
          "나는 매우 게으른 편이다.",
          "나는 A형이라 상처를 잘 받는다.",
          "나는 바닐라라테를 좋아한다.",
          "나는 오보에 연주를 듣고 싶다.",
          "나는 오랜만에 연락을 했다.",
          "나는 야식을 고르기 어렵다.",
          "나는 점심에 족발을 먹었다.",
          "나는 야식으로 치킨을 먹을 예정이다.",
          "나는 뒤끝이 있다.",
          "나는 쉽게 화가 안 풀린다.",
          "나는 소원이 있다.",
          "나는 소원을 깜박했다.",
          "나는 건물주가 꿈이다.",
          "나는 게으른 성격이 방해가 된다.",
          "나는 투자 공부를 해보고 싶다.",
          "나는 @브랜드명@ VIP이다.",
          "나는 소원권이 있다.",
          "나는 사진이 없다."
        ],
        "speaker2": [
          "나는 40대 남자다.",
          "나는 요즘 자주 외롭다.",
          "나는 돈이 꽤 많다. 나는 국내 주식에 관심이 많다.",
          "나는 깔끔한 것을 좋아한다.",
          "나는 화를 풀어주고 싶다.",
          "나는 오보에 연주를 가끔 한다.",
          "나는 오보에 연습을 하러 갈 예정이다.",
          "나는 잘 지냈다.",
          "나는 아까 족발을 먹었다.",
          "나는 치킨에 맥주가 좋다.",
          "나는 눈치 없이 실수를 했다.",
          "나는 자러 갈 예정이다.",
          "나는 건물을 샀다.",
          "나는 투자 공부를 많이 했다.",
          "나는 투자가 돈을 버는 거라고 생각했다.",
          "나는 배달을 한 달에 한두 번 시킨다.",
          "나는 비싼 카메라가 있다."
        ]
      }
    }
  ]
}