{
  "FileInfo": {
    "filename": "K4-00400-CL92598-CP91761-10-03-S4.json",
    "sessionLevel": "4"
  },
  "participantsInfo": {
    "numberOfParticipants": "2",
    "speaker1": {
      "participantID": "31467",
      "gender": "여성",
      "age": "40대",
      "occupation": "서비스직",
      "bPlace": "광주/전라/제주",
      "gPlace": "광주/전라/제주",
      "rPlace": "광주/전라/제주",
      "educationLevel": "대졸"
    },
    "speaker2": {
      "participantID": "30123",
      "gender": "남성",
      "age": "40대",
      "occupation": "기능직",
      "bPlace": "대전/세종/충청/강원",
      "gPlace": "대전/세종/충청/강원",
      "rPlace": "대전/세종/충청/강원",
      "educationLevel": "고졸"
    }
  },
  "multisessionInfo": {
    "multisessionID": "4-00400"
  },
  "personaInfo": {
    "clInfo": {
      "personaID": "92598",
      "personaFeatures": [
        "나는 여자이다.",
        "나는 40대이다.",
        "나는 전쟁 영화를 가끔 본다.",
        "나는 오보에 연주를 가끔 한다.",
        "나는 다소 내성적이다.",
        "나는 비빔냉면을 좋아한다.",
        "나는 혈액형이 B형이다."
      ],
      "speakerType": "speaker1"
    },
    "cpInfo": {
      "personaID": "91761",
      "personaFeatures": [
        "나는 남자이다.",
        "나는 40대이다.",
        "나는 저녁에 청소를 한다.",
        "나의 생일은 6월이다.",
        "나는 실외에서 축구하는 것을 싫어한다.",
        "나는 블루베리를 싫어한다.",
        "나는 혈액형이 AB형이다."
      ],
      "speakerType": "speaker2"
    }
  },
  "topicInfo": {
    "topicID": "10-03",
    "topicType": "여가와 오락>스포츠/레져",
    "topicTitle": "캠핑"
  },
  "sessionInfo": [
    {
      "prevSessionID": null,
      "prevTimeInfo": {
        "timeNum": null,
        "timeUnit": null
      },
      "nthSession": "1",
      "numberOfUtterances": "14",
      "numberOfTurns": "7",
      "sessionID": "4-00400-1",
      "dialog": [
        {
          "speaker": "speaker1",
          "personaID": "92598",
          "participantID": "31467",
          "utterance": "반가워요. 저는 40대 여자예요.",
          "summary": "나는 40대 여성이다.",
          "date": "2022-11-22",
          "time": "14:58:23",
          "terminate": "false"
        },
        {
          "speaker": "speaker2",
          "personaID": "91761",
          "participantID": "30123",
          "utterance": "안녕하세요. 저는 40대 남자예요.",
          "summary": "나는 40대 남성이다.",
          "date": "2022-11-22",
          "time": "14:58:32",
          "terminate": "false"
        },
        {
          "speaker": "speaker1",
          "personaID": "92598",
          "participantID": "31467",
          "utterance": "저희 또래네요. 혈액형은 어떻게 되세요? 저는 B형이랍니다.",
          "summary": "나는 혈액형이 B형이다.",
          "date": "2022-11-22",
          "time": "14:58:41",
          "terminate": "false"
        },
        {
          "speaker": "speaker2",
          "personaID": "91761",
          "participantID": "30123",
          "utterance": "저는 혈액형이 AB형이에요. 생일은 6월이고요.",
          "summary": "나는 혈액형이 AB형이다. 나의 생일은 6월이다.",
          "date": "2022-11-22",
          "time": "14:58:46",
          "terminate": "false"
        },
        {
          "speaker": "speaker1",
          "personaID": "92598",
          "participantID": "31467",
          "utterance": "반가워요. 저는 좀 내성적인 성격인데 선생님은 어떠세요?",
          "summary": "나는 다소 내성적이다.",
          "date": "2022-11-22",
          "time": "14:59:32",
          "terminate": "false"
        },
        {
          "speaker": "speaker2",
          "personaID": "91761",
          "participantID": "30123",
          "utterance": "저는요. 깔끔한 성격이에요. 그래서 저녁에 청소를 해요.",
          "summary": "나는 깔끔하다. 나는 저녁에 청소를 한다.",
          "date": "2022-11-22",
          "time": "15:09:53",
          "terminate": "false"
        },
        {
          "speaker": "speaker1",
          "personaID": "92598",
          "participantID": "31467",
          "utterance": "우와, 대단하신데요. 취미는 뭐예요? 전 오보에 연주를 가끔 해요.",
          "summary": "나는 오보에 연주를 가끔 한다.",
          "date": "2022-11-22",
          "time": "15:10:31",
          "terminate": "false"
        },
        {
          "speaker": "speaker2",
          "personaID": "91761",
          "participantID": "30123",
          "utterance": "저는 축구 구경하는거요. 그치만 실외에서 축구 하는 것은 싫어해요.",
          "summary": "나는 축구 구경하는 게 취미이다. 나는 실외에서 축구하는 것을 싫어한다.",
          "date": "2022-11-22",
          "time": "15:11:01",
          "terminate": "false"
        },
        {
          "speaker": "speaker1",
          "personaID": "92598",
          "participantID": "31467",
          "utterance": "그러시군요. 저도 전쟁 영화를 가끔 보는데 실제 전쟁은 싫은 거랑 마찬가지네요.",
          "summary": "나는 전쟁 영화를 가끔 본다. 나는 실제 전쟁이 싫다.",
          "date": "2022-11-22",
          "time": "15:11:32",
          "terminate": "false"
        },
        {
          "speaker": "speaker2",
          "personaID": "91761",
          "participantID": "30123",
          "utterance": "비유를 굉장히 잘하시네요. 천재적이에요.",
          "summary": "",
          "date": "2022-11-22",
          "time": "15:12:01",
          "terminate": "false"
        },
        {
          "speaker": "speaker1",
          "personaID": "92598",
          "participantID": "31467",
          "utterance": "ㅎㅎ아니에요. 점심은 드셨어요? 전 라면을 먹으려고요.",
          "summary": "나는 점심에 라면을 먹을 예정이다.",
          "date": "2022-11-22",
          "time": "15:12:18",
          "terminate": "false"
        },
        {
          "speaker": "speaker2",
          "personaID": "91761",
          "participantID": "30123",
          "utterance": "라면이요? 으으 느끼할 것 같아요. 기름지잖아요.",
          "summary": "",
          "date": "2022-11-22",
          "time": "15:12:35",
          "terminate": "false"
        },
        {
          "speaker": "speaker1",
          "personaID": "92598",
          "participantID": "31467",
          "utterance": "싫어하시나 보네요. 그럼 이만 들어가볼게요. 다음에 또 대화해요.",
          "summary": "",
          "date": "2022-11-22",
          "time": "15:12:44",
          "terminate": "false"
        },
        {
          "speaker": "speaker2",
          "personaID": "91761",
          "participantID": "30123",
          "utterance": "그럼 저도 이만 가볼게요. 다음에 봐요.",
          "summary": "",
          "date": "2022-11-22",
          "time": "15:12:47",
          "terminate": "true"
        }
      ],
      "sessionPersonaSummary": {
        "speaker1": [
          "나는 40대 여성이다.",
          "나는 혈액형이 B형이다.",
          "나는 다소 내성적이다.",
          "나는 오보에 연주를 가끔 한다.",
          "나는 전쟁 영화를 가끔 본다. 나는 실제 전쟁이 싫다.",
          "나는 점심에 라면을 먹을 예정이다."
        ],
        "speaker2": [
          "나는 40대 남성이다.",
          "나는 혈액형이 AB형이다. 나의 생일은 6월이다.",
          "나는 깔끔하다. 나는 저녁에 청소를 한다.",
          "나는 축구 구경하는 게 취미이다. 나는 실외에서 축구하는 것을 싫어한다."
        ]
      },
      "prevAggregatedpersonaSummary": {
        "speaker1": [],
        "speaker2": []
      }
    },
    {
      "prevSessionID": "4-00400-1",
      "prevTimeInfo": {
        "timeNum": "1",
        "timeUnit": "주"
      },
      "nthSession": "2",
      "numberOfUtterances": "14",
      "numberOfTurns": "7",
      "sessionID": "4-00400-2",
      "dialog": [
        {
          "speaker": "speaker1",
          "personaID": "92598",
          "participantID": "31467",
          "utterance": "일주일만이네요. 뭐하고 계셨어요?",
          "summary": "",
          "date": "2022-11-22",
          "time": "15:13:07",
          "terminate": "false"
        },
        {
          "speaker": "speaker2",
          "personaID": "91761",
          "participantID": "30123",
          "utterance": "저는 저녁이라 청소를 하고 있었어요.",
          "summary": "나는 청소를 하고 있다.",
          "date": "2022-11-22",
          "time": "15:13:21",
          "terminate": "false"
        },
        {
          "speaker": "speaker1",
          "personaID": "92598",
          "participantID": "31467",
          "utterance": "그러시구나. 전 다음 달에 캠핑을 가려고 장소를 알아보고 있었어요.",
          "summary": "나는 다음 달에 캠핑을 간다. 나는 캠핑 장소를 알아보고 있다.",
          "date": "2022-11-22",
          "time": "15:13:40",
          "terminate": "false"
        },
        {
          "speaker": "speaker2",
          "personaID": "91761",
          "participantID": "30123",
          "utterance": "다음달에 가시면 좀 춥겠네요. 그치만 불도 피우시겠죠?",
          "summary": "",
          "date": "2022-11-22",
          "time": "15:14:01",
          "terminate": "false"
        },
        {
          "speaker": "speaker1",
          "personaID": "92598",
          "participantID": "31467",
          "utterance": "아마 그렇지 않을까요? 태안에 있는 몽산포해수욕장에 가려고요.",
          "summary": "나는 태안의 몽산포해수욕장에서 캠핑을 할 것이다.",
          "date": "2022-11-22",
          "time": "15:15:05",
          "terminate": "false"
        },
        {
          "speaker": "speaker2",
          "personaID": "91761",
          "participantID": "30123",
          "utterance": "바다도 보면서 캠핑하면 진짜 낭만적이겠네요.",
          "summary": "",
          "date": "2022-11-22",
          "time": "15:15:21",
          "terminate": "false"
        },
        {
          "speaker": "speaker1",
          "personaID": "92598",
          "participantID": "31467",
          "utterance": "맞아요. 안 그래도 겨울바다를 감상하기 위한 캠핑 명소라고 하더군요.",
          "summary": "",
          "date": "2022-11-22",
          "time": "15:15:35",
          "terminate": "false"
        },
        {
          "speaker": "speaker2",
          "personaID": "91761",
          "participantID": "30123",
          "utterance": "좋은 곳으로 캠핑 가시네요. 캠핑은 가족끼리 가세요?",
          "summary": "",
          "date": "2022-11-22",
          "time": "15:16:02",
          "terminate": "false"
        },
        {
          "speaker": "speaker1",
          "personaID": "92598",
          "participantID": "31467",
          "utterance": "네. 가족끼리 가려고요. 너무 기대되네요. 캠핑 가보신 적 있으세요?",
          "summary": "나는 가족과 캠핑할 예정이다. 나는 기대된다.",
          "date": "2022-11-22",
          "time": "15:16:34",
          "terminate": "false"
        },
        {
          "speaker": "speaker2",
          "personaID": "91761",
          "participantID": "30123",
          "utterance": "아뇨. 저는 캠핑을 가본 적 없어요. 너무 바쁘게 살았나봐요.",
          "summary": "나는 캠핑을 가본 적 없다.",
          "date": "2022-11-22",
          "time": "15:16:56",
          "terminate": "false"
        },
        {
          "speaker": "speaker1",
          "personaID": "92598",
          "participantID": "31467",
          "utterance": "그러시구나. 그럼 제가 다녀와서 감상 들려드릴게요.",
          "summary": "",
          "date": "2022-11-22",
          "time": "15:17:04",
          "terminate": "false"
        },
        {
          "speaker": "speaker2",
          "personaID": "91761",
          "participantID": "30123",
          "utterance": "알겠어요. 기대하고 있을게요. 잘 다녀와요.",
          "summary": "",
          "date": "2022-11-22",
          "time": "15:17:17",
          "terminate": "false"
        },
        {
          "speaker": "speaker1",
          "personaID": "92598",
          "participantID": "31467",
          "utterance": "그럼 저는 이만 가볼게요. 다음에 또 봐요.",
          "summary": "",
          "date": "2022-11-22",
          "time": "15:17:18",
          "terminate": "false"
        },
        {
          "speaker": "speaker2",
          "personaID": "91761",
          "participantID": "30123",
          "utterance": "그럼 저도 이만 가볼게요. 다음에 봐요.",
          "summary": "",
          "date": "2022-11-22",
          "time": "15:17:24",
          "terminate": "true"
        }
      ],
      "sessionPersonaSummary": {
        "speaker1": [
          "나는 다음 달에 캠핑을 간다. 나는 캠핑 장소를 알아보고 있다.",
          "나는 태안의 몽산포해수욕장에서 캠핑을 할 것이다.",
          "나는 가족과 캠핑할 예정이다. 나는 기대된다."
        ],
        "speaker2": [
          "나는 청소를 하고 있다.",
          "나는 캠핑을 가본 적 없다."
        ]
      },
      "prevAggregatedpersonaSummary": {
        "speaker1": [
          "나는 40대 여성이다.",
          "나는 혈액형이 B형이다.",
          "나는 다소 내성적이다.",
          "나는 오보에 연주를 가끔 한다.",
          "나는 전쟁 영화를 가끔 본다. 나는 실제 전쟁이 싫다.",
          "나는 점심에 라면을 먹을 예정이다."
        ],
        "speaker2": [
          "나는 40대 남성이다.",
          "나는 혈액형이 AB형이다. 나의 생일은 6월이다.",
          "나는 깔끔하다. 나는 저녁에 청소를 한다.",
          "나는 축구 구경하는 게 취미이다. 나는 실외에서 축구하는 것을 싫어한다."
        ]
      }
    },
    {
      "prevSessionID": "4-00400-2",
      "prevTimeInfo": {
        "timeNum": "3",
        "timeUnit": "주"
      },
      "nthSession": "3",
      "numberOfUtterances": "14",
      "numberOfTurns": "7",
      "sessionID": "4-00400-3",
      "dialog": [
        {
          "speaker": "speaker1",
          "personaID": "92598",
          "participantID": "31467",
          "utterance": "오랜만이에요. 저는 몽산포해수욕장에 캠핑을 하러 왔어요.",
          "summary": "나는 몽산포해수욕장에 캠핑을 하러 왔다.",
          "date": "2022-11-22",
          "time": "15:17:31",
          "terminate": "false"
        },
        {
          "speaker": "speaker2",
          "personaID": "91761",
          "participantID": "30123",
          "utterance": "진짜 부럽네요. 저도 캠핑 가고 싶어요.",
          "summary": "나는 부럽다. 나는 캠핑을 가고 싶다.",
          "date": "2022-11-22",
          "time": "15:17:51",
          "terminate": "false"
        },
        {
          "speaker": "speaker1",
          "personaID": "92598",
          "participantID": "31467",
          "utterance": "나중에 시간 나면 가족분들이랑 같이 오는 건 어떨까요?",
          "summary": "",
          "date": "2022-11-22",
          "time": "15:18:11",
          "terminate": "false"
        },
        {
          "speaker": "speaker2",
          "personaID": "91761",
          "participantID": "30123",
          "utterance": "네. 좋아요. 저도 조만간 캠핑을 가야겠어요.",
          "summary": "나는 조만간 캠핑을 갈 것이다.",
          "date": "2022-11-22",
          "time": "15:18:32",
          "terminate": "false"
        },
        {
          "speaker": "speaker1",
          "personaID": "92598",
          "participantID": "31467",
          "utterance": "잘 됐네요. 가족들이랑 캠핑을 같이 하면 더 즐거울 거예요.",
          "summary": "",
          "date": "2022-11-22",
          "time": "15:19:07",
          "terminate": "false"
        },
        {
          "speaker": "speaker2",
          "personaID": "91761",
          "participantID": "30123",
          "utterance": "그러겠네요. 근데 궁금한데 캠핑 용품들은 다 있으세요?",
          "summary": "",
          "date": "2022-11-22",
          "time": "15:19:34",
          "terminate": "false"
        },
        {
          "speaker": "speaker1",
          "personaID": "92598",
          "participantID": "31467",
          "utterance": "요즘엔 캠핑용품을 대여해주는 곳도 많더군요. 거기서 빌렸어요.",
          "summary": "나는 캠핑용품을 대여했다.",
          "date": "2022-11-22",
          "time": "15:20:03",
          "terminate": "false"
        },
        {
          "speaker": "speaker2",
          "personaID": "91761",
          "participantID": "30123",
          "utterance": "그렇군요. 사기에는 부담 됐는데 잘 됐네요.",
          "summary": "",
          "date": "2022-11-22",
          "time": "15:20:16",
          "terminate": "false"
        },
        {
          "speaker": "speaker1",
          "personaID": "92598",
          "participantID": "31467",
          "utterance": "맞아요. 캠핑을 자주 가는 것도 아니고 어쩌다 몇 번 가는데, 사기엔 부담스럽잖아요.",
          "summary": "",
          "date": "2022-11-22",
          "time": "15:20:30",
          "terminate": "false"
        },
        {
          "speaker": "speaker2",
          "personaID": "91761",
          "participantID": "30123",
          "utterance": "맞아요. 캠핑 준비는 다 하셨어요?",
          "summary": "",
          "date": "2022-11-22",
          "time": "15:21:13",
          "terminate": "false"
        },
        {
          "speaker": "speaker1",
          "personaID": "92598",
          "participantID": "31467",
          "utterance": "네. 지금은 남편이 바베큐를 굽고 있어요.",
          "summary": "나의 남편은 바비큐를 굽고 있다.",
          "date": "2022-11-22",
          "time": "15:21:31",
          "terminate": "false"
        },
        {
          "speaker": "speaker2",
          "personaID": "91761",
          "participantID": "30123",
          "utterance": "아. 그러시구나. 연기 안 맞게 조심하세요.",
          "summary": "",
          "date": "2022-11-22",
          "time": "15:21:45",
          "terminate": "false"
        },
        {
          "speaker": "speaker1",
          "personaID": "92598",
          "participantID": "31467",
          "utterance": "그럼 전 이만 먹으러 가볼게요. 다음에 봐요.",
          "summary": "",
          "date": "2022-11-22",
          "time": "15:21:47",
          "terminate": "false"
        },
        {
          "speaker": "speaker2",
          "personaID": "91761",
          "participantID": "30123",
          "utterance": "그럼 저도 이만 가볼게요. 다음에 봐요.",
          "summary": "",
          "date": "2022-11-22",
          "time": "15:21:52",
          "terminate": "true"
        }
      ],
      "sessionPersonaSummary": {
        "speaker1": [
          "나는 몽산포해수욕장에 캠핑을 하러 왔다.",
          "나는 캠핑용품을 대여했다.",
          "나의 남편은 바비큐를 굽고 있다."
        ],
        "speaker2": [
          "나는 부럽다. 나는 캠핑을 가고 싶다.",
          "나는 조만간 캠핑을 갈 것이다."
        ]
      },
      "prevAggregatedpersonaSummary": {
        "speaker1": [
          "나는 40대 여성이다.",
          "나는 혈액형이 B형이다.",
          "나는 다소 내성적이다.",
          "나는 오보에 연주를 가끔 한다.",
          "나는 전쟁 영화를 가끔 본다. 나는 실제 전쟁이 싫다.",
          "나는 점심에 라면을 먹을 예정이다.",
          "나는 다음 달에 캠핑을 간다. 나는 캠핑 장소를 알아보고 있다.",
          "나는 태안의 몽산포해수욕장에서 캠핑을 할 것이다.",
          "나는 가족과 캠핑할 예정이다. 나는 기대된다."
        ],
        "speaker2": [
          "나는 40대 남성이다.",
          "나는 혈액형이 AB형이다. 나의 생일은 6월이다.",
          "나는 깔끔하다. 나는 저녁에 청소를 한다.",
          "나는 축구 구경하는 게 취미이다. 나는 실외에서 축구하는 것을 싫어한다.",
          "나는 청소를 하고 있다.",
          "나는 캠핑을 가본 적 없다."
        ]
      }
    },
    {
      "prevSessionID": "4-00400-3",
      "prevTimeInfo": {
        "timeNum": "5",
        "timeUnit": "일"
      },
      "nthSession": "4",
      "numberOfUtterances": "16",
      "numberOfTurns": "8",
      "sessionID": "4-00400-4",
      "dialog": [
        {
          "speaker": "speaker1",
          "personaID": "92598",
          "participantID": "31467",
          "utterance": "닷새만이네요. 전 캠핑에서 돌아와서 오보에 연주를 하려고요.",
          "summary": "나는 캠핑에서 돌아왔다. 나는 오보에 연주를 할 예정이다.",
          "date": "2022-11-22",
          "time": "15:22:06",
          "terminate": "false"
        },
        {
          "speaker": "speaker2",
          "personaID": "91761",
          "participantID": "30123",
          "utterance": "캠핑은 즐거우셨나요? 오보에 연주 잘 하세요.",
          "summary": "",
          "date": "2022-11-22",
          "time": "15:22:55",
          "terminate": "false"
        },
        {
          "speaker": "speaker1",
          "personaID": "92598",
          "participantID": "31467",
          "utterance": "네, 즐거웠어요. 다음에도 또 가고 싶네요.",
          "summary": "나는 캠핑이 즐거웠다. 나는 캠핑을 또 가고 싶다.",
          "date": "2022-11-22",
          "time": "15:23:05",
          "terminate": "false"
        },
        {
          "speaker": "speaker2",
          "personaID": "91761",
          "participantID": "30123",
          "utterance": "그러시구나. 오보에 연주도 무척이나 아름다울 것 같네요.",
          "summary": "",
          "date": "2022-11-22",
          "time": "15:23:34",
          "terminate": "false"
        },
        {
          "speaker": "speaker1",
          "personaID": "92598",
          "participantID": "31467",
          "utterance": "네. 오보에는 소리가 참 아름다운 악기랍니다.",
          "summary": "",
          "date": "2022-11-22",
          "time": "15:23:46",
          "terminate": "false"
        },
        {
          "speaker": "speaker2",
          "personaID": "91761",
          "participantID": "30123",
          "utterance": "기회가 된다면 연주를 들려주세요.",
          "summary": "",
          "date": "2022-11-22",
          "time": "15:24:04",
          "terminate": "false"
        },
        {
          "speaker": "speaker1",
          "personaID": "92598",
          "participantID": "31467",
          "utterance": "좋아요. 선생님은 뭐하고 계시나요?",
          "summary": "",
          "date": "2022-11-22",
          "time": "15:24:12",
          "terminate": "false"
        },
        {
          "speaker": "speaker2",
          "personaID": "91761",
          "participantID": "30123",
          "utterance": "저는 그냥 있어요. 멍 때리면서요.",
          "summary": "나는 멍 때린다.",
          "date": "2022-11-22",
          "time": "15:24:43",
          "terminate": "false"
        },
        {
          "speaker": "speaker1",
          "personaID": "92598",
          "participantID": "31467",
          "utterance": "그러시군요. 집에 계신 거죠?",
          "summary": "",
          "date": "2022-11-22",
          "time": "15:25:32",
          "terminate": "false"
        },
        {
          "speaker": "speaker2",
          "personaID": "91761",
          "participantID": "30123",
          "utterance": "네. 집에 있어요. 그러고보니 캠핑하면서 불멍도 하셨나요?",
          "summary": "나는 집이다.",
          "date": "2022-11-22",
          "time": "15:25:53",
          "terminate": "false"
        },
        {
          "speaker": "speaker1",
          "personaID": "92598",
          "participantID": "31467",
          "utterance": "아니요. 그건 안 했네요. 겨울바다가 너무 예뻐서요.",
          "summary": "나는 캠핑에서 불멍을 하지 않았다.",
          "date": "2022-11-22",
          "time": "15:26:27",
          "terminate": "false"
        },
        {
          "speaker": "speaker2",
          "personaID": "91761",
          "participantID": "30123",
          "utterance": "그러셨구나. 그럼 물멍하셨나요? 바다를 보면서요.",
          "summary": "",
          "date": "2022-11-22",
          "time": "15:27:04",
          "terminate": "false"
        },
        {
          "speaker": "speaker1",
          "personaID": "92598",
          "participantID": "31467",
          "utterance": "네. 겨울바다를 열심히 감상했답니다.",
          "summary": "나는 겨울바다를 열심히 감상했다.",
          "date": "2022-11-22",
          "time": "15:27:15",
          "terminate": "false"
        },
        {
          "speaker": "speaker2",
          "personaID": "91761",
          "participantID": "30123",
          "utterance": "ㅎㅎ좋으셨겠네요. 참 행복하셨겠다.",
          "summary": "",
          "date": "2022-11-22",
          "time": "15:27:39",
          "terminate": "false"
        },
        {
          "speaker": "speaker1",
          "personaID": "92598",
          "participantID": "31467",
          "utterance": "ㅎㅎ그렇죠. 그럼 전 이만 들어가볼게요. 나중에 또 연락드릴게요.",
          "summary": "",
          "date": "2022-11-22",
          "time": "15:27:44",
          "terminate": "false"
        },
        {
          "speaker": "speaker2",
          "personaID": "91761",
          "participantID": "30123",
          "utterance": "그럼 저도 이만 가볼게요. 다음에 봐요.",
          "summary": "",
          "date": "2022-11-22",
          "time": "15:27:53",
          "terminate": "true"
        }
      ],
      "sessionPersonaSummary": {
        "speaker1": [
          "나는 캠핑에서 돌아왔다. 나는 오보에 연주를 할 예정이다.",
          "나는 캠핑이 즐거웠다. 나는 캠핑을 또 가고 싶다.",
          "나는 캠핑에서 불멍을 하지 않았다.",
          "나는 겨울바다를 열심히 감상했다."
        ],
        "speaker2": [
          "나는 멍 때린다.",
          "나는 집이다."
        ]
      },
      "prevAggregatedpersonaSummary": {
        "speaker1": [
          "나는 40대 여성이다.",
          "나는 혈액형이 B형이다.",
          "나는 다소 내성적이다.",
          "나는 오보에 연주를 가끔 한다.",
          "나는 전쟁 영화를 가끔 본다. 나는 실제 전쟁이 싫다.",
          "나는 점심에 라면을 먹을 예정이다.",
          "나는 다음 달에 캠핑을 간다. 나는 캠핑 장소를 알아보고 있다.",
          "나는 태안의 몽산포해수욕장에서 캠핑을 할 것이다.",
          "나는 가족과 캠핑할 예정이다. 나는 기대된다.",
          "나는 몽산포해수욕장에 캠핑을 하러 왔다.",
          "나는 캠핑용품을 대여했다.",
          "나의 남편은 바비큐를 굽고 있다."
        ],
        "speaker2": [
          "나는 40대 남성이다.",
          "나는 혈액형이 AB형이다. 나의 생일은 6월이다.",
          "나는 깔끔하다. 나는 저녁에 청소를 한다.",
          "나는 축구 구경하는 게 취미이다. 나는 실외에서 축구하는 것을 싫어한다.",
          "나는 청소를 하고 있다.",
          "나는 캠핑을 가본 적 없다.",
          "나는 부럽다. 나는 캠핑을 가고 싶다.",
          "나는 조만간 캠핑을 갈 것이다."
        ]
      }
    }
  ]
}