{
  "FileInfo": {
    "filename": "K4-00306-CL92488-CP93114-16-04-S4.json",
    "sessionLevel": "4"
  },
  "participantsInfo": {
    "numberOfParticipants": "2",
    "speaker1": {
      "participantID": "21424",
      "gender": "여성",
      "age": "40대",
      "occupation": "주부",
      "bPlace": "서울/경기/인천",
      "gPlace": "서울/경기/인천",
      "rPlace": "서울/경기/인천",
      "educationLevel": "대졸"
    },
    "speaker2": {
      "participantID": "20152",
      "gender": "여성",
      "age": "40대",
      "occupation": "자영업",
      "bPlace": "서울/경기/인천",
      "gPlace": "서울/경기/인천",
      "rPlace": "서울/경기/인천",
      "educationLevel": "대졸"
    }
  },
  "multisessionInfo": {
    "multisessionID": "4-00306"
  },
  "personaInfo": {
    "clInfo": {
      "personaID": "92488",
      "personaFeatures": [
        "나는 여자이다.",
        "나는 40대이다.",
        "나는 맛집 여행을 자주 간다.",
        "나의 생일은 2월이다.",
        "나는 록 음악을 자주 듣는다.",
        "나는 다림질하는 것을 좋아한다."
      ],
      "speakerType": "speaker1"
    },
    "cpInfo": {
      "personaID": "93114",
      "personaFeatures": [
        "나는 여자이다.",
        "나는 40대이다.",
        "나는 음악을 자주 듣는다.",
        "나는 터키에 가보고 싶다.",
        "나는 걱정이 많다.",
        "나는 돈가스를 안 먹는다.",
        "나는 혈액형이 O형이다."
      ],
      "speakerType": "speaker2"
    }
  },
  "topicInfo": {
    "topicID": "16-04",
    "topicType": "미용과 건강>미용",
    "topicTitle": "다이어트"
  },
  "sessionInfo": [
    {
      "prevSessionID": null,
      "prevTimeInfo": {
        "timeNum": null,
        "timeUnit": null
      },
      "nthSession": "1",
      "numberOfUtterances": "14",
      "numberOfTurns": "7",
      "sessionID": "4-00306-1",
      "dialog": [
        {
          "speaker": "speaker1",
          "personaID": "92488",
          "participantID": "21424",
          "utterance": "안녕하세요. 저는 서울에 살고 있는 40대 여성입니다. 대화 잘 부탁 드려요 ~",
          "summary": "나는 서울에 살고 있다. 나는 40대 여성이다.",
          "date": "2022-11-22",
          "time": "11:39:35",
          "terminate": "false"
        },
        {
          "speaker": "speaker2",
          "personaID": "93114",
          "participantID": "20152",
          "utterance": "안녕하세요. 저도 40대 여성입니다. 반갑습니다^^",
          "summary": "나는 40대 여성이다.",
          "date": "2022-11-22",
          "time": "11:39:50",
          "terminate": "false"
        },
        {
          "speaker": "speaker1",
          "personaID": "92488",
          "participantID": "21424",
          "utterance": "저도 반가워요 ~ 같은 나이대라 말이 더 잘 통하겠어요. 취미 있으세요?",
          "summary": "",
          "date": "2022-11-22",
          "time": "11:40:04",
          "terminate": "false"
        },
        {
          "speaker": "speaker2",
          "personaID": "93114",
          "participantID": "20152",
          "utterance": "저는 음악을 좋아해서 자주 듣고 여행을 좋아해요. 요즘에는 터키에 가보고 싶네요.",
          "summary": "나는 음악을 좋아해서 자주 듣는다. 나는 여행을 좋아한다. 나는 터키에 가보고 싶다.",
          "date": "2022-11-22",
          "time": "11:40:25",
          "terminate": "false"
        },
        {
          "speaker": "speaker1",
          "personaID": "92488",
          "participantID": "21424",
          "utterance": "저 예전에 터키에서 열기구 탄 적 있어요. 20년 전이라 기억이 가물가물하네요.",
          "summary": "나는 예전에 터키에서 열기구를 탄 적 있다. 나는 20년 전에 터키에 가봐서 기억이 가물가물하다.",
          "date": "2022-11-22",
          "time": "11:40:40",
          "terminate": "false"
        },
        {
          "speaker": "speaker2",
          "personaID": "93114",
          "participantID": "20152",
          "utterance": "저도 그거 타고 싶어서 가고 싶네요ㅎㅎ 취미가 어떻게 되세요??",
          "summary": "나는 열기구를 타고 싶어서 터키에 가고 싶다.",
          "date": "2022-11-22",
          "time": "11:41:02",
          "terminate": "false"
        },
        {
          "speaker": "speaker1",
          "personaID": "92488",
          "participantID": "21424",
          "utterance": "저는 맛집 여행을 자주 가요. 이번 주말에는 대구 가서 곱창 먹으려고요. 국내 여행 자주 하시나요?",
          "summary": "나는 맛집 여행을 자주 간다. 나는 이번 주말에 대구에 가서 곱창을 먹을 것이다.",
          "date": "2022-11-22",
          "time": "11:41:28",
          "terminate": "false"
        },
        {
          "speaker": "speaker2",
          "personaID": "93114",
          "participantID": "20152",
          "utterance": "네 국내 여행 좋아해요ㅎㅎ 근데 요즘 바빠지고 건강이 안좋아지는 것 같아서 걱정이 많네요ㅠㅠ.",
          "summary": "나는 국내 여행을 좋아한다. 나는 요즘 바빠지고 건강이 안 좋아지는 것 같아서 걱정이 많다.",
          "date": "2022-11-22",
          "time": "11:42:09",
          "terminate": "false"
        },
        {
          "speaker": "speaker1",
          "personaID": "92488",
          "participantID": "21424",
          "utterance": "40대이니까 건강 관리 해야 돼요. 어떤 음악 자주 들으세요? 전 록 음악을 자주 듣거든요.",
          "summary": "나는 록 음악을 자주 듣는다.",
          "date": "2022-11-22",
          "time": "11:42:29",
          "terminate": "false"
        },
        {
          "speaker": "speaker2",
          "personaID": "93114",
          "participantID": "20152",
          "utterance": "저는 힙합 음악을 좋아해요ㅎㅎ 제가 비트 있는 음악을 좋아해서요. 혹시 혈액형이나 생일을 알 수 있을까요?",
          "summary": "나는 힙합 음악을 좋아한다. 나는 비트 있는 음악을 좋아한다.",
          "date": "2022-11-22",
          "time": "11:43:00",
          "terminate": "false"
        },
        {
          "speaker": "speaker1",
          "personaID": "92488",
          "participantID": "21424",
          "utterance": "네. 저는 생일은 2월이에요. 혈액형은 A형이고요.",
          "summary": "나의 생일은 2월이다. 나는 혈액형이 A형이다.",
          "date": "2022-11-22",
          "time": "11:43:12",
          "terminate": "false"
        },
        {
          "speaker": "speaker2",
          "personaID": "93114",
          "participantID": "20152",
          "utterance": "그러시군요. 저는 생일은 7월이고 혈액형은 O형이에요!",
          "summary": "나의 생일은 7월이다. 나는 혈액형이 O형이다.",
          "date": "2022-11-22",
          "time": "11:43:30",
          "terminate": "false"
        },
        {
          "speaker": "speaker1",
          "personaID": "92488",
          "participantID": "21424",
          "utterance": "둘다 생일 지났네요 하하. 나중에 또 대화 나눕시다 ~",
          "summary": "",
          "date": "2022-11-22",
          "time": "11:43:42",
          "terminate": "false"
        },
        {
          "speaker": "speaker2",
          "personaID": "93114",
          "participantID": "20152",
          "utterance": "네 알겠습니다. 대화 즐거웠어요^^",
          "summary": "",
          "date": "2022-11-22",
          "time": "11:44:02",
          "terminate": "true"
        }
      ],
      "sessionPersonaSummary": {
        "speaker1": [
          "나는 서울에 살고 있다. 나는 40대 여성이다.",
          "나는 예전에 터키에서 열기구를 탄 적 있다. 나는 20년 전에 터키에 가봐서 기억이 가물가물하다.",
          "나는 맛집 여행을 자주 간다. 나는 이번 주말에 대구에 가서 곱창을 먹을 것이다.",
          "나는 록 음악을 자주 듣는다.",
          "나의 생일은 2월이다. 나는 혈액형이 A형이다."
        ],
        "speaker2": [
          "나는 40대 여성이다.",
          "나는 음악을 좋아해서 자주 듣는다. 나는 여행을 좋아한다. 나는 터키에 가보고 싶다.",
          "나는 열기구를 타고 싶어서 터키에 가고 싶다.",
          "나는 국내 여행을 좋아한다. 나는 요즘 바빠지고 건강이 안 좋아지는 것 같아서 걱정이 많다.",
          "나는 힙합 음악을 좋아한다. 나는 비트 있는 음악을 좋아한다.",
          "나의 생일은 7월이다. 나는 혈액형이 O형이다."
        ]
      },
      "prevAggregatedpersonaSummary": {
        "speaker1": [],
        "speaker2": []
      }
    },
    {
      "prevSessionID": "4-00306-1",
      "prevTimeInfo": {
        "timeNum": "1",
        "timeUnit": "주"
      },
      "nthSession": "2",
      "numberOfUtterances": "14",
      "numberOfTurns": "7",
      "sessionID": "4-00306-2",
      "dialog": [
        {
          "speaker": "speaker1",
          "personaID": "92488",
          "participantID": "21424",
          "utterance": "안녕하세요. 일주일만이에요. 건강하게 잘 지내셨어요?",
          "summary": "",
          "date": "2022-11-22",
          "time": "11:44:18",
          "terminate": "false"
        },
        {
          "speaker": "speaker2",
          "personaID": "93114",
          "participantID": "20152",
          "utterance": "네 잘 지냈습니다. 그동안 맛집 탐방은 하셨나요?",
          "summary": "",
          "date": "2022-11-22",
          "time": "11:44:35",
          "terminate": "false"
        },
        {
          "speaker": "speaker1",
          "personaID": "92488",
          "participantID": "21424",
          "utterance": "네. 저 주말에 대구 가서 곱창 먹고 3키로나 쪘어요 하하.",
          "summary": "나는 주말에 대구에 가서 곱창을 먹었으며 3킬로나 쪘다.",
          "date": "2022-11-22",
          "time": "11:44:45",
          "terminate": "false"
        },
        {
          "speaker": "speaker2",
          "personaID": "93114",
          "participantID": "20152",
          "utterance": "그렇군요. 저도 살이 많이 쪄서 고민이네요ㅠㅠ 저 몇일 전에 살빼려고 체지방 분해되는 약 주문했어요.",
          "summary": "나는 살이 많이 쪄서 고민이다. 나는 며칠 전에 살 빼려고 체지방 분해되는 약을 주문했다.",
          "date": "2022-11-22",
          "time": "11:45:18",
          "terminate": "false"
        },
        {
          "speaker": "speaker1",
          "personaID": "92488",
          "participantID": "21424",
          "utterance": "다이어트에 관심이 많으시군요? 저는 365일 다이어트 중이에요.",
          "summary": "나는 365일 다이어트 중이다.",
          "date": "2022-11-22",
          "time": "11:45:30",
          "terminate": "false"
        },
        {
          "speaker": "speaker2",
          "personaID": "93114",
          "participantID": "20152",
          "utterance": "저도요. 건강검진 받았는데 병원에서도 살 좀 빼라고 하더군요.",
          "summary": "나는 건강검진을 받았는데 병원에서도 살을 빼라고 했다.",
          "date": "2022-11-22",
          "time": "11:45:51",
          "terminate": "false"
        },
        {
          "speaker": "speaker1",
          "personaID": "92488",
          "participantID": "21424",
          "utterance": "저도 과체중이라 살 빼야 하는데 세상에 맛있는 게 너무 많네요.",
          "summary": "나는 과체중이라 살을 빼야 하나 세상에 맛있는 음식이 너무 많다.",
          "date": "2022-11-22",
          "time": "11:46:02",
          "terminate": "false"
        },
        {
          "speaker": "speaker2",
          "personaID": "93114",
          "participantID": "20152",
          "utterance": "그러니까요. 일단 식단부터 바꿔야 겠어요.",
          "summary": "나는 식단부터 바꿀 것이다.",
          "date": "2022-11-22",
          "time": "11:46:30",
          "terminate": "false"
        },
        {
          "speaker": "speaker1",
          "personaID": "92488",
          "participantID": "21424",
          "utterance": "탄수화물 먹기 전에 야채를 많이 먹으라는데 전 야채 별로예요.",
          "summary": "나는 야채를 별로 안 좋아한다.",
          "date": "2022-11-22",
          "time": "11:46:46",
          "terminate": "false"
        },
        {
          "speaker": "speaker2",
          "personaID": "93114",
          "participantID": "20152",
          "utterance": "야채를 싫어하지는 않는데 고기를 워낙 좋아했었서요.",
          "summary": "나는 야채를 싫어하지는 않는데 고기를 워낙 좋아했었다.",
          "date": "2022-11-22",
          "time": "11:47:14",
          "terminate": "false"
        },
        {
          "speaker": "speaker1",
          "personaID": "92488",
          "participantID": "21424",
          "utterance": "저도 고기 좋아해요. 고기 하루에 한번은 먹어요.",
          "summary": "나는 고기를 좋아해서 하루에 한 번은 먹는다.",
          "date": "2022-11-22",
          "time": "11:47:25",
          "terminate": "false"
        },
        {
          "speaker": "speaker2",
          "personaID": "93114",
          "participantID": "20152",
          "utterance": "그러시군요. 이제 건강을 위해서라도 다이어트를 본격적으로 시작해야겠어요.",
          "summary": "나는 건강을 위해서라도 다이어트를 본격적으로 시작할 것이다.",
          "date": "2022-11-22",
          "time": "11:47:44",
          "terminate": "false"
        },
        {
          "speaker": "speaker1",
          "personaID": "92488",
          "participantID": "21424",
          "utterance": "다이어트 화이팅 하세요. 다음에 또 대화 해요 ~",
          "summary": "",
          "date": "2022-11-22",
          "time": "11:47:55",
          "terminate": "false"
        },
        {
          "speaker": "speaker2",
          "personaID": "93114",
          "participantID": "20152",
          "utterance": "네 알겠습니다. 다음에 또 대화하시죠~~^^",
          "summary": "",
          "date": "2022-11-22",
          "time": "11:48:07",
          "terminate": "true"
        }
      ],
      "sessionPersonaSummary": {
        "speaker1": [
          "나는 주말에 대구에 가서 곱창을 먹었으며 3킬로나 쪘다.",
          "나는 365일 다이어트 중이다.",
          "나는 과체중이라 살을 빼야 하나 세상에 맛있는 음식이 너무 많다.",
          "나는 야채를 별로 안 좋아한다.",
          "나는 고기를 좋아해서 하루에 한 번은 먹는다."
        ],
        "speaker2": [
          "나는 살이 많이 쪄서 고민이다. 나는 며칠 전에 살 빼려고 체지방 분해되는 약을 주문했다.",
          "나는 건강검진을 받았는데 병원에서도 살을 빼라고 했다.",
          "나는 식단부터 바꿀 것이다.",
          "나는 야채를 싫어하지는 않는데 고기를 워낙 좋아했었다.",
          "나는 건강을 위해서라도 다이어트를 본격적으로 시작할 것이다."
        ]
      },
      "prevAggregatedpersonaSummary": {
        "speaker1": [
          "나는 서울에 살고 있다. 나는 40대 여성이다.",
          "나는 예전에 터키에서 열기구를 탄 적 있다. 나는 20년 전에 터키에 가봐서 기억이 가물가물하다.",
          "나는 맛집 여행을 자주 간다. 나는 이번 주말에 대구에 가서 곱창을 먹을 것이다.",
          "나는 록 음악을 자주 듣는다.",
          "나의 생일은 2월이다. 나는 혈액형이 A형이다."
        ],
        "speaker2": [
          "나는 40대 여성이다.",
          "나는 음악을 좋아해서 자주 듣는다. 나는 여행을 좋아한다. 나는 터키에 가보고 싶다.",
          "나는 열기구를 타고 싶어서 터키에 가고 싶다.",
          "나는 국내 여행을 좋아한다. 나는 요즘 바빠지고 건강이 안 좋아지는 것 같아서 걱정이 많다.",
          "나는 힙합 음악을 좋아한다. 나는 비트 있는 음악을 좋아한다.",
          "나의 생일은 7월이다. 나는 혈액형이 O형이다."
        ]
      }
    },
    {
      "prevSessionID": "4-00306-2",
      "prevTimeInfo": {
        "timeNum": "2",
        "timeUnit": "주"
      },
      "nthSession": "3",
      "numberOfUtterances": "14",
      "numberOfTurns": "7",
      "sessionID": "4-00306-3",
      "dialog": [
        {
          "speaker": "speaker1",
          "personaID": "92488",
          "participantID": "21424",
          "utterance": "안녕하세요. 2주 만이죠? 다이어트 진행상황은 좀 어때요?",
          "summary": "",
          "date": "2022-11-22",
          "time": "11:48:12",
          "terminate": "false"
        },
        {
          "speaker": "speaker2",
          "personaID": "93114",
          "participantID": "20152",
          "utterance": "저 3kg 감량했습니다. 운동이랑 식단조절 했더니 빠졌네요. 살은 좀 빼셨어요?",
          "summary": "나는 3kg를 감량했다. 나는 운동이랑 식단 조절을 했더니 살이 빠졌다.",
          "date": "2022-11-22",
          "time": "11:48:39",
          "terminate": "false"
        },
        {
          "speaker": "speaker1",
          "personaID": "92488",
          "participantID": "21424",
          "utterance": "저 2키로 더 쪘어요. 그 동안 전주 맛집 여행을 했거든요.",
          "summary": "나는 그동안 전주 맛집 여행을 다녀왔으며 2킬로가 더 쪘다.",
          "date": "2022-11-22",
          "time": "11:48:51",
          "terminate": "false"
        },
        {
          "speaker": "speaker2",
          "personaID": "93114",
          "participantID": "20152",
          "utterance": "그러셨군요. 건강을 위해서라도 이제 진짜 빼셔야 하지 않을까요?ㅠㅠ.",
          "summary": "",
          "date": "2022-11-22",
          "time": "11:49:13",
          "terminate": "false"
        },
        {
          "speaker": "speaker1",
          "personaID": "92488",
          "participantID": "21424",
          "utterance": "저도 다이어트의 필요성을 느끼는데 먹는 걸 못 참겠네요. 식이조절 잘 지키고 계세요?",
          "summary": "나는 다이어트의 필요성을 느끼지만 먹는 걸 못 참겠다.",
          "date": "2022-11-22",
          "time": "11:49:33",
          "terminate": "false"
        },
        {
          "speaker": "speaker2",
          "personaID": "93114",
          "participantID": "20152",
          "utterance": "네 저는 잘 하고 있어요. 혹시 레몬물 아세요?",
          "summary": "나는 식이조절을 잘하고 있다.",
          "date": "2022-11-22",
          "time": "11:49:51",
          "terminate": "false"
        },
        {
          "speaker": "speaker1",
          "personaID": "92488",
          "participantID": "21424",
          "utterance": "아니요? 설마 밥 대신 레몬물 마시라는 건 아니죠? 저는 다이어트할 때 절식은 절대 안 할 거예요.",
          "summary": "나는 다이어트할 때 절식은 절대 안 할 것이다.",
          "date": "2022-11-22",
          "time": "11:50:06",
          "terminate": "false"
        },
        {
          "speaker": "speaker2",
          "personaID": "93114",
          "participantID": "20152",
          "utterance": "아니요. 아침에 레몬물을 한잔 마시면 식욕이 떨어지거든요.",
          "summary": "나는 아침에 레몬 물을 마시면 식욕이 떨어진다.",
          "date": "2022-11-22",
          "time": "11:50:36",
          "terminate": "false"
        },
        {
          "speaker": "speaker1",
          "personaID": "92488",
          "participantID": "21424",
          "utterance": "위에 부담가지 않을까요? 레몬이 산성이 강하잖아요.",
          "summary": "",
          "date": "2022-11-22",
          "time": "11:50:46",
          "terminate": "false"
        },
        {
          "speaker": "speaker2",
          "personaID": "93114",
          "participantID": "20152",
          "utterance": "근데 면연력에 좋아서 저는 매일 마시고 있네요.",
          "summary": "나는 레몬이 면역력에 좋아서 매일 마시고 있다.",
          "date": "2022-11-22",
          "time": "11:51:00",
          "terminate": "false"
        },
        {
          "speaker": "speaker1",
          "personaID": "92488",
          "participantID": "21424",
          "utterance": "그렇군요. 걱정은 님보다 제가 더 많은 거 같네요 하하. 운동은 어떤 걸 하셨어요?",
          "summary": "나는 상대방보다 내가 더 걱정이 많은 것 같다.",
          "date": "2022-11-22",
          "time": "11:51:15",
          "terminate": "false"
        },
        {
          "speaker": "speaker2",
          "personaID": "93114",
          "participantID": "20152",
          "utterance": "저는 필라테스를 했어요. 제가 체형도 비뚤어져서 교정이 필요하거든요.",
          "summary": "나는 필라테스를 했다. 나는 체형이 비뚤어져서 교정이 필요하다.",
          "date": "2022-11-22",
          "time": "11:51:35",
          "terminate": "false"
        },
        {
          "speaker": "speaker1",
          "personaID": "92488",
          "participantID": "21424",
          "utterance": "그렇군요. 일단 운동을 뭐 할지부터 정해봐야겠어요 전. 대화 즐거웠어요.",
          "summary": "나는 다이어트를 위해 어떤 운동부터 할지 정해볼 것이다.",
          "date": "2022-11-22",
          "time": "11:51:53",
          "terminate": "false"
        },
        {
          "speaker": "speaker2",
          "personaID": "93114",
          "participantID": "20152",
          "utterance": "네 알겠습니다. 다음에 또 봬요~^^",
          "summary": "",
          "date": "2022-11-22",
          "time": "11:52:08",
          "terminate": "true"
        }
      ],
      "sessionPersonaSummary": {
        "speaker1": [
          "나는 그동안 전주 맛집 여행을 다녀왔으며 2킬로가 더 쪘다.",
          "나는 다이어트의 필요성을 느끼지만 먹는 걸 못 참겠다.",
          "나는 다이어트할 때 절식은 절대 안 할 것이다.",
          "나는 상대방보다 내가 더 걱정이 많은 것 같다.",
          "나는 다이어트를 위해 어떤 운동부터 할지 정해볼 것이다."
        ],
        "speaker2": [
          "나는 3kg를 감량했다. 나는 운동이랑 식단 조절을 했더니 살이 빠졌다.",
          "나는 식이조절을 잘하고 있다.",
          "나는 아침에 레몬 물을 마시면 식욕이 떨어진다.",
          "나는 레몬이 면역력에 좋아서 매일 마시고 있다.",
          "나는 필라테스를 했다. 나는 체형이 비뚤어져서 교정이 필요하다."
        ]
      },
      "prevAggregatedpersonaSummary": {
        "speaker1": [
          "나는 서울에 살고 있다. 나는 40대 여성이다.",
          "나는 예전에 터키에서 열기구를 탄 적 있다. 나는 20년 전에 터키에 가봐서 기억이 가물가물하다.",
          "나는 맛집 여행을 자주 간다. 나는 이번 주말에 대구에 가서 곱창을 먹을 것이다.",
          "나는 록 음악을 자주 듣는다.",
          "나의 생일은 2월이다. 나는 혈액형이 A형이다.",
          "나는 주말에 대구에 가서 곱창을 먹었으며 3킬로나 쪘다.",
          "나는 365일 다이어트 중이다.",
          "나는 과체중이라 살을 빼야 하나 세상에 맛있는 음식이 너무 많다.",
          "나는 야채를 별로 안 좋아한다.",
          "나는 고기를 좋아해서 하루에 한 번은 먹는다."
        ],
        "speaker2": [
          "나는 40대 여성이다.",
          "나는 음악을 좋아해서 자주 듣는다. 나는 여행을 좋아한다. 나는 터키에 가보고 싶다.",
          "나는 열기구를 타고 싶어서 터키에 가고 싶다.",
          "나는 국내 여행을 좋아한다. 나는 요즘 바빠지고 건강이 안 좋아지는 것 같아서 걱정이 많다.",
          "나는 힙합 음악을 좋아한다. 나는 비트 있는 음악을 좋아한다.",
          "나의 생일은 7월이다. 나는 혈액형이 O형이다.",
          "나는 살이 많이 쪄서 고민이다. 나는 며칠 전에 살 빼려고 체지방 분해되는 약을 주문했다.",
          "나는 건강검진을 받았는데 병원에서도 살을 빼라고 했다.",
          "나는 식단부터 바꿀 것이다.",
          "나는 야채를 싫어하지는 않는데 고기를 워낙 좋아했었다.",
          "나는 건강을 위해서라도 다이어트를 본격적으로 시작할 것이다."
        ]
      }
    },
    {
      "prevSessionID": "4-00306-3",
      "prevTimeInfo": {
        "timeNum": "28",
        "timeUnit": "시간"
      },
      "nthSession": "4",
      "numberOfUtterances": "14",
      "numberOfTurns": "7",
      "sessionID": "4-00306-4",
      "dialog": [
        {
          "speaker": "speaker1",
          "personaID": "92488",
          "participantID": "21424",
          "utterance": "안녕하세요. 28시간만에 연락 드려요. 오늘 아침에도 레몬물 드셨어요?",
          "summary": "",
          "date": "2022-11-22",
          "time": "11:52:22",
          "terminate": "false"
        },
        {
          "speaker": "speaker2",
          "personaID": "93114",
          "participantID": "20152",
          "utterance": "네 마셨습니다. 이거 확실히 효과 있는 것 같아요. 뭘 먹고 싶은 생각이 안드네요.",
          "summary": "나는 레몬 물이 효과가 있는 것 같다. 나는 뭘 먹고 싶은 생각이 안 든다.",
          "date": "2022-11-22",
          "time": "11:52:42",
          "terminate": "false"
        },
        {
          "speaker": "speaker1",
          "personaID": "92488",
          "participantID": "21424",
          "utterance": "생각만 해도 슬퍼요. 맛집 여행 가는 게 제 유일한 낙인걸요.",
          "summary": "나는 레몬 물을 마시고 입맛이 사라진다는 생각만 해도 슬프다.",
          "date": "2022-11-22",
          "time": "11:53:02",
          "terminate": "false"
        },
        {
          "speaker": "speaker2",
          "personaID": "93114",
          "participantID": "20152",
          "utterance": "그러시군요. 레몬물 한번 드셔보세요ㅎㅎ 식욕이 떨어지실 거에요ㅎㅎ.",
          "summary": "나는 레몬 물을 마시면 식욕이 떨어져서 추천한다.",
          "date": "2022-11-22",
          "time": "11:53:22",
          "terminate": "false"
        },
        {
          "speaker": "speaker1",
          "personaID": "92488",
          "participantID": "21424",
          "utterance": "다이어트는 해야하지만 제 식욕을 잃고 싶지 않네요. 전 오늘부터 빨리 걷기 해보려고요.",
          "summary": "나는 다이어트는 해야 하지만 내 식욕을 잃고 싶지 않다. 나는 오늘부터 빨리 걷기를 할 것이다.",
          "date": "2022-11-22",
          "time": "11:53:40",
          "terminate": "false"
        },
        {
          "speaker": "speaker2",
          "personaID": "93114",
          "participantID": "20152",
          "utterance": "그렇군요. 걷기는 보통 1시간 하시나요?",
          "summary": "",
          "date": "2022-11-22",
          "time": "11:53:55",
          "terminate": "false"
        },
        {
          "speaker": "speaker1",
          "personaID": "92488",
          "participantID": "21424",
          "utterance": "딱히 시간 내서 걸어본 적이 없어요. 오늘부터 1시간씩 록 음악 들으면서 걷게요.",
          "summary": "나는 지금까지 딱히 시간을 내서 걸어본 적이 없다. 나는 오늘부터 1시간씩 록 음악을 들으며 걸을 것이다.",
          "date": "2022-11-22",
          "time": "11:54:18",
          "terminate": "false"
        },
        {
          "speaker": "speaker2",
          "personaID": "93114",
          "participantID": "20152",
          "utterance": "저는 록음악 어려워서 못 듣겠어요ㅠㅠ 헤비메탈 쪽은 아니시죠?",
          "summary": "나는 록 음악은 어려워서 못 듣겠다.",
          "date": "2022-11-22",
          "time": "11:54:50",
          "terminate": "false"
        },
        {
          "speaker": "speaker1",
          "personaID": "92488",
          "participantID": "21424",
          "utterance": "헤비메탈도 들어요. 제가 @이름@ 팬이어서요.",
          "summary": "나는 헤미메탈도 듣는다. 나는 @이름@ 팬이다.",
          "date": "2022-11-22",
          "time": "11:55:03",
          "terminate": "false"
        },
        {
          "speaker": "speaker2",
          "personaID": "93114",
          "participantID": "20152",
          "utterance": "그러시군요. 록은 잘 모르겠네요. 매일 힙합 음악만 들어요ㅎㅎ.",
          "summary": "나는 록 음악을 잘 모른다. 나는 매일 힙합 음악만 듣는다.",
          "date": "2022-11-22",
          "time": "11:55:28",
          "terminate": "false"
        },
        {
          "speaker": "speaker1",
          "personaID": "92488",
          "participantID": "21424",
          "utterance": "저는 오히려 힙합이 어렵던걸요 하하. 오늘도 필라테스 들으러 가세요?",
          "summary": "나는 힙합 음악이 어렵다.",
          "date": "2022-11-22",
          "time": "11:55:45",
          "terminate": "false"
        },
        {
          "speaker": "speaker2",
          "personaID": "93114",
          "participantID": "20152",
          "utterance": "네 오늘 가려구요. 갔다오면 몸이 시원해요ㅎㅎ.",
          "summary": "나는 오늘 필라테스를 갈 것이다. 나는 필라테스를 가면 몸이 시원하다.",
          "date": "2022-11-22",
          "time": "11:56:01",
          "terminate": "false"
        },
        {
          "speaker": "speaker1",
          "personaID": "92488",
          "participantID": "21424",
          "utterance": "잘 맞는 운동 찾으신 거 같네요. 오늘 하루도 다이어트 힘내봅시다 ~",
          "summary": "",
          "date": "2022-11-22",
          "time": "11:56:10",
          "terminate": "false"
        },
        {
          "speaker": "speaker2",
          "personaID": "93114",
          "participantID": "20152",
          "utterance": "네 알겠습니다. 다음에 또 뵈어요~^^",
          "summary": "",
          "date": "2022-11-22",
          "time": "11:56:24",
          "terminate": "true"
        }
      ],
      "sessionPersonaSummary": {
        "speaker1": [
          "나는 레몬 물을 마시고 입맛이 사라진다는 생각만 해도 슬프다.",
          "나는 다이어트는 해야 하지만 내 식욕을 잃고 싶지 않다. 나는 오늘부터 빨리 걷기를 할 것이다.",
          "나는 지금까지 딱히 시간을 내서 걸어본 적이 없다. 나는 오늘부터 1시간씩 록 음악을 들으며 걸을 것이다.",
          "나는 헤미메탈도 듣는다. 나는 @이름@ 팬이다.",
          "나는 힙합 음악이 어렵다."
        ],
        "speaker2": [
          "나는 레몬 물이 효과가 있는 것 같다. 나는 뭘 먹고 싶은 생각이 안 든다.",
          "나는 레몬 물을 마시면 식욕이 떨어져서 추천한다.",
          "나는 록 음악은 어려워서 못 듣겠다.",
          "나는 록 음악을 잘 모른다. 나는 매일 힙합 음악만 듣는다.",
          "나는 오늘 필라테스를 갈 것이다. 나는 필라테스를 가면 몸이 시원하다."
        ]
      },
      "prevAggregatedpersonaSummary": {
        "speaker1": [
          "나는 서울에 살고 있다. 나는 40대 여성이다.",
          "나는 예전에 터키에서 열기구를 탄 적 있다. 나는 20년 전에 터키에 가봐서 기억이 가물가물하다.",
          "나는 맛집 여행을 자주 간다. 나는 이번 주말에 대구에 가서 곱창을 먹을 것이다.",
          "나는 록 음악을 자주 듣는다.",
          "나의 생일은 2월이다. 나는 혈액형이 A형이다.",
          "나는 주말에 대구에 가서 곱창을 먹었으며 3킬로나 쪘다.",
          "나는 365일 다이어트 중이다.",
          "나는 과체중이라 살을 빼야 하나 세상에 맛있는 음식이 너무 많다.",
          "나는 야채를 별로 안 좋아한다.",
          "나는 고기를 좋아해서 하루에 한 번은 먹는다.",
          "나는 그동안 전주 맛집 여행을 다녀왔으며 2킬로가 더 쪘다.",
          "나는 다이어트의 필요성을 느끼지만 먹는 걸 못 참겠다.",
          "나는 다이어트할 때 절식은 절대 안 할 것이다.",
          "나는 상대방보다 내가 더 걱정이 많은 것 같다.",
          "나는 다이어트를 위해 어떤 운동부터 할지 정해볼 것이다."
        ],
        "speaker2": [
          "나는 40대 여성이다.",
          "나는 음악을 좋아해서 자주 듣는다. 나는 여행을 좋아한다. 나는 터키에 가보고 싶다.",
          "나는 열기구를 타고 싶어서 터키에 가고 싶다.",
          "나는 국내 여행을 좋아한다. 나는 요즘 바빠지고 건강이 안 좋아지는 것 같아서 걱정이 많다.",
          "나는 힙합 음악을 좋아한다. 나는 비트 있는 음악을 좋아한다.",
          "나의 생일은 7월이다. 나는 혈액형이 O형이다.",
          "나는 살이 많이 쪄서 고민이다. 나는 며칠 전에 살 빼려고 체지방 분해되는 약을 주문했다.",
          "나는 건강검진을 받았는데 병원에서도 살을 빼라고 했다.",
          "나는 식단부터 바꿀 것이다.",
          "나는 야채를 싫어하지는 않는데 고기를 워낙 좋아했었다.",
          "나는 건강을 위해서라도 다이어트를 본격적으로 시작할 것이다.",
          "나는 3kg를 감량했다. 나는 운동이랑 식단 조절을 했더니 살이 빠졌다.",
          "나는 식이조절을 잘하고 있다.",
          "나는 아침에 레몬 물을 마시면 식욕이 떨어진다.",
          "나는 레몬이 면역력에 좋아서 매일 마시고 있다.",
          "나는 필라테스를 했다. 나는 체형이 비뚤어져서 교정이 필요하다."
        ]
      }
    }
  ]
}