{
  "FileInfo": {
    "filename": "K4-00499-CL30179-CP61927-09-07-S4.json",
    "sessionLevel": "4"
  },
  "participantsInfo": {
    "numberOfParticipants": "2",
    "speaker1": {
      "participantID": "9815",
      "gender": "남성",
      "age": "40대",
      "occupation": "사무직",
      "bPlace": "서울/경기/인천",
      "gPlace": "대전/세종/충청/강원",
      "rPlace": "서울/경기/인천",
      "educationLevel": "대졸"
    },
    "speaker2": {
      "participantID": "2663",
      "gender": "여성",
      "age": "50대",
      "occupation": "주부",
      "bPlace": "서울/경기/인천",
      "gPlace": "서울/경기/인천",
      "rPlace": "서울/경기/인천",
      "educationLevel": "고졸"
    }
  },
  "multisessionInfo": {
    "multisessionID": "4-00499"
  },
  "personaInfo": {
    "clInfo": {
      "personaID": "30179",
      "personaFeatures": [
        "나는 남자이다.",
        "나는 30대이다.",
        "나는 조각가이다",
        "나는 고양이를 키우고 싶다",
        "나는 짬뽕을 안 먹는다"
      ],
      "speakerType": "speaker1"
    },
    "cpInfo": {
      "personaID": "61927",
      "personaFeatures": [
        "나는 여자이다.",
        "나는 60대 이상이다.",
        "나는 아들과 딸이 있다",
        "나는 주말에 자원봉사를 한다",
        "나는 참외를 좋아한다"
      ],
      "speakerType": "speaker2"
    }
  },
  "topicInfo": {
    "topicID": "09-07",
    "topicType": "개인 및 관계>반려동물",
    "topicTitle": "동물병원"
  },
  "sessionInfo": [
    {
      "prevSessionID": null,
      "prevTimeInfo": {
        "timeNum": null,
        "timeUnit": null
      },
      "nthSession": "1",
      "numberOfUtterances": "14",
      "numberOfTurns": "7",
      "sessionID": "4-00499-1",
      "dialog": [
        {
          "speaker": "speaker1",
          "personaID": "30179",
          "participantID": "9815",
          "utterance": "안녕하세요  30대 남성 입니다",
          "summary": "나는 30대 남성이다",
          "date": "2022-11-10",
          "time": "13:07:58",
          "terminate": "false"
        },
        {
          "speaker": "speaker2",
          "personaID": "61927",
          "participantID": "2663",
          "utterance": "안녕하세요 저는 60대 여성입니다 ",
          "summary": "나는 60대 여성이다",
          "date": "2022-11-10",
          "time": "13:27:41",
          "terminate": "false"
        },
        {
          "speaker": "speaker1",
          "personaID": "30179",
          "participantID": "9815",
          "utterance": "반갑습니다.  저는  조각가입니다.\n",
          "summary": "나는 조각가이다. \n",
          "date": "2022-11-10",
          "time": "13:53:35",
          "terminate": "false"
        },
        {
          "speaker": "speaker2",
          "personaID": "61927",
          "participantID": "2663",
          "utterance": "조각가 멋지시네요~ 저는 아들과 딸이 있는데 요즘 고양이 영상을 많이 보고 있어요",
          "summary": "나는 고양이 동영상을 많이 보고 있다.",
          "date": "2022-11-10",
          "time": "13:56:32",
          "terminate": "false"
        },
        {
          "speaker": "speaker1",
          "personaID": "30179",
          "participantID": "9815",
          "utterance": "네 그러세요  저는  고양이 조각을 하고 싶은데 그러려면 고양이를 키우고 싶네요.  ",
          "summary": "나는 고양이를 키우고 싶다",
          "date": "2022-11-11",
          "time": "20:24:00",
          "terminate": "false"
        },
        {
          "speaker": "speaker2",
          "personaID": "61927",
          "participantID": "2663",
          "utterance": "앗 고양이를 키우시는게 아니였나보네요~ 저는 동물을 좋아해서 주말에 유기견 보호소에서 자원봉사를 해요 ",
          "summary": "나는 동물 좋아해서 주말에 유기견 보호소에서 자원봉사를 한다.",
          "date": "2022-11-11",
          "time": "23:22:06",
          "terminate": "false"
        },
        {
          "speaker": "speaker1",
          "personaID": "30179",
          "participantID": "9815",
          "utterance": "네 아직은 생각만 하고 있어요..   동물을 정말 사랑하시나 보네요 ",
          "summary": "",
          "date": "2022-11-12",
          "time": "21:19:36",
          "terminate": "false"
        },
        {
          "speaker": "speaker2",
          "personaID": "61927",
          "participantID": "2663",
          "utterance": "네~  아들이랑 딸이랑 같이 가서 더 좋아요",
          "summary": "나는 아들과 딸과 같이 자원봉사 가서 좋다",
          "date": "2022-11-12",
          "time": "21:21:17",
          "terminate": "false"
        },
        {
          "speaker": "speaker1",
          "personaID": "30179",
          "participantID": "9815",
          "utterance": "네  가족과 같이 한다니  더 의미가 있겠네요  .  좋은 가족 이네요 ",
          "summary": "",
          "date": "2022-11-12",
          "time": "21:22:33",
          "terminate": "false"
        },
        {
          "speaker": "speaker2",
          "personaID": "61927",
          "participantID": "2663",
          "utterance": "@이름@님은 가족들과 어떤 활동을 주로 하세요?",
          "summary": "",
          "date": "2022-11-12",
          "time": "21:43:23",
          "terminate": "false"
        },
        {
          "speaker": "speaker1",
          "personaID": "30179",
          "participantID": "9815",
          "utterance": "남들은 짬뽕을 좋아한다지만  저는 짬뽕을 안 먹 습니다.   매운 음식은 저에게 안 맞거든요.      .       아직 미혼이라서 가족은 없지만   가끔씩 집에 내려가면   부모님 모시고  맛집 탐방 해요",
          "summary": "나는 매운 짬뽕을 안 먹는다 나는 부모님과 맛집을 간다. 나는 미혼이다.\n",
          "date": "2022-11-12",
          "time": "21:47:22",
          "terminate": "false"
        },
        {
          "speaker": "speaker2",
          "personaID": "61927",
          "participantID": "2663",
          "utterance": "부모님이 참 좋아하시겠어요~ 부모님 과일 많이 좋아하시죠? 저는 참외가 좋더라구요",
          "summary": "나는 참외가 좋다.",
          "date": "2022-11-12",
          "time": "21:49:38",
          "terminate": "false"
        },
        {
          "speaker": "speaker1",
          "personaID": "30179",
          "participantID": "9815",
          "utterance": "네  저희 부모님 과일 좋아 하세요..  사과를 좋아하세요 저도 사과를 좋아하구요.    참외 좋아하시며 메론도 좋아하세요 ?",
          "summary": "나의 부모님은 과일을 좋아한다",
          "date": "2022-11-12",
          "time": "21:53:26",
          "terminate": "false"
        },
        {
          "speaker": "speaker2",
          "personaID": "61927",
          "participantID": "2663",
          "utterance": "메론도 정말 좋아하죠~ 방금 메로나 아이스크림 하나 먹었는데^^ 일이있어 다음에 또 연락해요 ",
          "summary": "나는 멜론을 좋아한다.",
          "date": "2022-11-12",
          "time": "21:56:07",
          "terminate": "true"
        }
      ],
      "sessionPersonaSummary": {
        "speaker1": [
          "나는 30대 남성이다",
          "나는 조각가이다. \n",
          "나는 고양이를 키우고 싶다",
          "나는 매운 짬뽕을 안 먹는다",
          "나는 부모님과 맛집을 간다. 나는 미혼이다.\n",
          "나의 부모님은 과일을 좋아한다"
        ],
        "speaker2": [
          "나는 60대 여성이다",
          "나는 고양이 동영상을 많이 보고 있다.",
          "나는 동물 좋아해서 주말에 유기견 보호소에서 자원봉사를 한다.",
          "나는 아들과 딸과 같이 자원봉사 가서 좋다",
          "나는 참외가 좋다.",
          "나는 멜론을 좋아한다."
        ]
      },
      "prevAggregatedpersonaSummary": {
        "speaker1": [],
        "speaker2": []
      }
    },
    {
      "prevSessionID": "4-00499-1",
      "prevTimeInfo": {
        "timeNum": "1",
        "timeUnit": "일"
      },
      "nthSession": "2",
      "numberOfUtterances": "14",
      "numberOfTurns": "7",
      "sessionID": "4-00499-2",
      "dialog": [
        {
          "speaker": "speaker1",
          "personaID": "30179",
          "participantID": "9815",
          "utterance": "하루가지났네요. 어제 고심 끝에  반려 동물 센터에서 고양이 한마리 입양했어요. ",
          "summary": "나는 고양이를 입양했다",
          "date": "2022-11-12",
          "time": "22:14:54",
          "terminate": "false"
        },
        {
          "speaker": "speaker2",
          "personaID": "61927",
          "participantID": "2663",
          "utterance": "정말 잘하셨어요~ 정말 귀엽겠어요",
          "summary": "",
          "date": "2022-11-12",
          "time": "22:16:29",
          "terminate": "false"
        },
        {
          "speaker": "speaker1",
          "personaID": "30179",
          "participantID": "9815",
          "utterance": "네 맞아요.  반려 동물  정말 중요한 존재가 된거 같아요.    반려 동물 사료와   통조림 광고도 나오고  위상이 높아졌어요",
          "summary": "",
          "date": "2022-11-12",
          "time": "22:20:13",
          "terminate": "false"
        },
        {
          "speaker": "speaker2",
          "personaID": "61927",
          "participantID": "2663",
          "utterance": "우리 강아지도 사료를 쉽게 못 바꾸겠더라고요",
          "summary": "나는 우리 강아지도 사료를 쉽게 못 바꿀 거라고 생각한다.",
          "date": "2022-11-13",
          "time": "00:59:44",
          "terminate": "false"
        },
        {
          "speaker": "speaker1",
          "personaID": "30179",
          "participantID": "9815",
          "utterance": "네   머 저야   고양이에게 줄 통조림을 사야 할 것 같은데,  고양이는 식사로 무엇을 주면 되는지 아세요 ?",
          "summary": "나는 고양이 통조림을 사야 한다",
          "date": "2022-11-13",
          "time": "09:43:22",
          "terminate": "false"
        },
        {
          "speaker": "speaker2",
          "personaID": "61927",
          "participantID": "2663",
          "utterance": "저는 강아지만 키워서 고양이는 뭘 잘먹는지 모르겠어요~  많이 다른가봐요?",
          "summary": "나는 고양이가 멀 잘 먹는지 모르겠다.",
          "date": "2022-11-13",
          "time": "11:11:14",
          "terminate": "false"
        },
        {
          "speaker": "speaker1",
          "personaID": "30179",
          "participantID": "9815",
          "utterance": "제가 미국 영화에서 봤을때는  통조림을 먹이더라구요.   ",
          "summary": "",
          "date": "2022-11-13",
          "time": "11:29:20",
          "terminate": "false"
        },
        {
          "speaker": "speaker2",
          "personaID": "61927",
          "participantID": "2663",
          "utterance": "통조림은 간식 아닐까요?  우리 강아지는 치즈를 간식으로 가장 좋아해요",
          "summary": "나는 우리 강아지가 치즈를 간식으로 좋아한다고 생각한다.",
          "date": "2022-11-13",
          "time": "14:54:09",
          "terminate": "false"
        },
        {
          "speaker": "speaker1",
          "personaID": "30179",
          "participantID": "9815",
          "utterance": "네 그런가요 그건  걸 또 좋아하는 강아지도 있나 보네요. 신기해요",
          "summary": "",
          "date": "2022-11-13",
          "time": "16:07:20",
          "terminate": "false"
        },
        {
          "speaker": "speaker2",
          "personaID": "61927",
          "participantID": "2663",
          "utterance": "13살이나 되니 정말 가족 같고 자식 같아요~  힘든점도 있지만 정말 귀여워요",
          "summary": "나는 우리 개가 13살이 되어 가족 같고 자식 같다고 생각한다.",
          "date": "2022-11-13",
          "time": "23:32:44",
          "terminate": "false"
        },
        {
          "speaker": "speaker1",
          "personaID": "30179",
          "participantID": "9815",
          "utterance": "네  그렇게 까지  정이 들었네요 보기 좋네요.   저도 고양이  잘 키워 보려구요 ",
          "summary": "나는 고양이를 잘 키울 거다",
          "date": "2022-11-13",
          "time": "23:35:54",
          "terminate": "false"
        },
        {
          "speaker": "speaker2",
          "personaID": "61927",
          "participantID": "2663",
          "utterance": "처음 키울때 버릇이 중요한것 같아요~ 고양이 공부 많이 하고 가족처럼 지냈으면 좋겠어요 ",
          "summary": "나는 고양이 공부 많이 하고 가족처럼 지냈으면 좋겠다고 생각한다.",
          "date": "2022-11-13",
          "time": "23:38:54",
          "terminate": "false"
        },
        {
          "speaker": "speaker1",
          "personaID": "30179",
          "participantID": "9815",
          "utterance": "네  그런 응원해 주시니 감사 드립니다. ",
          "summary": "",
          "date": "2022-11-13",
          "time": "23:46:19",
          "terminate": "false"
        },
        {
          "speaker": "speaker2",
          "personaID": "61927",
          "participantID": "2663",
          "utterance": "급한일이 생겨서 먼저 나갈께요 나중에 또 연락해요 ",
          "summary": "",
          "date": "2022-11-13",
          "time": "23:47:20",
          "terminate": "true"
        }
      ],
      "sessionPersonaSummary": {
        "speaker1": [
          "나는 고양이를 입양했다",
          "나는 고양이 통조림을 사야 한다",
          "나는 고양이를 잘 키울 거다"
        ],
        "speaker2": [
          "나는 우리 강아지도 사료를 쉽게 못 바꿀 거라고 생각한다.",
          "나는 고양이가 멀 잘 먹는지 모르겠다.",
          "나는 우리 강아지가 치즈를 간식으로 좋아한다고 생각한다.",
          "나는 우리 개가 13살이 되어 가족 같고 자식 같다고 생각한다.",
          "나는 고양이 공부 많이 하고 가족처럼 지냈으면 좋겠다고 생각한다."
        ]
      },
      "prevAggregatedpersonaSummary": {
        "speaker1": [
          "나는 30대 남성이다",
          "나는 조각가이다. \n",
          "나는 고양이를 키우고 싶다",
          "나는 매운 짬뽕을 안 먹는다",
          "나는 부모님과 맛집을 간다. 나는 미혼이다.\n",
          "나의 부모님은 과일을 좋아한다"
        ],
        "speaker2": [
          "나는 60대 여성이다",
          "나는 고양이 동영상을 많이 보고 있다.",
          "나는 동물 좋아해서 주말에 유기견 보호소에서 자원봉사를 한다.",
          "나는 아들과 딸과 같이 자원봉사 가서 좋다",
          "나는 참외가 좋다.",
          "나는 멜론을 좋아한다."
        ]
      }
    },
    {
      "prevSessionID": "4-00499-2",
      "prevTimeInfo": {
        "timeNum": "4",
        "timeUnit": "시간"
      },
      "nthSession": "3",
      "numberOfUtterances": "14",
      "numberOfTurns": "7",
      "sessionID": "4-00499-3",
      "dialog": [
        {
          "speaker": "speaker1",
          "personaID": "30179",
          "participantID": "9815",
          "utterance": "4시간이후 인데   오늘 하루 어떻게 보내고 계세요 ?",
          "summary": "4시간이 지났다",
          "date": "2022-11-13",
          "time": "23:59:00",
          "terminate": "false"
        },
        {
          "speaker": "speaker2",
          "personaID": "61927",
          "participantID": "2663",
          "utterance": "오전엔 아들이랑 딸이랑 강아지랑 공원 산책 다녀왔어요 ",
          "summary": "나는 오전에 아들과 딸 강아지하고 공원 산책을 다녀왔다.",
          "date": "2022-11-14",
          "time": "00:11:00",
          "terminate": "false"
        },
        {
          "speaker": "speaker1",
          "personaID": "30179",
          "participantID": "9815",
          "utterance": "네  모두 좋은 공기 마시며 운동 잘 했겠네요   . 부러워요 ",
          "summary": "",
          "date": "2022-11-14",
          "time": "20:06:01",
          "terminate": "false"
        },
        {
          "speaker": "speaker2",
          "personaID": "61927",
          "participantID": "2663",
          "utterance": "공원에 강아지들 정말 많이 데리고 나왔어요",
          "summary": "",
          "date": "2022-11-15",
          "time": "00:27:40",
          "terminate": "false"
        },
        {
          "speaker": "speaker1",
          "personaID": "30179",
          "participantID": "9815",
          "utterance": "잘하셨어요.   오랜만에  발바닥에 땀나게  신나게 놀았겠네요 . ",
          "summary": "",
          "date": "2022-11-15",
          "time": "17:44:49",
          "terminate": "false"
        },
        {
          "speaker": "speaker2",
          "personaID": "61927",
          "participantID": "2663",
          "utterance": "강아지들도 예절이 중요한거 같아요",
          "summary": "나는 강아지들이 예절이 중요한 것 같다.",
          "date": "2022-11-15",
          "time": "17:46:32",
          "terminate": "false"
        },
        {
          "speaker": "speaker1",
          "personaID": "30179",
          "participantID": "9815",
          "utterance": "아. 그러게요  공원에 다른 개들도 있을 텐데.. 지켜야 할 것은 지켜야 하죠. 배변 같은거.  목줄 이런것들 챙겨야죠 ",
          "summary": "",
          "date": "2022-11-15",
          "time": "17:47:47",
          "terminate": "false"
        },
        {
          "speaker": "speaker2",
          "personaID": "61927",
          "participantID": "2663",
          "utterance": "요즘은 목줄과 배변처리는 주인이 알아서 잘 처리해서 반려견들이 더 예뻐 보여요",
          "summary": "나는 주인이 알아서 목줄과 배변처리를 하니 반려견들이 예뻐 보인다.",
          "date": "2022-11-15",
          "time": "21:08:24",
          "terminate": "false"
        },
        {
          "speaker": "speaker1",
          "personaID": "30179",
          "participantID": "9815",
          "utterance": "네  공중 도덕을 아시는 견주들이 있어 좋은 것 같다.",
          "summary": "나는 공중도덕을 아는 견주들이 좋다",
          "date": "2022-11-15",
          "time": "22:10:11",
          "terminate": "false"
        },
        {
          "speaker": "speaker2",
          "personaID": "61927",
          "participantID": "2663",
          "utterance": "우리 강아지는 다른 강이지랑 잘 못 어울려요~ 어려서 부터 어울릴 기회를 못준것이 후회되요",
          "summary": "나는 강아지를 어려서부터 어울릴 기회를 못주어서 후회된다.",
          "date": "2022-11-15",
          "time": "23:18:28",
          "terminate": "false"
        },
        {
          "speaker": "speaker1",
          "personaID": "30179",
          "participantID": "9815",
          "utterance": "네  저도 이제 고양이 키우니  그걸 배워야 할것 같아요",
          "summary": "나도 고양이 공중도덕을 배워야겠다",
          "date": "2022-11-15",
          "time": "23:50:45",
          "terminate": "false"
        },
        {
          "speaker": "speaker2",
          "personaID": "61927",
          "participantID": "2663",
          "utterance": "동물도 사람처럼 어울려 생활해야 둥글둥글 좋은 성격 유지되는것 같아요^^",
          "summary": "나는 동물도 사람처럼 어울려 생활해야 좋은 성격 유지된다고 생각한다.",
          "date": "2022-11-16",
          "time": "22:11:21",
          "terminate": "false"
        },
        {
          "speaker": "speaker1",
          "personaID": "30179",
          "participantID": "9815",
          "utterance": "네 그런게 반려 동물이 있는 이유인 거 같아요..  반려 동물보고  마음이 좋아지고.",
          "summary": "반려동물을 보면 마음이 좋아진다",
          "date": "2022-11-17",
          "time": "22:14:01",
          "terminate": "false"
        },
        {
          "speaker": "speaker2",
          "personaID": "61927",
          "participantID": "2663",
          "utterance": "서로 의지도 되는거 같아요~^^ 또 연락해요 ",
          "summary": "나는 반려동물이 의지가 된다고 생각한다.",
          "date": "2022-11-18",
          "time": "01:37:59",
          "terminate": "true"
        }
      ],
      "sessionPersonaSummary": {
        "speaker1": [
          "4시간이 지났다",
          "나는 공중도덕을 아는 견주들이 좋다",
          "나도 고양이 공중도덕을 배워야겠다",
          "반려동물을 보면 마음이 좋아진다"
        ],
        "speaker2": [
          "나는 오전에 아들과 딸 강아지하고 공원 산책을 다녀왔다.",
          "나는 강아지들이 예절이 중요한 것 같다.",
          "나는 주인이 알아서 목줄과 배변처리를 하니 반려견들이 예뻐 보인다.",
          "나는 강아지를 어려서부터 어울릴 기회를 못주어서 후회된다.",
          "나는 동물도 사람처럼 어울려 생활해야 좋은 성격 유지된다고 생각한다.",
          "나는 반려동물이 의지가 된다고 생각한다."
        ]
      },
      "prevAggregatedpersonaSummary": {
        "speaker1": [
          "나는 30대 남성이다",
          "나는 조각가이다. \n",
          "나는 고양이를 키우고 싶다",
          "나는 매운 짬뽕을 안 먹는다",
          "나는 부모님과 맛집을 간다. 나는 미혼이다.\n",
          "나의 부모님은 과일을 좋아한다",
          "나는 고양이를 입양했다",
          "나는 고양이 통조림을 사야 한다",
          "나는 고양이를 잘 키울 거다"
        ],
        "speaker2": [
          "나는 60대 여성이다",
          "나는 고양이 동영상을 많이 보고 있다.",
          "나는 동물 좋아해서 주말에 유기견 보호소에서 자원봉사를 한다.",
          "나는 아들과 딸과 같이 자원봉사 가서 좋다",
          "나는 참외가 좋다.",
          "나는 멜론을 좋아한다.",
          "나는 우리 강아지도 사료를 쉽게 못 바꿀 거라고 생각한다.",
          "나는 고양이가 멀 잘 먹는지 모르겠다.",
          "나는 우리 강아지가 치즈를 간식으로 좋아한다고 생각한다.",
          "나는 우리 개가 13살이 되어 가족 같고 자식 같다고 생각한다.",
          "나는 고양이 공부 많이 하고 가족처럼 지냈으면 좋겠다고 생각한다."
        ]
      }
    },
    {
      "prevSessionID": "4-00499-3",
      "prevTimeInfo": {
        "timeNum": "4",
        "timeUnit": "주"
      },
      "nthSession": "4",
      "numberOfUtterances": "14",
      "numberOfTurns": "7",
      "sessionID": "4-00499-4",
      "dialog": [
        {
          "speaker": "speaker1",
          "personaID": "30179",
          "participantID": "9815",
          "utterance": "4주만의 대화네요 잘 지내셨죠 ?",
          "summary": "",
          "date": "2022-11-18",
          "time": "20:05:27",
          "terminate": "false"
        },
        {
          "speaker": "speaker2",
          "personaID": "61927",
          "participantID": "2663",
          "utterance": "한달이 지났네요~ 고양이 많이 컸나요?",
          "summary": "",
          "date": "2022-11-18",
          "time": "20:57:37",
          "terminate": "false"
        },
        {
          "speaker": "speaker1",
          "personaID": "30179",
          "participantID": "9815",
          "utterance": "네   걱정해 주신 덕에  무럭무럭 잘 크네요.. 밥을 잘 먹는게 예쁘네요.  @이름@ 님 강아지는   잘 크네요 ?",
          "summary": "나의 고양이는 밥 잘 먹고 잘 크고 있다",
          "date": "2022-11-18",
          "time": "21:00:43",
          "terminate": "false"
        },
        {
          "speaker": "speaker2",
          "personaID": "61927",
          "participantID": "2663",
          "utterance": "우리집 강아지는 할아버지예요~  13살 됐어요",
          "summary": "나의 집 강아지는 13살이다.\n",
          "date": "2022-11-18",
          "time": "21:01:50",
          "terminate": "false"
        },
        {
          "speaker": "speaker1",
          "personaID": "30179",
          "participantID": "9815",
          "utterance": "아  할아버지요..  그럼  주인이 좀 더 재미 있게 해줘야 할 것 같애요 ",
          "summary": "",
          "date": "2022-11-18",
          "time": "21:09:27",
          "terminate": "false"
        },
        {
          "speaker": "speaker2",
          "personaID": "61927",
          "participantID": "2663",
          "utterance": "저희는 아양을 떨죠~ 푸들인데 자기가 대장 노릇 합니다",
          "summary": "나는 우리 푸들이 대장 노릇을 한다고 생각한다.",
          "date": "2022-11-18",
          "time": "21:49:43",
          "terminate": "false"
        },
        {
          "speaker": "speaker1",
          "personaID": "30179",
          "participantID": "9815",
          "utterance": "네  개가 나이가 많으니   노련해지고 그에 대해 인정해 줘야죠.  ",
          "summary": "나는 나이 많은 개의 노련함을 인정한다",
          "date": "2022-11-18",
          "time": "21:51:03",
          "terminate": "false"
        },
        {
          "speaker": "speaker2",
          "personaID": "61927",
          "participantID": "2663",
          "utterance": "남편하고는 기싸움 합니다~^^ 서로 쇼파 차지하기~",
          "summary": "나는 우리 남편하고 소파 차지하면서 기싸움한다.",
          "date": "2022-11-18",
          "time": "21:52:42",
          "terminate": "false"
        },
        {
          "speaker": "speaker1",
          "personaID": "30179",
          "participantID": "9815",
          "utterance": "푸들 할아버지도  쇼파  차지할 것 같은데  그렇지 않나요 ?",
          "summary": "",
          "date": "2022-11-18",
          "time": "22:02:42",
          "terminate": "false"
        },
        {
          "speaker": "speaker2",
          "personaID": "61927",
          "participantID": "2663",
          "utterance": "네~ 이제 아들같아요^^  나이가 있으니 건강도 많이 신경 쓰입니다",
          "summary": "나는 우리 푸들이 아들 같고 나이가 많아 건강에 신경 쓰인다.",
          "date": "2022-11-18",
          "time": "23:32:51",
          "terminate": "false"
        },
        {
          "speaker": "speaker1",
          "personaID": "30179",
          "participantID": "9815",
          "utterance": "네  제 고양이도 시간이 지나면 나이를 먹을텐데 잘 관리해 줘야 할 것 같네요. 많은 팁 부탁 드려요",
          "summary": "나도 고양이를 잘 돌볼 거다",
          "date": "2022-11-19",
          "time": "08:20:43",
          "terminate": "false"
        },
        {
          "speaker": "speaker2",
          "personaID": "61927",
          "participantID": "2663",
          "utterance": "어려서 부터 미용실이나 동물병원도 거부감 없게 적응도 시켜야 나이들어도 고생 안해요~ ",
          "summary": "",
          "date": "2022-11-19",
          "time": "12:16:37",
          "terminate": "false"
        },
        {
          "speaker": "speaker1",
          "personaID": "30179",
          "participantID": "9815",
          "utterance": "네  잘 알겠습니다  .  이제부터 고양이 적응시켜야 겠네요..   ",
          "summary": "나는 고양이를 잘 적응시킬 거다",
          "date": "2022-11-19",
          "time": "13:04:36",
          "terminate": "false"
        },
        {
          "speaker": "speaker2",
          "personaID": "61927",
          "participantID": "2663",
          "utterance": "대화 즐거웠어요~ 고양이 이쁘게 키우세요^^",
          "summary": "",
          "date": "2022-11-19",
          "time": "13:56:31",
          "terminate": "true"
        }
      ],
      "sessionPersonaSummary": {
        "speaker1": [
          "나의 고양이는 밥 잘 먹고 잘 크고 있다",
          "나는 나이 많은 개의 노련함을 인정한다",
          "나도 고양이를 잘 돌볼 거다",
          "나는 고양이를 잘 적응시킬 거다"
        ],
        "speaker2": [
          "나의 집 강아지는 13살이다.\n",
          "나는 우리 푸들이 대장 노릇을 한다고 생각한다.",
          "나는 우리 남편하고 소파 차지하면서 기싸움한다.",
          "나는 우리 푸들이 아들 같고 나이가 많아 건강에 신경 쓰인다."
        ]
      },
      "prevAggregatedpersonaSummary": {
        "speaker1": [
          "나는 30대 남성이다",
          "나는 조각가이다. \n",
          "나는 고양이를 키우고 싶다",
          "나는 매운 짬뽕을 안 먹는다",
          "나는 부모님과 맛집을 간다. 나는 미혼이다.\n",
          "나의 부모님은 과일을 좋아한다",
          "나는 고양이를 입양했다",
          "나는 고양이 통조림을 사야 한다",
          "나는 고양이를 잘 키울 거다",
          "4시간이 지났다",
          "나는 공중도덕을 아는 견주들이 좋다",
          "나도 고양이 공중도덕을 배워야겠다",
          "반려동물을 보면 마음이 좋아진다"
        ],
        "speaker2": [
          "나는 60대 여성이다",
          "나는 고양이 동영상을 많이 보고 있다.",
          "나는 동물 좋아해서 주말에 유기견 보호소에서 자원봉사를 한다.",
          "나는 아들과 딸과 같이 자원봉사 가서 좋다",
          "나는 참외가 좋다.",
          "나는 멜론을 좋아한다.",
          "나는 우리 강아지도 사료를 쉽게 못 바꿀 거라고 생각한다.",
          "나는 고양이가 멀 잘 먹는지 모르겠다.",
          "나는 우리 강아지가 치즈를 간식으로 좋아한다고 생각한다.",
          "나는 우리 개가 13살이 되어 가족 같고 자식 같다고 생각한다.",
          "나는 고양이 공부 많이 하고 가족처럼 지냈으면 좋겠다고 생각한다.",
          "나는 오전에 아들과 딸 강아지하고 공원 산책을 다녀왔다.",
          "나는 강아지들이 예절이 중요한 것 같다.",
          "나는 주인이 알아서 목줄과 배변처리를 하니 반려견들이 예뻐 보인다.",
          "나는 강아지를 어려서부터 어울릴 기회를 못주어서 후회된다.",
          "나는 동물도 사람처럼 어울려 생활해야 좋은 성격 유지된다고 생각한다.",
          "나는 반려동물이 의지가 된다고 생각한다."
        ]
      }
    }
  ]
}