{
  "FileInfo": {
    "filename": "K4-00544-CL53587-CP12976-06-02-S4.json",
    "sessionLevel": "4"
  },
  "participantsInfo": {
    "numberOfParticipants": "2",
    "speaker1": {
      "participantID": "0293",
      "gender": "여성",
      "age": "60대 이상",
      "occupation": "주부",
      "bPlace": "부산/대구/울산/경상",
      "gPlace": "부산/대구/울산/경상",
      "rPlace": "서울/경기/인천",
      "educationLevel": "대졸"
    },
    "speaker2": {
      "participantID": "4798",
      "gender": "남성",
      "age": "20대",
      "occupation": "학생",
      "bPlace": "대전/세종/충청/강원",
      "gPlace": "대전/세종/충청/강원",
      "rPlace": "광주/전라/제주",
      "educationLevel": "고졸"
    }
  },
  "multisessionInfo": {
    "multisessionID": "4-00544"
  },
  "personaInfo": {
    "clInfo": {
      "personaID": "53587",
      "personaFeatures": [
        "나는 여자이다.",
        "나는 50대이다.",
        "나의 거주지는 청주이다",
        "나는 저녁에 뉴스를 읽는다",
        "나는 싱거운 음식을 즐겨 먹는다",
        "나는 TV 드라마를 가끔 본다",
        "나는 다소 소극적이다"
      ],
      "speakerType": "speaker1"
    },
    "cpInfo": {
      "personaID": "12976",
      "personaFeatures": [
        "나는 남자이다.",
        "나는 10대이다.",
        "나의 어머니는 조리사이다",
        "나는 의사가 되고 싶다",
        "나는 일식을 좋아한다",
        "나는 주황색을 싫어한다",
        "나는 범죄 영화 보는 것을 좋아한다"
      ],
      "speakerType": "speaker2"
    }
  },
  "topicInfo": {
    "topicID": "06-02",
    "topicType": "교육",
    "topicTitle": "교수님"
  },
  "sessionInfo": [
    {
      "prevSessionID": null,
      "prevTimeInfo": {
        "timeNum": null,
        "timeUnit": null
      },
      "nthSession": "1",
      "numberOfUtterances": "14",
      "numberOfTurns": "7",
      "sessionID": "4-00544-1",
      "dialog": [
        {
          "speaker": "speaker1",
          "personaID": "53587",
          "participantID": "0293",
          "utterance": "안녕하세요. 저는 청주에 살고 있는 다소 소극적인 성격의 50대 여성입니다.",
          "summary": "나는 청주에 살고 있는 소극적인 성격의 50대 여성이다.\n",
          "date": "2022-11-24",
          "time": "18:15:32",
          "terminate": "false"
        },
        {
          "speaker": "speaker2",
          "personaID": "12976",
          "participantID": "4798",
          "utterance": "안녕하세요! 저는 의사가 되고 싶은 10대 남성입니다! 잘 부탁드릴게요!",
          "summary": "나는 의사가 되고 싶은 10대 남성이다.",
          "date": "2022-11-24",
          "time": "18:26:20",
          "terminate": "false"
        },
        {
          "speaker": "speaker1",
          "personaID": "53587",
          "participantID": "0293",
          "utterance": "의사가 되고 싶은 걸 보니 학교 성적도 우수한가보네요.  저녁에도 공부하느라 드라마는 안보겠네요. 저는  저녁이면 폰으로  뉴스를 읽으면서  TV 드라마를 가끔 보는 게 큰 재미랍니다. ",
          "summary": "나는 저녁에 폰으로 뉴스를 읽으면서 tv 드라마를 가끔 보는 게 큰 재미이다.\n",
          "date": "2022-11-24",
          "time": "18:40:41",
          "terminate": "false"
        },
        {
          "speaker": "speaker2",
          "personaID": "12976",
          "participantID": "4798",
          "utterance": "저는 범죄 영화 보는 것을 좋아하는데, 거기에서 의사 선생님들이 다친 사람들을 치료해주는 걸보고 꿈꾸게 되었어요! 혹시 좋아하는 색 있으신가요? 저는 주황색을 싫어하거든요.",
          "summary": "나는 범죄 영화를 좋아하는데 영화에서 의사 선생님들의 활약상을 보고 의사를 꿈꾸게 되었다. 나는 주황색을 싫어한다.",
          "date": "2022-11-24",
          "time": "19:21:57",
          "terminate": "false"
        },
        {
          "speaker": "speaker1",
          "personaID": "53587",
          "participantID": "0293",
          "utterance": "저는 노란색을 좋아해요. 그러면 좋아하는 음식은 어떤 류의 음식인가요?",
          "summary": "나는 노란색을 좋아한다.",
          "date": "2022-11-24",
          "time": "19:29:28",
          "terminate": "false"
        },
        {
          "speaker": "speaker2",
          "personaID": "12976",
          "participantID": "4798",
          "utterance": "저는 일식을 좋아해요! 스시도 좋고 텐동 같은 튀김도 좋더라구요! 어떤 음식 좋아하시나요?",
          "summary": "나는 일식을 좋아한다.",
          "date": "2022-11-24",
          "time": "19:40:44",
          "terminate": "false"
        },
        {
          "speaker": "speaker1",
          "personaID": "53587",
          "participantID": "0293",
          "utterance": "저는 싱거운 음식을 즐겨 먹어요. 짠 음식은 질색이지요.",
          "summary": "나는 싱거운 음식을 즐겨 먹고 짠 음식은 싫어한다.",
          "date": "2022-11-24",
          "time": "21:25:15",
          "terminate": "false"
        },
        {
          "speaker": "speaker2",
          "personaID": "12976",
          "participantID": "4798",
          "utterance": "자랑은 아니지만, 저희 어머니가 조리사셔서 맛있는 요리를 자주 해주세요. @이름@님의 소개를 듣는게 흥미로워요. 님에 대해 더 알려주실 수 있으신가요?",
          "summary": "나는 어머니가 조리사 셔서 맛있는 요리를 자주 해 주시는 게 좋다.",
          "date": "2022-11-24",
          "time": "22:06:47",
          "terminate": "false"
        },
        {
          "speaker": "speaker1",
          "personaID": "53587",
          "participantID": "0293",
          "utterance": "어머니께서 조리사 이시면 매일 맛난 음식을 먹겠네요. 제가 만든 음식도 맛 있다고는 하는데 문제는 맛이 그때 그때 다르다는거지요 ㅎ",
          "summary": "나는 음식이 맛있긴 하지만 맛이 그때그때 다르다.",
          "date": "2022-11-25",
          "time": "06:59:17",
          "terminate": "false"
        },
        {
          "speaker": "speaker2",
          "personaID": "12976",
          "participantID": "4798",
          "utterance": "저도 요리를 배워야겠다는 생각은 하는데 잘 못한답니다! 요리는 은근히 어려운 거 같더라구요!",
          "summary": "나는 요리를 배워야겠다고 생각은 하는데, 아직은 잘 못한다. 나는 요리가 어렵다고 생각한다.",
          "date": "2022-11-25",
          "time": "07:36:54",
          "terminate": "false"
        },
        {
          "speaker": "speaker1",
          "personaID": "53587",
          "participantID": "0293",
          "utterance": "남자도 요리는 배워야 할 것 같아요 요즘은 동영상 을 통해서도 쉽게 배울 수가 있으니 다행이지요.",
          "summary": "나는 남자도 요리를 배워야 한다고 생각하고 동영상을 통해 쉽게 배울 수 있다는 것을 알고 있다.\n",
          "date": "2022-11-25",
          "time": "08:09:45",
          "terminate": "false"
        },
        {
          "speaker": "speaker2",
          "personaID": "12976",
          "participantID": "4798",
          "utterance": "저는 일식을 좋아해서 일식을 만들어보려했는데 한계가 있더라구요! 제가 횟감을 다룰 수는 없어서 말이에요. 요리 좋아하세요?",
          "summary": "나는 일식을 좋아한다. 나는 횟감을 다룰 줄은 모른다.",
          "date": "2022-11-25",
          "time": "09:52:54",
          "terminate": "false"
        },
        {
          "speaker": "speaker1",
          "personaID": "53587",
          "participantID": "0293",
          "utterance": "일식을 좋아한다면 우선 초밥왕이라는 만화부터 마스터해보세요ㅎ",
          "summary": "나는 일식을 좋아한다면 초밥왕이라는 만화를 마스터해야 한다고 생각한다.",
          "date": "2022-11-25",
          "time": "09:55:58",
          "terminate": "false"
        },
        {
          "speaker": "speaker2",
          "personaID": "12976",
          "participantID": "4798",
          "utterance": "처음 들어보는 만화에요! 저는 곧 수업에 들어가봐야할 것 같아요. 나중에 또 대화해요!",
          "summary": "나는 수업에 들어가 봐야 한다.",
          "date": "2022-11-25",
          "time": "10:07:29",
          "terminate": "true"
        }
      ],
      "sessionPersonaSummary": {
        "speaker1": [
          "나는 청주에 살고 있는 소극적인 성격의 50대 여성이다.\n",
          "나는 저녁에 폰으로 뉴스를 읽으면서 tv 드라마를 가끔 보는 게 큰 재미이다.\n",
          "나는 노란색을 좋아한다.",
          "나는 싱거운 음식을 즐겨 먹고 짠 음식은 싫어한다.",
          "나는 음식이 맛있긴 하지만 맛이 그때그때 다르다.",
          "나는 남자도 요리를 배워야 한다고 생각하고 동영상을 통해 쉽게 배울 수 있다는 것을 알고 있다.\n",
          "나는 일식을 좋아한다면 초밥왕이라는 만화를 마스터해야 한다고 생각한다."
        ],
        "speaker2": [
          "나는 의사가 되고 싶은 10대 남성이다.",
          "나는 범죄 영화를 좋아하는데 영화에서 의사 선생님들의 활약상을 보고 의사를 꿈꾸게 되었다.",
          "나는 주황색을 싫어한다.",
          "나는 일식을 좋아한다.",
          "나는 어머니가 조리사 셔서 맛있는 요리를 자주 해 주시는 게 좋다.",
          "나는 요리를 배워야겠다고 생각은 하는데, 아직은 잘 못한다.",
          "나는 요리가 어렵다고 생각한다.",
          "나는 일식을 좋아한다.",
          "나는 횟감을 다룰 줄은 모른다.",
          "나는 수업에 들어가 봐야 한다."
        ]
      },
      "prevAggregatedpersonaSummary": {
        "speaker1": [],
        "speaker2": []
      }
    },
    {
      "prevSessionID": "4-00544-1",
      "prevTimeInfo": {
        "timeNum": "7",
        "timeUnit": "주"
      },
      "nthSession": "2",
      "numberOfUtterances": "14",
      "numberOfTurns": "7",
      "sessionID": "4-00544-2",
      "dialog": [
        {
          "speaker": "speaker1",
          "personaID": "53587",
          "participantID": "0293",
          "utterance": "잘 지내셨나요? 어느새 7주가 지났네요.",
          "summary": "",
          "date": "2022-11-25",
          "time": "20:55:27",
          "terminate": "false"
        },
        {
          "speaker": "speaker2",
          "personaID": "12976",
          "participantID": "4798",
          "utterance": "안녕하세요! 7주만이네요. 그동안 잘 지내셨죠? 저는 잘 지냈습니다! 이번에 수시 대학 박람회에 다녀왔어요. ",
          "summary": " 나는 수시 대학 박람회에 다녀왔다.",
          "date": "2022-11-25",
          "time": "21:02:26",
          "terminate": "false"
        },
        {
          "speaker": "speaker1",
          "personaID": "53587",
          "participantID": "0293",
          "utterance": "정보는 많이 구하셨나요? 의대에 가면 개업의가 되고  싶나요? 학교에 남아서 교수님이 되고 싶나요?",
          "summary": "",
          "date": "2022-11-25",
          "time": "21:05:32",
          "terminate": "false"
        },
        {
          "speaker": "speaker2",
          "personaID": "12976",
          "participantID": "4798",
          "utterance": "저는 의사가 되고싶다는 생각만 해봤어요. 어려운 직업이니까 되기만해도 좋을 꺼 같아요. 의학 교수가 되기는 어렵지 않을까요? ",
          "summary": "나는 의사가 되고 싶다. 나는 의학 교수가 되는 게 어렵다고 생각한다.",
          "date": "2022-11-25",
          "time": "22:07:19",
          "terminate": "false"
        },
        {
          "speaker": "speaker1",
          "personaID": "53587",
          "participantID": "0293",
          "utterance": "학교에 남아서 교수가 되느냐? 개업의가 되느냐?는 돈을 벌고 싶은지? 명예를 얻고 싶은지?의 선택도 있는 것 같아요.",
          "summary": "",
          "date": "2022-11-25",
          "time": "22:16:03",
          "terminate": "false"
        },
        {
          "speaker": "speaker2",
          "personaID": "12976",
          "participantID": "4798",
          "utterance": "저는 아직 대학에 가보지 않아서 교수에 대해서 잘 모르는 거 같아요. 교수님이 되면 수업을 많이 해야하지 않나요? 수업은 싫어서요.",
          "summary": "나는 아직은 대학 교수의 역할에 대해서 잘 모른다. 나는 강의하는 게 싫다.",
          "date": "2022-11-25",
          "time": "22:34:19",
          "terminate": "false"
        },
        {
          "speaker": "speaker1",
          "personaID": "53587",
          "participantID": "0293",
          "utterance": "그렇죠 적성에 맞아야겠죠.  저는 학원 강사 일을 오랫동안 했었는데 수업 자료 만들 때는 밤을 새서 하면서도 재미가 있었어요.",
          "summary": "나는 학원 강사 일을 오랫동안 했는데 수업 자료를 만들 때는 밤을 새워서 하면서도 재미를 느꼈다.",
          "date": "2022-11-25",
          "time": "23:32:59",
          "terminate": "false"
        },
        {
          "speaker": "speaker2",
          "personaID": "12976",
          "participantID": "4798",
          "utterance": "역시 적성에 맞아야하나봐요. 저는 범죄 영화 보는 건 좋은데 경찰이 되고싶지는 않더라구요. 알고보니 요즘 많아 나오시는 오박사님도 의대 교수시더라구요. 외과의로 유명한 교수님 스승이라고 하셔서 놀랐어요.",
          "summary": "나는 범죄 영화 보는 건 좋은데 경찰이 되고 싶지는 않다.",
          "date": "2022-11-26",
          "time": "09:17:19",
          "terminate": "false"
        },
        {
          "speaker": "speaker1",
          "personaID": "53587",
          "participantID": "0293",
          "utterance": "경찰이건 교수건 본인 적성에 맞으면 정말 좋은 직업인데. . 안 맞으면 남들이 보는 관점과는 상관없이 본인은 힘들겠죠.",
          "summary": "",
          "date": "2022-11-26",
          "time": "09:25:29",
          "terminate": "false"
        },
        {
          "speaker": "speaker2",
          "personaID": "12976",
          "participantID": "4798",
          "utterance": "모든 직업 다 책임감을 갖고있어야하는데, 제가 잘 설명을 해줄 수 있을지 모르겠어요. @이름@님은 대학 다닐 때 생각나는 교수님 있으신가요?",
          "summary": "나는 모든 직업이 다 책임감을 갖고 있어야 한다고 생각한다.",
          "date": "2022-11-26",
          "time": "10:20:10",
          "terminate": "false"
        },
        {
          "speaker": "speaker1",
          "personaID": "53587",
          "participantID": "0293",
          "utterance": "저는 열정적으로 강의하시던 영문학 교수님이 생각나요. 우리들이 수업 중에 존다고 엄청 화내고 답답해 하셨지요.",
          "summary": "나는 열정적으로 강의를 하시던 영문학 교수님이 기억에 남는다.",
          "date": "2022-11-26",
          "time": "10:23:10",
          "terminate": "false"
        },
        {
          "speaker": "speaker2",
          "personaID": "12976",
          "participantID": "4798",
          "utterance": "저도 대학에 가서 열정 넘치는 교수님께 수업 한 번 들어보고 싶어요!  예전에 방송에 나왔던 건축학 교수님이 인상 깊었거든요.",
          "summary": "나는 대학에 가서 열정 넘치는 교수님께 수업 들어보고 싶다. 나는 방송에 나왔던 건축학 교수님이 인상 깊었다.",
          "date": "2022-11-26",
          "time": "10:29:14",
          "terminate": "false"
        },
        {
          "speaker": "speaker1",
          "personaID": "53587",
          "participantID": "0293",
          "utterance": "학생 때는 그저 점수 잘 주던 교수님이 좋았는데, 졸업 후에는 열정적으로 수업 해 주시던 교수님 만 기억나더군요.",
          "summary": "학생 때는 점수를 잘 주는 교수님이 좋았는데 졸업 후에는 열정적으로 수업해주시던 교수님이 기억에 남는다.\n",
          "date": "2022-11-26",
          "time": "10:56:56",
          "terminate": "false"
        },
        {
          "speaker": "speaker2",
          "personaID": "12976",
          "participantID": "4798",
          "utterance": "저도 얼른 대학에 가서 교수님 수업을 들어보고 싶어요.  전 이만 일이 있어서 가보겠습니다! 나중에 또 뵈어요.",
          "summary": "나는 얼른 대학에 가서 교수님 수업을 들어보고 싶다. 나는 일이 있어서 가보겠다.",
          "date": "2022-11-26",
          "time": "11:27:58",
          "terminate": "true"
        }
      ],
      "sessionPersonaSummary": {
        "speaker1": [
          "나는 학원 강사 일을 오랫동안 했는데 수업 자료를 만들 때는 밤을 새워서 하면서도 재미를 느꼈다.",
          "나는 열정적으로 강의를 하시던 영문학 교수님이 기억에 남는다.",
          "학생 때는 점수를 잘 주는 교수님이 좋았는데 졸업 후에는 열정적으로 수업해주시던 교수님이 기억에 남는다.\n"
        ],
        "speaker2": [
          "나는 수시 대학 박람회에 다녀왔다.",
          "나는 의사가 되고 싶다.",
          "나는 의학 교수가 되는 게 어렵다고 생각한다.",
          "나는 아직은 대학 교수의 역할에 대해서 잘 모른다.",
          "나는 강의하는 게 싫다.",
          "나는 범죄 영화 보는 건 좋은데 경찰이 되고 싶지는 않다.",
          "나는 모든 직업이 다 책임감을 갖고 있어야 한다고 생각한다.",
          "나는 대학에 가서 열정 넘치는 교수님께 수업 들어보고 싶다.",
          "나는 방송에 나왔던 건축학 교수님이 인상 깊었다.",
          "나는 얼른 대학에 가서 교수님 수업을 들어보고 싶다.",
          "나는 일이 있어서 가보겠다."
        ]
      },
      "prevAggregatedpersonaSummary": {
        "speaker1": [
          "나는 청주에 살고 있는 소극적인 성격의 50대 여성이다.\n",
          "나는 저녁에 폰으로 뉴스를 읽으면서 tv 드라마를 가끔 보는 게 큰 재미이다.\n",
          "나는 노란색을 좋아한다.",
          "나는 싱거운 음식을 즐겨 먹고 짠 음식은 싫어한다.",
          "나는 음식이 맛있긴 하지만 맛이 그때그때 다르다.",
          "나는 남자도 요리를 배워야 한다고 생각하고 동영상을 통해 쉽게 배울 수 있다는 것을 알고 있다.\n",
          "나는 일식을 좋아한다면 초밥왕이라는 만화를 마스터해야 한다고 생각한다."
        ],
        "speaker2": [
          "나는 의사가 되고 싶은 10대 남성이다.",
          "나는 범죄 영화를 좋아하는데 영화에서 의사 선생님들의 활약상을 보고 의사를 꿈꾸게 되었다.",
          "나는 주황색을 싫어한다.",
          "나는 일식을 좋아한다.",
          "나는 어머니가 조리사 셔서 맛있는 요리를 자주 해 주시는 게 좋다.",
          "나는 요리를 배워야겠다고 생각은 하는데, 아직은 잘 못한다.",
          "나는 요리가 어렵다고 생각한다.",
          "나는 일식을 좋아한다.",
          "나는 횟감을 다룰 줄은 모른다.",
          "나는 수업에 들어가 봐야 한다."
        ]
      }
    },
    {
      "prevSessionID": "4-00544-2",
      "prevTimeInfo": {
        "timeNum": "5",
        "timeUnit": "일"
      },
      "nthSession": "3",
      "numberOfUtterances": "14",
      "numberOfTurns": "7",
      "sessionID": "4-00544-3",
      "dialog": [
        {
          "speaker": "speaker1",
          "personaID": "53587",
          "participantID": "0293",
          "utterance": "5일만에 다시 대화하네요. 뭐하고 있었나요?",
          "summary": "",
          "date": "2022-11-26",
          "time": "13:19:10",
          "terminate": "false"
        },
        {
          "speaker": "speaker2",
          "personaID": "12976",
          "participantID": "4798",
          "utterance": "안녕하세요. 5일만이네요! 저는 학교 시험기간이라 공부하고 있었어요.",
          "summary": "나는 학교 시험 기간이라 공부하고 있었다.",
          "date": "2022-11-26",
          "time": "15:04:10",
          "terminate": "false"
        },
        {
          "speaker": "speaker1",
          "personaID": "53587",
          "participantID": "0293",
          "utterance": "시험 기간이군요. 저는 시험 스트레스가 엄청 심했는데 성인 되니까 젤 좋은 게 시험에서 벗어났다는 것이었어요.",
          "summary": "나는 시험 때 스트레스가 엄청 심했는데 성인이 되니까 시험 스트레스에서 벗어났다.",
          "date": "2022-11-26",
          "time": "15:06:00",
          "terminate": "false"
        },
        {
          "speaker": "speaker2",
          "personaID": "12976",
          "participantID": "4798",
          "utterance": "저는 대학에 가서도 시험을 볼테니 아직 한참 남았네요!  요즘 인문학 강의 영상을 보는데 인문학 교수님들은 참 멋있는 것 같아요.",
          "summary": " 나는 인문학 교수님들이 참 멋있는 것 같다.",
          "date": "2022-11-26",
          "time": "15:12:09",
          "terminate": "false"
        },
        {
          "speaker": "speaker1",
          "personaID": "53587",
          "participantID": "0293",
          "utterance": "그렇죠 인문학 강의도 듣고 멋있는 학생이네요.  어떤 과목이 제일 자신있나요?",
          "summary": "",
          "date": "2022-11-26",
          "time": "15:20:10",
          "terminate": "false"
        },
        {
          "speaker": "speaker2",
          "personaID": "12976",
          "participantID": "4798",
          "utterance": "저는 국어를 좋아하지만 수학을 제일 잘하는 것 같아요. 인문학 하는 사람들은 멋있더라구요. 진리를 추구하는 사람들 같아요.",
          "summary": "나는 국어를 좋아하지만 수학을 제일 잘한다. 나는 인문학 하는 사람들이 진리를 추구하는 사람들 같다고 생각한다.",
          "date": "2022-11-26",
          "time": "15:26:08",
          "terminate": "false"
        },
        {
          "speaker": "speaker1",
          "personaID": "53587",
          "participantID": "0293",
          "utterance": "수학을 잘한다니 좋겠어요. 수학이 모든 학문의 기초가 되니까요.",
          "summary": "나는 수학이 모든 학문의 기초가 된다고 생각한다.",
          "date": "2022-11-26",
          "time": "15:37:06",
          "terminate": "false"
        },
        {
          "speaker": "speaker2",
          "personaID": "12976",
          "participantID": "4798",
          "utterance": "@이름@님은 전공 알려주시겠어요? 알고싶어서요.",
          "summary": "",
          "date": "2022-11-26",
          "time": "15:41:41",
          "terminate": "false"
        },
        {
          "speaker": "speaker1",
          "personaID": "53587",
          "participantID": "0293",
          "utterance": "저는 영어 영문학을 전공했어요. 영시도 그때 처음 접했죠.",
          "summary": "나는 영어 영문학을 전공하였고 영시도 그때 처음 접했다.",
          "date": "2022-11-26",
          "time": "16:05:13",
          "terminate": "false"
        },
        {
          "speaker": "speaker2",
          "personaID": "12976",
          "participantID": "4798",
          "utterance": "영시는 처음 들어봤어요. 영시가 뭔가요? ",
          "summary": "나는 영시라는 단어를 처음 들어봤다.",
          "date": "2022-11-26",
          "time": "16:08:54",
          "terminate": "false"
        },
        {
          "speaker": "speaker1",
          "personaID": "53587",
          "participantID": "0293",
          "utterance": "영문으로 된 시예요. 영문학이다 보니 영시도 배우고 영어 단편 소설도 읽어야했지요. 영시 가르치던 교수님은 완전 멋쟁이었어요.",
          "summary": "나는 영시를 가르치던 교수님이 멋쟁이 었다고 생각한다.",
          "date": "2022-11-26",
          "time": "16:10:58",
          "terminate": "false"
        },
        {
          "speaker": "speaker2",
          "personaID": "12976",
          "participantID": "4798",
          "utterance": "아~ 영문으로된 시를 영시라고 하는군요.  교수님이 어떻게 멋있으셨나요? 너무 궁금해요!",
          "summary": "",
          "date": "2022-11-26",
          "time": "16:21:32",
          "terminate": "false"
        },
        {
          "speaker": "speaker1",
          "personaID": "53587",
          "participantID": "0293",
          "utterance": "그 당시만 해도 일단 패션이 다른 교수님들과 남 다르셨고 수업중에는 선글라스에 가까운 안경을 착용하셨죠. 그 모습으로 영시를 읊으실 때는 진짜 멋있어 보였어요.",
          "summary": "나는 교수님이 영시를 읊으실 때 멋있어 보였다.",
          "date": "2022-11-26",
          "time": "18:22:49",
          "terminate": "false"
        },
        {
          "speaker": "speaker2",
          "personaID": "12976",
          "participantID": "4798",
          "utterance": "정말 멋있으시네요. 딱 제가 생각하는 교수님에 대한 이미지에요.저는 나가봐야해서 나중에 또 대화해요!",
          "summary": "나는 나가 봐야 한다.",
          "date": "2022-11-26",
          "time": "19:45:36",
          "terminate": "true"
        }
      ],
      "sessionPersonaSummary": {
        "speaker1": [
          "나는 시험 때 스트레스가 엄청 심했는데 성인이 되니까 시험 스트레스에서 벗어났다.",
          "나는 수학이 모든 학문의 기초가 된다고 생각한다.",
          "나는 영어 영문학을 전공하였고 영시도 그때 처음 접했다.",
          "나는 영시를 가르치던 교수님이 멋쟁이 었다고 생각한다.",
          "나는 교수님이 영시를 읊으실 때 멋있어 보였다."
        ],
        "speaker2": [
          "나는 학교 시험 기간이라 공부하고 있었다.",
          "나는 인문학 교수님들이 참 멋있는 것 같다.",
          "나는 국어를 좋아하지만 수학을 제일 잘한다.",
          "나는 인문학 하는 사람들이 진리를 추구하는 사람들 같다고 생각한다.",
          "나는 영시라는 단어를 처음 들어봤다.",
          "나는 나가 봐야 한다."
        ]
      },
      "prevAggregatedpersonaSummary": {
        "speaker1": [
          "나는 청주에 살고 있는 소극적인 성격의 50대 여성이다.\n",
          "나는 저녁에 폰으로 뉴스를 읽으면서 tv 드라마를 가끔 보는 게 큰 재미이다.\n",
          "나는 노란색을 좋아한다.",
          "나는 싱거운 음식을 즐겨 먹고 짠 음식은 싫어한다.",
          "나는 음식이 맛있긴 하지만 맛이 그때그때 다르다.",
          "나는 남자도 요리를 배워야 한다고 생각하고 동영상을 통해 쉽게 배울 수 있다는 것을 알고 있다.\n",
          "나는 일식을 좋아한다면 초밥왕이라는 만화를 마스터해야 한다고 생각한다.",
          "나는 학원 강사 일을 오랫동안 했는데 수업 자료를 만들 때는 밤을 새워서 하면서도 재미를 느꼈다.",
          "나는 열정적으로 강의를 하시던 영문학 교수님이 기억에 남는다.",
          "학생 때는 점수를 잘 주는 교수님이 좋았는데 졸업 후에는 열정적으로 수업해주시던 교수님이 기억에 남는다.\n"
        ],
        "speaker2": [
          "나는 의사가 되고 싶은 10대 남성이다.",
          "나는 범죄 영화를 좋아하는데 영화에서 의사 선생님들의 활약상을 보고 의사를 꿈꾸게 되었다.",
          "나는 주황색을 싫어한다.",
          "나는 일식을 좋아한다.",
          "나는 어머니가 조리사 셔서 맛있는 요리를 자주 해 주시는 게 좋다.",
          "나는 요리를 배워야겠다고 생각은 하는데, 아직은 잘 못한다.",
          "나는 요리가 어렵다고 생각한다.",
          "나는 일식을 좋아한다.",
          "나는 횟감을 다룰 줄은 모른다.",
          "나는 수업에 들어가 봐야 한다.",
          "나는 수시 대학 박람회에 다녀왔다.",
          "나는 의사가 되고 싶다.",
          "나는 의학 교수가 되는 게 어렵다고 생각한다.",
          "나는 아직은 대학 교수의 역할에 대해서 잘 모른다.",
          "나는 강의하는 게 싫다.",
          "나는 범죄 영화 보는 건 좋은데 경찰이 되고 싶지는 않다.",
          "나는 모든 직업이 다 책임감을 갖고 있어야 한다고 생각한다.",
          "나는 대학에 가서 열정 넘치는 교수님께 수업 들어보고 싶다.",
          "나는 방송에 나왔던 건축학 교수님이 인상 깊었다.",
          "나는 얼른 대학에 가서 교수님 수업을 들어보고 싶다.",
          "나는 일이 있어서 가보겠다."
        ]
      }
    },
    {
      "prevSessionID": "4-00544-3",
      "prevTimeInfo": {
        "timeNum": "6",
        "timeUnit": "주"
      },
      "nthSession": "4",
      "numberOfUtterances": "14",
      "numberOfTurns": "7",
      "sessionID": "4-00544-4",
      "dialog": [
        {
          "speaker": "speaker1",
          "personaID": "53587",
          "participantID": "0293",
          "utterance": "6주가 지났네요 . 잘 지냈나요?",
          "summary": "",
          "date": "2022-11-26",
          "time": "22:59:11",
          "terminate": "false"
        },
        {
          "speaker": "speaker2",
          "personaID": "12976",
          "participantID": "4798",
          "utterance": "벌써 6주가 흘렀네요~ 전 잘지냈습니다. 잘 지내셨나요?",
          "summary": "나는 6주 동안 잘 지냈다.",
          "date": "2022-11-27",
          "time": "00:40:29",
          "terminate": "false"
        },
        {
          "speaker": "speaker1",
          "personaID": "53587",
          "participantID": "0293",
          "utterance": "친구는 5살 손녀가 비싼 영어 유치원 다니는 걸  못마땅해 하지만 딸의 뜻이 확고해서 반대도 못하더라구요. @이름@님도 어릴 때 영어 유치원 다녔나요?",
          "summary": "나는 친구의 손녀가 영어 유치원에 다니는데 친구가 못마땅해 하지만 딸의 뜻이 확고해 반대도 못하고 있다 들었다.",
          "date": "2022-11-27",
          "time": "07:40:44",
          "terminate": "false"
        },
        {
          "speaker": "speaker2",
          "personaID": "12976",
          "participantID": "4798",
          "utterance": "아니요. 저는 집 근처에 있는 일반 유치원에 다녔어요. 다만 바로 가까이 있는 곳은 별로라고 하셔서 옆동네 가까운 유치원을 다녔습니다. 거기 원장이 교수출신이라고 했거든요.",
          "summary": "나는 집 근처에 있는 일반 유치원에 다녔다. 나는 옆 동네 가까운 유치원을 다녔다.",
          "date": "2022-11-27",
          "time": "11:07:15",
          "terminate": "false"
        },
        {
          "speaker": "speaker1",
          "personaID": "53587",
          "participantID": "0293",
          "utterance": "원장님이 교수 출신이셨다면 나름 교육관도 확고 하셨을 것 같네요. 부모님께서도 원장님의 교육관이 좋아서 그곳을 선택하셨을거구요.",
          "summary": "",
          "date": "2022-11-27",
          "time": "11:12:32",
          "terminate": "false"
        },
        {
          "speaker": "speaker2",
          "personaID": "12976",
          "participantID": "4798",
          "utterance": "저는 어렸을 때니 몰랐는데 어머니가 신경을 많이 쓰셨던 거 같아요. 듣기로는 유치원 선생님도 미술교육을 하셨던 분이셨어요.",
          "summary": "나는 어머니가 나의 유치원 선택에 신경을 많이 쓰셨다고 생각한다. 나는 나의 유치원 선생님도 미술 교육을 하셨던 분이라고 기억한다.",
          "date": "2022-11-27",
          "time": "13:38:59",
          "terminate": "false"
        },
        {
          "speaker": "speaker1",
          "personaID": "53587",
          "participantID": "0293",
          "utterance": "인생에서 배워야 할 모든 것들은 유치원에서 배운다는데, 어머니께서 유치원 선택도 잘해주셨네요.",
          "summary": "나는 인생에서 배워야 할 모든 것들은 유치원에서 배운다는 것을 알고 있다.",
          "date": "2022-11-27",
          "time": "13:42:06",
          "terminate": "false"
        },
        {
          "speaker": "speaker2",
          "personaID": "12976",
          "participantID": "4798",
          "utterance": "너무 어릴 때라 기억이 잘 나진 않지만 원장 선생님이 엄하셨던 기억이 나요. 생각해보니 특강으로 유명 교수님 수업을 들어봤던 기억이 있어요. ",
          "summary": "나는 유치원 원장 선생님이 엄하셨다고 기억한다.",
          "date": "2022-11-27",
          "time": "14:09:31",
          "terminate": "false"
        },
        {
          "speaker": "speaker1",
          "personaID": "53587",
          "participantID": "0293",
          "utterance": "미국에서는 우리나라 태권도 학원이 엄청 인기라는데 그게 종합적인 교육이 되어서 인기가 많은가 봐요.",
          "summary": "나는 미국에서 우리나라 태권도 학원이 인기라는 이야기를 들었다.",
          "date": "2022-11-27",
          "time": "14:36:38",
          "terminate": "false"
        },
        {
          "speaker": "speaker2",
          "personaID": "12976",
          "participantID": "4798",
          "utterance": "유명한 태권도 안무 팀 있잖아요. 이름이 기억 안나네요.  그 안무 팀이 미국 탤런트 프로에 나온 적 있는데 반응 좋았던 게 생각나네요. 인기가 많은 줄은 몰랐어요.",
          "summary": " 나는 우리나라 태권도 팀이 미국 탤런트 프로에 나가서 반응 좋았던 게 생각난다.",
          "date": "2022-11-27",
          "time": "14:55:34",
          "terminate": "false"
        },
        {
          "speaker": "speaker1",
          "personaID": "53587",
          "participantID": "0293",
          "utterance": "한국의 교육 방식이 미국에서도 인기라니까 기분 좋네요.",
          "summary": "나는 한국의 교육방식이 미국에서도 인기라고 하니 기분이 좋아졌다.",
          "date": "2022-11-27",
          "time": "14:58:08",
          "terminate": "false"
        },
        {
          "speaker": "speaker2",
          "personaID": "12976",
          "participantID": "4798",
          "utterance": "저는 미국 유명 교수를 종아하거든요. 정의란 무엇인가의 저자에요. 외국의 교육 방식을 이어 받다가 한국의 교육 방식이 인기를 타고 있다니 기분 좋네요.",
          "summary": "나는 정의란 무엇인가 의 저자인 미국 유명 교수님을 좋아한다. 나는 한국의 교육 방식이 인기 있다니까 기분이 좋다.",
          "date": "2022-11-27",
          "time": "15:02:19",
          "terminate": "false"
        },
        {
          "speaker": "speaker1",
          "personaID": "53587",
          "participantID": "0293",
          "utterance": "제가 어릴 때만 해도 미국 교육 방식이 최선인 것처럼  다들 따라하고 했는데, 세월이 흐르니 이제 우리나라 교육방식이 인정 받나봐요.",
          "summary": "나는 어렸을 때 미국 교육 방식이 최선인 것처럼 다들 따라 하려 했었는데, 세월이 흐르니 우리나라 교육 방식도 인정받는다고 생각한다.",
          "date": "2022-11-27",
          "time": "15:08:46",
          "terminate": "false"
        },
        {
          "speaker": "speaker2",
          "personaID": "12976",
          "participantID": "4798",
          "utterance": "그래서 이 작은 나라에 엘리트들이 많은 걸까요.ㅎㅎ 전 이만 숙제를 해야해서 가볼게요. 나중에 또 뵈어요.",
          "summary": "나는 숙제하러 간다.",
          "date": "2022-11-27",
          "time": "15:31:12",
          "terminate": "true"
        }
      ],
      "sessionPersonaSummary": {
        "speaker1": [
          "나는 친구의 손녀가 영어 유치원에 다니는데 친구가 못마땅해 하지만 딸의 뜻이 확고해 반대도 못하고 있다 들었다.",
          "나는 인생에서 배워야 할 모든 것들은 유치원에서 배운다는 것을 알고 있다.",
          "나는 미국에서 우리나라 태권도 학원이 인기라는 이야기를 들었다.",
          "나는 한국의 교육방식이 미국에서도 인기라고 하니 기분이 좋아졌다.",
          "나는 어렸을 때 미국 교육 방식이 최선인 것처럼 다들 따라 하려 했었는데, 세월이 흐르니 우리나라 교육 방식도 인정받는다고 생각한다."
        ],
        "speaker2": [
          "나는 6주 동안 잘 지냈다.",
          "나는 집 근처에 있는 일반 유치원에 다녔다.",
          "나는 옆 동네 가까운 유치원을 다녔다.",
          "나는 어머니가 나의 유치원 선택에 신경을 많이 쓰셨다고 생각한다.",
          "나는 나의 유치원 선생님도 미술 교육을 하셨던 분이라고 기억한다.",
          "나는 유치원 원장 선생님이 엄하셨다고 기억한다.",
          "나는 우리나라 태권도 팀이 미국 탤런트 프로에 나가서 반응 좋았던 게 생각난다.",
          "나는 정의란 무엇인가 의 저자인 미국 유명 교수님을 좋아한다.",
          "나는 한국의 교육 방식이 인기 있다니까 기분이 좋다.",
          "나는 숙제하러 간다."
        ]
      },
      "prevAggregatedpersonaSummary": {
        "speaker1": [
          "나는 청주에 살고 있는 소극적인 성격의 50대 여성이다.\n",
          "나는 저녁에 폰으로 뉴스를 읽으면서 tv 드라마를 가끔 보는 게 큰 재미이다.\n",
          "나는 노란색을 좋아한다.",
          "나는 싱거운 음식을 즐겨 먹고 짠 음식은 싫어한다.",
          "나는 음식이 맛있긴 하지만 맛이 그때그때 다르다.",
          "나는 남자도 요리를 배워야 한다고 생각하고 동영상을 통해 쉽게 배울 수 있다는 것을 알고 있다.\n",
          "나는 일식을 좋아한다면 초밥왕이라는 만화를 마스터해야 한다고 생각한다.",
          "나는 학원 강사 일을 오랫동안 했는데 수업 자료를 만들 때는 밤을 새워서 하면서도 재미를 느꼈다.",
          "나는 열정적으로 강의를 하시던 영문학 교수님이 기억에 남는다.",
          "학생 때는 점수를 잘 주는 교수님이 좋았는데 졸업 후에는 열정적으로 수업해주시던 교수님이 기억에 남는다.\n",
          "나는 시험 때 스트레스가 엄청 심했는데 성인이 되니까 시험 스트레스에서 벗어났다.",
          "나는 수학이 모든 학문의 기초가 된다고 생각한다.",
          "나는 영어 영문학을 전공하였고 영시도 그때 처음 접했다.",
          "나는 영시를 가르치던 교수님이 멋쟁이 었다고 생각한다.",
          "나는 교수님이 영시를 읊으실 때 멋있어 보였다."
        ],
        "speaker2": [
          "나는 의사가 되고 싶은 10대 남성이다.",
          "나는 범죄 영화를 좋아하는데 영화에서 의사 선생님들의 활약상을 보고 의사를 꿈꾸게 되었다.",
          "나는 주황색을 싫어한다.",
          "나는 일식을 좋아한다.",
          "나는 어머니가 조리사 셔서 맛있는 요리를 자주 해 주시는 게 좋다.",
          "나는 요리를 배워야겠다고 생각은 하는데, 아직은 잘 못한다.",
          "나는 요리가 어렵다고 생각한다.",
          "나는 일식을 좋아한다.",
          "나는 횟감을 다룰 줄은 모른다.",
          "나는 수업에 들어가 봐야 한다.",
          "나는 수시 대학 박람회에 다녀왔다.",
          "나는 의사가 되고 싶다.",
          "나는 의학 교수가 되는 게 어렵다고 생각한다.",
          "나는 아직은 대학 교수의 역할에 대해서 잘 모른다.",
          "나는 강의하는 게 싫다.",
          "나는 범죄 영화 보는 건 좋은데 경찰이 되고 싶지는 않다.",
          "나는 모든 직업이 다 책임감을 갖고 있어야 한다고 생각한다.",
          "나는 대학에 가서 열정 넘치는 교수님께 수업 들어보고 싶다.",
          "나는 방송에 나왔던 건축학 교수님이 인상 깊었다.",
          "나는 얼른 대학에 가서 교수님 수업을 들어보고 싶다.",
          "나는 일이 있어서 가보겠다.",
          "나는 학교 시험 기간이라 공부하고 있었다.",
          "나는 인문학 교수님들이 참 멋있는 것 같다.",
          "나는 국어를 좋아하지만 수학을 제일 잘한다.",
          "나는 인문학 하는 사람들이 진리를 추구하는 사람들 같다고 생각한다.",
          "나는 영시라는 단어를 처음 들어봤다.",
          "나는 나가 봐야 한다."
        ]
      }
    }
  ]
}