{
  "FileInfo": {
    "filename": "K4-00479-CL92406-CP90826-03-06-S4.json",
    "sessionLevel": "4"
  },
  "participantsInfo": {
    "numberOfParticipants": "2",
    "speaker1": {
      "participantID": "20157",
      "gender": "여성",
      "age": "40대",
      "occupation": "무직",
      "bPlace": "부산/대구/울산/경상",
      "gPlace": "부산/대구/울산/경상",
      "rPlace": "부산/대구/울산/경상",
      "educationLevel": "대졸"
    },
    "speaker2": {
      "participantID": "21547",
      "gender": "여성",
      "age": "30대",
      "occupation": "기능직",
      "bPlace": "서울/경기/인천",
      "gPlace": "서울/경기/인천",
      "rPlace": "서울/경기/인천",
      "educationLevel": "대졸"
    }
  },
  "multisessionInfo": {
    "multisessionID": "4-00479"
  },
  "personaInfo": {
    "clInfo": {
      "personaID": "92406",
      "personaFeatures": [
        "나는 여자이다.",
        "나는 40대이다.",
        "나는 일본어 공부를 좋아한다.",
        "나는 혈액형이 B형이다.",
        "나는 요즘, 가끔 스트레스를 받는다.",
        "나는 짠 음식을 좋아한다."
      ],
      "speakerType": "speaker1"
    },
    "cpInfo": {
      "personaID": "90826",
      "personaFeatures": [
        "나는 여자이다.",
        "나는 30대이다.",
        "나의 생인은 8월이다.",
        "나는 주말에 집에서 시간을 보낸다.",
        "나는 종종 안도감이 든다.",
        "나는 강아지 한 마리를 키운다.",
        "나는 혈액형이 B형이다."
      ],
      "speakerType": "speaker2"
    }
  },
  "topicInfo": {
    "topicID": "03-06",
    "topicType": "교통",
    "topicTitle": "비행기"
  },
  "sessionInfo": [
    {
      "prevSessionID": null,
      "prevTimeInfo": {
        "timeNum": null,
        "timeUnit": null
      },
      "nthSession": "1",
      "numberOfUtterances": "14",
      "numberOfTurns": "7",
      "sessionID": "4-00479-1",
      "dialog": [
        {
          "speaker": "speaker1",
          "personaID": "92406",
          "participantID": "20157",
          "utterance": "안녕하세요~40대 여자입니다. 잘부탁해요^^",
          "summary": "나는 40대 여성이다.",
          "date": "2022-11-30",
          "time": "16:37:58",
          "terminate": "false"
        },
        {
          "speaker": "speaker2",
          "personaID": "90826",
          "participantID": "21547",
          "utterance": "네 반가워요! 저는 30대 여자에요 반갑습니다ㅎㅎ.",
          "summary": "나는 30대 여성이다.",
          "date": "2022-11-30",
          "time": "16:38:13",
          "terminate": "false"
        },
        {
          "speaker": "speaker1",
          "personaID": "92406",
          "participantID": "20157",
          "utterance": "하시는 일이 어떻게 되세요? 저는 일본어 선생님이에요.",
          "summary": "나는 일본어 선생님이다.",
          "date": "2022-11-30",
          "time": "16:38:43",
          "terminate": "false"
        },
        {
          "speaker": "speaker2",
          "personaID": "90826",
          "participantID": "21547",
          "utterance": "선생님 멋져요! 저는 그냥 회사다니고있어요ㅎㅎ.",
          "summary": "나는 회사원이다.",
          "date": "2022-11-30",
          "time": "16:39:03",
          "terminate": "false"
        },
        {
          "speaker": "speaker1",
          "personaID": "92406",
          "participantID": "20157",
          "utterance": "회사원도 멋있죠~근데 요즘 가끔 학생 때문에 스트레스 받네요.",
          "summary": "나는 요즘, 가끔 스트레스를 받는다.",
          "date": "2022-11-30",
          "time": "16:39:33",
          "terminate": "false"
        },
        {
          "speaker": "speaker2",
          "personaID": "90826",
          "participantID": "21547",
          "utterance": "하긴 요즘 애들이 말을 안듣긴하죠? 근데 어쩌다 일본어 선생님이 되셨어요?",
          "summary": "",
          "date": "2022-11-30",
          "time": "16:39:58",
          "terminate": "false"
        },
        {
          "speaker": "speaker1",
          "personaID": "92406",
          "participantID": "20157",
          "utterance": "제가 예전부터 일본어 공부하는걸 좋아했거든요. 그러다보니 자연스럽게 됐네요.",
          "summary": "나는 일본어 공부를 좋아한다.",
          "date": "2022-11-30",
          "time": "16:40:22",
          "terminate": "false"
        },
        {
          "speaker": "speaker2",
          "personaID": "90826",
          "participantID": "21547",
          "utterance": "그러시구나. 저는 살다보니 그냥 평범하게 살게 됐는데ㅎㅎ 부럽네요.",
          "summary": "",
          "date": "2022-11-30",
          "time": "16:40:44",
          "terminate": "false"
        },
        {
          "speaker": "speaker1",
          "personaID": "92406",
          "participantID": "20157",
          "utterance": "뭐가 부러워요~ 그럼 혹시 취미가 뭐에요?",
          "summary": "",
          "date": "2022-11-30",
          "time": "16:41:04",
          "terminate": "false"
        },
        {
          "speaker": "speaker2",
          "personaID": "90826",
          "participantID": "21547",
          "utterance": "취미는 따로 없고 주말에 집에서 시간보내요. 제가 집순이거든요ㅎㅎ.",
          "summary": "나는 취미가 없다. 나는 주말에 집에서 시간을 보낸다.",
          "date": "2022-11-30",
          "time": "16:41:23",
          "terminate": "false"
        },
        {
          "speaker": "speaker1",
          "personaID": "92406",
          "participantID": "20157",
          "utterance": "집에 있는게 편하긴하죠^^ 요즘 덥기도하고 그래서 저도 집에 있어요.",
          "summary": "나는 주말에 집에 있는다.",
          "date": "2022-11-30",
          "time": "16:42:11",
          "terminate": "false"
        },
        {
          "speaker": "speaker2",
          "personaID": "90826",
          "participantID": "21547",
          "utterance": "맞아요~ 편하게 있으면 종종 안도감도 들고 좋죠. 근데 선생님은 취미가 뭔데요?",
          "summary": "나는 종종 안도감이 든다.",
          "date": "2022-11-30",
          "time": "16:42:53",
          "terminate": "false"
        },
        {
          "speaker": "speaker1",
          "personaID": "92406",
          "participantID": "20157",
          "utterance": "아 저는 일본어 공부? 사실 저도 잘 모르겠네요^^ 저 이제 수업 들어가야돼서 이따 연락할게요.",
          "summary": "나는 수업을 한다.",
          "date": "2022-11-30",
          "time": "16:43:17",
          "terminate": "false"
        },
        {
          "speaker": "speaker2",
          "personaID": "90826",
          "participantID": "21547",
          "utterance": "네네 저도 일하던거 마저 해야겠어요. 그럼 다음에 연락주세요.",
          "summary": "",
          "date": "2022-11-30",
          "time": "16:43:31",
          "terminate": "true"
        }
      ],
      "sessionPersonaSummary": {
        "speaker1": [
          "나는 40대 여성이다.",
          "나는 일본어 선생님이다.",
          "나는 요즘, 가끔 스트레스를 받는다.",
          "나는 일본어 공부를 좋아한다.",
          "나는 주말에 집에 있는다.",
          "나는 수업을 한다."
        ],
        "speaker2": [
          "나는 30대 여성이다.",
          "나는 회사원이다.",
          "나는 취미가 없다. 나는 주말에 집에서 시간을 보낸다.",
          "나는 종종 안도감이 든다."
        ]
      },
      "prevAggregatedpersonaSummary": {
        "speaker1": [],
        "speaker2": []
      }
    },
    {
      "prevSessionID": "4-00479-1",
      "prevTimeInfo": {
        "timeNum": "5",
        "timeUnit": "시간"
      },
      "nthSession": "2",
      "numberOfUtterances": "14",
      "numberOfTurns": "7",
      "sessionID": "4-00479-2",
      "dialog": [
        {
          "speaker": "speaker1",
          "personaID": "92406",
          "participantID": "20157",
          "utterance": "벌써 퇴근시간이네요~ 퇴근하셨어요? 저녁인데 퇴근 안하시는건 아니죠?",
          "summary": "",
          "date": "2022-11-30",
          "time": "16:43:56",
          "terminate": "false"
        },
        {
          "speaker": "speaker2",
          "personaID": "90826",
          "participantID": "21547",
          "utterance": "그럼요~저도 퇴근해야죠ㅎㅎ 안그래도 지금 막 나왔어요.",
          "summary": "나는 퇴근을 했다.",
          "date": "2022-11-30",
          "time": "16:44:17",
          "terminate": "false"
        },
        {
          "speaker": "speaker1",
          "personaID": "92406",
          "participantID": "20157",
          "utterance": "좋네요~ 그럼 이제 뭐하세요? 집가서 쉬세요?",
          "summary": "",
          "date": "2022-11-30",
          "time": "16:44:34",
          "terminate": "false"
        },
        {
          "speaker": "speaker2",
          "personaID": "90826",
          "participantID": "21547",
          "utterance": "제가 8월에 생일이거든요. 그때 뭐할지 친구랑 얘기하고 있었어요.",
          "summary": "나의 생일은 8월이다.",
          "date": "2022-11-30",
          "time": "16:44:51",
          "terminate": "false"
        },
        {
          "speaker": "speaker1",
          "personaID": "92406",
          "participantID": "20157",
          "utterance": "얼마 안남았네요~ 미리 축하드려요ㅎㅎ 생일때 뭐하실거에요?",
          "summary": "",
          "date": "2022-11-30",
          "time": "16:45:10",
          "terminate": "false"
        },
        {
          "speaker": "speaker2",
          "personaID": "90826",
          "participantID": "21547",
          "utterance": "그때가 한창 휴가철이잖아요. 그래서 친구들이랑 제주도갈까 얘기중이었어요.",
          "summary": "나는 생일 때 친구와 제주도에 갈 생각이다.",
          "date": "2022-11-30",
          "time": "16:45:34",
          "terminate": "false"
        },
        {
          "speaker": "speaker1",
          "personaID": "92406",
          "participantID": "20157",
          "utterance": "오~엄청난 생일이 되겠네요? 근데 요즘 비행기 값 비싸지 않아요?",
          "summary": "",
          "date": "2022-11-30",
          "time": "16:45:51",
          "terminate": "false"
        },
        {
          "speaker": "speaker2",
          "personaID": "90826",
          "participantID": "21547",
          "utterance": "네 아까 회사에서 알아봤는데 좀 비싸긴 하더라구요. 그래도 감당할만한 수준이라 가보려구요.",
          "summary": "",
          "date": "2022-11-30",
          "time": "16:46:26",
          "terminate": "false"
        },
        {
          "speaker": "speaker1",
          "personaID": "92406",
          "participantID": "20157",
          "utterance": "비행기가 비싸면 배로 가는건 어때요? 그건 시간이 너무 오래걸리나요?",
          "summary": "",
          "date": "2022-11-30",
          "time": "16:46:38",
          "terminate": "false"
        },
        {
          "speaker": "speaker2",
          "personaID": "90826",
          "participantID": "21547",
          "utterance": "네..비행기는 좀 그럴거같아요ㅎㅎ 돈 더내고 시간을 산다 생각해야죠.",
          "summary": "",
          "date": "2022-11-30",
          "time": "16:47:06",
          "terminate": "false"
        },
        {
          "speaker": "speaker1",
          "personaID": "92406",
          "participantID": "20157",
          "utterance": "하긴 그게 맞긴하죠. 근데 아까 주말에 집에서 쉬는거 좋아한다하지 않았어요? 여행은 좋아하시나보네요.",
          "summary": "",
          "date": "2022-11-30",
          "time": "16:47:41",
          "terminate": "false"
        },
        {
          "speaker": "speaker2",
          "personaID": "90826",
          "participantID": "21547",
          "utterance": "제가 또 B형이라 오락가락하거든요. 집도 좋고 여행도 좋아요ㅎㅎ.",
          "summary": "나는 혈액형이 B형이다. 나는 여행을 좋아한다.",
          "date": "2022-11-30",
          "time": "16:48:06",
          "terminate": "false"
        },
        {
          "speaker": "speaker1",
          "personaID": "92406",
          "participantID": "20157",
          "utterance": "하긴 저도 B형이라 공감가네요^^ 저 이제 퇴근준비 다해서 가볼게요. 나중에 봐요~",
          "summary": "나는 혈액형이 B형이다.",
          "date": "2022-11-30",
          "time": "16:48:33",
          "terminate": "false"
        },
        {
          "speaker": "speaker2",
          "personaID": "90826",
          "participantID": "21547",
          "utterance": "네 저도 친구들이랑 얘기하러갈게요.",
          "summary": "",
          "date": "2022-11-30",
          "time": "16:48:53",
          "terminate": "true"
        }
      ],
      "sessionPersonaSummary": {
        "speaker1": [
          "나는 혈액형이 B형이다."
        ],
        "speaker2": [
          "나는 퇴근을 했다.",
          "나의 생일은 8월이다.",
          "나는 생일 때 친구와 제주도에 갈 생각이다.",
          "나는 혈액형이 B형이다. 나는 여행을 좋아한다."
        ]
      },
      "prevAggregatedpersonaSummary": {
        "speaker1": [
          "나는 40대 여성이다.",
          "나는 일본어 선생님이다.",
          "나는 요즘, 가끔 스트레스를 받는다.",
          "나는 일본어 공부를 좋아한다.",
          "나는 주말에 집에 있는다.",
          "나는 수업을 한다."
        ],
        "speaker2": [
          "나는 30대 여성이다.",
          "나는 회사원이다.",
          "나는 취미가 없다. 나는 주말에 집에서 시간을 보낸다.",
          "나는 종종 안도감이 든다."
        ]
      }
    },
    {
      "prevSessionID": "4-00479-2",
      "prevTimeInfo": {
        "timeNum": "1",
        "timeUnit": "주"
      },
      "nthSession": "3",
      "numberOfUtterances": "14",
      "numberOfTurns": "7",
      "sessionID": "4-00479-3",
      "dialog": [
        {
          "speaker": "speaker1",
          "personaID": "92406",
          "participantID": "20157",
          "utterance": "일주일만이네요. 저번에 여행얘기하셨는데 계획 짜셨어요?",
          "summary": "",
          "date": "2022-11-30",
          "time": "16:49:13",
          "terminate": "false"
        },
        {
          "speaker": "speaker2",
          "personaID": "90826",
          "participantID": "21547",
          "utterance": "네 얼추 세우긴했어요! 이제 비행기 표만 사면 끝날거같아요.",
          "summary": "",
          "date": "2022-11-30",
          "time": "16:50:00",
          "terminate": "false"
        },
        {
          "speaker": "speaker1",
          "personaID": "92406",
          "participantID": "20157",
          "utterance": "오~부럽네요. 언제쯤 가시는거에요? 저도 휴가 한번 가야되는데 어쩔가 고민이에요.",
          "summary": "나는 휴가를 갈 생각이다.",
          "date": "2022-11-30",
          "time": "16:51:05",
          "terminate": "false"
        },
        {
          "speaker": "speaker2",
          "personaID": "90826",
          "participantID": "21547",
          "utterance": "저는 다음주에 가기로했어요. 저 갔다와서 괜찮으면 제주도 추천해드릴게요ㅎㅎ.",
          "summary": "나는 다음 주에 제주도에 간다.",
          "date": "2022-11-30",
          "time": "16:51:31",
          "terminate": "false"
        },
        {
          "speaker": "speaker1",
          "personaID": "92406",
          "participantID": "20157",
          "utterance": "그럼 되겠네요! 비행기 타고싶었는데 괜찮으면 제주도 가야겠어요.",
          "summary": "나는 비행기가 타고 싶다.",
          "date": "2022-11-30",
          "time": "16:51:46",
          "terminate": "false"
        },
        {
          "speaker": "speaker2",
          "personaID": "90826",
          "participantID": "21547",
          "utterance": "맞아요. 제가 2박 3일로 가기로해서 빠듯하긴한데 괜찮은곳 알려드릴게요.",
          "summary": "나는 2박 3일로 여행을 간다.",
          "date": "2022-11-30",
          "time": "16:52:17",
          "terminate": "false"
        },
        {
          "speaker": "speaker1",
          "personaID": "92406",
          "participantID": "20157",
          "utterance": "고마워요^^ 그나저나 주말인데 뭐하세요? 집에 계시나요?",
          "summary": "",
          "date": "2022-11-30",
          "time": "16:52:32",
          "terminate": "false"
        },
        {
          "speaker": "speaker2",
          "personaID": "90826",
          "participantID": "21547",
          "utterance": "네 저번에도 말했지만 주말에 집에 있는걸 좋아해서ㅎㅎ 선생님은 뭐하고 계셨어요?",
          "summary": "",
          "date": "2022-11-30",
          "time": "16:53:01",
          "terminate": "false"
        },
        {
          "speaker": "speaker1",
          "personaID": "92406",
          "participantID": "20157",
          "utterance": "저는 뭐 일본어 공부하죠. 아무리 선생이 됐어요. 아직 공부가 부족한거 같아서요. 제가 좋아하기도 하구요.",
          "summary": "",
          "date": "2022-11-30",
          "time": "16:53:24",
          "terminate": "false"
        },
        {
          "speaker": "speaker2",
          "personaID": "90826",
          "participantID": "21547",
          "utterance": "정말 일본어 선생님이 천직이셨네요. 아직도 공부하시다니 대단하세요.",
          "summary": "",
          "date": "2022-11-30",
          "time": "16:53:49",
          "terminate": "false"
        },
        {
          "speaker": "speaker1",
          "personaID": "92406",
          "participantID": "20157",
          "utterance": "저도 평소에는 그냥 누워서 TV봐요^^ 어쩌다 한번씩 공부하는거지.",
          "summary": "나는 평소에 누워서 TV를 본다.",
          "date": "2022-11-30",
          "time": "16:54:38",
          "terminate": "false"
        },
        {
          "speaker": "speaker2",
          "personaID": "90826",
          "participantID": "21547",
          "utterance": "그래도 뭔가 선생님은 다르구나~이런느낌 받았어요.",
          "summary": "",
          "date": "2022-11-30",
          "time": "16:54:53",
          "terminate": "false"
        },
        {
          "speaker": "speaker1",
          "personaID": "92406",
          "participantID": "20157",
          "utterance": "그럼 저는 공부하러 가볼게요. 쉬세요~ 아 여행 잘 다녀오시구요.",
          "summary": "",
          "date": "2022-11-30",
          "time": "16:55:10",
          "terminate": "false"
        },
        {
          "speaker": "speaker2",
          "personaID": "90826",
          "participantID": "21547",
          "utterance": "네 감사합니다ㅎㅎ 그럼 저는 쉬러갈게요.",
          "summary": "",
          "date": "2022-11-30",
          "time": "16:55:29",
          "terminate": "true"
        }
      ],
      "sessionPersonaSummary": {
        "speaker1": [
          "나는 휴가를 갈 생각이다.",
          "나는 비행기가 타고 싶다.",
          "나는 평소에 누워서 TV를 본다."
        ],
        "speaker2": [
          "나는 다음 주에 제주도에 간다.",
          "나는 2박 3일로 여행을 간다."
        ]
      },
      "prevAggregatedpersonaSummary": {
        "speaker1": [
          "나는 40대 여성이다.",
          "나는 일본어 선생님이다.",
          "나는 요즘, 가끔 스트레스를 받는다.",
          "나는 일본어 공부를 좋아한다.",
          "나는 주말에 집에 있는다.",
          "나는 수업을 한다.",
          "나는 혈액형이 B형이다."
        ],
        "speaker2": [
          "나는 30대 여성이다.",
          "나는 회사원이다.",
          "나는 취미가 없다. 나는 주말에 집에서 시간을 보낸다.",
          "나는 종종 안도감이 든다.",
          "나는 퇴근을 했다.",
          "나의 생일은 8월이다.",
          "나는 생일 때 친구와 제주도에 갈 생각이다.",
          "나는 혈액형이 B형이다. 나는 여행을 좋아한다."
        ]
      }
    },
    {
      "prevSessionID": "4-00479-3",
      "prevTimeInfo": {
        "timeNum": "2",
        "timeUnit": "주"
      },
      "nthSession": "4",
      "numberOfUtterances": "14",
      "numberOfTurns": "7",
      "sessionID": "4-00479-4",
      "dialog": [
        {
          "speaker": "speaker1",
          "personaID": "92406",
          "participantID": "20157",
          "utterance": "2주만에 연락드렸는데 제주도 잘 다녀오셨어요?",
          "summary": "",
          "date": "2022-11-30",
          "time": "16:55:48",
          "terminate": "false"
        },
        {
          "speaker": "speaker2",
          "personaID": "90826",
          "participantID": "21547",
          "utterance": "아 네! 잘 다녀왔어요. 정말 재밌었어요. 선생님도 제주도 다녀오세요!",
          "summary": "나는 제주도 여행이 재밌었다.",
          "date": "2022-11-30",
          "time": "16:56:10",
          "terminate": "false"
        },
        {
          "speaker": "speaker1",
          "personaID": "92406",
          "participantID": "20157",
          "utterance": "그 정도로 재밌었나요? 그럼 저도 한번 다녀와야겠네요.",
          "summary": "",
          "date": "2022-11-30",
          "time": "16:56:24",
          "terminate": "false"
        },
        {
          "speaker": "speaker2",
          "personaID": "90826",
          "participantID": "21547",
          "utterance": "네네 진짜 좋았어요. 근데 맛집 위주로 다녔거든요. 그런 여행 괜찮으세요?",
          "summary": "나는 맛집 여행을 했다.",
          "date": "2022-11-30",
          "time": "16:56:45",
          "terminate": "false"
        },
        {
          "speaker": "speaker1",
          "personaID": "92406",
          "participantID": "20157",
          "utterance": "그럼요~ 원래 여행은 먹으러 다니는거죠ㅎㅎ 어떤 맛집 찾으셨어요?",
          "summary": "",
          "date": "2022-11-30",
          "time": "16:57:04",
          "terminate": "false"
        },
        {
          "speaker": "speaker2",
          "personaID": "90826",
          "participantID": "21547",
          "utterance": "고기국수 진짜 맛있는곳 있어요. 만약 가신다면 주소 알려드릴게요.",
          "summary": "",
          "date": "2022-11-30",
          "time": "16:57:20",
          "terminate": "false"
        },
        {
          "speaker": "speaker1",
          "personaID": "92406",
          "participantID": "20157",
          "utterance": "좋네요. 방학동안 빨리 다녀와야겠네요. 비행기 표값을 알아봐야겠어요.",
          "summary": "나는 비행기를 알아볼 생각이다.",
          "date": "2022-11-30",
          "time": "16:57:51",
          "terminate": "false"
        },
        {
          "speaker": "speaker2",
          "personaID": "90826",
          "participantID": "21547",
          "utterance": "지금 완전 극성수기라 비쌀텐데 괜찮으세요?",
          "summary": "",
          "date": "2022-11-30",
          "time": "16:58:06",
          "terminate": "false"
        },
        {
          "speaker": "speaker1",
          "personaID": "92406",
          "participantID": "20157",
          "utterance": "혼자 가는거니깐 괜찮지 않을까요? 아 오히려 가서 지낼때는 돈이 많이 드려나?",
          "summary": "",
          "date": "2022-11-30",
          "time": "16:58:30",
          "terminate": "false"
        },
        {
          "speaker": "speaker2",
          "personaID": "90826",
          "participantID": "21547",
          "utterance": "아..혼자면 좀 그렇긴하죠. 그래도 마음 먹으셨으면 가보셔야죠ㅎㅎ.",
          "summary": "",
          "date": "2022-11-30",
          "time": "16:58:50",
          "terminate": "false"
        },
        {
          "speaker": "speaker1",
          "personaID": "92406",
          "participantID": "20157",
          "utterance": "방금 비행기 값은 알아봤는데 이정도면 갈만하네요. 고기국수 말고는 어떤거 있었어요?",
          "summary": "",
          "date": "2022-11-30",
          "time": "16:59:26",
          "terminate": "false"
        },
        {
          "speaker": "speaker2",
          "personaID": "90826",
          "participantID": "21547",
          "utterance": "음..전복김밥이랑 분식, 감바스 이런건 어때요?",
          "summary": "",
          "date": "2022-11-30",
          "time": "17:00:01",
          "terminate": "false"
        },
        {
          "speaker": "speaker1",
          "personaID": "92406",
          "participantID": "20157",
          "utterance": "괜찮네요. 한번 다 가봐야겠어요ㅎㅎ 그럼 저는 숙소 알아보러 갈게요. 다음에 다시 알려주세요.",
          "summary": "나는 맛집 여행을 다닐 생각이다. 나는 숙소를 알아보러 간다.",
          "date": "2022-11-30",
          "time": "17:00:21",
          "terminate": "false"
        },
        {
          "speaker": "speaker2",
          "personaID": "90826",
          "participantID": "21547",
          "utterance": "알겠습니다ㅎㅎ 숙소 다 알아보시면 연락 한번 주세요.",
          "summary": "",
          "date": "2022-11-30",
          "time": "17:00:34",
          "terminate": "true"
        }
      ],
      "sessionPersonaSummary": {
        "speaker1": [
          "나는 비행기를 알아볼 생각이다.",
          "나는 맛집 여행을 다닐 생각이다. 나는 숙소를 알아보러 간다."
        ],
        "speaker2": [
          "나는 제주도 여행이 재밌었다.",
          "나는 맛집 여행을 했다."
        ]
      },
      "prevAggregatedpersonaSummary": {
        "speaker1": [
          "나는 40대 여성이다.",
          "나는 일본어 선생님이다.",
          "나는 요즘, 가끔 스트레스를 받는다.",
          "나는 일본어 공부를 좋아한다.",
          "나는 주말에 집에 있는다.",
          "나는 수업을 한다.",
          "나는 혈액형이 B형이다.",
          "나는 휴가를 갈 생각이다.",
          "나는 비행기가 타고 싶다.",
          "나는 평소에 누워서 TV를 본다."
        ],
        "speaker2": [
          "나는 30대 여성이다.",
          "나는 회사원이다.",
          "나는 취미가 없다. 나는 주말에 집에서 시간을 보낸다.",
          "나는 종종 안도감이 든다.",
          "나는 퇴근을 했다.",
          "나의 생일은 8월이다.",
          "나는 생일 때 친구와 제주도에 갈 생각이다.",
          "나는 혈액형이 B형이다. 나는 여행을 좋아한다.",
          "나는 다음 주에 제주도에 간다.",
          "나는 2박 3일로 여행을 간다."
        ]
      }
    }
  ]
}