{
  "FileInfo": {
    "filename": "K4-00582-CL41566-CP20979-18-02-S4.json",
    "sessionLevel": "4"
  },
  "participantsInfo": {
    "numberOfParticipants": "2",
    "speaker1": {
      "participantID": "4054",
      "gender": "여성",
      "age": "30대",
      "occupation": "사무직",
      "bPlace": "서울/경기/인천",
      "gPlace": "서울/경기/인천",
      "rPlace": "서울/경기/인천",
      "educationLevel": "대졸"
    },
    "speaker2": {
      "participantID": "4033",
      "gender": "남성",
      "age": "30대",
      "occupation": "사무직",
      "bPlace": "서울/경기/인천",
      "gPlace": "서울/경기/인천",
      "rPlace": "서울/경기/인천",
      "educationLevel": "대졸"
    }
  },
  "multisessionInfo": {
    "multisessionID": "4-00582"
  },
  "personaInfo": {
    "clInfo": {
      "personaID": "41566",
      "personaFeatures": [
        "나는 여자이다.",
        "나는 40대이다.",
        "나는 국회의원 보좌관이다",
        "나는 비행기 타는 것을 싫어한다",
        "나는 피아노 연주를 배우고 있다"
      ],
      "speakerType": "speaker1"
    },
    "cpInfo": {
      "personaID": "20979",
      "personaFeatures": [
        "나는 남자이다.",
        "나는 20대이다.",
        "나는 요즘, 자주 내 자신이 한심하다",
        "나는 매일 걸어서 출퇴근한다",
        "나는 인도 음식을 즐겨 먹는다"
      ],
      "speakerType": "speaker2"
    }
  },
  "topicInfo": {
    "topicID": "18-02",
    "topicType": "상거래 전반",
    "topicTitle": "홈쇼핑"
  },
  "sessionInfo": [
    {
      "prevSessionID": null,
      "prevTimeInfo": {
        "timeNum": null,
        "timeUnit": null
      },
      "nthSession": "1",
      "numberOfUtterances": "14",
      "numberOfTurns": "7",
      "sessionID": "4-00582-1",
      "dialog": [
        {
          "speaker": "speaker1",
          "personaID": "41566",
          "participantID": "4054",
          "utterance": "안녕하세요. 저는 40대 여성입니다.",
          "summary": "나는 40대 여성이다.",
          "date": "2022-10-31",
          "time": "16:32:51",
          "terminate": "false"
        },
        {
          "speaker": "speaker2",
          "personaID": "20979",
          "participantID": "4033",
          "utterance": "안녕하세요 저는 인도음식을 즐겨먹는 20대 남성입니다.",
          "summary": "나는 인도음식을 즐겨먹는 20대 남성이다",
          "date": "2022-10-31",
          "time": "16:43:14",
          "terminate": "false"
        },
        {
          "speaker": "speaker1",
          "personaID": "41566",
          "participantID": "4054",
          "utterance": "저는 취미로 피아노 연주를 배우고 있습니다. 취미가 무엇인가요?",
          "summary": "나는 취미로 피아노 연주를 배운다.",
          "date": "2022-10-31",
          "time": "20:56:37",
          "terminate": "false"
        },
        {
          "speaker": "speaker2",
          "personaID": "20979",
          "participantID": "4033",
          "utterance": "저는 조깅하는 것을 좋아합니다. 그래서 매일 걸어서 출퇴근합니다.",
          "summary": "나는 조깅을 좋아한다. 나는 매일 걸어서 출퇴근한다.",
          "date": "2022-10-31",
          "time": "20:57:08",
          "terminate": "false"
        },
        {
          "speaker": "speaker1",
          "personaID": "41566",
          "participantID": "4054",
          "utterance": "좋네요. 직업은 무엇인가요? 저는 국회의원 보좌관입니다. ",
          "summary": "나는 국회의원 보좌관이다.",
          "date": "2022-10-31",
          "time": "20:58:25",
          "terminate": "false"
        },
        {
          "speaker": "speaker2",
          "personaID": "20979",
          "participantID": "4033",
          "utterance": "저는 회사원입니다. 요즘 매너리즘에 빠져서 자주 제 자신이 한심하다고 느껴져요",
          "summary": "나는 회사원이고, 자주 자신이 한심하다고 느낀다.",
          "date": "2022-10-31",
          "time": "20:59:55",
          "terminate": "false"
        },
        {
          "speaker": "speaker1",
          "personaID": "41566",
          "participantID": "4054",
          "utterance": "그래도 조깅도 하며 간단한 운동이라도 하시니 그렇게 생각하지마세요. 여행이라도 다녀오시는건 어떠세요?",
          "summary": "",
          "date": "2022-11-02",
          "time": "22:14:26",
          "terminate": "false"
        },
        {
          "speaker": "speaker2",
          "personaID": "20979",
          "participantID": "4033",
          "utterance": "감사합니다. 안 그래도 해외여행이 계획되어있어요",
          "summary": "나는 해외여행이 계획되어 있다.",
          "date": "2022-11-02",
          "time": "22:15:42",
          "terminate": "false"
        },
        {
          "speaker": "speaker1",
          "personaID": "41566",
          "participantID": "4054",
          "utterance": "오 그러시구나 저는 비행기 타는것을 싫어해서 국내여행을 좋아합니다.  어디 계획이신가요?",
          "summary": "나는 비행기 타는 것을 싫어한다. 나는 국내여행을 좋아한다.",
          "date": "2022-11-02",
          "time": "22:17:18",
          "terminate": "false"
        },
        {
          "speaker": "speaker2",
          "personaID": "20979",
          "participantID": "4033",
          "utterance": "11월에 베트남에 갈 예정이에요. 코로나 이후에 첫 해외여행이랍니다",
          "summary": "나는 11월에 베트남에 갈 예정이다.",
          "date": "2022-11-02",
          "time": "22:17:56",
          "terminate": "false"
        },
        {
          "speaker": "speaker1",
          "personaID": "41566",
          "participantID": "4054",
          "utterance": "좋으시겠어요 11월 베트남은 날씨도 선선하다고 하더라구요",
          "summary": "나는 11월 베트남이 날씨가 선선하다고 들었다.",
          "date": "2022-11-02",
          "time": "22:19:49",
          "terminate": "false"
        },
        {
          "speaker": "speaker2",
          "personaID": "20979",
          "participantID": "4033",
          "utterance": "네 가서 귀파기체험도하고 마사지도 받을거에요",
          "summary": "나는 베트남에 가서 귀 파기 체험과 마사지를 받을 것이다.",
          "date": "2022-11-02",
          "time": "22:20:56",
          "terminate": "false"
        },
        {
          "speaker": "speaker1",
          "personaID": "41566",
          "participantID": "4054",
          "utterance": "힐링하고 오시겠네요! 부럽습니다",
          "summary": "",
          "date": "2022-11-02",
          "time": "22:21:52",
          "terminate": "false"
        },
        {
          "speaker": "speaker2",
          "personaID": "20979",
          "participantID": "4033",
          "utterance": "네 밤이 늦었네요 다음에 다시 연락해요",
          "summary": "",
          "date": "2022-11-02",
          "time": "22:22:22",
          "terminate": "true"
        }
      ],
      "sessionPersonaSummary": {
        "speaker1": [
          "나는 40대 여성이다.",
          "나는 취미로 피아노 연주를 배운다.",
          "나는 국회의원 보좌관이다.",
          "나는 비행기 타는 것을 싫어한다. 나는 국내여행을 좋아한다.",
          "나는 11월 베트남이 날씨가 선선하다고 들었다."
        ],
        "speaker2": [
          "나는 인도음식을 즐겨먹는 20대 남성이다",
          "나는 조깅을 좋아한다. 나는 매일 걸어서 출퇴근한다.",
          "나는 회사원이고, 자주 자신이 한심하다고 느낀다.",
          "나는 해외여행이 계획되어 있다.",
          "나는 11월에 베트남에 갈 예정이다.",
          "나는 베트남에 가서 귀 파기 체험과 마사지를 받을 것이다."
        ]
      },
      "prevAggregatedpersonaSummary": {
        "speaker1": [],
        "speaker2": []
      }
    },
    {
      "prevSessionID": "4-00582-1",
      "prevTimeInfo": {
        "timeNum": "9",
        "timeUnit": "일"
      },
      "nthSession": "2",
      "numberOfUtterances": "14",
      "numberOfTurns": "7",
      "sessionID": "4-00582-2",
      "dialog": [
        {
          "speaker": "speaker1",
          "personaID": "41566",
          "participantID": "4054",
          "utterance": "안녕하세요. 9일만이네요. 오랜만입니다",
          "summary": "",
          "date": "2022-11-02",
          "time": "22:24:48",
          "terminate": "false"
        },
        {
          "speaker": "speaker2",
          "personaID": "20979",
          "participantID": "4033",
          "utterance": "오랜만이에요 뭐하고 지내셨어요?",
          "summary": "",
          "date": "2022-11-02",
          "time": "22:25:23",
          "terminate": "false"
        },
        {
          "speaker": "speaker1",
          "personaID": "41566",
          "participantID": "4054",
          "utterance": "저는 요즘 집에서 푹 쉬는중입니다. 뭐하고 지내셨나요?",
          "summary": "나는 요즘 집에서 푹 쉰다.",
          "date": "2022-11-02",
          "time": "22:26:53",
          "terminate": "false"
        },
        {
          "speaker": "speaker2",
          "personaID": "20979",
          "participantID": "4033",
          "utterance": "국회의원 보좌관님이셔서 쉴 때는 쉬시나봐요! 저번주엔 제가 좋아하는 인도음식을 먹기도하고 짧게 여행도 다녀왔어요",
          "summary": "나는 저번 주에 인도음식을 먹고 짧게 여행을 다녀왔다.",
          "date": "2022-11-02",
          "time": "22:30:10",
          "terminate": "false"
        },
        {
          "speaker": "speaker1",
          "personaID": "41566",
          "participantID": "4054",
          "utterance": "오 여행을 다녀오셨군요. 저도 곧 여행을 갈 생각인데 캐리어 하나 장만하려구요 ",
          "summary": "나는 곧 여행을 가려고 캐리어를 하나 장만하려고 한다.",
          "date": "2022-11-03",
          "time": "00:34:31",
          "terminate": "false"
        },
        {
          "speaker": "speaker2",
          "personaID": "20979",
          "participantID": "4033",
          "utterance": "요즘 코로나 풀려서 해외여행이 증가해서 그런지 홈쇼핑에서 캐리어 자주 보이더라구요",
          "summary": "",
          "date": "2022-11-03",
          "time": "00:35:08",
          "terminate": "false"
        },
        {
          "speaker": "speaker1",
          "personaID": "41566",
          "participantID": "4054",
          "utterance": "홈쇼핑에서 한번도 구매는 해보지 않았지만 티브이를 보다가 한번씩 멈춰서 자주 구경은 해요 ",
          "summary": "나는 홈쇼핑에서 한 번도 구매해본 적이 없다.",
          "date": "2022-11-03",
          "time": "21:22:39",
          "terminate": "false"
        },
        {
          "speaker": "speaker2",
          "personaID": "20979",
          "participantID": "4033",
          "utterance": "전 심심할때 홈쇼핑 자주 봐요. 그리고 인터넷 최저가보다 저렴할때도 있더라구요",
          "summary": "나는 심심할 때 홈쇼핑을 자주 본다",
          "date": "2022-11-04",
          "time": "13:46:42",
          "terminate": "false"
        },
        {
          "speaker": "speaker1",
          "personaID": "41566",
          "participantID": "4054",
          "utterance": "그렇군요. 저도 캐리어는 홈쇼핑으로 한번 구매해봐야겠어요 ",
          "summary": "나는 캐리어는 홈쇼핑으로 한번 구매해보려고 한다.",
          "date": "2022-11-04",
          "time": "14:03:24",
          "terminate": "false"
        },
        {
          "speaker": "speaker2",
          "personaID": "20979",
          "participantID": "4033",
          "utterance": "보니까 요즘 홈쇼핑에서 1+1 으로 큰거랑 작은거 세트로 저렴하게 팔더라구요",
          "summary": "",
          "date": "2022-11-04",
          "time": "21:37:12",
          "terminate": "false"
        },
        {
          "speaker": "speaker1",
          "personaID": "41566",
          "participantID": "4054",
          "utterance": "오 세트로 저렴하게 판매하네요 그걸로 사봐야겠어요.",
          "summary": "",
          "date": "2022-11-05",
          "time": "08:07:06",
          "terminate": "false"
        },
        {
          "speaker": "speaker2",
          "personaID": "20979",
          "participantID": "4033",
          "utterance": "네 캐리어는 모양보다는 내구성이 중요하니까 잘 알아보고 구매하세요",
          "summary": "",
          "date": "2022-11-05",
          "time": "22:17:56",
          "terminate": "false"
        },
        {
          "speaker": "speaker1",
          "personaID": "41566",
          "participantID": "4054",
          "utterance": "네 소재가 중요한것 같아서 소재를 1순위로 보고있어요 ",
          "summary": "나는 캐리어 소재가 중요한 것 같아서 구매 1순위로 보고 있다.",
          "date": "2022-11-06",
          "time": "19:38:16",
          "terminate": "false"
        },
        {
          "speaker": "speaker2",
          "personaID": "20979",
          "participantID": "4033",
          "utterance": "시간이 벌써 이렇게 됐네요 다음에 또 연락해요!",
          "summary": "",
          "date": "2022-11-06",
          "time": "19:42:06",
          "terminate": "true"
        }
      ],
      "sessionPersonaSummary": {
        "speaker1": [
          "나는 요즘 집에서 푹 쉰다.",
          "나는 곧 여행을 가려고 캐리어를 하나 장만하려고 한다.",
          "나는 홈쇼핑에서 한 번도 구매해본 적이 없다.",
          "나는 캐리어는 홈쇼핑으로 한번 구매해보려고 한다.",
          "나는 캐리어 소재가 중요한 것 같아서 구매 1순위로 보고 있다."
        ],
        "speaker2": [
          "나는 저번 주에 인도음식을 먹고 짧게 여행을 다녀왔다.",
          "나는 심심할 때 홈쇼핑을 자주 본다"
        ]
      },
      "prevAggregatedpersonaSummary": {
        "speaker1": [
          "나는 40대 여성이다.",
          "나는 취미로 피아노 연주를 배운다.",
          "나는 국회의원 보좌관이다.",
          "나는 비행기 타는 것을 싫어한다. 나는 국내여행을 좋아한다.",
          "나는 11월 베트남이 날씨가 선선하다고 들었다."
        ],
        "speaker2": [
          "나는 인도음식을 즐겨먹는 20대 남성이다",
          "나는 조깅을 좋아한다. 나는 매일 걸어서 출퇴근한다.",
          "나는 회사원이고, 자주 자신이 한심하다고 느낀다.",
          "나는 해외여행이 계획되어 있다.",
          "나는 11월에 베트남에 갈 예정이다.",
          "나는 베트남에 가서 귀 파기 체험과 마사지를 받을 것이다."
        ]
      }
    },
    {
      "prevSessionID": "4-00582-2",
      "prevTimeInfo": {
        "timeNum": "4",
        "timeUnit": "일"
      },
      "nthSession": "3",
      "numberOfUtterances": "14",
      "numberOfTurns": "7",
      "sessionID": "4-00582-3",
      "dialog": [
        {
          "speaker": "speaker1",
          "personaID": "41566",
          "participantID": "4054",
          "utterance": "안녕하세요 4일만이네요 잘지내셨나요",
          "summary": "",
          "date": "2022-11-06",
          "time": "19:45:46",
          "terminate": "false"
        },
        {
          "speaker": "speaker2",
          "personaID": "20979",
          "participantID": "4033",
          "utterance": "네 잘 지냈어요. @이름@님은 홈쇼핑에서 캐리어를 구매하셨나요?",
          "summary": "",
          "date": "2022-11-06",
          "time": "19:47:37",
          "terminate": "false"
        },
        {
          "speaker": "speaker1",
          "personaID": "41566",
          "participantID": "4054",
          "utterance": "네 채널 돌리다가 딱 홈쇼핑에서 캐리어를 판매하길래 얼른 하나 구매했어요 ",
          "summary": "나는 홈쇼핑에서 캐리어를 샀다.",
          "date": "2022-11-06",
          "time": "19:55:23",
          "terminate": "false"
        },
        {
          "speaker": "speaker2",
          "personaID": "20979",
          "participantID": "4033",
          "utterance": "그러셨군요 몇인치 캐리어로 구매하셨나요?",
          "summary": "",
          "date": "2022-11-06",
          "time": "19:57:23",
          "terminate": "false"
        },
        {
          "speaker": "speaker1",
          "personaID": "41566",
          "participantID": "4054",
          "utterance": "24인치가 필요했는데 20인치랑 24인치 2개 세트를 판매하더라구요 저렴하게 구매했어요",
          "summary": "나는 24인치 캐리어가 필요했는데 20,24인치 2개 세트를 판매하길래 저렴하게 구매했다.",
          "date": "2022-11-06",
          "time": "20:04:05",
          "terminate": "false"
        },
        {
          "speaker": "speaker2",
          "personaID": "20979",
          "participantID": "4033",
          "utterance": "20인치도 하나있으면 기내용으로 쓰기 좋아요",
          "summary": "",
          "date": "2022-11-06",
          "time": "20:05:07",
          "terminate": "false"
        },
        {
          "speaker": "speaker1",
          "personaID": "41566",
          "participantID": "4054",
          "utterance": "네 하나만 사는거보다 차라리 세트로 구매하는데 더 가성비 좋더라구요 사은품도 받았어요",
          "summary": "나는 캐리어 구매하면서 사은품도 받았다.",
          "date": "2022-11-06",
          "time": "20:18:49",
          "terminate": "false"
        },
        {
          "speaker": "speaker2",
          "personaID": "20979",
          "participantID": "4033",
          "utterance": "사은품은 어떤걸로 받으셨나요?",
          "summary": "",
          "date": "2022-11-06",
          "time": "20:46:22",
          "terminate": "false"
        },
        {
          "speaker": "speaker1",
          "personaID": "41566",
          "participantID": "4054",
          "utterance": "파우치랑 전용커버를 받았어요 따로 구매하지않아도 되서 좋네요",
          "summary": "나는 파우치랑 전용 커버를 사은품으로 받아서 따로 구매 안 해도 되니까 좋다.",
          "date": "2022-11-07",
          "time": "21:44:57",
          "terminate": "false"
        },
        {
          "speaker": "speaker2",
          "personaID": "20979",
          "participantID": "4033",
          "utterance": "오 유용한 것 받으셨네요 홈쇼핑에서 사은품이라고 해놓고 무쓸모 줄때도 많은데요",
          "summary": "나는 홈쇼핑에서 쓸모없는 사은품을 받은 적이 있다.",
          "date": "2022-11-07",
          "time": "22:07:13",
          "terminate": "false"
        },
        {
          "speaker": "speaker1",
          "personaID": "41566",
          "participantID": "4054",
          "utterance": "그러게요 이번엔 사은품마저 딱 필요한게 와서 좋네요",
          "summary": "",
          "date": "2022-11-07",
          "time": "22:24:53",
          "terminate": "false"
        },
        {
          "speaker": "speaker2",
          "personaID": "20979",
          "participantID": "4033",
          "utterance": "이제 여행만 가시면 되겠네요 부러워요",
          "summary": "",
          "date": "2022-11-07",
          "time": "23:03:25",
          "terminate": "false"
        },
        {
          "speaker": "speaker1",
          "personaID": "41566",
          "participantID": "4054",
          "utterance": "홈쇼핑 보는 재미를 알아버려서 저녁식사하면서 오늘도 홈쇼핑 방송을 봤네요 저는",
          "summary": "나는 홈쇼핑 보는 재미를 알아버렸다.",
          "date": "2022-11-08",
          "time": "21:16:51",
          "terminate": "false"
        },
        {
          "speaker": "speaker2",
          "personaID": "20979",
          "participantID": "4033",
          "utterance": "오늘도 고생많으셨어요 마무리할게요",
          "summary": "",
          "date": "2022-11-09",
          "time": "09:11:17",
          "terminate": "true"
        }
      ],
      "sessionPersonaSummary": {
        "speaker1": [
          "나는 홈쇼핑에서 캐리어를 샀다.",
          "나는 24인치 캐리어가 필요했는데 20,24인치 2개 세트를 판매하길래 저렴하게 구매했다.",
          "나는 캐리어 구매하면서 사은품도 받았다.",
          "나는 파우치랑 전용 커버를 사은품으로 받아서 따로 구매 안 해도 되니까 좋다.",
          "나는 홈쇼핑 보는 재미를 알아버렸다."
        ],
        "speaker2": [
          "나는 홈쇼핑에서 쓸모없는 사은품을 받은 적이 있다."
        ]
      },
      "prevAggregatedpersonaSummary": {
        "speaker1": [
          "나는 40대 여성이다.",
          "나는 취미로 피아노 연주를 배운다.",
          "나는 국회의원 보좌관이다.",
          "나는 비행기 타는 것을 싫어한다. 나는 국내여행을 좋아한다.",
          "나는 11월 베트남이 날씨가 선선하다고 들었다.",
          "나는 요즘 집에서 푹 쉰다.",
          "나는 곧 여행을 가려고 캐리어를 하나 장만하려고 한다.",
          "나는 홈쇼핑에서 한 번도 구매해본 적이 없다.",
          "나는 캐리어는 홈쇼핑으로 한번 구매해보려고 한다.",
          "나는 캐리어 소재가 중요한 것 같아서 구매 1순위로 보고 있다."
        ],
        "speaker2": [
          "나는 인도음식을 즐겨먹는 20대 남성이다",
          "나는 조깅을 좋아한다. 나는 매일 걸어서 출퇴근한다.",
          "나는 회사원이고, 자주 자신이 한심하다고 느낀다.",
          "나는 해외여행이 계획되어 있다.",
          "나는 11월에 베트남에 갈 예정이다.",
          "나는 베트남에 가서 귀 파기 체험과 마사지를 받을 것이다.",
          "나는 저번 주에 인도음식을 먹고 짧게 여행을 다녀왔다.",
          "나는 심심할 때 홈쇼핑을 자주 본다"
        ]
      }
    },
    {
      "prevSessionID": "4-00582-3",
      "prevTimeInfo": {
        "timeNum": "3",
        "timeUnit": "일"
      },
      "nthSession": "4",
      "numberOfUtterances": "14",
      "numberOfTurns": "7",
      "sessionID": "4-00582-4",
      "dialog": [
        {
          "speaker": "speaker1",
          "personaID": "41566",
          "participantID": "4054",
          "utterance": "안녕하세요. 3일만이네요. 뭐하고계세요",
          "summary": "",
          "date": "2022-11-10",
          "time": "14:56:14",
          "terminate": "false"
        },
        {
          "speaker": "speaker2",
          "personaID": "20979",
          "participantID": "4033",
          "utterance": "저는 이제 퇴근할 준비하고있습니다 @이름@님은요?",
          "summary": "",
          "date": "2022-11-10",
          "time": "17:37:46",
          "terminate": "false"
        },
        {
          "speaker": "speaker1",
          "personaID": "41566",
          "participantID": "4054",
          "utterance": "저는 저녁준비중인데 또 홈쇼핑을 봐버렸네요. 오늘은 고등어를 팔아요 ㅎㅎㅎ ",
          "summary": "나는 저녁 준비 중인데 또 홈쇼핑을 봐버렸다.",
          "date": "2022-11-10",
          "time": "17:56:42",
          "terminate": "false"
        },
        {
          "speaker": "speaker2",
          "personaID": "20979",
          "participantID": "4033",
          "utterance": "또 구매하셨나요?  홈쇼핑도 중독이래요 ",
          "summary": "",
          "date": "2022-11-10",
          "time": "21:01:38",
          "terminate": "false"
        },
        {
          "speaker": "speaker1",
          "personaID": "41566",
          "participantID": "4054",
          "utterance": "정말 홈쇼핑 중독되는거같아요. 왜 어머니들이 홈쇼핑을 그렇게 보시고 그렇게 사시는지 백번이해된다니까요..",
          "summary": "나는 홈쇼핑이 중독되는 것 같다. 나는 어머니들이 왜 홈쇼핑을 보고 그렇게 사는지 백번 이해가 된다.",
          "date": "2022-11-10",
          "time": "22:07:40",
          "terminate": "false"
        },
        {
          "speaker": "speaker2",
          "personaID": "20979",
          "participantID": "4033",
          "utterance": "맞아요 정말 홈쇼핑 쇼호스트들이 구매욕 자극하게 멘트를 하는 것 같아요",
          "summary": "",
          "date": "2022-11-11",
          "time": "10:19:26",
          "terminate": "false"
        },
        {
          "speaker": "speaker1",
          "personaID": "41566",
          "participantID": "4054",
          "utterance": "재고가 얼마남지 않았다는 말!! 그말이 너무 전화기를 들게만들어요",
          "summary": "",
          "date": "2022-11-11",
          "time": "17:29:33",
          "terminate": "false"
        },
        {
          "speaker": "speaker2",
          "personaID": "20979",
          "participantID": "4033",
          "utterance": "평상시에 귀가 얇으신 편인가요?",
          "summary": "",
          "date": "2022-11-13",
          "time": "01:28:27",
          "terminate": "false"
        },
        {
          "speaker": "speaker1",
          "personaID": "41566",
          "participantID": "4054",
          "utterance": "네... 이거좋다 저거좋다 하면 혹해요 그래서 홈쇼핑은 저한테 너무 안좋은거같아요",
          "summary": "나는 귀가 얇은 편이라 홈쇼핑이 나에게 너무 안 좋은 것 같다.",
          "date": "2022-11-14",
          "time": "21:27:18",
          "terminate": "false"
        },
        {
          "speaker": "speaker2",
          "personaID": "20979",
          "participantID": "4033",
          "utterance": "그러시겠어요 전 귀가 얇지않은 편인데도 혹할때가 많더라구요",
          "summary": "",
          "date": "2022-11-15",
          "time": "08:44:28",
          "terminate": "false"
        },
        {
          "speaker": "speaker1",
          "personaID": "41566",
          "participantID": "4054",
          "utterance": "쇼호스트들이 괜히 있는게 아니에요정말",
          "summary": "나는 쇼호스트들이 괜히 있는 게 아니라고 생각한다.",
          "date": "2022-11-15",
          "time": "08:48:52",
          "terminate": "false"
        },
        {
          "speaker": "speaker2",
          "personaID": "20979",
          "participantID": "4033",
          "utterance": "요즘은 유투버, 연예인 할 거 없이 다 쇼호스트에 도전하더라구요",
          "summary": "",
          "date": "2022-11-15",
          "time": "08:53:51",
          "terminate": "false"
        },
        {
          "speaker": "speaker1",
          "personaID": "41566",
          "participantID": "4054",
          "utterance": "근데 가끔 너무 연예인들이 나와서 하면 그건 좀 구매하고싶지 않긴해요 저는",
          "summary": "나는 연예인 쇼호스트들이 나와서 홈쇼핑하면 그건 구매하고 싶지 않다.",
          "date": "2022-11-15",
          "time": "08:54:29",
          "terminate": "false"
        },
        {
          "speaker": "speaker2",
          "personaID": "20979",
          "participantID": "4033",
          "utterance": "너무 광고같은 생각이 들때가 있죠 저 일이 있어서 이만 대화 정리할게요",
          "summary": "",
          "date": "2022-11-15",
          "time": "08:54:51",
          "terminate": "true"
        }
      ],
      "sessionPersonaSummary": {
        "speaker1": [
          "나는 저녁 준비 중인데 또 홈쇼핑을 봐버렸다.",
          "나는 홈쇼핑이 중독되는 것 같다. 나는 어머니들이 왜 홈쇼핑을 보고 그렇게 사는지 백번 이해가 된다.",
          "나는 귀가 얇은 편이라 홈쇼핑이 나에게 너무 안 좋은 것 같다.",
          "나는 쇼호스트들이 괜히 있는 게 아니라고 생각한다.",
          "나는 연예인 쇼호스트들이 나와서 홈쇼핑하면 그건 구매하고 싶지 않다."
        ],
        "speaker2": []
      },
      "prevAggregatedpersonaSummary": {
        "speaker1": [
          "나는 40대 여성이다.",
          "나는 취미로 피아노 연주를 배운다.",
          "나는 국회의원 보좌관이다.",
          "나는 비행기 타는 것을 싫어한다. 나는 국내여행을 좋아한다.",
          "나는 11월 베트남이 날씨가 선선하다고 들었다.",
          "나는 요즘 집에서 푹 쉰다.",
          "나는 곧 여행을 가려고 캐리어를 하나 장만하려고 한다.",
          "나는 홈쇼핑에서 한 번도 구매해본 적이 없다.",
          "나는 캐리어는 홈쇼핑으로 한번 구매해보려고 한다.",
          "나는 캐리어 소재가 중요한 것 같아서 구매 1순위로 보고 있다.",
          "나는 홈쇼핑에서 캐리어를 샀다.",
          "나는 24인치 캐리어가 필요했는데 20,24인치 2개 세트를 판매하길래 저렴하게 구매했다.",
          "나는 캐리어 구매하면서 사은품도 받았다.",
          "나는 파우치랑 전용 커버를 사은품으로 받아서 따로 구매 안 해도 되니까 좋다.",
          "나는 홈쇼핑 보는 재미를 알아버렸다."
        ],
        "speaker2": [
          "나는 인도음식을 즐겨먹는 20대 남성이다",
          "나는 조깅을 좋아한다. 나는 매일 걸어서 출퇴근한다.",
          "나는 회사원이고, 자주 자신이 한심하다고 느낀다.",
          "나는 해외여행이 계획되어 있다.",
          "나는 11월에 베트남에 갈 예정이다.",
          "나는 베트남에 가서 귀 파기 체험과 마사지를 받을 것이다.",
          "나는 저번 주에 인도음식을 먹고 짧게 여행을 다녀왔다.",
          "나는 심심할 때 홈쇼핑을 자주 본다",
          "나는 홈쇼핑에서 쓸모없는 사은품을 받은 적이 있다."
        ]
      }
    }
  ]
}