{
  "FileInfo": {
    "filename": "K4-00333-CL05119-CP05172-12-10-S4.json",
    "sessionLevel": "4"
  },
  "participantsInfo": {
    "numberOfParticipants": "2",
    "speaker1": {
      "participantID": "25200",
      "gender": "여성",
      "age": "50대",
      "occupation": "주부",
      "bPlace": "광주/전라/제주",
      "gPlace": "광주/전라/제주",
      "rPlace": "광주/전라/제주",
      "educationLevel": "대졸"
    },
    "speaker2": {
      "participantID": "25602",
      "gender": "여성",
      "age": "50대",
      "occupation": "무직",
      "bPlace": "부산/대구/울산/경상",
      "gPlace": "부산/대구/울산/경상",
      "rPlace": "부산/대구/울산/경상",
      "educationLevel": "고졸"
    }
  },
  "multisessionInfo": {
    "multisessionID": "4-00333"
  },
  "personaInfo": {
    "clInfo": {
      "personaID": "05119",
      "personaFeatures": [
        "나는 여자이다.",
        "나는 50대이다.",
        "나의 여자 형제는 모델이다.",
        "나는 갈비를 즐겨 먹는다.",
        "나는 사진을 찍는 게 지루하다."
      ],
      "speakerType": "speaker1"
    },
    "cpInfo": {
      "personaID": "05172",
      "personaFeatures": [
        "나는 여자이다.",
        "나는 50대이다.",
        "나의 종교는 개신교이다.",
        "나는 비올라를 배우고 싶다.",
        "나는 조경기술자이다."
      ],
      "speakerType": "speaker2"
    }
  },
  "topicInfo": {
    "topicID": "12-10",
    "topicType": "여가와 오락>여행",
    "topicTitle": "호캉스"
  },
  "sessionInfo": [
    {
      "prevSessionID": null,
      "prevTimeInfo": {
        "timeNum": null,
        "timeUnit": null
      },
      "nthSession": "1",
      "numberOfUtterances": "16",
      "numberOfTurns": "8",
      "sessionID": "4-00333-1",
      "dialog": [
        {
          "speaker": "speaker1",
          "personaID": "05119",
          "participantID": "25200",
          "utterance": "안녕하세요. 저는 50대 여자입니다.",
          "summary": "나는 50대 여자이다.",
          "date": "2022-09-09",
          "time": "16:47:46",
          "terminate": "false"
        },
        {
          "speaker": "speaker2",
          "personaID": "05172",
          "participantID": "25602",
          "utterance": "반갑습니다. 저도 50대 여자입니다.",
          "summary": "나는 50대 여자이다.",
          "date": "2022-09-09",
          "time": "16:47:52",
          "terminate": "false"
        },
        {
          "speaker": "speaker1",
          "personaID": "05119",
          "participantID": "25200",
          "utterance": "반가워요. 회사에서 워크숍하는 중인데 집에 가고 싶어요.",
          "summary": "나는 회사에서 워크숍을 하는 중인데 집에 가고 싶다.",
          "date": "2022-09-09",
          "time": "16:48:19",
          "terminate": "false"
        },
        {
          "speaker": "speaker2",
          "personaID": "05172",
          "participantID": "25602",
          "utterance": "아이고 주말까지 고생이 많으세요~",
          "summary": "",
          "date": "2022-09-09",
          "time": "16:48:34",
          "terminate": "false"
        },
        {
          "speaker": "speaker1",
          "personaID": "05119",
          "participantID": "25200",
          "utterance": "그러니까요. 관심도 없는 스마트폰 기술을 알려주면서 사진을 찍으라고 하는데 사진을 찍는 게 지루하네요.",
          "summary": "나는 워크숍에서 알려주는 스마트폰 기술에 관심이 없다. 나는 사진을 찍는 게 지루하다.",
          "date": "2022-09-09",
          "time": "16:48:56",
          "terminate": "false"
        },
        {
          "speaker": "speaker2",
          "personaID": "05172",
          "participantID": "25602",
          "utterance": "무슨 일 하시는지 여쭤봐도 되나요?",
          "summary": "",
          "date": "2022-09-09",
          "time": "16:49:11",
          "terminate": "false"
        },
        {
          "speaker": "speaker1",
          "personaID": "05119",
          "participantID": "25200",
          "utterance": "저는 패션회사에서 경리로 일하고 있어요. 경리는 숫자만 잘 보면 되는 거 아닌가요?",
          "summary": "나는 패션회사에서 경리로 일하고 있다. 나는 경리는 숫자만 잘 보면 된다고 생각한다.",
          "date": "2022-09-09",
          "time": "16:49:45",
          "terminate": "false"
        },
        {
          "speaker": "speaker2",
          "personaID": "05172",
          "participantID": "25602",
          "utterance": "패션업계 세련된 느낌이네요~ 스마트폰 기술이라고 해서 개발쪽일 하시나 했어요!",
          "summary": "나는 패션업계에 세련된 인상을 갖고 있다.",
          "date": "2022-09-09",
          "time": "16:50:34",
          "terminate": "false"
        },
        {
          "speaker": "speaker1",
          "personaID": "05119",
          "participantID": "25200",
          "utterance": "사진을 감성적으로 찍는 방법에 대해 배웠는데 관심 없어서 그냥 흘려 들었어요.",
          "summary": "나는 워크숍에서 사진을 감성적으로 찍는 방법에 대해 배웠는데 관심 없어서 그냥 흘려 들었다.",
          "date": "2022-09-09",
          "time": "16:50:58",
          "terminate": "false"
        },
        {
          "speaker": "speaker2",
          "personaID": "05172",
          "participantID": "25602",
          "utterance": "알아두면 좋겠지만 굳이 필요하진 않으니까 흘려 들어도 괜찮을 것 같네요^^;",
          "summary": "",
          "date": "2022-09-09",
          "time": "16:51:22",
          "terminate": "false"
        },
        {
          "speaker": "speaker1",
          "personaID": "05119",
          "participantID": "25200",
          "utterance": "지금 일 하고 계세요? 일하고 계시면 어떤 일 하시나요?",
          "summary": "",
          "date": "2022-09-09",
          "time": "16:51:35",
          "terminate": "false"
        },
        {
          "speaker": "speaker2",
          "personaID": "05172",
          "participantID": "25602",
          "utterance": "아 저는 조경기술자로 일하고 있습니다. 공원이나 아파트 조경 같은 거 감독하고 그런 일이요.",
          "summary": "나는 조경기술자로 일한다.",
          "date": "2022-09-09",
          "time": "16:51:48",
          "terminate": "false"
        },
        {
          "speaker": "speaker1",
          "personaID": "05119",
          "participantID": "25200",
          "utterance": "어머 일하시면서 식물을 많이 만지시겠네요? 저는 식물을 참 좋아한답니다.",
          "summary": "나는 식물을 좋아한다.",
          "date": "2022-09-09",
          "time": "16:52:10",
          "terminate": "false"
        },
        {
          "speaker": "speaker2",
          "personaID": "05172",
          "participantID": "25602",
          "utterance": "네~ 저도 식물 보면 살아있는 기분이 들어서 이 일을 시작하게 됐습니다.",
          "summary": "나는 식물을 보면 살아있는 기분이 든다.",
          "date": "2022-09-09",
          "time": "16:52:27",
          "terminate": "false"
        },
        {
          "speaker": "speaker1",
          "personaID": "05119",
          "participantID": "25200",
          "utterance": "부러워요. 저도 지금이라도 자격증 따서 식물 만지면서 일하고 싶어요. 나중에 또 연락할게요.",
          "summary": "나는 지금이라도 자격증을 따서 식물을 만지면서 일하고 싶다.",
          "date": "2022-09-09",
          "time": "16:52:49",
          "terminate": "false"
        },
        {
          "speaker": "speaker2",
          "personaID": "05172",
          "participantID": "25602",
          "utterance": "취미로라도 한 번 키워보세요~ 또 연락하며 지내요!",
          "summary": "",
          "date": "2022-09-09",
          "time": "16:53:03",
          "terminate": "true"
        }
      ],
      "sessionPersonaSummary": {
        "speaker1": [
          "나는 50대 여자이다.",
          "나는 회사에서 워크숍을 하는 중인데 집에 가고 싶다.",
          "나는 워크숍에서 알려주는 스마트폰 기술에 관심이 없다. 나는 사진을 찍는 게 지루하다.",
          "나는 패션회사에서 경리로 일하고 있다. 나는 경리는 숫자만 잘 보면 된다고 생각한다.",
          "나는 워크숍에서 사진을 감성적으로 찍는 방법에 대해 배웠는데 관심 없어서 그냥 흘려 들었다.",
          "나는 식물을 좋아한다.",
          "나는 지금이라도 자격증을 따서 식물을 만지면서 일하고 싶다."
        ],
        "speaker2": [
          "나는 50대 여자이다.",
          "나는 패션업계에 세련된 인상을 갖고 있다.",
          "나는 조경기술자로 일한다.",
          "나는 식물을 보면 살아있는 기분이 든다."
        ]
      },
      "prevAggregatedpersonaSummary": {
        "speaker1": [],
        "speaker2": []
      }
    },
    {
      "prevSessionID": "4-00333-1",
      "prevTimeInfo": {
        "timeNum": "2",
        "timeUnit": "일"
      },
      "nthSession": "2",
      "numberOfUtterances": "16",
      "numberOfTurns": "8",
      "sessionID": "4-00333-2",
      "dialog": [
        {
          "speaker": "speaker1",
          "personaID": "05119",
          "participantID": "25200",
          "utterance": "월요일에 연차 쓰고 놀러 가니까 기분 좋네요. 뭐하고 계세요?",
          "summary": "나는 월요일에 연차를 쓰고 놀러 가니 기분이 좋다.",
          "date": "2022-09-09",
          "time": "16:53:18",
          "terminate": "false"
        },
        {
          "speaker": "speaker2",
          "personaID": "05172",
          "participantID": "25602",
          "utterance": "저는 오늘도 일 나왔습니다. 새로 공원 조성 들어가는데 여기 사시는 분들은 좋으실 거예요~어디 놀러가세요?",
          "summary": "나는 새로운 공원 조성일에 투입되었다.",
          "date": "2022-09-09",
          "time": "16:53:56",
          "terminate": "false"
        },
        {
          "speaker": "speaker1",
          "personaID": "05119",
          "participantID": "25200",
          "utterance": "여동생이랑 호캉스 가요. 제가 늦둥이 여동생이 한명 있는데 여동생이랑 자주 놀러 다녀요.",
          "summary": "나는 여동생과 호캉스를 하러 간다. 나는 늦둥이 여동생이 있다. 나는 늦둥이 여동생과 자주 놀러 다닌다.",
          "date": "2022-09-09",
          "time": "16:54:23",
          "terminate": "false"
        },
        {
          "speaker": "speaker2",
          "personaID": "05172",
          "participantID": "25602",
          "utterance": "코로나 이후로 호캉스 가시는 분들이 정말 많아진 것 같아요~ 여동생 분이랑 나이차가 많이 나세요~?",
          "summary": "",
          "date": "2022-09-09",
          "time": "16:54:52",
          "terminate": "false"
        },
        {
          "speaker": "speaker1",
          "personaID": "05119",
          "participantID": "25200",
          "utterance": "10살 넘게 차이 나요 ~ 제 여동생은 아직 30대여서 모델로 일하고 있어요.",
          "summary": "나는 늦둥이 여동생과 10살 넘게 차이 난다. 나의 여동생은 모델이다. 나의 여동생은 아직 30대이다.",
          "date": "2022-09-09",
          "time": "16:55:10",
          "terminate": "false"
        },
        {
          "speaker": "speaker2",
          "personaID": "05172",
          "participantID": "25602",
          "utterance": "사이가 좋으신가보네요~ 모델이시면 사진찍어도 예쁘게 나오겠어요~",
          "summary": "",
          "date": "2022-09-09",
          "time": "16:55:59",
          "terminate": "false"
        },
        {
          "speaker": "speaker1",
          "personaID": "05119",
          "participantID": "25200",
          "utterance": "아 제 여동생은 얼굴이 드러나는 모델은 아니에요. 광고에 나오는 손 모델 하고 있어요.",
          "summary": "나의 여동생은 광고에 나오는 손 모델을 하고 있다.",
          "date": "2022-09-09",
          "time": "16:56:26",
          "terminate": "false"
        },
        {
          "speaker": "speaker2",
          "personaID": "05172",
          "participantID": "25602",
          "utterance": "부분모델이 있다고는 들었어요~! 손이 예쁘신가보네요. 전 손 예쁜 사람이 부러워요.",
          "summary": "나는 손이 예쁜 사람이 부럽다.",
          "date": "2022-09-09",
          "time": "16:56:59",
          "terminate": "false"
        },
        {
          "speaker": "speaker1",
          "personaID": "05119",
          "participantID": "25200",
          "utterance": "엄청 예뻐요. 여동생 보고 있으면 계속 손만 쓰다듬고 싶어요. 그나저나 호캉스는 가보셨나요?",
          "summary": "나는 여동생을 보고 있으면 여동생 손이 예뻐서 계속 손만 쓰다듬고 싶다.",
          "date": "2022-09-09",
          "time": "16:57:14",
          "terminate": "false"
        },
        {
          "speaker": "speaker2",
          "personaID": "05172",
          "participantID": "25602",
          "utterance": "호캉스 가보고 싶은데 저는 일이 바빠서 한 번도 못 가봤어요~ 자주 가시나요?",
          "summary": "나는 일이 바빠서 호캉스를 못 가봤다.",
          "date": "2022-09-09",
          "time": "16:57:44",
          "terminate": "false"
        },
        {
          "speaker": "speaker1",
          "personaID": "05119",
          "participantID": "25200",
          "utterance": "저는 여동생 덕에 자주 다니고 있어요. 처음에 호텔에 비싼 돈을 쓰는 게 이해가 안 됐는데 호텔에서 쉬면 좋더라고요.",
          "summary": "나는 여동생 덕에 호캉스를 자주 하고 있다. 나는 처음엔 호텔에 비싼 돈을 쓰는 게 이해가 되지 않았지만 호텔에서 쉬면 좋다고 생각한다.",
          "date": "2022-09-09",
          "time": "16:58:09",
          "terminate": "false"
        },
        {
          "speaker": "speaker2",
          "personaID": "05172",
          "participantID": "25602",
          "utterance": "힐링되고 좋을 것 같아요~저는 수영을 좋아해서 호텔 수영장 너무 가고 싶어요~",
          "summary": "나는 수영을 좋아한다. 나는 호텔 수영장에 가고 싶다.",
          "date": "2022-09-09",
          "time": "16:58:51",
          "terminate": "false"
        },
        {
          "speaker": "speaker1",
          "personaID": "05119",
          "participantID": "25200",
          "utterance": "내일 체크아웃하기 전에 동생이랑 호텔 수영장도 이용하기로 했어요.",
          "summary": "나는 내일 체크아웃하기 전에 동생과 호텔 수영장을 이용하기로 했다.",
          "date": "2022-09-09",
          "time": "16:59:15",
          "terminate": "false"
        },
        {
          "speaker": "speaker2",
          "personaID": "05172",
          "participantID": "25602",
          "utterance": "너무 부러워요~저는 사실 호텔이라고는 출장 갔을 때만 가봐서 다음에 가게 되면 좀 쉬다오고 싶네요.",
          "summary": "나는 출장으로만 호텔을 이용했다.",
          "date": "2022-09-09",
          "time": "16:59:35",
          "terminate": "false"
        },
        {
          "speaker": "speaker1",
          "personaID": "05119",
          "participantID": "25200",
          "utterance": "호캉스 가면 못 쉬어요. 중간 중간 라운지 가고 헬스장, 수영장, 사우나 가느라 부지런해야 해요. 또 연락 드릴게요.",
          "summary": "나는 호캉스에 가면 못 쉰다고 생각한다. 나는 호캉스에 가면 중간중간 라운지에 가고 헬스장, 수영장, 사우나를 들리느라 부지런해야 한다고 생각한다.",
          "date": "2022-09-09",
          "time": "17:00:08",
          "terminate": "false"
        },
        {
          "speaker": "speaker2",
          "personaID": "05172",
          "participantID": "25602",
          "utterance": "어디 따로 여행가는 거의 축소판이네요! 재밌게 즐기다 오세요~",
          "summary": "",
          "date": "2022-09-09",
          "time": "17:00:42",
          "terminate": "true"
        }
      ],
      "sessionPersonaSummary": {
        "speaker1": [
          "나는 월요일에 연차를 쓰고 놀러 가니 기분이 좋다.",
          "나는 여동생과 호캉스를 하러 간다. 나는 늦둥이 여동생이 있다. 나는 늦둥이 여동생과 자주 놀러 다닌다.",
          "나는 늦둥이 여동생과 10살 넘게 차이 난다. 나의 여동생은 모델이다. 나의 여동생은 아직 30대이다.",
          "나의 여동생은 광고에 나오는 손 모델을 하고 있다.",
          "나는 여동생을 보고 있으면 여동생 손이 예뻐서 계속 손만 쓰다듬고 싶다.",
          "나는 여동생 덕에 호캉스를 자주 하고 있다. 나는 처음엔 호텔에 비싼 돈을 쓰는 게 이해가 되지 않았지만 호텔에서 쉬면 좋다고 생각한다.",
          "나는 내일 체크아웃하기 전에 동생과 호텔 수영장을 이용하기로 했다.",
          "나는 호캉스에 가면 못 쉰다고 생각한다. 나는 호캉스에 가면 중간중간 라운지에 가고 헬스장, 수영장, 사우나를 들리느라 부지런해야 한다고 생각한다."
        ],
        "speaker2": [
          "나는 새로운 공원 조성일에 투입되었다.",
          "나는 손이 예쁜 사람이 부럽다.",
          "나는 일이 바빠서 호캉스를 못 가봤다.",
          "나는 수영을 좋아한다. 나는 호텔 수영장에 가고 싶다.",
          "나는 출장으로만 호텔을 이용했다."
        ]
      },
      "prevAggregatedpersonaSummary": {
        "speaker1": [
          "나는 50대 여자이다.",
          "나는 회사에서 워크숍을 하는 중인데 집에 가고 싶다.",
          "나는 워크숍에서 알려주는 스마트폰 기술에 관심이 없다. 나는 사진을 찍는 게 지루하다.",
          "나는 패션회사에서 경리로 일하고 있다. 나는 경리는 숫자만 잘 보면 된다고 생각한다.",
          "나는 워크숍에서 사진을 감성적으로 찍는 방법에 대해 배웠는데 관심 없어서 그냥 흘려 들었다.",
          "나는 식물을 좋아한다.",
          "나는 지금이라도 자격증을 따서 식물을 만지면서 일하고 싶다."
        ],
        "speaker2": [
          "나는 50대 여자이다.",
          "나는 패션업계에 세련된 인상을 갖고 있다.",
          "나는 조경기술자로 일한다.",
          "나는 식물을 보면 살아있는 기분이 든다."
        ]
      }
    },
    {
      "prevSessionID": "4-00333-2",
      "prevTimeInfo": {
        "timeNum": "4",
        "timeUnit": "일"
      },
      "nthSession": "3",
      "numberOfUtterances": "16",
      "numberOfTurns": "8",
      "sessionID": "4-00333-3",
      "dialog": [
        {
          "speaker": "speaker1",
          "personaID": "05119",
          "participantID": "25200",
          "utterance": "안녕하세요 ~ 퇴근하셨어요? 저는 30분 있으면 퇴근해요.",
          "summary": "나는 30분 있으면 퇴근한다.",
          "date": "2022-09-09",
          "time": "17:01:13",
          "terminate": "false"
        },
        {
          "speaker": "speaker2",
          "personaID": "05172",
          "participantID": "25602",
          "utterance": "안녕하세요~~ 저도 2시간 정도 있다가 퇴근할 수 있을 것 같아요.",
          "summary": "나는 2시간 후 퇴근을 예상한다.",
          "date": "2022-09-09",
          "time": "17:01:41",
          "terminate": "false"
        },
        {
          "speaker": "speaker1",
          "personaID": "05119",
          "participantID": "25200",
          "utterance": "퇴근 시간이 좀 늦으시네요? 보통 몇 시에 퇴근하세요?",
          "summary": "",
          "date": "2022-09-09",
          "time": "17:01:53",
          "terminate": "false"
        },
        {
          "speaker": "speaker2",
          "personaID": "05172",
          "participantID": "25602",
          "utterance": "요즘엔 보통 여덟시 정도에 갈 때가 많은 것 같네요. 안 바쁠 땐 여섯시에 집에 가요~",
          "summary": "나는 요즘 거의 여덟 시쯤 퇴근한다.",
          "date": "2022-09-09",
          "time": "17:02:23",
          "terminate": "false"
        },
        {
          "speaker": "speaker1",
          "personaID": "05119",
          "participantID": "25200",
          "utterance": "요즘 일이 많으신가 봐요. 빨리 퇴근하고 맛있는 저녁 먹고 싶네요.",
          "summary": "나는 빨리 퇴근하고 맛있는 저녁을 먹고 싶다.",
          "date": "2022-09-09",
          "time": "17:02:37",
          "terminate": "false"
        },
        {
          "speaker": "speaker2",
          "personaID": "05172",
          "participantID": "25602",
          "utterance": "네ㅎㅎ좀 여유 생기면 취미생활도 하고 싶은데 좀처럼 여유가 안 생기네요. 뭐 드실지 정하셨어요?",
          "summary": "나는 여유가 생기면 취미생활을 하고 싶다.",
          "date": "2022-09-09",
          "time": "17:03:07",
          "terminate": "false"
        },
        {
          "speaker": "speaker1",
          "personaID": "05119",
          "participantID": "25200",
          "utterance": "LA 갈비 먹을 거예요. 제가 갈비를 즐겨 먹어서 항상 집에 LA 갈비를 재워둬요.",
          "summary": "나는 저녁으로 LA 갈비를 먹을 것이다. 나는 갈비를 즐겨 먹는다. 나는 항상 집에 LA 갈비를 재워둔다.",
          "date": "2022-09-09",
          "time": "17:03:36",
          "terminate": "false"
        },
        {
          "speaker": "speaker2",
          "personaID": "05172",
          "participantID": "25602",
          "utterance": "요리솜씨가 좋으신가봐요~ 저한테는 명절음식이라서 신기하네요.",
          "summary": "",
          "date": "2022-09-09",
          "time": "17:04:11",
          "terminate": "false"
        },
        {
          "speaker": "speaker1",
          "personaID": "05119",
          "participantID": "25200",
          "utterance": "네. 제가 요리를 좀 잘하는 편이긴 해요. 보통 퇴근하면 뭐하세요?",
          "summary": "나는 요리를 잘하는 편이다.",
          "date": "2022-09-09",
          "time": "17:04:25",
          "terminate": "false"
        },
        {
          "speaker": "speaker2",
          "personaID": "05172",
          "participantID": "25602",
          "utterance": "저는 퇴근하면 보통 그냥 집에 뻗는데 요즘 비올라를 배우고 싶어요.",
          "summary": "나는 비올라를 배우고 싶다.",
          "date": "2022-09-09",
          "time": "17:04:30",
          "terminate": "false"
        },
        {
          "speaker": "speaker1",
          "personaID": "05119",
          "participantID": "25200",
          "utterance": "비올라가 바이올린처럼 생긴 악기죠?",
          "summary": "",
          "date": "2022-09-09",
          "time": "17:05:00",
          "terminate": "false"
        },
        {
          "speaker": "speaker2",
          "personaID": "05172",
          "participantID": "25602",
          "utterance": "네 맞아요~ 바이올린보다 음이 조금 중후해서 매력있더라고요!",
          "summary": "나는 비올라의 음에 매력을 느낀다.",
          "date": "2022-09-09",
          "time": "17:05:26",
          "terminate": "false"
        },
        {
          "speaker": "speaker1",
          "personaID": "05119",
          "participantID": "25200",
          "utterance": "저는 관현악기를 연주해본 적은 없네요. 어떻게 비올라에 관심을 갖게 되었나요?",
          "summary": "나는 관현악기를 연주해본 적은 없다.",
          "date": "2022-09-09",
          "time": "17:05:41",
          "terminate": "false"
        },
        {
          "speaker": "speaker2",
          "personaID": "05172",
          "participantID": "25602",
          "utterance": "@브랜드명1@로 클래식 음악 많이 틀어놓는데 비올라 독주를 우연히 보게 됐어요.",
          "summary": "나는 @브랜드명1@에서 비올라 독주를 보고 관심을 갖게 되었다.",
          "date": "2022-09-09",
          "time": "17:06:03",
          "terminate": "false"
        },
        {
          "speaker": "speaker1",
          "personaID": "05119",
          "participantID": "25200",
          "utterance": "@브랜드명1@ 알고리즘의 세계는 참 신기한 거 같아요. 얼른 퇴근하시고 저녁 잘 챙겨드세요!",
          "summary": "나는 @브랜드명1@ 알고리즘의 세계가 신기하다.",
          "date": "2022-09-09",
          "time": "17:06:27",
          "terminate": "false"
        },
        {
          "speaker": "speaker2",
          "personaID": "05172",
          "participantID": "25602",
          "utterance": "네~ 저녁식사 맛있게 하시고 또 대화 나눠요!",
          "summary": "",
          "date": "2022-09-09",
          "time": "17:06:56",
          "terminate": "true"
        }
      ],
      "sessionPersonaSummary": {
        "speaker1": [
          "나는 30분 있으면 퇴근한다.",
          "나는 빨리 퇴근하고 맛있는 저녁을 먹고 싶다.",
          "나는 저녁으로 LA 갈비를 먹을 것이다. 나는 갈비를 즐겨 먹는다. 나는 항상 집에 LA 갈비를 재워둔다.",
          "나는 요리를 잘하는 편이다.",
          "나는 관현악기를 연주해본 적은 없다.",
          "나는 @브랜드명1@ 알고리즘의 세계가 신기하다."
        ],
        "speaker2": [
          "나는 2시간 후 퇴근을 예상한다.",
          "나는 요즘 거의 여덟 시쯤 퇴근한다.",
          "나는 여유가 생기면 취미생활을 하고 싶다.",
          "나는 비올라를 배우고 싶다.",
          "나는 비올라의 음에 매력을 느낀다.",
          "나는 @브랜드명1@에서 비올라 독주를 보고 관심을 갖게 되었다."
        ]
      },
      "prevAggregatedpersonaSummary": {
        "speaker1": [
          "나는 50대 여자이다.",
          "나는 회사에서 워크숍을 하는 중인데 집에 가고 싶다.",
          "나는 워크숍에서 알려주는 스마트폰 기술에 관심이 없다. 나는 사진을 찍는 게 지루하다.",
          "나는 패션회사에서 경리로 일하고 있다. 나는 경리는 숫자만 잘 보면 된다고 생각한다.",
          "나는 워크숍에서 사진을 감성적으로 찍는 방법에 대해 배웠는데 관심 없어서 그냥 흘려 들었다.",
          "나는 식물을 좋아한다.",
          "나는 지금이라도 자격증을 따서 식물을 만지면서 일하고 싶다.",
          "나는 월요일에 연차를 쓰고 놀러 가니 기분이 좋다.",
          "나는 여동생과 호캉스를 하러 간다. 나는 늦둥이 여동생이 있다. 나는 늦둥이 여동생과 자주 놀러 다닌다.",
          "나는 늦둥이 여동생과 10살 넘게 차이 난다. 나의 여동생은 모델이다. 나의 여동생은 아직 30대이다.",
          "나의 여동생은 광고에 나오는 손 모델을 하고 있다.",
          "나는 여동생을 보고 있으면 여동생 손이 예뻐서 계속 손만 쓰다듬고 싶다.",
          "나는 여동생 덕에 호캉스를 자주 하고 있다. 나는 처음엔 호텔에 비싼 돈을 쓰는 게 이해가 되지 않았지만 호텔에서 쉬면 좋다고 생각한다.",
          "나는 내일 체크아웃하기 전에 동생과 호텔 수영장을 이용하기로 했다.",
          "나는 호캉스에 가면 못 쉰다고 생각한다. 나는 호캉스에 가면 중간중간 라운지에 가고 헬스장, 수영장, 사우나를 들리느라 부지런해야 한다고 생각한다."
        ],
        "speaker2": [
          "나는 50대 여자이다.",
          "나는 패션업계에 세련된 인상을 갖고 있다.",
          "나는 조경기술자로 일한다.",
          "나는 식물을 보면 살아있는 기분이 든다.",
          "나는 새로운 공원 조성일에 투입되었다.",
          "나는 손이 예쁜 사람이 부럽다.",
          "나는 일이 바빠서 호캉스를 못 가봤다.",
          "나는 수영을 좋아한다. 나는 호텔 수영장에 가고 싶다.",
          "나는 출장으로만 호텔을 이용했다."
        ]
      }
    },
    {
      "prevSessionID": "4-00333-3",
      "prevTimeInfo": {
        "timeNum": "2",
        "timeUnit": "일"
      },
      "nthSession": "4",
      "numberOfUtterances": "16",
      "numberOfTurns": "8",
      "sessionID": "4-00333-4",
      "dialog": [
        {
          "speaker": "speaker1",
          "personaID": "05119",
          "participantID": "25200",
          "utterance": "일어나셨어요? 저는 여동생이랑 등산 가려고 나가는 길이에요.",
          "summary": "나는 여동생과 등산을 가려고 나가는 길이다.",
          "date": "2022-09-09",
          "time": "17:07:14",
          "terminate": "false"
        },
        {
          "speaker": "speaker2",
          "personaID": "05172",
          "participantID": "25602",
          "utterance": "네~ 제가 개신교라서 온라인 예배 드리려고요~ 정말 우애좋은 자매네요.",
          "summary": "나는 개신교다. 온라인 예배를 드릴 예정이다.",
          "date": "2022-09-09",
          "time": "17:07:41",
          "terminate": "false"
        },
        {
          "speaker": "speaker1",
          "personaID": "05119",
          "participantID": "25200",
          "utterance": "요즘은 예배를 온라인으로도 할 수 있어요? 제가 종교가 없어서 몰랐네요.",
          "summary": "나는 종교가 없다. 나는 온라인 예배가 있는지 몰랐다.",
          "date": "2022-09-09",
          "time": "17:07:54",
          "terminate": "false"
        },
        {
          "speaker": "speaker2",
          "personaID": "05172",
          "participantID": "25602",
          "utterance": "원래 교회에 직접 가는게 좋지만 코로나 이후 온라인 예배가 늘어났어요.",
          "summary": "나는 직접 교회에 가는 것이 좋지만 코로나 이후 온라인 예배가 많아졌다.",
          "date": "2022-09-09",
          "time": "17:08:27",
          "terminate": "false"
        },
        {
          "speaker": "speaker1",
          "personaID": "05119",
          "participantID": "25200",
          "utterance": "그렇군요. 코로나 이후로 참 일상이 많이 변했어요.",
          "summary": "나는 코로나 이후로 일상이 많이 변했다고 생각한다.",
          "date": "2022-09-09",
          "time": "17:08:49",
          "terminate": "false"
        },
        {
          "speaker": "speaker2",
          "personaID": "05172",
          "participantID": "25602",
          "utterance": "맞아요. 등산도 코로나 이후로 취미삼은 분들이 많더라고요~ 산은 어디로 가시는 거예요?",
          "summary": "",
          "date": "2022-09-09",
          "time": "17:09:10",
          "terminate": "false"
        },
        {
          "speaker": "speaker1",
          "personaID": "05119",
          "participantID": "25200",
          "utterance": "아차산 가려구요. 별로 높지 않아서 살살 걷기 좋아요.",
          "summary": "나는 여동생과 아차산에 갈 것이다. 나는 아차산이 별로 높지 않아서 살살 걷기 좋다고 생각한다.",
          "date": "2022-09-09",
          "time": "17:09:27",
          "terminate": "false"
        },
        {
          "speaker": "speaker2",
          "personaID": "05172",
          "participantID": "25602",
          "utterance": "수도권에 있는 산이 당일로 다녀오긴 좋은 것 같아요~",
          "summary": "나는 수도권 산이 당일치기로 다녀오기 좋다고 생각한다.",
          "date": "2022-09-09",
          "time": "17:09:49",
          "terminate": "false"
        },
        {
          "speaker": "speaker1",
          "personaID": "05119",
          "participantID": "25200",
          "utterance": "저는 광진구에 살아서 아차산이 가까워요. 어디 살고 계세요?",
          "summary": "나는 서울 광진구에 거주 중이라 아차산이 가깝다.",
          "date": "2022-09-09",
          "time": "17:10:03",
          "terminate": "false"
        },
        {
          "speaker": "speaker2",
          "personaID": "05172",
          "participantID": "25602",
          "utterance": "정말 동네 산이실 수도 있겠네요. 저는 의왕시 살아서 가까이 청계산이 있어요.",
          "summary": "나는 의왕시에 산다. 내 거주지 가까이 청계산이 있다.",
          "date": "2022-09-09",
          "time": "17:10:17",
          "terminate": "false"
        },
        {
          "speaker": "speaker1",
          "personaID": "05119",
          "participantID": "25200",
          "utterance": "집 근처에 멋진 산이 있군요. 등산은 좀 하시나요?",
          "summary": "",
          "date": "2022-09-09",
          "time": "17:10:31",
          "terminate": "false"
        },
        {
          "speaker": "speaker2",
          "personaID": "05172",
          "participantID": "25602",
          "utterance": "친구들은 많이들 가던데 저는 사실 움직이는 거 자체가 너무 귀찮아서 평지도 겨우 걸어요.",
          "summary": "나는 움직이는 것이 귀찮다.",
          "date": "2022-09-09",
          "time": "17:10:59",
          "terminate": "false"
        },
        {
          "speaker": "speaker1",
          "personaID": "05119",
          "participantID": "25200",
          "utterance": "일하실 때 많이 움직이시는 편이죠?",
          "summary": "",
          "date": "2022-09-09",
          "time": "17:11:21",
          "terminate": "false"
        },
        {
          "speaker": "speaker2",
          "personaID": "05172",
          "participantID": "25602",
          "utterance": "네^^ 근데 감독자가 되다 보니까 사무실에 있는 시간이 많아져서 이제 운동도 좀 해야할 것 같긴해요.",
          "summary": "나는 운동의 필요성을 느낀다.",
          "date": "2022-09-09",
          "time": "17:11:52",
          "terminate": "false"
        },
        {
          "speaker": "speaker1",
          "personaID": "05119",
          "participantID": "25200",
          "utterance": "우리 나이면 이제 혈압, 혈당 생각해서라도 무조건 걸어야해요. 오늘 여유 있으시면 산책이라도 하세요. 또 연락할게요!",
          "summary": "나는 50대의 나이는 혈압, 혈당을 생각해서 무조건 걸어야 한다고 생각한다.",
          "date": "2022-09-09",
          "time": "17:12:26",
          "terminate": "false"
        },
        {
          "speaker": "speaker2",
          "personaID": "05172",
          "participantID": "25602",
          "utterance": "네. 저도 예배드리고 오늘은 산책이라도 다녀와야겠네요! 여동생분이랑 즐거운 시간 보내세요~",
          "summary": "나는 예배 후 산책을 갈까 한다.",
          "date": "2022-09-09",
          "time": "17:12:41",
          "terminate": "true"
        }
      ],
      "sessionPersonaSummary": {
        "speaker1": [
          "나는 여동생과 등산을 가려고 나가는 길이다.",
          "나는 종교가 없다. 나는 온라인 예배가 있는지 몰랐다.",
          "나는 코로나 이후로 일상이 많이 변했다고 생각한다.",
          "나는 여동생과 아차산에 갈 것이다. 나는 아차산이 별로 높지 않아서 살살 걷기 좋다고 생각한다.",
          "나는 서울 광진구에 거주 중이라 아차산이 가깝다.",
          "나는 50대의 나이는 혈압, 혈당을 생각해서 무조건 걸어야 한다고 생각한다."
        ],
        "speaker2": [
          "나는 개신교다. 온라인 예배를 드릴 예정이다.",
          "나는 직접 교회에 가는 것이 좋지만 코로나 이후 온라인 예배가 많아졌다.",
          "나는 수도권 산이 당일치기로 다녀오기 좋다고 생각한다.",
          "나는 의왕시에 산다. 내 거주지 가까이 청계산이 있다.",
          "나는 움직이는 것이 귀찮다.",
          "나는 운동의 필요성을 느낀다.",
          "나는 예배 후 산책을 갈까 한다."
        ]
      },
      "prevAggregatedpersonaSummary": {
        "speaker1": [
          "나는 50대 여자이다.",
          "나는 회사에서 워크숍을 하는 중인데 집에 가고 싶다.",
          "나는 워크숍에서 알려주는 스마트폰 기술에 관심이 없다. 나는 사진을 찍는 게 지루하다.",
          "나는 패션회사에서 경리로 일하고 있다. 나는 경리는 숫자만 잘 보면 된다고 생각한다.",
          "나는 워크숍에서 사진을 감성적으로 찍는 방법에 대해 배웠는데 관심 없어서 그냥 흘려 들었다.",
          "나는 식물을 좋아한다.",
          "나는 지금이라도 자격증을 따서 식물을 만지면서 일하고 싶다.",
          "나는 월요일에 연차를 쓰고 놀러 가니 기분이 좋다.",
          "나는 여동생과 호캉스를 하러 간다. 나는 늦둥이 여동생이 있다. 나는 늦둥이 여동생과 자주 놀러 다닌다.",
          "나는 늦둥이 여동생과 10살 넘게 차이 난다. 나의 여동생은 모델이다. 나의 여동생은 아직 30대이다.",
          "나의 여동생은 광고에 나오는 손 모델을 하고 있다.",
          "나는 여동생을 보고 있으면 여동생 손이 예뻐서 계속 손만 쓰다듬고 싶다.",
          "나는 여동생 덕에 호캉스를 자주 하고 있다. 나는 처음엔 호텔에 비싼 돈을 쓰는 게 이해가 되지 않았지만 호텔에서 쉬면 좋다고 생각한다.",
          "나는 내일 체크아웃하기 전에 동생과 호텔 수영장을 이용하기로 했다.",
          "나는 호캉스에 가면 못 쉰다고 생각한다. 나는 호캉스에 가면 중간중간 라운지에 가고 헬스장, 수영장, 사우나를 들리느라 부지런해야 한다고 생각한다.",
          "나는 30분 있으면 퇴근한다.",
          "나는 빨리 퇴근하고 맛있는 저녁을 먹고 싶다.",
          "나는 저녁으로 LA 갈비를 먹을 것이다. 나는 갈비를 즐겨 먹는다. 나는 항상 집에 LA 갈비를 재워둔다.",
          "나는 요리를 잘하는 편이다.",
          "나는 관현악기를 연주해본 적은 없다.",
          "나는 @브랜드명1@ 알고리즘의 세계가 신기하다."
        ],
        "speaker2": [
          "나는 50대 여자이다.",
          "나는 패션업계에 세련된 인상을 갖고 있다.",
          "나는 조경기술자로 일한다.",
          "나는 식물을 보면 살아있는 기분이 든다.",
          "나는 새로운 공원 조성일에 투입되었다.",
          "나는 손이 예쁜 사람이 부럽다.",
          "나는 일이 바빠서 호캉스를 못 가봤다.",
          "나는 수영을 좋아한다. 나는 호텔 수영장에 가고 싶다.",
          "나는 출장으로만 호텔을 이용했다.",
          "나는 2시간 후 퇴근을 예상한다.",
          "나는 요즘 거의 여덟 시쯤 퇴근한다.",
          "나는 여유가 생기면 취미생활을 하고 싶다.",
          "나는 비올라를 배우고 싶다.",
          "나는 비올라의 음에 매력을 느낀다.",
          "나는 @브랜드명1@에서 비올라 독주를 보고 관심을 갖게 되었다."
        ]
      }
    }
  ]
}