{
  "FileInfo": {
    "filename": "K4-00134-CL01847-CP04294-07-07-S4.json",
    "sessionLevel": "4"
  },
  "participantsInfo": {
    "numberOfParticipants": "2",
    "speaker1": {
      "participantID": "0533",
      "gender": "여성",
      "age": "20대",
      "occupation": "학생",
      "bPlace": "서울/경기/인천",
      "gPlace": "서울/경기/인천",
      "rPlace": "서울/경기/인천",
      "educationLevel": "고졸"
    },
    "speaker2": {
      "participantID": "0544",
      "gender": "남성",
      "age": "50대",
      "occupation": "자영업",
      "bPlace": "부산/대구/울산/경상",
      "gPlace": "부산/대구/울산/경상",
      "rPlace": "부산/대구/울산/경상",
      "educationLevel": "대졸"
    }
  },
  "multisessionInfo": {
    "multisessionID": "4-00134"
  },
  "personaInfo": {
    "clInfo": {
      "personaID": "01847",
      "personaFeatures": [
        "나는 여자이다.",
        "나는 20대이다.",
        "나의 거주지는 서울이다.",
        "내 인생에서 가장 설레는 때는 외할머니댁에 놀러갈 때이다.",
        "나는 매우 활발하다."
      ],
      "speakerType": "speaker1"
    },
    "cpInfo": {
      "personaID": "04294",
      "personaFeatures": [
        "나는 남자이다.",
        "나는 50대이다.",
        "나는 어머니와 갈등이 있다.",
        "나는 학원 국어 강사이다.",
        "나는 다림질하는 게 짜증난다."
      ],
      "speakerType": "speaker2"
    }
  },
  "topicInfo": {
    "topicID": "07-07",
    "topicType": "개인 및 관계>가족",
    "topicTitle": "가족 사랑"
  },
  "sessionInfo": [
    {
      "prevSessionID": null,
      "prevTimeInfo": {
        "timeNum": null,
        "timeUnit": null
      },
      "nthSession": "1",
      "numberOfUtterances": "18",
      "numberOfTurns": "9",
      "sessionID": "4-00134-1",
      "dialog": [
        {
          "speaker": "speaker1",
          "personaID": "01847",
          "participantID": "0533",
          "utterance": "처음 뵙겠습니다! 저는 20대 여자에요 ㅎㅎ.",
          "summary": "나는 20대 여성이다.",
          "date": "2022-09-01",
          "time": "04:23:35",
          "terminate": "false"
        },
        {
          "speaker": "speaker2",
          "personaID": "04294",
          "participantID": "0544",
          "utterance": "안녕하세요. 저는 50대 남자입니다.",
          "summary": "나는 50대 남성이다.",
          "date": "2022-09-01",
          "time": "04:23:48",
          "terminate": "false"
        },
        {
          "speaker": "speaker1",
          "personaID": "01847",
          "participantID": "0533",
          "utterance": "만나서 반가워요 ㅎㅎ 어디에 사시나요?",
          "summary": "",
          "date": "2022-09-01",
          "time": "04:23:54",
          "terminate": "false"
        },
        {
          "speaker": "speaker2",
          "personaID": "04294",
          "participantID": "0544",
          "utterance": "저는 인천에 살고 있습니다. 반갑습니다.",
          "summary": "나는 인천에 산다.",
          "date": "2022-09-01",
          "time": "04:24:03",
          "terminate": "false"
        },
        {
          "speaker": "speaker1",
          "personaID": "01847",
          "participantID": "0533",
          "utterance": "저는 서울에 거주하고 있어요!",
          "summary": "나는 서울에 산다.",
          "date": "2022-09-01",
          "time": "04:24:22",
          "terminate": "false"
        },
        {
          "speaker": "speaker2",
          "personaID": "04294",
          "participantID": "0544",
          "utterance": "그렇군요. 아직 학생이신 건가요?",
          "summary": "",
          "date": "2022-09-01",
          "time": "04:24:33",
          "terminate": "false"
        },
        {
          "speaker": "speaker1",
          "personaID": "01847",
          "participantID": "0533",
          "utterance": "네, 저는 대학교에 재학하고 있어요!",
          "summary": "나는 대학교에 재학한다.",
          "date": "2022-09-01",
          "time": "04:24:47",
          "terminate": "false"
        },
        {
          "speaker": "speaker2",
          "personaID": "04294",
          "participantID": "0544",
          "utterance": "아직도 학생이라니 앞길이 창창하네요.",
          "summary": "",
          "date": "2022-09-01",
          "time": "04:24:54",
          "terminate": "false"
        },
        {
          "speaker": "speaker1",
          "personaID": "01847",
          "participantID": "0533",
          "utterance": "ㅋㅋ 그런가요. 선생님은 무슨 일을 하시나요?",
          "summary": "",
          "date": "2022-09-01",
          "time": "04:25:04",
          "terminate": "false"
        },
        {
          "speaker": "speaker2",
          "personaID": "04294",
          "participantID": "0544",
          "utterance": "저는 학원 국어 강사로 일하고 있어요.",
          "summary": "나는 학원 국어 강사이다.",
          "date": "2022-09-01",
          "time": "04:25:11",
          "terminate": "false"
        },
        {
          "speaker": "speaker1",
          "personaID": "01847",
          "participantID": "0533",
          "utterance": "와 저 국어를 제일 못했었어요..ㅋㅋ.",
          "summary": "나는 국어를 제일 못했다.",
          "date": "2022-09-01",
          "time": "04:25:17",
          "terminate": "false"
        },
        {
          "speaker": "speaker2",
          "personaID": "04294",
          "participantID": "0544",
          "utterance": "한국인한테는 국어가 가장 쉽지 않나요?",
          "summary": "",
          "date": "2022-09-01",
          "time": "04:25:24",
          "terminate": "false"
        },
        {
          "speaker": "speaker1",
          "personaID": "01847",
          "participantID": "0533",
          "utterance": "대한민국 국어는 저에게 어렵더라구요..",
          "summary": "나는 국어가 어렵다.",
          "date": "2022-09-01",
          "time": "04:25:32",
          "terminate": "false"
        },
        {
          "speaker": "speaker2",
          "personaID": "04294",
          "participantID": "0544",
          "utterance": "그렇군요. 전공은 어떻게 되시나요?",
          "summary": "",
          "date": "2022-09-01",
          "time": "04:25:49",
          "terminate": "false"
        },
        {
          "speaker": "speaker1",
          "personaID": "01847",
          "participantID": "0533",
          "utterance": "저는 사학과를 전공하고 있어요~",
          "summary": "나는 사학과를 전공한다.",
          "date": "2022-09-01",
          "time": "04:26:02",
          "terminate": "false"
        },
        {
          "speaker": "speaker2",
          "personaID": "04294",
          "participantID": "0544",
          "utterance": "미래 진로는 선생님이신 건가요?",
          "summary": "",
          "date": "2022-09-01",
          "time": "04:26:12",
          "terminate": "false"
        },
        {
          "speaker": "speaker1",
          "personaID": "01847",
          "participantID": "0533",
          "utterance": "일단을 그렇게 생각하고 있어요 !",
          "summary": "나는 선생님이 꿈이다.",
          "date": "2022-09-01",
          "time": "04:26:21",
          "terminate": "false"
        },
        {
          "speaker": "speaker2",
          "personaID": "04294",
          "participantID": "0544",
          "utterance": "그렇군요. 저는 일이 있어서 이만 가보겠습니다.",
          "summary": "",
          "date": "2022-09-01",
          "time": "04:26:31",
          "terminate": "true"
        }
      ],
      "sessionPersonaSummary": {
        "speaker1": [
          "나는 20대 여성이다.",
          "나는 서울에 산다.",
          "나는 대학교에 재학한다.",
          "나는 국어를 제일 못했다.",
          "나는 국어가 어렵다.",
          "나는 사학과를 전공한다.",
          "나는 선생님이 꿈이다."
        ],
        "speaker2": [
          "나는 50대 남성이다.",
          "나는 인천에 산다.",
          "나는 학원 국어 강사이다."
        ]
      },
      "prevAggregatedpersonaSummary": {
        "speaker1": [],
        "speaker2": []
      }
    },
    {
      "prevSessionID": "4-00134-1",
      "prevTimeInfo": {
        "timeNum": "1",
        "timeUnit": "일"
      },
      "nthSession": "2",
      "numberOfUtterances": "18",
      "numberOfTurns": "9",
      "sessionID": "4-00134-2",
      "dialog": [
        {
          "speaker": "speaker1",
          "personaID": "01847",
          "participantID": "0533",
          "utterance": "안녕하세요! 오늘도 많이 바쁘신가요?",
          "summary": "",
          "date": "2022-09-01",
          "time": "04:27:24",
          "terminate": "false"
        },
        {
          "speaker": "speaker2",
          "personaID": "04294",
          "participantID": "0544",
          "utterance": "네, 조금 있다가 또 수업이 있네요.",
          "summary": "",
          "date": "2022-09-01",
          "time": "04:27:35",
          "terminate": "false"
        },
        {
          "speaker": "speaker1",
          "personaID": "01847",
          "participantID": "0533",
          "utterance": "요즘 많이 바쁘신가 보네요.. 집 들어가실 시간은 있으세요?",
          "summary": "",
          "date": "2022-09-01",
          "time": "04:27:47",
          "terminate": "false"
        },
        {
          "speaker": "speaker2",
          "personaID": "04294",
          "participantID": "0544",
          "utterance": "가족 볼 시간도 없을 정도로 지금 많이 바쁩니다.",
          "summary": "나는 가족 볼 시간이 없다.",
          "date": "2022-09-01",
          "time": "04:27:58",
          "terminate": "false"
        },
        {
          "speaker": "speaker1",
          "personaID": "01847",
          "participantID": "0533",
          "utterance": "그렇구나.. 평소에도 많이 바쁘세요?",
          "summary": "",
          "date": "2022-09-01",
          "time": "04:28:06",
          "terminate": "false"
        },
        {
          "speaker": "speaker2",
          "personaID": "04294",
          "participantID": "0544",
          "utterance": "수능이 100일도 안남았다 보니 그런거죠 뭐.",
          "summary": "",
          "date": "2022-09-01",
          "time": "04:28:15",
          "terminate": "false"
        },
        {
          "speaker": "speaker1",
          "personaID": "01847",
          "participantID": "0533",
          "utterance": "아 그러고보니 수능이 정말 얼마 안남았네요.",
          "summary": "",
          "date": "2022-09-01",
          "time": "04:28:26",
          "terminate": "false"
        },
        {
          "speaker": "speaker2",
          "personaID": "04294",
          "participantID": "0544",
          "utterance": "맞습니다. 고3이 가장 힘들 시기죠 뭐.",
          "summary": "",
          "date": "2022-09-01",
          "time": "04:28:40",
          "terminate": "false"
        },
        {
          "speaker": "speaker1",
          "personaID": "01847",
          "participantID": "0533",
          "utterance": "선생님들도 고생하시죠~ 항상 수고 많으십니다.",
          "summary": "",
          "date": "2022-09-01",
          "time": "04:28:57",
          "terminate": "false"
        },
        {
          "speaker": "speaker2",
          "personaID": "04294",
          "participantID": "0544",
          "utterance": "감사합니다. 집에 잘 못 들어가다보니 어머니와도 갈등이 있네요.",
          "summary": "나는 어머니와 갈등이 있다.",
          "date": "2022-09-01",
          "time": "04:29:09",
          "terminate": "false"
        },
        {
          "speaker": "speaker1",
          "personaID": "01847",
          "participantID": "0533",
          "utterance": "정말요? 시간 괜찮으실 때 꼭 찾아 봬요!",
          "summary": "",
          "date": "2022-09-01",
          "time": "04:29:17",
          "terminate": "false"
        },
        {
          "speaker": "speaker2",
          "personaID": "04294",
          "participantID": "0544",
          "utterance": "그래야죠. 선생님은 가족분들과 잘 보내시나요?",
          "summary": "",
          "date": "2022-09-01",
          "time": "04:29:28",
          "terminate": "false"
        },
        {
          "speaker": "speaker1",
          "personaID": "01847",
          "participantID": "0533",
          "utterance": "네 ㅎㅎ 저는 부모님과 함께 살고 있어서 항상 얼굴보고 지내고 있어요~",
          "summary": "나는 부모님과 함께 산다.",
          "date": "2022-09-01",
          "time": "04:29:44",
          "terminate": "false"
        },
        {
          "speaker": "speaker2",
          "personaID": "04294",
          "participantID": "0544",
          "utterance": "부럽네요. 저도 집에 가서 제 자식들 얼굴 보고싶어요.",
          "summary": "나는 자식들 얼굴이 보고 싶다.",
          "date": "2022-09-01",
          "time": "04:29:57",
          "terminate": "false"
        },
        {
          "speaker": "speaker1",
          "personaID": "01847",
          "participantID": "0533",
          "utterance": "일이 많다고 좋은 건 아니네요.. 저는 바쁘면 좋은 거라고 생각했거든요.",
          "summary": "나는 바쁘면 좋은 것이라 생각했다.",
          "date": "2022-09-01",
          "time": "04:30:22",
          "terminate": "false"
        },
        {
          "speaker": "speaker2",
          "personaID": "04294",
          "participantID": "0544",
          "utterance": "어릴 때는 저도 그랬는데 지금은 조금 여유를 갖는 게 좋다고 생각해요.",
          "summary": "나는 여유를 갖는 것이 좋다고 생각한다.",
          "date": "2022-09-01",
          "time": "04:30:54",
          "terminate": "false"
        },
        {
          "speaker": "speaker1",
          "personaID": "01847",
          "participantID": "0533",
          "utterance": "그러시구나.. 오늘 하루도 화이팅하세요~",
          "summary": "",
          "date": "2022-09-01",
          "time": "04:31:17",
          "terminate": "false"
        },
        {
          "speaker": "speaker2",
          "personaID": "04294",
          "participantID": "0544",
          "utterance": "감사합니다. 좋은 하루 보내세요.",
          "summary": "",
          "date": "2022-09-01",
          "time": "04:31:21",
          "terminate": "true"
        }
      ],
      "sessionPersonaSummary": {
        "speaker1": [
          "나는 부모님과 함께 산다.",
          "나는 바쁘면 좋은 것이라 생각했다."
        ],
        "speaker2": [
          "나는 가족 볼 시간이 없다.",
          "나는 어머니와 갈등이 있다.",
          "나는 자식들 얼굴이 보고 싶다.",
          "나는 여유를 갖는 것이 좋다고 생각한다."
        ]
      },
      "prevAggregatedpersonaSummary": {
        "speaker1": [
          "나는 20대 여성이다.",
          "나는 서울에 산다.",
          "나는 대학교에 재학한다.",
          "나는 국어를 제일 못했다.",
          "나는 국어가 어렵다.",
          "나는 사학과를 전공한다.",
          "나는 선생님이 꿈이다."
        ],
        "speaker2": [
          "나는 50대 남성이다.",
          "나는 인천에 산다.",
          "나는 학원 국어 강사이다."
        ]
      }
    },
    {
      "prevSessionID": "4-00134-2",
      "prevTimeInfo": {
        "timeNum": "7",
        "timeUnit": "일"
      },
      "nthSession": "3",
      "numberOfUtterances": "18",
      "numberOfTurns": "9",
      "sessionID": "4-00134-3",
      "dialog": [
        {
          "speaker": "speaker1",
          "personaID": "01847",
          "participantID": "0533",
          "utterance": "안녕하세요~ 일주일이나 지났네요.",
          "summary": "",
          "date": "2022-09-01",
          "time": "04:31:54",
          "terminate": "false"
        },
        {
          "speaker": "speaker2",
          "personaID": "04294",
          "participantID": "0544",
          "utterance": "그러게요. 저는 오늘 일이 없어서 부모님을 뵈러 왔습니다.",
          "summary": "나는 부모님을 뵈러 왔다.",
          "date": "2022-09-01",
          "time": "04:32:07",
          "terminate": "false"
        },
        {
          "speaker": "speaker1",
          "personaID": "01847",
          "participantID": "0533",
          "utterance": "아 저번에 어머니와 갈등이 있다고 하셨죠?",
          "summary": "",
          "date": "2022-09-01",
          "time": "04:32:13",
          "terminate": "false"
        },
        {
          "speaker": "speaker2",
          "personaID": "04294",
          "participantID": "0544",
          "utterance": "네, 오자마자 풀었네요. 선생님은 오늘 무엇을 하시나요?",
          "summary": "",
          "date": "2022-09-01",
          "time": "04:32:33",
          "terminate": "false"
        },
        {
          "speaker": "speaker1",
          "personaID": "01847",
          "participantID": "0533",
          "utterance": "저는 외할머니 댁에 놀러가요~ 제가 제일 설레는 일이거든요 ㅎㅎ.",
          "summary": "나는 외할머니 댁에 놀러 간다.",
          "date": "2022-09-01",
          "time": "04:32:45",
          "terminate": "false"
        },
        {
          "speaker": "speaker2",
          "personaID": "04294",
          "participantID": "0544",
          "utterance": "외할머니 댁에는 자주 놀러가시나요?",
          "summary": "",
          "date": "2022-09-01",
          "time": "04:33:02",
          "terminate": "false"
        },
        {
          "speaker": "speaker1",
          "personaID": "01847",
          "participantID": "0533",
          "utterance": "네~ 저는 외할머니 뵈러 자주가요~",
          "summary": "나는 외할머니를 자주 뵈러 간다.",
          "date": "2022-09-01",
          "time": "04:33:15",
          "terminate": "false"
        },
        {
          "speaker": "speaker2",
          "personaID": "04294",
          "participantID": "0544",
          "utterance": "그렇군요. 내일은 무엇을 하시나요?",
          "summary": "",
          "date": "2022-09-01",
          "time": "04:34:08",
          "terminate": "false"
        },
        {
          "speaker": "speaker1",
          "personaID": "01847",
          "participantID": "0533",
          "utterance": "내일은 친구들을 만나서 술을 마시기로 했어요ㅎㅎ 제가 좀 활발하거든요.",
          "summary": "나는 내일 친구들과 술을 마신다. 나는 활발하다.",
          "date": "2022-09-01",
          "time": "04:34:38",
          "terminate": "false"
        },
        {
          "speaker": "speaker2",
          "personaID": "04294",
          "participantID": "0544",
          "utterance": "저는 내성적인 편이라 친구를 자주 만나지는 않아요.",
          "summary": "나는 내성적이다. 친구를 잘 만나지 않는다.",
          "date": "2022-09-01",
          "time": "04:34:55",
          "terminate": "false"
        },
        {
          "speaker": "speaker1",
          "personaID": "01847",
          "participantID": "0533",
          "utterance": "정말요? 강사 일을 하시려면 내성적이면 힘들지 않으세요?",
          "summary": "",
          "date": "2022-09-01",
          "time": "04:35:04",
          "terminate": "false"
        },
        {
          "speaker": "speaker2",
          "personaID": "04294",
          "participantID": "0544",
          "utterance": "학생들한테는 제가 아는 걸 가르쳐 주기만 하면 되니까요.",
          "summary": "",
          "date": "2022-09-01",
          "time": "04:35:16",
          "terminate": "false"
        },
        {
          "speaker": "speaker1",
          "personaID": "01847",
          "participantID": "0533",
          "utterance": "아하.. 자녀 분들이랑은 시간 좀 보내셨어요?",
          "summary": "",
          "date": "2022-09-01",
          "time": "04:35:26",
          "terminate": "false"
        },
        {
          "speaker": "speaker2",
          "personaID": "04294",
          "participantID": "0544",
          "utterance": "네, 저녁에는 같이 외식을 하기로 했습니다.",
          "summary": "나는 저녁에 외식을 한다.",
          "date": "2022-09-01",
          "time": "04:35:42",
          "terminate": "false"
        },
        {
          "speaker": "speaker1",
          "personaID": "01847",
          "participantID": "0533",
          "utterance": "아 정말요~? 어떤 음식을 드시러 가세요?",
          "summary": "",
          "date": "2022-09-01",
          "time": "04:35:52",
          "terminate": "false"
        },
        {
          "speaker": "speaker2",
          "personaID": "04294",
          "participantID": "0544",
          "utterance": "오랜만에 외식인데 고기를 먹어야죠.",
          "summary": "나는 고기를 먹을 것이다.",
          "date": "2022-09-01",
          "time": "04:36:02",
          "terminate": "false"
        },
        {
          "speaker": "speaker1",
          "personaID": "01847",
          "participantID": "0533",
          "utterance": "역시 외식하면 고기죠 ㅋㅋ 맛있게 드시고 오세요!",
          "summary": "",
          "date": "2022-09-01",
          "time": "04:36:16",
          "terminate": "false"
        },
        {
          "speaker": "speaker2",
          "personaID": "04294",
          "participantID": "0544",
          "utterance": "네, 선생님도 외할머니 댁에 조심히 다녀오세요.",
          "summary": "",
          "date": "2022-09-01",
          "time": "04:36:29",
          "terminate": "true"
        }
      ],
      "sessionPersonaSummary": {
        "speaker1": [
          "나는 외할머니 댁에 놀러 간다.",
          "나는 외할머니를 자주 뵈러 간다.",
          "나는 내일 친구들과 술을 마신다. 나는 활발하다."
        ],
        "speaker2": [
          "나는 부모님을 뵈러 왔다.",
          "나는 내성적이다. 친구를 잘 만나지 않는다.",
          "나는 저녁에 외식을 한다.",
          "나는 고기를 먹을 것이다."
        ]
      },
      "prevAggregatedpersonaSummary": {
        "speaker1": [
          "나는 20대 여성이다.",
          "나는 서울에 산다.",
          "나는 대학교에 재학한다.",
          "나는 국어를 제일 못했다.",
          "나는 국어가 어렵다.",
          "나는 사학과를 전공한다.",
          "나는 선생님이 꿈이다.",
          "나는 부모님과 함께 산다.",
          "나는 바쁘면 좋은 것이라 생각했다."
        ],
        "speaker2": [
          "나는 50대 남성이다.",
          "나는 인천에 산다.",
          "나는 학원 국어 강사이다.",
          "나는 가족 볼 시간이 없다.",
          "나는 어머니와 갈등이 있다.",
          "나는 자식들 얼굴이 보고 싶다.",
          "나는 여유를 갖는 것이 좋다고 생각한다."
        ]
      }
    },
    {
      "prevSessionID": "4-00134-3",
      "prevTimeInfo": {
        "timeNum": "1",
        "timeUnit": "일"
      },
      "nthSession": "4",
      "numberOfUtterances": "18",
      "numberOfTurns": "9",
      "sessionID": "4-00134-4",
      "dialog": [
        {
          "speaker": "speaker1",
          "personaID": "01847",
          "participantID": "0533",
          "utterance": "선생님! 어제 외식은 잘 하셨어요?",
          "summary": "",
          "date": "2022-09-01",
          "time": "04:36:49",
          "terminate": "false"
        },
        {
          "speaker": "speaker2",
          "personaID": "04294",
          "participantID": "0544",
          "utterance": "네, 오랜만에 고기를 써니 맛있더라구요.",
          "summary": "",
          "date": "2022-09-01",
          "time": "04:36:56",
          "terminate": "false"
        },
        {
          "speaker": "speaker1",
          "personaID": "01847",
          "participantID": "0533",
          "utterance": "맛있었겠네요ㅠ 오늘은 무엇을 하세요?",
          "summary": "",
          "date": "2022-09-01",
          "time": "04:37:05",
          "terminate": "false"
        },
        {
          "speaker": "speaker2",
          "personaID": "04294",
          "participantID": "0544",
          "utterance": "저는 오늘 아내를 도와 집안 일을 하려고 합니다.",
          "summary": "나는 아내를 도와 집안일을 한다.",
          "date": "2022-09-01",
          "time": "04:37:13",
          "terminate": "false"
        },
        {
          "speaker": "speaker1",
          "personaID": "01847",
          "participantID": "0533",
          "utterance": "우와 평소에도 아내 분을 많이 도와주세요?",
          "summary": "",
          "date": "2022-09-01",
          "time": "04:37:20",
          "terminate": "false"
        },
        {
          "speaker": "speaker2",
          "personaID": "04294",
          "participantID": "0544",
          "utterance": "도와주려고 노력은 하지만 다림질은 좀 짜증나네요.",
          "summary": "나는 도와주려 노력하지만 다림질은 짜증 난다.",
          "date": "2022-09-01",
          "time": "04:37:33",
          "terminate": "false"
        },
        {
          "speaker": "speaker1",
          "personaID": "01847",
          "participantID": "0533",
          "utterance": "그래도 다림질이 그나마 가장 쉽지 않나요?",
          "summary": "",
          "date": "2022-09-01",
          "time": "04:38:01",
          "terminate": "false"
        },
        {
          "speaker": "speaker2",
          "personaID": "04294",
          "participantID": "0544",
          "utterance": "저는 다림질이 가장 별로더라구요.",
          "summary": "나는 다림질을 싫어한다.",
          "date": "2022-09-01",
          "time": "04:38:09",
          "terminate": "false"
        },
        {
          "speaker": "speaker1",
          "personaID": "01847",
          "participantID": "0533",
          "utterance": "그러시구나.. 일도 바쁘실 텐데 쉬는 날은 가족들도 잘 챙겨주시고 좋은 가장이시네요!",
          "summary": "",
          "date": "2022-09-01",
          "time": "04:38:41",
          "terminate": "false"
        },
        {
          "speaker": "speaker2",
          "personaID": "04294",
          "participantID": "0544",
          "utterance": "저희 가족들도 그렇게 생각해주면 좋겠네요. 좋은 말씀해 주셔서 감사합니다.",
          "summary": "",
          "date": "2022-09-01",
          "time": "04:38:51",
          "terminate": "false"
        },
        {
          "speaker": "speaker1",
          "personaID": "01847",
          "participantID": "0533",
          "utterance": "가족 분들도 그렇게 생각하고 계실거예요~",
          "summary": "",
          "date": "2022-09-01",
          "time": "04:39:06",
          "terminate": "false"
        },
        {
          "speaker": "speaker2",
          "personaID": "04294",
          "participantID": "0544",
          "utterance": "그렇다면 다행이네요. 선생님은 오늘 친구 만나러 가신다고 하셨었나요?",
          "summary": "",
          "date": "2022-09-01",
          "time": "04:39:20",
          "terminate": "false"
        },
        {
          "speaker": "speaker1",
          "personaID": "01847",
          "participantID": "0533",
          "utterance": "네 맞아요! 곧 있으면 나가야 하네요~",
          "summary": "",
          "date": "2022-09-01",
          "time": "04:39:26",
          "terminate": "false"
        },
        {
          "speaker": "speaker2",
          "personaID": "04294",
          "participantID": "0544",
          "utterance": "맛있는 거 드시러 가시는 건가요?",
          "summary": "",
          "date": "2022-09-01",
          "time": "04:39:33",
          "terminate": "false"
        },
        {
          "speaker": "speaker1",
          "personaID": "01847",
          "participantID": "0533",
          "utterance": "술 마시러 가요 ㅎㅎ 혹시 술 좋아하세요?",
          "summary": "",
          "date": "2022-09-01",
          "time": "04:39:49",
          "terminate": "false"
        },
        {
          "speaker": "speaker2",
          "personaID": "04294",
          "participantID": "0544",
          "utterance": "저는 술은 좋아하지 않습니다. 안 마신지도 꽤 됐네요.",
          "summary": "",
          "date": "2022-09-01",
          "time": "04:40:05",
          "terminate": "false"
        },
        {
          "speaker": "speaker1",
          "personaID": "01847",
          "participantID": "0533",
          "utterance": "아하~ 친구한테 전화가 왔네요. 오늘도 대화 즐거웠어요!",
          "summary": "",
          "date": "2022-09-01",
          "time": "04:40:17",
          "terminate": "false"
        },
        {
          "speaker": "speaker2",
          "personaID": "04294",
          "participantID": "0544",
          "utterance": "조심해서 다녀오세요. 저도 대화 즐거웠습니다.",
          "summary": "",
          "date": "2022-09-01",
          "time": "04:40:24",
          "terminate": "true"
        }
      ],
      "sessionPersonaSummary": {
        "speaker1": [],
        "speaker2": [
          "나는 아내를 도와 집안일을 한다.",
          "나는 도와주려 노력하지만 다림질은 짜증 난다.",
          "나는 다림질을 싫어한다."
        ]
      },
      "prevAggregatedpersonaSummary": {
        "speaker1": [
          "나는 20대 여성이다.",
          "나는 서울에 산다.",
          "나는 대학교에 재학한다.",
          "나는 국어를 제일 못했다.",
          "나는 국어가 어렵다.",
          "나는 사학과를 전공한다.",
          "나는 선생님이 꿈이다.",
          "나는 부모님과 함께 산다.",
          "나는 바쁘면 좋은 것이라 생각했다.",
          "나는 외할머니 댁에 놀러 간다.",
          "나는 외할머니를 자주 뵈러 간다.",
          "나는 내일 친구들과 술을 마신다. 나는 활발하다."
        ],
        "speaker2": [
          "나는 50대 남성이다.",
          "나는 인천에 산다.",
          "나는 학원 국어 강사이다.",
          "나는 가족 볼 시간이 없다.",
          "나는 어머니와 갈등이 있다.",
          "나는 자식들 얼굴이 보고 싶다.",
          "나는 여유를 갖는 것이 좋다고 생각한다.",
          "나는 부모님을 뵈러 왔다.",
          "나는 내성적이다. 친구를 잘 만나지 않는다.",
          "나는 저녁에 외식을 한다.",
          "나는 고기를 먹을 것이다."
        ]
      }
    }
  ]
}