{
  "FileInfo": {
    "filename": "K4-00175-CL50546-CP26060-07-02-S4.json",
    "sessionLevel": "4"
  },
  "participantsInfo": {
    "numberOfParticipants": "2",
    "speaker1": {
      "participantID": "4641",
      "gender": "남성",
      "age": "40대",
      "occupation": "기타",
      "bPlace": "서울/경기/인천",
      "gPlace": "서울/경기/인천",
      "rPlace": "서울/경기/인천",
      "educationLevel": "대졸"
    },
    "speaker2": {
      "participantID": "4131",
      "gender": "여성",
      "age": "30대",
      "occupation": "자영업",
      "bPlace": "서울/경기/인천",
      "gPlace": "서울/경기/인천",
      "rPlace": "서울/경기/인천",
      "educationLevel": "고졸"
    }
  },
  "multisessionInfo": {
    "multisessionID": "4-00175"
  },
  "personaInfo": {
    "clInfo": {
      "personaID": "50546",
      "personaFeatures": [
        "나는 남자이다.",
        "나는 50대이다.",
        "나는 수화 통역가이다",
        "나는 주식은 어떻게 하는지도 모른다",
        "나는 바람 부는 날을 좋아한다"
      ],
      "speakerType": "speaker1"
    },
    "cpInfo": {
      "personaID": "26060",
      "personaFeatures": [
        "나는 여자이다.",
        "나는 20대이다.",
        "나의 어머니는 상담 전문가이다",
        "나는 안경사이다",
        "나는 농구를 좋아한다",
        "나는 인도 음식을 싫어한다",
        "나는 요즘, 자주 질투가 난다"
      ],
      "speakerType": "speaker2"
    }
  },
  "topicInfo": {
    "topicID": "07-02",
    "topicType": "개인 및 관계>가족",
    "topicTitle": "어머니"
  },
  "sessionInfo": [
    {
      "prevSessionID": null,
      "prevTimeInfo": {
        "timeNum": null,
        "timeUnit": null
      },
      "nthSession": "1",
      "numberOfUtterances": "14",
      "numberOfTurns": "7",
      "sessionID": "4-00175-1",
      "dialog": [
        {
          "speaker": "speaker1",
          "personaID": "50546",
          "participantID": "4641",
          "utterance": "안녕하세요. 저는 50대 남성입니다.",
          "summary": "나는 50대 남성이다",
          "date": "2022-11-17",
          "time": "14:21:15",
          "terminate": "false"
        },
        {
          "speaker": "speaker2",
          "personaID": "26060",
          "participantID": "4131",
          "utterance": "안녕하세요~ 저는 20대 여성입니다.",
          "summary": "나는 20대 여성이다.",
          "date": "2022-11-17",
          "time": "14:21:52",
          "terminate": "false"
        },
        {
          "speaker": "speaker1",
          "personaID": "50546",
          "participantID": "4641",
          "utterance": "저는 수화 통역가 일을 하고 있습니다.",
          "summary": "나는 수화 통역가다",
          "date": "2022-11-17",
          "time": "14:22:35",
          "terminate": "false"
        },
        {
          "speaker": "speaker2",
          "personaID": "26060",
          "participantID": "4131",
          "utterance": "멋진 일을 하시네요! 저는 안경사로 일하고 있어요. 어머니가 상담전문가셔서 그쪽으로 진로를 정해볼까도 했는데, 결국 안경사가 되었네요!",
          "summary": "나는 어머니가 전문 상담가 셔서 진로를 그쪽으로 정하려 했는데 결국 안경사가 됐다.",
          "date": "2022-11-17",
          "time": "14:49:08",
          "terminate": "false"
        },
        {
          "speaker": "speaker1",
          "personaID": "50546",
          "participantID": "4641",
          "utterance": "안경사도 대단하십니다. 혹시 주식은 해보셨나요? 저는 주식은 어떻게 하는지도 몰라서",
          "summary": "나는 주식을 어떻게 하는지 잘 모른다",
          "date": "2022-11-17",
          "time": "14:51:11",
          "terminate": "false"
        },
        {
          "speaker": "speaker2",
          "personaID": "26060",
          "participantID": "4131",
          "utterance": "아뇨~ 주식은 저도 아직 생각만 하고 시작은 못 해봤어요. 주변에 가끔 수익을 냈다는 사람을 보면 요즘 자주 질투가 나긴 하더라구요.",
          "summary": "나는 주식을 해보지 않았다.",
          "date": "2022-11-17",
          "time": "15:16:47",
          "terminate": "false"
        },
        {
          "speaker": "speaker1",
          "personaID": "50546",
          "participantID": "4641",
          "utterance": "저는 바람 부는 날을 좋아하는데 바람부는 날 어떠신가요?",
          "summary": "나는 바람 부는 날을 좋아한다",
          "date": "2022-11-17",
          "time": "15:18:12",
          "terminate": "false"
        },
        {
          "speaker": "speaker2",
          "personaID": "26060",
          "participantID": "4131",
          "utterance": "제가 농구를 좋아해서 자주 농구를 하러 나가거든요, 바람은 많이 안 불었으면 좋겠어요!",
          "summary": "나는 농구를 좋아해서 사람은 안 보는 게 좋다.",
          "date": "2022-11-18",
          "time": "11:01:39",
          "terminate": "false"
        },
        {
          "speaker": "speaker1",
          "personaID": "50546",
          "participantID": "4641",
          "utterance": "아 그러네요 사람마다 생각하는 게 달라서요.",
          "summary": "",
          "date": "2022-11-18",
          "time": "11:03:32",
          "terminate": "false"
        },
        {
          "speaker": "speaker2",
          "personaID": "26060",
          "participantID": "4131",
          "utterance": "그럼요~ 혹시 음식은 어떤 걸 좋아하세요?",
          "summary": "",
          "date": "2022-11-18",
          "time": "11:03:58",
          "terminate": "false"
        },
        {
          "speaker": "speaker1",
          "personaID": "50546",
          "participantID": "4641",
          "utterance": "저는 가리는 거 없이 다 좋아합니다.",
          "summary": "나는 가리는 음식이 없다",
          "date": "2022-11-18",
          "time": "11:05:25",
          "terminate": "false"
        },
        {
          "speaker": "speaker2",
          "personaID": "26060",
          "participantID": "4131",
          "utterance": "저도 대부분 다 잘 먹는데 인도 음식만 유독 싫더라구요!",
          "summary": "나는 인도 요리가 싫다.",
          "date": "2022-11-18",
          "time": "11:05:56",
          "terminate": "false"
        },
        {
          "speaker": "speaker1",
          "personaID": "50546",
          "participantID": "4641",
          "utterance": "그건 향이 좀 있어서 그런거 같아요.",
          "summary": "",
          "date": "2022-11-18",
          "time": "11:06:43",
          "terminate": "false"
        },
        {
          "speaker": "speaker2",
          "personaID": "26060",
          "participantID": "4131",
          "utterance": "맞아요! 외출을 해야해서 이만 나가볼게요~ 다음에 또 얘기 나눠요!",
          "summary": "",
          "date": "2022-11-18",
          "time": "11:07:17",
          "terminate": "true"
        }
      ],
      "sessionPersonaSummary": {
        "speaker1": [
          "나는 50대 남성이다",
          "나는 수화 통역가다",
          "나는 주식을 어떻게 하는지 잘 모른다",
          "나는 바람 부는 날을 좋아한다",
          "나는 가리는 음식이 없다"
        ],
        "speaker2": [
          "나는 20대 여성이다.",
          "나는 어머니가 전문 상담가 셔서 진로를 그쪽으로 정하려 했는데 결국 안경사가 됐다.",
          "나는 주식을 해보지 않았다.",
          "나는 농구를 좋아해서 사람은 안 보는 게 좋다.",
          "나는 인도 요리가 싫다."
        ]
      },
      "prevAggregatedpersonaSummary": {
        "speaker1": [],
        "speaker2": []
      }
    },
    {
      "prevSessionID": "4-00175-1",
      "prevTimeInfo": {
        "timeNum": "8",
        "timeUnit": "일"
      },
      "nthSession": "2",
      "numberOfUtterances": "14",
      "numberOfTurns": "7",
      "sessionID": "4-00175-2",
      "dialog": [
        {
          "speaker": "speaker1",
          "personaID": "50546",
          "participantID": "4641",
          "utterance": "시간이 빨리 흐르네요. 벌써 8일이 지났어요.",
          "summary": "",
          "date": "2022-11-18",
          "time": "11:27:40",
          "terminate": "false"
        },
        {
          "speaker": "speaker2",
          "personaID": "26060",
          "participantID": "4131",
          "utterance": "그러게요~ 한 주 잘 보내셨나요?",
          "summary": "",
          "date": "2022-11-18",
          "time": "11:35:17",
          "terminate": "false"
        },
        {
          "speaker": "speaker1",
          "personaID": "50546",
          "participantID": "4641",
          "utterance": "내 저는 어머니도 뵙고 왔네요.",
          "summary": "나는 어머니를 뵙고 왔다",
          "date": "2022-11-18",
          "time": "11:36:08",
          "terminate": "false"
        },
        {
          "speaker": "speaker2",
          "personaID": "26060",
          "participantID": "4131",
          "utterance": "아 저도 이번 주말에 어머니를 뵙고 식사하기로 했어요! ",
          "summary": "나는 이번 주말에 어머니를 뵙고 식사하기로 했다.",
          "date": "2022-11-18",
          "time": "11:37:48",
          "terminate": "false"
        },
        {
          "speaker": "speaker1",
          "personaID": "50546",
          "participantID": "4641",
          "utterance": "정말 잘하셨네요. 어머니는 잘 챙겨 드려야해요.",
          "summary": "",
          "date": "2022-11-18",
          "time": "11:38:46",
          "terminate": "false"
        },
        {
          "speaker": "speaker2",
          "personaID": "26060",
          "participantID": "4131",
          "utterance": "네~ 모녀 지간이다보니 만나면 종종 말다툼을 하기도 해서 좀 힘들 때도 있긴 하네요.",
          "summary": "나는 모녀지간이다 보니 만나면 종종 말다툼을 하기도 해서 좀 힘들 때가 있다.",
          "date": "2022-11-18",
          "time": "11:40:30",
          "terminate": "false"
        },
        {
          "speaker": "speaker1",
          "personaID": "50546",
          "participantID": "4641",
          "utterance": "누구나 다투는건 많을 거에요. 그래도 조금만 양보하며 이해해 드리세요.",
          "summary": "",
          "date": "2022-11-18",
          "time": "11:59:45",
          "terminate": "false"
        },
        {
          "speaker": "speaker2",
          "personaID": "26060",
          "participantID": "4131",
          "utterance": "네 그러려고 노력은 하는데... 어머니도 상담가이신만큼 성격이 차분하신 편인데, 가족 간의 일에서는 또 다르니까요.",
          "summary": "나는 노력은 하는데 어머니도 상담가 셔서 쉽지 않다.",
          "date": "2022-11-18",
          "time": "14:54:47",
          "terminate": "false"
        },
        {
          "speaker": "speaker1",
          "personaID": "50546",
          "participantID": "4641",
          "utterance": "사람마다 성향이 다르겠지만 가족들한테는 모질고 남들한테는 모든걸 다해주시는 사람들도 많은거 같아요.",
          "summary": "",
          "date": "2022-11-18",
          "time": "14:58:39",
          "terminate": "false"
        },
        {
          "speaker": "speaker2",
          "personaID": "26060",
          "participantID": "4131",
          "utterance": "그러게 말이에요. 어머니와 사이가 원만하신 편이세요?",
          "summary": "",
          "date": "2022-11-18",
          "time": "14:59:55",
          "terminate": "false"
        },
        {
          "speaker": "speaker1",
          "personaID": "50546",
          "participantID": "4641",
          "utterance": "저는 어머니와는 지금은 사이가 좋습니다.",
          "summary": "나는 어머니와 지금은 사이가 좋다",
          "date": "2022-11-18",
          "time": "15:18:55",
          "terminate": "false"
        },
        {
          "speaker": "speaker2",
          "personaID": "26060",
          "participantID": "4131",
          "utterance": "부럽습니다~ 앞으로도 쭉 사이가 원만하시길 바랄게요.",
          "summary": "",
          "date": "2022-11-19",
          "time": "19:48:56",
          "terminate": "false"
        },
        {
          "speaker": "speaker1",
          "personaID": "50546",
          "participantID": "4641",
          "utterance": "네 항상 잘해드리려고 생각 깊이 한답니다.",
          "summary": "나는 어머니께 항상 잘해드리려고 깊이 생각한다",
          "date": "2022-11-19",
          "time": "20:51:43",
          "terminate": "false"
        },
        {
          "speaker": "speaker2",
          "personaID": "26060",
          "participantID": "4131",
          "utterance": "네 그런 마음가짐을 항상 가지도록 해야겠어요. 시간이 늦어서 전 이만 가볼게요! 다음에 또 얘기 나눠요!",
          "summary": "",
          "date": "2022-11-19",
          "time": "20:52:35",
          "terminate": "true"
        }
      ],
      "sessionPersonaSummary": {
        "speaker1": [
          "나는 어머니를 뵙고 왔다",
          "나는 어머니와 지금은 사이가 좋다",
          "나는 어머니께 항상 잘해드리려고 깊이 생각한다"
        ],
        "speaker2": [
          "나는 이번 주말에 어머니를 뵙고 식사하기로 했다.",
          "나는 모녀지간이다 보니 만나면 종종 말다툼을 하기도 해서 좀 힘들 때가 있다.",
          "나는 노력은 하는데 어머니도 상담가 셔서 쉽지 않다."
        ]
      },
      "prevAggregatedpersonaSummary": {
        "speaker1": [
          "나는 50대 남성이다",
          "나는 수화 통역가다",
          "나는 주식을 어떻게 하는지 잘 모른다",
          "나는 바람 부는 날을 좋아한다",
          "나는 가리는 음식이 없다"
        ],
        "speaker2": [
          "나는 20대 여성이다.",
          "나는 어머니가 전문 상담가 셔서 진로를 그쪽으로 정하려 했는데 결국 안경사가 됐다.",
          "나는 주식을 해보지 않았다.",
          "나는 농구를 좋아해서 사람은 안 보는 게 좋다.",
          "나는 인도 요리가 싫다."
        ]
      }
    },
    {
      "prevSessionID": "4-00175-2",
      "prevTimeInfo": {
        "timeNum": "22",
        "timeUnit": "시간"
      },
      "nthSession": "3",
      "numberOfUtterances": "14",
      "numberOfTurns": "7",
      "sessionID": "4-00175-3",
      "dialog": [
        {
          "speaker": "speaker1",
          "personaID": "50546",
          "participantID": "4641",
          "utterance": "하루가 지났네요. 잘 지내셨나요?",
          "summary": "",
          "date": "2022-11-19",
          "time": "21:07:48",
          "terminate": "false"
        },
        {
          "speaker": "speaker2",
          "personaID": "26060",
          "participantID": "4131",
          "utterance": "네~ 어머니와 김장 김치를 담고 왔어요!",
          "summary": "나는 어머니와 김장 김치를 담고 왔다.",
          "date": "2022-11-19",
          "time": "21:14:33",
          "terminate": "false"
        },
        {
          "speaker": "speaker1",
          "personaID": "50546",
          "participantID": "4641",
          "utterance": "오 맛있겠다는 생각이 먼저 드는건 무엇일까요? ㅎ",
          "summary": "",
          "date": "2022-11-19",
          "time": "21:16:33",
          "terminate": "false"
        },
        {
          "speaker": "speaker2",
          "personaID": "26060",
          "participantID": "4131",
          "utterance": "김장 김치라고 하면 침이 고일 수 밖에 없으니까요~ 오랜만에 엄마도 뵙고 같이 일하면서 지난 번에 다투고 서먹했던 걸 풀었어요.",
          "summary": "나는 오랜만에 엄마도 뵙고 같이 일하면서 지난번에 다투고 서먹했던 걸 풀었다.",
          "date": "2022-11-19",
          "time": "21:20:08",
          "terminate": "false"
        },
        {
          "speaker": "speaker1",
          "personaID": "50546",
          "participantID": "4641",
          "utterance": "정말 다행이네요. 어머니도 기분이 좋으셨을거 같아요.",
          "summary": "",
          "date": "2022-11-19",
          "time": "21:21:34",
          "terminate": "false"
        },
        {
          "speaker": "speaker2",
          "personaID": "26060",
          "participantID": "4131",
          "utterance": "네~ 다행이었던 것 같아요. 평소 어머니를 뵈면 무엇을 하시나요?",
          "summary": "",
          "date": "2022-11-19",
          "time": "21:35:53",
          "terminate": "false"
        },
        {
          "speaker": "speaker1",
          "personaID": "50546",
          "participantID": "4641",
          "utterance": "저는 이제 어머니도 저도 나이가 있다보니 특별히... ㅎ",
          "summary": "나도 나의 어머니도 웬만큼 나이가 있다",
          "date": "2022-11-19",
          "time": "21:36:44",
          "terminate": "false"
        },
        {
          "speaker": "speaker2",
          "personaID": "26060",
          "participantID": "4131",
          "utterance": "그러시군요~ 그래도 항상 좋은 시간 보내시면 좋겠네요.",
          "summary": "",
          "date": "2022-11-19",
          "time": "21:55:31",
          "terminate": "false"
        },
        {
          "speaker": "speaker1",
          "personaID": "50546",
          "participantID": "4641",
          "utterance": "네 항상 즐겁게 보내려고 노력하며 지내고 있죠.",
          "summary": "나는 어머니와의 시간을 항상 즐겁게 보내려고 노력하며 지낸다",
          "date": "2022-11-19",
          "time": "21:58:05",
          "terminate": "false"
        },
        {
          "speaker": "speaker2",
          "personaID": "26060",
          "participantID": "4131",
          "utterance": "표현은 많이 안하시지만 효자이실 것 같네요.",
          "summary": "",
          "date": "2022-11-19",
          "time": "22:06:41",
          "terminate": "false"
        },
        {
          "speaker": "speaker1",
          "personaID": "50546",
          "participantID": "4641",
          "utterance": "걱정 안하게 하는게 가장 큰 효도해드리는 거에요.",
          "summary": "",
          "date": "2022-11-19",
          "time": "22:11:31",
          "terminate": "false"
        },
        {
          "speaker": "speaker2",
          "personaID": "26060",
          "participantID": "4131",
          "utterance": "네 그렇군요~ 모두 그렇게 살 수만 있다면 좋을 것 같아요.",
          "summary": "",
          "date": "2022-11-19",
          "time": "22:12:55",
          "terminate": "false"
        },
        {
          "speaker": "speaker1",
          "personaID": "50546",
          "participantID": "4641",
          "utterance": "모두 생각은 하는데 실천이 쉽게 되질 않는거죠.",
          "summary": "",
          "date": "2022-11-19",
          "time": "22:14:58",
          "terminate": "false"
        },
        {
          "speaker": "speaker2",
          "personaID": "26060",
          "participantID": "4131",
          "utterance": "그러게 말이에요~ 시간이 늦어서 이만 자러 갈게요. 좋은 밤 되세요.",
          "summary": "",
          "date": "2022-11-19",
          "time": "22:18:07",
          "terminate": "true"
        }
      ],
      "sessionPersonaSummary": {
        "speaker1": [
          "나도 나의 어머니도 웬만큼 나이가 있다",
          "나는 어머니와의 시간을 항상 즐겁게 보내려고 노력하며 지낸다"
        ],
        "speaker2": [
          "나는 어머니와 김장 김치를 담고 왔다.",
          "나는 오랜만에 엄마도 뵙고 같이 일하면서 지난번에 다투고 서먹했던 걸 풀었다."
        ]
      },
      "prevAggregatedpersonaSummary": {
        "speaker1": [
          "나는 50대 남성이다",
          "나는 수화 통역가다",
          "나는 주식을 어떻게 하는지 잘 모른다",
          "나는 바람 부는 날을 좋아한다",
          "나는 가리는 음식이 없다",
          "나는 어머니를 뵙고 왔다",
          "나는 어머니와 지금은 사이가 좋다",
          "나는 어머니께 항상 잘해드리려고 깊이 생각한다"
        ],
        "speaker2": [
          "나는 20대 여성이다.",
          "나는 어머니가 전문 상담가 셔서 진로를 그쪽으로 정하려 했는데 결국 안경사가 됐다.",
          "나는 주식을 해보지 않았다.",
          "나는 농구를 좋아해서 사람은 안 보는 게 좋다.",
          "나는 인도 요리가 싫다.",
          "나는 이번 주말에 어머니를 뵙고 식사하기로 했다.",
          "나는 모녀지간이다 보니 만나면 종종 말다툼을 하기도 해서 좀 힘들 때가 있다.",
          "나는 노력은 하는데 어머니도 상담가 셔서 쉽지 않다."
        ]
      }
    },
    {
      "prevSessionID": "4-00175-3",
      "prevTimeInfo": {
        "timeNum": "7",
        "timeUnit": "주"
      },
      "nthSession": "4",
      "numberOfUtterances": "14",
      "numberOfTurns": "7",
      "sessionID": "4-00175-4",
      "dialog": [
        {
          "speaker": "speaker1",
          "personaID": "50546",
          "participantID": "4641",
          "utterance": "벌써 7주가 지났어요. 시간 너무 빨리 가네요.",
          "summary": "",
          "date": "2022-11-19",
          "time": "22:24:49",
          "terminate": "false"
        },
        {
          "speaker": "speaker2",
          "personaID": "26060",
          "participantID": "4131",
          "utterance": "그러게요~ 시간이 정말 물처럼 흐르네요.",
          "summary": "",
          "date": "2022-11-19",
          "time": "22:28:18",
          "terminate": "false"
        },
        {
          "speaker": "speaker1",
          "personaID": "50546",
          "participantID": "4641",
          "utterance": "물이란 표현 참 좋네요. 어머니들이 좋아하시는게 뭐가 있을까요?",
          "summary": "",
          "date": "2022-11-19",
          "time": "22:36:48",
          "terminate": "false"
        },
        {
          "speaker": "speaker2",
          "personaID": "26060",
          "participantID": "4131",
          "utterance": "음, 어떤 선물 같은 걸 하려고 그러시나요?",
          "summary": "",
          "date": "2022-11-19",
          "time": "22:42:39",
          "terminate": "false"
        },
        {
          "speaker": "speaker1",
          "personaID": "50546",
          "participantID": "4641",
          "utterance": "그냥 기분 좋으시라고 선물 하나 해드리려고요.",
          "summary": "나는 어머니에게 선물을 하나 해드릴 것이다",
          "date": "2022-11-19",
          "time": "22:44:44",
          "terminate": "false"
        },
        {
          "speaker": "speaker2",
          "personaID": "26060",
          "participantID": "4131",
          "utterance": "생신이나 어버이날에 저도 항상 하는 고민인데, 요즘은 사실 현금 아니면 보약 밖에 생각이 안 나요! 제가 안경사라고 매번 안경을 맞춰드릴 수도 없구요.",
          "summary": "나는 특별한 날에는 고민인데, 사실 현금 아니면 보약밖에 생각이 나질 않는다.",
          "date": "2022-11-19",
          "time": "22:46:04",
          "terminate": "false"
        },
        {
          "speaker": "speaker1",
          "personaID": "50546",
          "participantID": "4641",
          "utterance": "그러시군요. 역시 현금이 최고인건가요? ㅎ",
          "summary": "",
          "date": "2022-11-19",
          "time": "22:47:31",
          "terminate": "false"
        },
        {
          "speaker": "speaker2",
          "personaID": "26060",
          "participantID": "4131",
          "utterance": "사실 드리는 입장에도 제일 속 편하긴 하지요. 저 같은 경우는 개인적으로 어머니가 안목이 있으셔서 마음에 드실 만한 선물을 제가 고르는 게 너무 어려워요.",
          "summary": "나는 어머니가 안목이 있으셔서 마음에 드실 만한 선물을 고르는 게 너무 어렵다.",
          "date": "2022-11-19",
          "time": "22:49:15",
          "terminate": "false"
        },
        {
          "speaker": "speaker1",
          "personaID": "50546",
          "participantID": "4641",
          "utterance": "그것도 곤욕이네요. 역시 현금을 이기는건 없나봐요.",
          "summary": "",
          "date": "2022-11-19",
          "time": "22:50:32",
          "terminate": "false"
        },
        {
          "speaker": "speaker2",
          "personaID": "26060",
          "participantID": "4131",
          "utterance": "네~ 다른 생각해보신 선물이 있으세요? 건강식품 같은 것도 괜찮을 것 같은데.",
          "summary": "나는 건강식품 같은 것도 괜찮다고 생각한다.",
          "date": "2022-11-19",
          "time": "22:59:20",
          "terminate": "false"
        },
        {
          "speaker": "speaker1",
          "personaID": "50546",
          "participantID": "4641",
          "utterance": "건강식품도 나쁘지 않네요. 요즘 제품들도 잘 나오니까요.",
          "summary": "",
          "date": "2022-11-19",
          "time": "23:00:41",
          "terminate": "false"
        },
        {
          "speaker": "speaker2",
          "personaID": "26060",
          "participantID": "4131",
          "utterance": "그렇지요. 혹 건강상 불편하신 부분이 있으면 거기에 맞춰서 사는 게 좋으니 어머니께 한번 여쭤보시는 것도 좋을 것 같아요.",
          "summary": "나는 어머니가 불편한 곳이 있으면 여쭤보고 거기에 맞춰서 사는 게 좋다고 생각한다.",
          "date": "2022-11-19",
          "time": "23:06:08",
          "terminate": "false"
        },
        {
          "speaker": "speaker1",
          "personaID": "50546",
          "participantID": "4641",
          "utterance": "깜짝 선물로 해드리려고요. 잘 생각해보고 결정할께요. 고마워요.",
          "summary": "나는 어머니에게 깜짝 선물을 할 것이다",
          "date": "2022-11-19",
          "time": "23:07:29",
          "terminate": "false"
        },
        {
          "speaker": "speaker2",
          "personaID": "26060",
          "participantID": "4131",
          "utterance": "네~ 좋은 선물 하시게 되길 바랄게요. 전 이만 자러 가야겠어요. 좋은 밤 되세요!",
          "summary": "",
          "date": "2022-11-19",
          "time": "23:08:42",
          "terminate": "true"
        }
      ],
      "sessionPersonaSummary": {
        "speaker1": [
          "나는 어머니에게 선물을 하나 해드릴 것이다",
          "나는 어머니에게 깜짝 선물을 할 것이다"
        ],
        "speaker2": [
          "나는 특별한 날에는 고민인데, 사실 현금 아니면 보약밖에 생각이 나질 않는다.",
          "나는 어머니가 안목이 있으셔서 마음에 드실 만한 선물을 고르는 게 너무 어렵다.",
          "나는 건강식품 같은 것도 괜찮다고 생각한다.",
          "나는 어머니가 불편한 곳이 있으면 여쭤보고 거기에 맞춰서 사는 게 좋다고 생각한다."
        ]
      },
      "prevAggregatedpersonaSummary": {
        "speaker1": [
          "나는 50대 남성이다",
          "나는 수화 통역가다",
          "나는 주식을 어떻게 하는지 잘 모른다",
          "나는 바람 부는 날을 좋아한다",
          "나는 가리는 음식이 없다",
          "나는 어머니를 뵙고 왔다",
          "나는 어머니와 지금은 사이가 좋다",
          "나는 어머니께 항상 잘해드리려고 깊이 생각한다",
          "나도 나의 어머니도 웬만큼 나이가 있다",
          "나는 어머니와의 시간을 항상 즐겁게 보내려고 노력하며 지낸다"
        ],
        "speaker2": [
          "나는 20대 여성이다.",
          "나는 어머니가 전문 상담가 셔서 진로를 그쪽으로 정하려 했는데 결국 안경사가 됐다.",
          "나는 주식을 해보지 않았다.",
          "나는 농구를 좋아해서 사람은 안 보는 게 좋다.",
          "나는 인도 요리가 싫다.",
          "나는 이번 주말에 어머니를 뵙고 식사하기로 했다.",
          "나는 모녀지간이다 보니 만나면 종종 말다툼을 하기도 해서 좀 힘들 때가 있다.",
          "나는 노력은 하는데 어머니도 상담가 셔서 쉽지 않다.",
          "나는 어머니와 김장 김치를 담고 왔다.",
          "나는 오랜만에 엄마도 뵙고 같이 일하면서 지난번에 다투고 서먹했던 걸 풀었다."
        ]
      }
    }
  ]
}