{
  "FileInfo": {
    "filename": "K4-00331-CL02743-CP02004-02-08-S4.json",
    "sessionLevel": "4"
  },
  "participantsInfo": {
    "numberOfParticipants": "2",
    "speaker1": {
      "participantID": "25865",
      "gender": "여성",
      "age": "30대",
      "occupation": "사무직",
      "bPlace": "광주/전라/제주",
      "gPlace": "광주/전라/제주",
      "rPlace": "광주/전라/제주",
      "educationLevel": "대졸"
    },
    "speaker2": {
      "participantID": "25456",
      "gender": "여성",
      "age": "20대",
      "occupation": "학생",
      "bPlace": "서울/경기/인천",
      "gPlace": "서울/경기/인천",
      "rPlace": "서울/경기/인천",
      "educationLevel": "대졸"
    }
  },
  "multisessionInfo": {
    "multisessionID": "4-00331"
  },
  "personaInfo": {
    "clInfo": {
      "personaID": "02743",
      "personaFeatures": [
        "나는 여자이다.",
        "나는 30대이다.",
        "나의 가족은 2명이다.",
        "나는 영어에 관심 있지만 배울 시간이 없다.",
        "나는 순대국밥을 싫어한다."
      ],
      "speakerType": "speaker1"
    },
    "cpInfo": {
      "personaID": "02004",
      "personaFeatures": [
        "나는 여자이다.",
        "나는 20대이다.",
        "나의 종교는 개신교이다.",
        "나는 오전에 유튜브를 본다.",
        "나는 뮤지컬 영화를 가끔 본다."
      ],
      "speakerType": "speaker2"
    }
  },
  "topicInfo": {
    "topicID": "02-08",
    "topicType": "주거와 생활",
    "topicTitle": "역세권"
  },
  "sessionInfo": [
    {
      "prevSessionID": null,
      "prevTimeInfo": {
        "timeNum": null,
        "timeUnit": null
      },
      "nthSession": "1",
      "numberOfUtterances": "16",
      "numberOfTurns": "8",
      "sessionID": "4-00331-1",
      "dialog": [
        {
          "speaker": "speaker1",
          "personaID": "02743",
          "participantID": "25865",
          "utterance": "안녕하세요! 저는 30대 여자입니다.",
          "summary": "나는 30대 여자이다.",
          "date": "2022-09-12",
          "time": "19:52:33",
          "terminate": "false"
        },
        {
          "speaker": "speaker2",
          "personaID": "02004",
          "participantID": "25456",
          "utterance": "안녕하세요! 저는 20대 여자입니다. 반갑습니다.",
          "summary": "나는 20대 여자이다.",
          "date": "2022-09-12",
          "time": "19:52:49",
          "terminate": "false"
        },
        {
          "speaker": "speaker1",
          "personaID": "02743",
          "participantID": "25865",
          "utterance": "오늘 점심을 드셨나요? 저는 곧 먹을 예정이거든요.",
          "summary": "나는 점심을 곧 먹을 예정이다.",
          "date": "2022-09-12",
          "time": "19:53:10",
          "terminate": "false"
        },
        {
          "speaker": "speaker2",
          "personaID": "02004",
          "participantID": "25456",
          "utterance": "아니요. 저는 오전마다 @브랜드명1@를 보느라 늦은 점심을 먹어요~^^",
          "summary": "나는 오전에 @브랜드명1@를 본다.",
          "date": "2022-09-12",
          "time": "19:53:44",
          "terminate": "false"
        },
        {
          "speaker": "speaker1",
          "personaID": "02743",
          "participantID": "25865",
          "utterance": "주로 @브랜드명1@로 어떤 방송을 보시나요?",
          "summary": "",
          "date": "2022-09-12",
          "time": "19:54:21",
          "terminate": "false"
        },
        {
          "speaker": "speaker2",
          "personaID": "02004",
          "participantID": "25456",
          "utterance": "저는 일본 유학을 꿈꾸고 있어서 일본어관한 영상을 봐요!",
          "summary": "나는 일본 유학을 꿈꾸고 있다.",
          "date": "2022-09-12",
          "time": "19:54:42",
          "terminate": "false"
        },
        {
          "speaker": "speaker1",
          "personaID": "02743",
          "participantID": "25865",
          "utterance": "@브랜드명1@로 그럼 어학 공부를 하고 계신다는 거네요?",
          "summary": "",
          "date": "2022-09-12",
          "time": "19:55:00",
          "terminate": "false"
        },
        {
          "speaker": "speaker2",
          "personaID": "02004",
          "participantID": "25456",
          "utterance": "네, 맞아요~ 선생님은 어학에 관심이 있으신가요?",
          "summary": "나는 @브랜드명1@로 일본어를 공부하고 있다.",
          "date": "2022-09-12",
          "time": "19:55:12",
          "terminate": "false"
        },
        {
          "speaker": "speaker1",
          "personaID": "02743",
          "participantID": "25865",
          "utterance": "네, 저는 영어에 관심이 있는데 배울 시간이 없었거든요.",
          "summary": "나는 영어에 관심 있지만 배울 시간이 없다.",
          "date": "2022-09-12",
          "time": "19:55:37",
          "terminate": "false"
        },
        {
          "speaker": "speaker2",
          "personaID": "02004",
          "participantID": "25456",
          "utterance": "@브랜드명1@ 한번 보세요~ 출퇴근할때 마다 짬나는 시간마다 보면 충분하실거에요~",
          "summary": "",
          "date": "2022-09-12",
          "time": "19:56:07",
          "terminate": "false"
        },
        {
          "speaker": "speaker1",
          "personaID": "02743",
          "participantID": "25865",
          "utterance": "저는 @브랜드명1@가 있는지도 몰랐어요! 학습효과는 좋은가요?",
          "summary": "",
          "date": "2022-09-12",
          "time": "19:56:20",
          "terminate": "false"
        },
        {
          "speaker": "speaker2",
          "personaID": "02004",
          "participantID": "25456",
          "utterance": "자기 하기 나름인데, 저는 학습효과가 좋은것 같아요!",
          "summary": "나는 @브랜드명1@로 공부하는 것이 학습효과가 좋다.",
          "date": "2022-09-12",
          "time": "19:56:35",
          "terminate": "false"
        },
        {
          "speaker": "speaker1",
          "personaID": "02743",
          "participantID": "25865",
          "utterance": "우와~~ 진짜 신기하네요! 요즘은 세상이 빨리 돌아가서 적응하기 힘드네요.",
          "summary": "나는 세상이 발전하는데 적응하기 힘들다.",
          "date": "2022-09-12",
          "time": "19:57:04",
          "terminate": "false"
        },
        {
          "speaker": "speaker2",
          "personaID": "02004",
          "participantID": "25456",
          "utterance": "하하 그럴순 있죠~ 혹시 남자친구분이 계시면 한번 도와달라해보세요!",
          "summary": "",
          "date": "2022-09-12",
          "time": "19:57:31",
          "terminate": "false"
        },
        {
          "speaker": "speaker1",
          "personaID": "02743",
          "participantID": "25865",
          "utterance": "저는 남편이랑 둘이 살긴 하는데 남편 퇴근하면 도와달라해야겠네요^^ 저 잠시 통화좀하고올게요~",
          "summary": "나의 가족은 2명이다.",
          "date": "2022-09-12",
          "time": "19:57:51",
          "terminate": "false"
        },
        {
          "speaker": "speaker2",
          "personaID": "02004",
          "participantID": "25456",
          "utterance": "네! 그럼 좋죠~ 천천히 다녀오세요!",
          "summary": "",
          "date": "2022-09-12",
          "time": "19:57:59",
          "terminate": "true"
        }
      ],
      "sessionPersonaSummary": {
        "speaker1": [
          "나는 30대 여자이다.",
          "나는 점심을 곧 먹을 예정이다.",
          "나는 영어에 관심 있지만 배울 시간이 없다.",
          "나는 세상이 발전하는데 적응하기 힘들다.",
          "나의 가족은 2명이다."
        ],
        "speaker2": [
          "나는 20대 여자이다.",
          "나는 오전에 @브랜드명1@를 본다.",
          "나는 일본 유학을 꿈꾸고 있다.",
          "나는 @브랜드명1@로 일본어를 공부하고 있다.",
          "나는 @브랜드명1@로 공부하는 것이 학습효과가 좋다."
        ]
      },
      "prevAggregatedpersonaSummary": {
        "speaker1": [],
        "speaker2": []
      }
    },
    {
      "prevSessionID": "4-00331-1",
      "prevTimeInfo": {
        "timeNum": "1",
        "timeUnit": "시간"
      },
      "nthSession": "2",
      "numberOfUtterances": "16",
      "numberOfTurns": "8",
      "sessionID": "4-00331-2",
      "dialog": [
        {
          "speaker": "speaker1",
          "personaID": "02743",
          "participantID": "25865",
          "utterance": "남편이랑 통화하느라 1시간이 지난 지도 몰랐네요~",
          "summary": "",
          "date": "2022-09-12",
          "time": "19:58:34",
          "terminate": "false"
        },
        {
          "speaker": "speaker2",
          "personaID": "02004",
          "participantID": "25456",
          "utterance": "남편분이랑 사이가 좋으시나봐요~ 1시간동안 통화를 하시다니!",
          "summary": "",
          "date": "2022-09-12",
          "time": "19:58:48",
          "terminate": "false"
        },
        {
          "speaker": "speaker1",
          "personaID": "02743",
          "participantID": "25865",
          "utterance": "그런건 아니고~ @브랜드명1@ 이야기하느라 오래 하게 되었네요!",
          "summary": "나는 남편과 @브랜드명1@ 이야기하며 오래 통화를 했다.",
          "date": "2022-09-12",
          "time": "19:59:19",
          "terminate": "false"
        },
        {
          "speaker": "speaker2",
          "personaID": "02004",
          "participantID": "25456",
          "utterance": "아~ 그러시군요. 남편분은 뭐라고 하시나요?",
          "summary": "",
          "date": "2022-09-12",
          "time": "19:59:39",
          "terminate": "false"
        },
        {
          "speaker": "speaker1",
          "personaID": "02743",
          "participantID": "25865",
          "utterance": "사실 저희집앞에 학원들이 많이 있는데 역세권에 살면서도 공부할 시간 없다하는데 웬 @브랜드명1@냐 하네요.",
          "summary": "나의 집은 역세권에 있다.",
          "date": "2022-09-12",
          "time": "20:00:09",
          "terminate": "false"
        },
        {
          "speaker": "speaker2",
          "personaID": "02004",
          "participantID": "25456",
          "utterance": "그럼 공부하기 좋을 것같은데요? 저는 비역세권에 살거든요..",
          "summary": "나의 집은 비역세권에 있다.",
          "date": "2022-09-12",
          "time": "20:00:33",
          "terminate": "false"
        },
        {
          "speaker": "speaker1",
          "personaID": "02743",
          "participantID": "25865",
          "utterance": "하하 그러시군요~^^ 안그래도 그래가지고..괜한 꾸중만 들었지 뭐에요~",
          "summary": "",
          "date": "2022-09-12",
          "time": "20:01:03",
          "terminate": "false"
        },
        {
          "speaker": "speaker2",
          "personaID": "02004",
          "participantID": "25456",
          "utterance": "먼저 집 근처에 영어학원을 알아보시고! 시간이 안맞으면 @브랜드명1@하시는 방법이 좋을것같아요~",
          "summary": "",
          "date": "2022-09-12",
          "time": "20:01:23",
          "terminate": "false"
        },
        {
          "speaker": "speaker1",
          "personaID": "02743",
          "participantID": "25865",
          "utterance": "그러게요~^^ 선생님은 그럼 늦은 점심을 드셨나요?",
          "summary": "",
          "date": "2022-09-12",
          "time": "20:01:37",
          "terminate": "false"
        },
        {
          "speaker": "speaker2",
          "personaID": "02004",
          "participantID": "25456",
          "utterance": "아직 안먹었어요.. 밥먹으러 가려면 사실 맘먹고 가야하거든요!",
          "summary": "나는 밥을 먹을 때면 맘먹고 가야 한다.",
          "date": "2022-09-12",
          "time": "20:01:51",
          "terminate": "false"
        },
        {
          "speaker": "speaker1",
          "personaID": "02743",
          "participantID": "25865",
          "utterance": "왜 그런지 이유를 물어봐도 되나요?",
          "summary": "",
          "date": "2022-09-12",
          "time": "20:02:07",
          "terminate": "false"
        },
        {
          "speaker": "speaker2",
          "personaID": "02004",
          "participantID": "25456",
          "utterance": "저희집앞에는 음식점이 따로 없어서.. 역앞까지 가야만 식당들이 나와요.",
          "summary": "나의 집 앞에는 음식점이 없다.",
          "date": "2022-09-12",
          "time": "20:02:24",
          "terminate": "false"
        },
        {
          "speaker": "speaker1",
          "personaID": "02743",
          "participantID": "25865",
          "utterance": "헉! 그러시군요~ 배달시켜드시면 안되나요?",
          "summary": "",
          "date": "2022-09-12",
          "time": "20:02:46",
          "terminate": "false"
        },
        {
          "speaker": "speaker2",
          "personaID": "02004",
          "participantID": "25456",
          "utterance": "그러고싶은데 역세권이 아니라고 배달료를 너무 많이 부르네요..",
          "summary": "",
          "date": "2022-09-12",
          "time": "20:03:02",
          "terminate": "false"
        },
        {
          "speaker": "speaker1",
          "personaID": "02743",
          "participantID": "25865",
          "utterance": "아.. 그럼 너무 짜증날 것같아요! 더 귀찮아 지기전에 얼른 식사드시러 다녀와요!",
          "summary": "",
          "date": "2022-09-12",
          "time": "20:03:26",
          "terminate": "false"
        },
        {
          "speaker": "speaker2",
          "personaID": "02004",
          "participantID": "25456",
          "utterance": "네! 말 나온김에 얼른 다녀와야겠네요~ 또 연락해요!",
          "summary": "",
          "date": "2022-09-12",
          "time": "20:03:40",
          "terminate": "true"
        }
      ],
      "sessionPersonaSummary": {
        "speaker1": [
          "나는 남편과 @브랜드명1@ 이야기하며 오래 통화를 했다.",
          "나의 집은 역세권에 있다."
        ],
        "speaker2": [
          "나의 집은 비역세권에 있다.",
          "나는 밥을 먹을 때면 맘먹고 가야 한다.",
          "나의 집 앞에는 음식점이 없다."
        ]
      },
      "prevAggregatedpersonaSummary": {
        "speaker1": [
          "나는 30대 여자이다.",
          "나는 점심을 곧 먹을 예정이다.",
          "나는 영어에 관심 있지만 배울 시간이 없다.",
          "나는 세상이 발전하는데 적응하기 힘들다.",
          "나의 가족은 2명이다."
        ],
        "speaker2": [
          "나는 20대 여자이다.",
          "나는 오전에 @브랜드명1@를 본다.",
          "나는 일본 유학을 꿈꾸고 있다.",
          "나는 @브랜드명1@로 일본어를 공부하고 있다.",
          "나는 @브랜드명1@로 공부하는 것이 학습효과가 좋다."
        ]
      }
    },
    {
      "prevSessionID": "4-00331-2",
      "prevTimeInfo": {
        "timeNum": "1",
        "timeUnit": "일"
      },
      "nthSession": "3",
      "numberOfUtterances": "16",
      "numberOfTurns": "8",
      "sessionID": "4-00331-3",
      "dialog": [
        {
          "speaker": "speaker1",
          "personaID": "02743",
          "participantID": "25865",
          "utterance": "어제 연락드리려했는데 갑자기 일이 생겨서 오늘 연락드리네요~",
          "summary": "",
          "date": "2022-09-12",
          "time": "20:03:55",
          "terminate": "false"
        },
        {
          "speaker": "speaker2",
          "personaID": "02004",
          "participantID": "25456",
          "utterance": "괜찮습니다. 안좋은 일은 아니신거죠?",
          "summary": "",
          "date": "2022-09-12",
          "time": "20:04:09",
          "terminate": "false"
        },
        {
          "speaker": "speaker1",
          "personaID": "02743",
          "participantID": "25865",
          "utterance": "하하 그건 아니고요~ 오랫만에 남편이랑 데이트를 했거든요~",
          "summary": "나는 어제 남편과 데이트를 했다.",
          "date": "2022-09-12",
          "time": "20:06:13",
          "terminate": "false"
        },
        {
          "speaker": "speaker2",
          "personaID": "02004",
          "participantID": "25456",
          "utterance": "오! 뭐하셨는지 여쭤봐도 될까요?",
          "summary": "",
          "date": "2022-09-12",
          "time": "20:04:39",
          "terminate": "false"
        },
        {
          "speaker": "speaker1",
          "personaID": "02743",
          "participantID": "25865",
          "utterance": "그냥 개봉하는 영화를 봤어요~ 혹시 영화좋아하세요?",
          "summary": "",
          "date": "2022-09-12",
          "time": "20:06:32",
          "terminate": "false"
        },
        {
          "speaker": "speaker2",
          "personaID": "02004",
          "participantID": "25456",
          "utterance": "저는 시간날때마다 뮤지컬 영화 가끔봐요~ 선생님은요?",
          "summary": "나는 뮤지컬 영화를 가끔 본다.",
          "date": "2022-09-12",
          "time": "20:07:08",
          "terminate": "false"
        },
        {
          "speaker": "speaker1",
          "personaID": "02743",
          "participantID": "25865",
          "utterance": "@브랜드명2@같은 영화말하는 거죠? 저는 SF영화를 좋아해요!",
          "summary": "나는 SF영화를 좋아한다.",
          "date": "2022-09-12",
          "time": "20:07:27",
          "terminate": "false"
        },
        {
          "speaker": "speaker2",
          "personaID": "02004",
          "participantID": "25456",
          "utterance": "그럼 어제 SF장르의 영화를 보신건가요?",
          "summary": "",
          "date": "2022-09-12",
          "time": "20:07:56",
          "terminate": "false"
        },
        {
          "speaker": "speaker1",
          "personaID": "02743",
          "participantID": "25865",
          "utterance": "어제는 탑건이라는 비행기 조종관련 영화를 봤어요~",
          "summary": "",
          "date": "2022-09-12",
          "time": "20:08:16",
          "terminate": "false"
        },
        {
          "speaker": "speaker2",
          "personaID": "02004",
          "participantID": "25456",
          "utterance": "너무 좋으셨겟는걸요? 영화보고 나선 뭐하셨나요?",
          "summary": "",
          "date": "2022-09-12",
          "time": "20:08:27",
          "terminate": "false"
        },
        {
          "speaker": "speaker1",
          "personaID": "02743",
          "participantID": "25865",
          "utterance": "사실 남편이 한식 먹고 싶다해서 순대국밥을 먹었는데.. 저는 별로 안좋아해서 기분이 안좋았네요.",
          "summary": "나는 순대국밥을 싫어한다.",
          "date": "2022-09-12",
          "time": "20:08:50",
          "terminate": "false"
        },
        {
          "speaker": "speaker2",
          "personaID": "02004",
          "participantID": "25456",
          "utterance": "왜 안좋아하는지 여쭤봐도 되나요?",
          "summary": "",
          "date": "2022-09-12",
          "time": "20:09:11",
          "terminate": "false"
        },
        {
          "speaker": "speaker1",
          "personaID": "02743",
          "participantID": "25865",
          "utterance": "그냥 제 입맛에 안맞더라구요! 저는 걸쭉한걸 별로 안좋아하는 것 같아요~",
          "summary": "나는 걸쭉한 요리를 안 좋아한다.",
          "date": "2022-09-12",
          "time": "20:09:48",
          "terminate": "false"
        },
        {
          "speaker": "speaker2",
          "personaID": "02004",
          "participantID": "25456",
          "utterance": "앗 그럼 들깨수제비 같은것도 안좋아하시겠네요?",
          "summary": "",
          "date": "2022-09-12",
          "time": "20:10:03",
          "terminate": "false"
        },
        {
          "speaker": "speaker1",
          "personaID": "02743",
          "participantID": "25865",
          "utterance": "맞아요~ 하하 ... 저 그럼 오늘 휴무인데 밀린 집안일좀 하고 올게요^^",
          "summary": "",
          "date": "2022-09-12",
          "time": "20:10:19",
          "terminate": "false"
        },
        {
          "speaker": "speaker2",
          "personaID": "02004",
          "participantID": "25456",
          "utterance": "네~ 그러세요! 집안일 끝나면 연락해요^^",
          "summary": "",
          "date": "2022-09-12",
          "time": "20:10:31",
          "terminate": "true"
        }
      ],
      "sessionPersonaSummary": {
        "speaker1": [
          "나는 어제 남편과 데이트를 했다.",
          "나는 SF영화를 좋아한다.",
          "나는 순대국밥을 싫어한다.",
          "나는 걸쭉한 요리를 안 좋아한다."
        ],
        "speaker2": [
          "나는 뮤지컬 영화를 가끔 본다."
        ]
      },
      "prevAggregatedpersonaSummary": {
        "speaker1": [
          "나는 30대 여자이다.",
          "나는 점심을 곧 먹을 예정이다.",
          "나는 영어에 관심 있지만 배울 시간이 없다.",
          "나는 세상이 발전하는데 적응하기 힘들다.",
          "나의 가족은 2명이다.",
          "나는 남편과 @브랜드명1@ 이야기하며 오래 통화를 했다.",
          "나의 집은 역세권에 있다."
        ],
        "speaker2": [
          "나는 20대 여자이다.",
          "나는 오전에 @브랜드명1@를 본다.",
          "나는 일본 유학을 꿈꾸고 있다.",
          "나는 @브랜드명1@로 일본어를 공부하고 있다.",
          "나는 @브랜드명1@로 공부하는 것이 학습효과가 좋다.",
          "나의 집은 비역세권에 있다.",
          "나는 밥을 먹을 때면 맘먹고 가야 한다.",
          "나의 집 앞에는 음식점이 없다."
        ]
      }
    },
    {
      "prevSessionID": "4-00331-3",
      "prevTimeInfo": {
        "timeNum": "3",
        "timeUnit": "시간"
      },
      "nthSession": "4",
      "numberOfUtterances": "16",
      "numberOfTurns": "8",
      "sessionID": "4-00331-4",
      "dialog": [
        {
          "speaker": "speaker1",
          "personaID": "02743",
          "participantID": "25865",
          "utterance": "집안일만 하면 시간이 이렇게 걸리네요~",
          "summary": "",
          "date": "2022-09-12",
          "time": "20:10:42",
          "terminate": "false"
        },
        {
          "speaker": "speaker2",
          "personaID": "02004",
          "participantID": "25456",
          "utterance": "집안일을 자주 하시는 편인가봐요~?",
          "summary": "",
          "date": "2022-09-12",
          "time": "20:10:52",
          "terminate": "false"
        },
        {
          "speaker": "speaker1",
          "personaID": "02743",
          "participantID": "25865",
          "utterance": "아무래도 제가 직장인이다보니 자주는 못해서.. 그냥 평균이랍니다.",
          "summary": "나는 직장인이라 집안일을 자주 못한다.",
          "date": "2022-09-12",
          "time": "20:11:04",
          "terminate": "false"
        },
        {
          "speaker": "speaker2",
          "personaID": "02004",
          "participantID": "25456",
          "utterance": "오! 그러시군요~ 집안일하는걸 별로 안좋아하시나요?",
          "summary": "",
          "date": "2022-09-12",
          "time": "20:11:36",
          "terminate": "false"
        },
        {
          "speaker": "speaker1",
          "personaID": "02743",
          "participantID": "25865",
          "utterance": "그건 아니지만. 그래도 힘든건 힘드네요~ 선생님은 집안일 좋아하시나요?",
          "summary": "",
          "date": "2022-09-12",
          "time": "20:11:51",
          "terminate": "false"
        },
        {
          "speaker": "speaker2",
          "personaID": "02004",
          "participantID": "25456",
          "utterance": "저는 집안일 하는걸 싫어해서 미니멀라이프 생활을 하고 있어요^^",
          "summary": "나는 미니멀 라이프 생활을 하고 있다.",
          "date": "2022-09-12",
          "time": "20:12:10",
          "terminate": "false"
        },
        {
          "speaker": "speaker1",
          "personaID": "02743",
          "participantID": "25865",
          "utterance": "그거 하면 필요한것도 못사서 불편하지 않나요?",
          "summary": "",
          "date": "2022-09-12",
          "time": "20:12:30",
          "terminate": "false"
        },
        {
          "speaker": "speaker2",
          "personaID": "02004",
          "participantID": "25456",
          "utterance": "처음엔 그랬는데 집에 먼지도 잘 안쌓이고 오히려 좋아요!",
          "summary": "",
          "date": "2022-09-12",
          "time": "20:12:46",
          "terminate": "false"
        },
        {
          "speaker": "speaker1",
          "personaID": "02743",
          "participantID": "25865",
          "utterance": "그렇군요! 저도 미니멀라이프 생활을 해야하나봐요. 하하 주말엔 뭐하세요?",
          "summary": "",
          "date": "2022-09-12",
          "time": "20:13:02",
          "terminate": "false"
        },
        {
          "speaker": "speaker2",
          "personaID": "02004",
          "participantID": "25456",
          "utterance": "저는 주말에 교회가서 예배드려요!",
          "summary": "나의 종교는 개신교이다.",
          "date": "2022-09-12",
          "time": "20:13:12",
          "terminate": "false"
        },
        {
          "speaker": "speaker1",
          "personaID": "02743",
          "participantID": "25865",
          "utterance": "오~ 기독교시군요? 교회가시면 예배만 드리나요?",
          "summary": "",
          "date": "2022-09-12",
          "time": "20:13:34",
          "terminate": "false"
        },
        {
          "speaker": "speaker2",
          "personaID": "02004",
          "participantID": "25456",
          "utterance": "아니요~ 그런건 아니에요! 하지만 저는 집에있는게 좋아서 예배만 주로 드리고 집에와요!",
          "summary": "",
          "date": "2022-09-12",
          "time": "20:13:57",
          "terminate": "false"
        },
        {
          "speaker": "speaker1",
          "personaID": "02743",
          "participantID": "25865",
          "utterance": "뭐 집에서 취미생활같은걸 하시나봐요?",
          "summary": "",
          "date": "2022-09-12",
          "time": "20:14:08",
          "terminate": "false"
        },
        {
          "speaker": "speaker2",
          "personaID": "02004",
          "participantID": "25456",
          "utterance": "그런건 아니지만, 집에서 예쁘게 음식 해놓고 먹는 걸 좋아해요!",
          "summary": "나는 집에서 예쁘게 음식을 플레이팅 해서 먹는 걸 좋아한다.",
          "date": "2022-09-12",
          "time": "20:14:28",
          "terminate": "false"
        },
        {
          "speaker": "speaker1",
          "personaID": "02743",
          "participantID": "25865",
          "utterance": "정말 저로썬 많은 걸 반성하게 되네요~! 저도 이제 슬슬 저녁 준비하러 가야겠네요~",
          "summary": "",
          "date": "2022-09-12",
          "time": "20:14:58",
          "terminate": "false"
        },
        {
          "speaker": "speaker2",
          "personaID": "02004",
          "participantID": "25456",
          "utterance": "하하하 아닙니다~ 저녁 준비 맛있게 하시고 또 연락주세요~",
          "summary": "",
          "date": "2022-09-12",
          "time": "20:15:13",
          "terminate": "true"
        }
      ],
      "sessionPersonaSummary": {
        "speaker1": [
          "나는 직장인이라 집안일을 자주 못한다."
        ],
        "speaker2": [
          "나는 미니멀 라이프 생활을 하고 있다.",
          "나의 종교는 개신교이다.",
          "나는 집에서 예쁘게 음식을 플레이팅 해서 먹는 걸 좋아한다."
        ]
      },
      "prevAggregatedpersonaSummary": {
        "speaker1": [
          "나는 30대 여자이다.",
          "나는 점심을 곧 먹을 예정이다.",
          "나는 영어에 관심 있지만 배울 시간이 없다.",
          "나는 세상이 발전하는데 적응하기 힘들다.",
          "나의 가족은 2명이다.",
          "나는 남편과 @브랜드명1@ 이야기하며 오래 통화를 했다.",
          "나의 집은 역세권에 있다.",
          "나는 어제 남편과 데이트를 했다.",
          "나는 SF영화를 좋아한다.",
          "나는 순대국밥을 싫어한다.",
          "나는 걸쭉한 요리를 안 좋아한다."
        ],
        "speaker2": [
          "나는 20대 여자이다.",
          "나는 오전에 @브랜드명1@를 본다.",
          "나는 일본 유학을 꿈꾸고 있다.",
          "나는 @브랜드명1@로 일본어를 공부하고 있다.",
          "나는 @브랜드명1@로 공부하는 것이 학습효과가 좋다.",
          "나의 집은 비역세권에 있다.",
          "나는 밥을 먹을 때면 맘먹고 가야 한다.",
          "나의 집 앞에는 음식점이 없다.",
          "나는 뮤지컬 영화를 가끔 본다."
        ]
      }
    }
  ]
}