{
  "FileInfo": {
    "filename": "K4-00344-CL67380-CP68081-18-06-S4.json",
    "sessionLevel": "4"
  },
  "participantsInfo": {
    "numberOfParticipants": "2",
    "speaker1": {
      "participantID": "20411",
      "gender": "여성",
      "age": "20대",
      "occupation": "학생",
      "bPlace": "부산/대구/울산/경상",
      "gPlace": "부산/대구/울산/경상",
      "rPlace": "부산/대구/울산/경상",
      "educationLevel": "고졸"
    },
    "speaker2": {
      "participantID": "20205",
      "gender": "여성",
      "age": "20대",
      "occupation": "무직",
      "bPlace": "부산/대구/울산/경상",
      "gPlace": "부산/대구/울산/경상",
      "rPlace": "부산/대구/울산/경상",
      "educationLevel": "대졸"
    }
  },
  "multisessionInfo": {
    "multisessionID": "4-00344"
  },
  "personaInfo": {
    "clInfo": {
      "personaID": "67380",
      "personaFeatures": [
        "나는 여자이다.",
        "나는 20대이다.",
        "나의 남자 형제는 회계사이다.",
        "나의 생일은 11월이다.",
        "나는 재즈 음악을 자주 듣는다.",
        "나는 점심에 인터넷 쇼핑을 한다."
      ],
      "speakerType": "speaker1"
    },
    "cpInfo": {
      "personaID": "68081",
      "personaFeatures": [
        "나는 여자이다.",
        "나는 20대이다.",
        "나는 아침에 음악을 듣는다.",
        "나의 생일은 2월이다.",
        "나는 에어로빅을 자주 한다.",
        "나는 짠 음식을 즐겨 먹는다.",
        "나는 혈액형이 B형이다."
      ],
      "speakerType": "speaker2"
    }
  },
  "topicInfo": {
    "topicID": "18-06",
    "topicType": "상거래 전반",
    "topicTitle": "결제방법"
  },
  "sessionInfo": [
    {
      "prevSessionID": null,
      "prevTimeInfo": {
        "timeNum": null,
        "timeUnit": null
      },
      "nthSession": "1",
      "numberOfUtterances": "14",
      "numberOfTurns": "7",
      "sessionID": "4-00344-1",
      "dialog": [
        {
          "speaker": "speaker1",
          "personaID": "67380",
          "participantID": "20411",
          "utterance": "안녕하세요~ 저는 20대 여자입니다! 만나서 반가워요~",
          "summary": "나는 20대 여자이다.",
          "date": "2022-11-23",
          "time": "11:49:08",
          "terminate": "false"
        },
        {
          "speaker": "speaker2",
          "personaID": "68081",
          "participantID": "20205",
          "utterance": "안녕하세요 저는 20대 여자입니다 반가워요^^",
          "summary": "나는 20대 여자이다.",
          "date": "2022-11-23",
          "time": "11:49:16",
          "terminate": "false"
        },
        {
          "speaker": "speaker1",
          "personaID": "67380",
          "participantID": "20411",
          "utterance": "혹시 대학생이신가요? 아니면 직장인 이신가요?",
          "summary": "",
          "date": "2022-11-23",
          "time": "11:49:25",
          "terminate": "false"
        },
        {
          "speaker": "speaker2",
          "personaID": "68081",
          "participantID": "20205",
          "utterance": "저는 아직 대학생이랍니다! 학교갈준비해야하는에 아침에 음악듣는게 참 좋네요!",
          "summary": "나는 대학생이다. 나는 아침에 음악을 듣는다.",
          "date": "2022-11-23",
          "time": "11:49:45",
          "terminate": "false"
        },
        {
          "speaker": "speaker1",
          "personaID": "67380",
          "participantID": "20411",
          "utterance": "저도 대학생이에요! 어떤 음악 들어요? 저도 재즈 음악 자주 듣거든요~",
          "summary": "나는 대학생이다. 나는 재즈 음악을 자주 듣는다.",
          "date": "2022-11-23",
          "time": "11:49:58",
          "terminate": "false"
        },
        {
          "speaker": "speaker2",
          "personaID": "68081",
          "participantID": "20205",
          "utterance": "저는 인기차트를 들어요~ 제가 혈액형이 b형이라 활발해서 신나는음악을 자주 듣는편인거같아요!",
          "summary": "나의 혈액형은 B형이다.",
          "date": "2022-11-23",
          "time": "11:50:26",
          "terminate": "false"
        },
        {
          "speaker": "speaker1",
          "personaID": "67380",
          "participantID": "20411",
          "utterance": "그렇구나~ 근데 저 설레요^^곧 생일이거든요~ 헤헷 생일 때문에 11월을 엄청 기다렸네요^^",
          "summary": "나의 생일은 11월이다.",
          "date": "2022-11-23",
          "time": "11:50:47",
          "terminate": "false"
        },
        {
          "speaker": "speaker2",
          "personaID": "68081",
          "participantID": "20205",
          "utterance": "오 정말요? 축하드려요~ 선물로 받고싶은게 있으신가요? 저는 2월달이 생일인뎅.",
          "summary": "나의 생일은 2월이다.",
          "date": "2022-11-23",
          "time": "11:51:03",
          "terminate": "false"
        },
        {
          "speaker": "speaker1",
          "personaID": "67380",
          "participantID": "20411",
          "utterance": "음.. 저는 아이패드 갖고 싶어요! 근데 오빠가 이번에 좋은 직장을 가져서 사준대요>_<",
          "summary": "나는 아이패드가 갖고 싶다. 나의 오빠는 좋은 직장을 가졌다.",
          "date": "2022-11-23",
          "time": "11:51:23",
          "terminate": "false"
        },
        {
          "speaker": "speaker2",
          "personaID": "68081",
          "participantID": "20205",
          "utterance": "오 정말요? 오빠가 있어서 부럽네요! 오빠는 무슨직장에 취업을했어요?",
          "summary": "",
          "date": "2022-11-23",
          "time": "11:51:45",
          "terminate": "false"
        },
        {
          "speaker": "speaker1",
          "personaID": "67380",
          "participantID": "20411",
          "utterance": "아 오빠가 이번에 회계사 됐어요! 저희 집 경사 났었어요^^자랑스럽다구~",
          "summary": "나의 남자 형제는 회계사이다.",
          "date": "2022-11-23",
          "time": "11:51:56",
          "terminate": "false"
        },
        {
          "speaker": "speaker2",
          "personaID": "68081",
          "participantID": "20205",
          "utterance": "오 정말요? 멋지시네요~ 축하파티는 하셨나요?",
          "summary": "",
          "date": "2022-11-23",
          "time": "11:52:19",
          "terminate": "false"
        },
        {
          "speaker": "speaker1",
          "personaID": "67380",
          "participantID": "20411",
          "utterance": "네~ 근데 겹경사로 바로 결혼도 한대요! 새언니될 분이 필라테스 강사래요!",
          "summary": "나의 오빠 여자 친구는 필라테스 강사다.",
          "date": "2022-11-23",
          "time": "11:52:34",
          "terminate": "false"
        },
        {
          "speaker": "speaker2",
          "personaID": "68081",
          "participantID": "20205",
          "utterance": "아 정말요? 축하할일이 많군요? 저 친구와 요즘 에어로빅을 다녀서 연습하러 가볼게요!",
          "summary": "나는 에어로빅을 자주 한다.",
          "date": "2022-11-23",
          "time": "11:53:00",
          "terminate": "true"
        }
      ],
      "sessionPersonaSummary": {
        "speaker1": [
          "나는 20대 여자이다.",
          "나는 대학생이다. 나는 재즈 음악을 자주 듣는다.",
          "나의 생일은 11월이다.",
          "나는 아이패드가 갖고 싶다. 나의 오빠는 좋은 직장을 가졌다.",
          "나의 남자 형제는 회계사이다.",
          "나의 오빠 여자 친구는 필라테스 강사다."
        ],
        "speaker2": [
          "나는 20대 여자이다.",
          "나는 대학생이다. 나는 아침에 음악을 듣는다.",
          "나의 혈액형은 B형이다.",
          "나의 생일은 2월이다.",
          "나는 에어로빅을 자주 한다."
        ]
      },
      "prevAggregatedpersonaSummary": {
        "speaker1": [],
        "speaker2": []
      }
    },
    {
      "prevSessionID": "4-00344-1",
      "prevTimeInfo": {
        "timeNum": "4",
        "timeUnit": "일"
      },
      "nthSession": "2",
      "numberOfUtterances": "14",
      "numberOfTurns": "7",
      "sessionID": "4-00344-2",
      "dialog": [
        {
          "speaker": "speaker1",
          "personaID": "67380",
          "participantID": "20411",
          "utterance": "4일만에 연락드려요~ 어떻게 지내고 계세요?",
          "summary": "",
          "date": "2022-11-23",
          "time": "11:53:10",
          "terminate": "false"
        },
        {
          "speaker": "speaker2",
          "personaID": "68081",
          "participantID": "20205",
          "utterance": "저는 취미로 에어로빅을 하는데 대회 나갔다 왔어요!",
          "summary": "나는 에어로빅 대회를 나갔다.",
          "date": "2022-11-23",
          "time": "11:53:27",
          "terminate": "false"
        },
        {
          "speaker": "speaker1",
          "personaID": "67380",
          "participantID": "20411",
          "utterance": "진짜요? 에어로빅 대회가 있는지는 몰랐어요! 그래서 순위에 들었나요?ㅎㅎ.",
          "summary": "나는 에어로빅 대회가 있는지 몰랐다.",
          "date": "2022-11-23",
          "time": "11:53:47",
          "terminate": "false"
        },
        {
          "speaker": "speaker2",
          "personaID": "68081",
          "participantID": "20205",
          "utterance": "네! 우승했답니다! 호호 축하해주세요~그런데 님은 뭐하던 중이였나요?",
          "summary": "나는 우승을 했다.",
          "date": "2022-11-23",
          "time": "11:54:01",
          "terminate": "false"
        },
        {
          "speaker": "speaker1",
          "personaID": "67380",
          "participantID": "20411",
          "utterance": "아 저는 배달 음식 기다리고있어요ㅎㅎㅎㅎ.",
          "summary": "",
          "date": "2022-11-23",
          "time": "11:54:12",
          "terminate": "false"
        },
        {
          "speaker": "speaker2",
          "personaID": "68081",
          "participantID": "20205",
          "utterance": "아 배달음식 시키셨나봐요! 무슨음식 시켰어요?",
          "summary": "",
          "date": "2022-11-23",
          "time": "11:54:26",
          "terminate": "false"
        },
        {
          "speaker": "speaker1",
          "personaID": "67380",
          "participantID": "20411",
          "utterance": "저 @상호명@시켰어요! 제가 매운 음식을 잘 먹거든요!",
          "summary": "나는 @상호명@을 시켰다. 나는 매운 음식을 잘 먹는다.",
          "date": "2022-11-23",
          "time": "11:54:42",
          "terminate": "false"
        },
        {
          "speaker": "speaker2",
          "personaID": "68081",
          "participantID": "20205",
          "utterance": "와 맛있겠네요! 배달은 앱애서 시키시나요?",
          "summary": "",
          "date": "2022-11-23",
          "time": "11:54:56",
          "terminate": "false"
        },
        {
          "speaker": "speaker1",
          "personaID": "67380",
          "participantID": "20411",
          "utterance": "네~ 요즘 세상이 너무 발전해가지구 결제 방법이 다양해서 너무 편리해요!",
          "summary": "나는 결제 방법이 다양해서 편리하다.",
          "date": "2022-11-23",
          "time": "11:55:11",
          "terminate": "false"
        },
        {
          "speaker": "speaker2",
          "personaID": "68081",
          "participantID": "20205",
          "utterance": "맞아요! 저도 배달음식 자주 시켜먹거든요! 요즘 진짜 결제방법이 다양하죠?",
          "summary": "",
          "date": "2022-11-23",
          "time": "11:55:42",
          "terminate": "false"
        },
        {
          "speaker": "speaker1",
          "personaID": "67380",
          "participantID": "20411",
          "utterance": "그러니까요!!!평소에 어떤 결제 방법을 자주 이용하세요? 저는 @브랜드명1@페이 이용해요!",
          "summary": "나는 @브랜드명1@페이를 자주 이용한다.",
          "date": "2022-11-23",
          "time": "11:55:58",
          "terminate": "false"
        },
        {
          "speaker": "speaker2",
          "personaID": "68081",
          "participantID": "20205",
          "utterance": "오 저는 @브랜드명2@페이 사용하고있어요! 지갑들고다닐필요가 없어서 너무 좋아요!",
          "summary": "",
          "date": "2022-11-23",
          "time": "11:56:43",
          "terminate": "false"
        },
        {
          "speaker": "speaker1",
          "personaID": "67380",
          "participantID": "20411",
          "utterance": "저는 핸드폰이 @브랜드명3@이라서 ㅎㅎ페이는 따로 없어 아쉽네요.",
          "summary": "나는 핸드폰이 @브랜드명3@이다.",
          "date": "2022-11-23",
          "time": "11:57:00",
          "terminate": "false"
        },
        {
          "speaker": "speaker2",
          "personaID": "68081",
          "participantID": "20205",
          "utterance": "그렇군요! 그래도 @브랜드명3@이 카메라가 좋잖아요! 저 그럼 씻고올게요!",
          "summary": "나는 씻고 올 것이다.",
          "date": "2022-11-23",
          "time": "11:57:33",
          "terminate": "true"
        }
      ],
      "sessionPersonaSummary": {
        "speaker1": [
          "나는 에어로빅 대회가 있는지 몰랐다.",
          "나는 @상호명@을 시켰다. 나는 매운 음식을 잘 먹는다.",
          "나는 결제 방법이 다양해서 편리하다.",
          "나는 @브랜드명1@페이를 자주 이용한다.",
          "나는 핸드폰이 @브랜드명3@이다."
        ],
        "speaker2": [
          "나는 에어로빅 대회를 나갔다.",
          "나는 우승을 했다.",
          "나는 씻고 올 것이다."
        ]
      },
      "prevAggregatedpersonaSummary": {
        "speaker1": [
          "나는 20대 여자이다.",
          "나는 대학생이다. 나는 재즈 음악을 자주 듣는다.",
          "나의 생일은 11월이다.",
          "나는 아이패드가 갖고 싶다. 나의 오빠는 좋은 직장을 가졌다.",
          "나의 남자 형제는 회계사이다.",
          "나의 오빠 여자 친구는 필라테스 강사다."
        ],
        "speaker2": [
          "나는 20대 여자이다.",
          "나는 대학생이다. 나는 아침에 음악을 듣는다.",
          "나의 혈액형은 B형이다.",
          "나의 생일은 2월이다.",
          "나는 에어로빅을 자주 한다."
        ]
      }
    },
    {
      "prevSessionID": "4-00344-2",
      "prevTimeInfo": {
        "timeNum": "12",
        "timeUnit": "시간"
      },
      "nthSession": "3",
      "numberOfUtterances": "14",
      "numberOfTurns": "7",
      "sessionID": "4-00344-3",
      "dialog": [
        {
          "speaker": "speaker1",
          "personaID": "67380",
          "participantID": "20411",
          "utterance": "반나절만에 연락드려요~ㅎㅎ아까 배달음식을 너무 맛있게 먹고 낮잠을 여태잤네요^^",
          "summary": "",
          "date": "2022-11-23",
          "time": "11:57:35",
          "terminate": "false"
        },
        {
          "speaker": "speaker2",
          "personaID": "68081",
          "participantID": "20205",
          "utterance": "맛있게 드셨나요? 연락기다렸었는데! 좋은꿈꾸셨나요?",
          "summary": "",
          "date": "2022-11-23",
          "time": "11:57:49",
          "terminate": "false"
        },
        {
          "speaker": "speaker1",
          "personaID": "67380",
          "participantID": "20411",
          "utterance": "네.. 너무 많이 자버려서 오늘 밤에는 밤새야겠네요^^저랑 수다나 떨어요~",
          "summary": "나는 너무 많이 자서 밤을 새울 것 같다.",
          "date": "2022-11-23",
          "time": "11:58:08",
          "terminate": "false"
        },
        {
          "speaker": "speaker2",
          "personaID": "68081",
          "participantID": "20205",
          "utterance": "좋아요! 호호 저번에 말하길 11월달이 생일이시면 선물 받으셨나요?",
          "summary": "",
          "date": "2022-11-23",
          "time": "11:58:53",
          "terminate": "false"
        },
        {
          "speaker": "speaker1",
          "personaID": "67380",
          "participantID": "20411",
          "utterance": "지금 받고 싶은 선물 리스트 적어놓고 있어요ㅎㅎ.",
          "summary": "나는 받고 싶은 선물 리스트를 적어 놓고 있다.",
          "date": "2022-11-23",
          "time": "11:59:02",
          "terminate": "false"
        },
        {
          "speaker": "speaker2",
          "personaID": "68081",
          "participantID": "20205",
          "utterance": "오 부럽네요! 저도 작은 선물하나 해드릴게요! 꽃좋아하세요?",
          "summary": "",
          "date": "2022-11-23",
          "time": "11:59:21",
          "terminate": "false"
        },
        {
          "speaker": "speaker1",
          "personaID": "67380",
          "participantID": "20411",
          "utterance": "헉! 좋아아죠~ 꽃 싫어하는 여자도 있나요?감동이에요..",
          "summary": "",
          "date": "2022-11-23",
          "time": "11:59:31",
          "terminate": "false"
        },
        {
          "speaker": "speaker2",
          "personaID": "68081",
          "participantID": "20205",
          "utterance": "오 제가 수제로 비누꽃을 만들고 있거든요~ 그런데 어디사시는 분이세요?",
          "summary": "",
          "date": "2022-11-23",
          "time": "11:59:54",
          "terminate": "false"
        },
        {
          "speaker": "speaker1",
          "personaID": "67380",
          "participantID": "20411",
          "utterance": "아 저는 전주에 살아요!! 근데 너무 예뻐서 쓰기 아까울 것 같은데ㅠ.",
          "summary": "나는 전주에 산다.",
          "date": "2022-11-23",
          "time": "12:00:00",
          "terminate": "false"
        },
        {
          "speaker": "speaker2",
          "personaID": "68081",
          "participantID": "20205",
          "utterance": "어머 가까이에 살고있네요! 저는 익산에 살고있어요!",
          "summary": "나의 거주지는 익산이다.",
          "date": "2022-11-23",
          "time": "12:00:18",
          "terminate": "false"
        },
        {
          "speaker": "speaker1",
          "personaID": "67380",
          "participantID": "20411",
          "utterance": "헉 진짜요? 버스타고도 30분이면 가는 거리네요? 언제한번 밥한끼해요^^",
          "summary": "",
          "date": "2022-11-23",
          "time": "12:00:31",
          "terminate": "false"
        },
        {
          "speaker": "speaker2",
          "personaID": "68081",
          "participantID": "20205",
          "utterance": "네 맞아요! 좋네요~ 전주로 제가 갈게요 전주 맛집을 좋아해서요!",
          "summary": "나는 전주 맛집을 좋아한다.",
          "date": "2022-11-23",
          "time": "12:00:50",
          "terminate": "false"
        },
        {
          "speaker": "speaker1",
          "personaID": "67380",
          "participantID": "20411",
          "utterance": "너무 고맙네요~ 그러면 제가 식사 대접할게요!",
          "summary": "",
          "date": "2022-11-23",
          "time": "12:00:59",
          "terminate": "false"
        },
        {
          "speaker": "speaker2",
          "personaID": "68081",
          "participantID": "20205",
          "utterance": "네 전주 유명한 식당들은 줄이 길어서 키오스크가 있었으면해요 ㅠㅠ 그럼 저 이만 자볼게요!",
          "summary": "나는 유명한 식당에 키오스크가 있었으면 좋겠다.",
          "date": "2022-11-23",
          "time": "12:01:20",
          "terminate": "true"
        }
      ],
      "sessionPersonaSummary": {
        "speaker1": [
          "나는 너무 많이 자서 밤을 새울 것 같다.",
          "나는 받고 싶은 선물 리스트를 적어 놓고 있다.",
          "나는 전주에 산다."
        ],
        "speaker2": [
          "나의 거주지는 익산이다.",
          "나는 전주 맛집을 좋아한다.",
          "나는 유명한 식당에 키오스크가 있었으면 좋겠다."
        ]
      },
      "prevAggregatedpersonaSummary": {
        "speaker1": [
          "나는 20대 여자이다.",
          "나는 대학생이다. 나는 재즈 음악을 자주 듣는다.",
          "나의 생일은 11월이다.",
          "나는 아이패드가 갖고 싶다. 나의 오빠는 좋은 직장을 가졌다.",
          "나의 남자 형제는 회계사이다.",
          "나의 오빠 여자 친구는 필라테스 강사다.",
          "나는 에어로빅 대회가 있는지 몰랐다.",
          "나는 @상호명@을 시켰다. 나는 매운 음식을 잘 먹는다.",
          "나는 결제 방법이 다양해서 편리하다.",
          "나는 @브랜드명1@페이를 자주 이용한다.",
          "나는 핸드폰이 @브랜드명3@이다."
        ],
        "speaker2": [
          "나는 20대 여자이다.",
          "나는 대학생이다. 나는 아침에 음악을 듣는다.",
          "나의 혈액형은 B형이다.",
          "나의 생일은 2월이다.",
          "나는 에어로빅을 자주 한다.",
          "나는 에어로빅 대회를 나갔다.",
          "나는 우승을 했다.",
          "나는 씻고 올 것이다."
        ]
      }
    },
    {
      "prevSessionID": "4-00344-3",
      "prevTimeInfo": {
        "timeNum": "1",
        "timeUnit": "주"
      },
      "nthSession": "4",
      "numberOfUtterances": "14",
      "numberOfTurns": "7",
      "sessionID": "4-00344-4",
      "dialog": [
        {
          "speaker": "speaker1",
          "personaID": "67380",
          "participantID": "20411",
          "utterance": "일주일만에 연락드리네요~ 그간 잘 지내셨죠?ㅎㅎ.",
          "summary": "",
          "date": "2022-11-23",
          "time": "12:01:22",
          "terminate": "false"
        },
        {
          "speaker": "speaker2",
          "personaID": "68081",
          "participantID": "20205",
          "utterance": "오랜만이네요! 님 잘지내셨나요? 뭐하고 계셨나요?",
          "summary": "",
          "date": "2022-11-23",
          "time": "12:01:36",
          "terminate": "false"
        },
        {
          "speaker": "speaker1",
          "personaID": "67380",
          "participantID": "20411",
          "utterance": "저는 요즘 입을 옷이 없어서 쇼핑하러 나왔어요!",
          "summary": "나는 요즘 입을 옷이 없어서 쇼핑하러 나왔다.",
          "date": "2022-11-23",
          "time": "12:01:51",
          "terminate": "false"
        },
        {
          "speaker": "speaker2",
          "personaID": "68081",
          "participantID": "20205",
          "utterance": "님은 쇼핑어디서 하시나요? 저도 겨울패딩하나 사려구요~",
          "summary": "나는 겨울 패딩을 살 것이다.",
          "date": "2022-11-23",
          "time": "12:02:08",
          "terminate": "false"
        },
        {
          "speaker": "speaker1",
          "personaID": "67380",
          "participantID": "20411",
          "utterance": "저는 그냥 보세로 사요! 현금 결제하면 할인도 되더라구요~^^",
          "summary": "나는 보세로 쇼핑을 한다.",
          "date": "2022-11-23",
          "time": "12:02:19",
          "terminate": "false"
        },
        {
          "speaker": "speaker2",
          "personaID": "68081",
          "participantID": "20205",
          "utterance": "오 정말요? 요즘 결제방법이 워낙 다양해서 그런가봐요~",
          "summary": "",
          "date": "2022-11-23",
          "time": "12:03:04",
          "terminate": "false"
        },
        {
          "speaker": "speaker1",
          "personaID": "67380",
          "participantID": "20411",
          "utterance": "그러니까요~ 근데 저도 현금박치기 좋아해요! 그래서 신용카드도 없어요ㅠㅠ.",
          "summary": "나는 현금 결제를 좋아한다. 나는 신용카드가 없다.",
          "date": "2022-11-23",
          "time": "12:03:15",
          "terminate": "false"
        },
        {
          "speaker": "speaker2",
          "personaID": "68081",
          "participantID": "20205",
          "utterance": "저는 신용카드를 사용해서 그런지 카드가좋더라구요! 포인트쌓는재미?",
          "summary": "나는 신용카드를 쓴다.",
          "date": "2022-11-23",
          "time": "12:03:35",
          "terminate": "false"
        },
        {
          "speaker": "speaker1",
          "personaID": "67380",
          "participantID": "20411",
          "utterance": "그러니까요~ 안쓰더라도 카드사 할인 받고 하려면 신용카드가 하나쯤은 있어야겠더라구요!",
          "summary": "",
          "date": "2022-11-23",
          "time": "12:03:47",
          "terminate": "false"
        },
        {
          "speaker": "speaker2",
          "personaID": "68081",
          "participantID": "20205",
          "utterance": "맞아요! 그런데 너무 막쓰게 되어서 문제랍니다 ㅠㅠ.",
          "summary": "",
          "date": "2022-11-23",
          "time": "12:04:16",
          "terminate": "false"
        },
        {
          "speaker": "speaker1",
          "personaID": "67380",
          "participantID": "20411",
          "utterance": "잘 조절해야지요ㅠㅠ근데 오늘 스케줄은 어떻게 되세요?",
          "summary": "",
          "date": "2022-11-23",
          "time": "12:04:26",
          "terminate": "false"
        },
        {
          "speaker": "speaker2",
          "personaID": "68081",
          "participantID": "20205",
          "utterance": "저는 이제 학교가려구요! 오늘 수업이 많은날이라서요 ㅠㅠ.",
          "summary": "나는 오늘 수업이 많은 날이다.",
          "date": "2022-11-23",
          "time": "12:04:38",
          "terminate": "false"
        },
        {
          "speaker": "speaker1",
          "personaID": "67380",
          "participantID": "20411",
          "utterance": "아 그렇구나~ 그럼 저 우선 쇼핑 다녀올게요^^",
          "summary": "",
          "date": "2022-11-23",
          "time": "12:04:40",
          "terminate": "false"
        },
        {
          "speaker": "speaker2",
          "personaID": "68081",
          "participantID": "20205",
          "utterance": "네 그럼 즐거운 쇼핑하시고 나중에또 연락해요^^",
          "summary": "",
          "date": "2022-11-23",
          "time": "12:04:52",
          "terminate": "true"
        }
      ],
      "sessionPersonaSummary": {
        "speaker1": [
          "나는 요즘 입을 옷이 없어서 쇼핑하러 나왔다.",
          "나는 보세로 쇼핑을 한다.",
          "나는 현금 결제를 좋아한다. 나는 신용카드가 없다."
        ],
        "speaker2": [
          "나는 겨울 패딩을 살 것이다.",
          "나는 신용카드를 쓴다.",
          "나는 오늘 수업이 많은 날이다."
        ]
      },
      "prevAggregatedpersonaSummary": {
        "speaker1": [
          "나는 20대 여자이다.",
          "나는 대학생이다. 나는 재즈 음악을 자주 듣는다.",
          "나의 생일은 11월이다.",
          "나는 아이패드가 갖고 싶다. 나의 오빠는 좋은 직장을 가졌다.",
          "나의 남자 형제는 회계사이다.",
          "나의 오빠 여자 친구는 필라테스 강사다.",
          "나는 에어로빅 대회가 있는지 몰랐다.",
          "나는 @상호명@을 시켰다. 나는 매운 음식을 잘 먹는다.",
          "나는 결제 방법이 다양해서 편리하다.",
          "나는 @브랜드명1@페이를 자주 이용한다.",
          "나는 핸드폰이 @브랜드명3@이다.",
          "나는 너무 많이 자서 밤을 새울 것 같다.",
          "나는 받고 싶은 선물 리스트를 적어 놓고 있다.",
          "나는 전주에 산다."
        ],
        "speaker2": [
          "나는 20대 여자이다.",
          "나는 대학생이다. 나는 아침에 음악을 듣는다.",
          "나의 혈액형은 B형이다.",
          "나의 생일은 2월이다.",
          "나는 에어로빅을 자주 한다.",
          "나는 에어로빅 대회를 나갔다.",
          "나는 우승을 했다.",
          "나는 씻고 올 것이다.",
          "나의 거주지는 익산이다.",
          "나는 전주 맛집을 좋아한다.",
          "나는 유명한 식당에 키오스크가 있었으면 좋겠다."
        ]
      }
    }
  ]
}