{
  "FileInfo": {
    "filename": "K4-00439-CL11244-CP10698-12-13-S4.json",
    "sessionLevel": "4"
  },
  "participantsInfo": {
    "numberOfParticipants": "2",
    "speaker1": {
      "participantID": "3312",
      "gender": "여성",
      "age": "10대",
      "occupation": "학생",
      "bPlace": "광주/전라/제주",
      "gPlace": "서울/경기/인천",
      "rPlace": "서울/경기/인천",
      "educationLevel": "중졸"
    },
    "speaker2": {
      "participantID": "3451",
      "gender": "남성",
      "age": "20대",
      "occupation": "학생",
      "bPlace": "부산/대구/울산/경상",
      "gPlace": "부산/대구/울산/경상",
      "rPlace": "부산/대구/울산/경상",
      "educationLevel": "고졸"
    }
  },
  "multisessionInfo": {
    "multisessionID": "4-00439"
  },
  "personaInfo": {
    "clInfo": {
      "personaID": "11244",
      "personaFeatures": [
        "나는 여자이다.",
        "나는 10대이다.",
        "나의 아버지는 자영업을 한다",
        "나는 가끔 우울하다",
        "나는 키위를 즐겨 먹는다"
      ],
      "speakerType": "speaker1"
    },
    "cpInfo": {
      "personaID": "10698",
      "personaFeatures": [
        "나는 남자이다.",
        "나는 10대이다.",
        "나의 부모님은 내가 하는 일에 늘 관심이 많다",
        "나는 뭐든지 열심히 한다",
        "나는 방송 중에 애니메이션 보는 것을 좋아한다"
      ],
      "speakerType": "speaker2"
    }
  },
  "topicInfo": {
    "topicID": "12-13",
    "topicType": "여가와 오락>여행",
    "topicTitle": "놀이공원"
  },
  "sessionInfo": [
    {
      "prevSessionID": null,
      "prevTimeInfo": {
        "timeNum": null,
        "timeUnit": null
      },
      "nthSession": "1",
      "numberOfUtterances": "14",
      "numberOfTurns": "7",
      "sessionID": "4-00439-1",
      "dialog": [
        {
          "speaker": "speaker1",
          "personaID": "11244",
          "participantID": "3312",
          "utterance": "안녕하세요 저는 10대 여성입니다",
          "summary": "나는 10대 여성이다.",
          "date": "2022-10-13",
          "time": "20:10:39",
          "terminate": "false"
        },
        {
          "speaker": "speaker2",
          "personaID": "10698",
          "participantID": "3451",
          "utterance": "안녕하세요 저는 20대 남자에요",
          "summary": "나는 20대 남자이다",
          "date": "2022-10-13",
          "time": "20:12:45",
          "terminate": "false"
        },
        {
          "speaker": "speaker1",
          "personaID": "11244",
          "participantID": "3312",
          "utterance": "좋아하는 과일 있으신가요? 저는 키위를 즐겨 먹어요 ",
          "summary": "나는 키위를 즐겨 먹는다.",
          "date": "2022-10-13",
          "time": "20:13:12",
          "terminate": "false"
        },
        {
          "speaker": "speaker2",
          "personaID": "10698",
          "participantID": "3451",
          "utterance": "저는 과일들은 전부 다 좋아해요",
          "summary": "저는 과일은 전부 좋아한다",
          "date": "2022-10-13",
          "time": "20:14:04",
          "terminate": "false"
        },
        {
          "speaker": "speaker1",
          "personaID": "11244",
          "participantID": "3312",
          "utterance": "저는 가끔 우울해서 즐겨 먹곤 해요 ",
          "summary": "나는 가끔 우울하다.",
          "date": "2022-10-13",
          "time": "20:15:20",
          "terminate": "false"
        },
        {
          "speaker": "speaker2",
          "personaID": "10698",
          "participantID": "3451",
          "utterance": "저는 우울할 때 마다 애니메이션을 봐요 애니메이션 보는 걸 좋아하거든요",
          "summary": "나는 애니메이션을 좋아한다",
          "date": "2022-10-13",
          "time": "20:16:37",
          "terminate": "false"
        },
        {
          "speaker": "speaker1",
          "personaID": "11244",
          "participantID": "3312",
          "utterance": "오오 그러시군요 저의 아버지는 자영업을 하신답니다 ",
          "summary": "나는 아버지께서 자영업을 한다.",
          "date": "2022-10-13",
          "time": "20:18:12",
          "terminate": "false"
        },
        {
          "speaker": "speaker2",
          "personaID": "10698",
          "participantID": "3451",
          "utterance": "저희 부모님께선 제가 하는 일에 늘 관심이 많으셔서 조금은 부담스러워요",
          "summary": "나의 부모님은 내가 하는 일에 늘 관심이 많다.",
          "date": "2022-10-13",
          "time": "20:18:58",
          "terminate": "false"
        },
        {
          "speaker": "speaker1",
          "personaID": "11244",
          "participantID": "3312",
          "utterance": "저희 부모님은 관심이 없으셔서 조금은 부럽습니다  ",
          "summary": "나는 부모님께서 관심이 별로 없으시다.\n",
          "date": "2022-10-13",
          "time": "20:23:39",
          "terminate": "false"
        },
        {
          "speaker": "speaker2",
          "personaID": "10698",
          "participantID": "3451",
          "utterance": "그럴 수 있다고 생각해요 사람마다 성향이 다른거니까요",
          "summary": "",
          "date": "2022-10-13",
          "time": "20:25:09",
          "terminate": "false"
        },
        {
          "speaker": "speaker1",
          "personaID": "11244",
          "participantID": "3312",
          "utterance": "그쵸 생각해보니 저만 생각한 것 같네요 저도 부모님을 이해해보려고 노력해야겠네요 ",
          "summary": "나는 부모님을 이해해보려 노력할 것이다.",
          "date": "2022-10-13",
          "time": "20:27:17",
          "terminate": "false"
        },
        {
          "speaker": "speaker2",
          "personaID": "10698",
          "participantID": "3451",
          "utterance": "맞아요 서로가 서로에 대해서 다르게 생각을 해 보는 것도 나쁘지 않은 것 같아요",
          "summary": "",
          "date": "2022-10-13",
          "time": "20:30:03",
          "terminate": "false"
        },
        {
          "speaker": "speaker1",
          "personaID": "11244",
          "participantID": "3312",
          "utterance": "세상은 자기 뜻대로 흘러가진 않으니까요!",
          "summary": "",
          "date": "2022-10-13",
          "time": "20:34:34",
          "terminate": "false"
        },
        {
          "speaker": "speaker2",
          "personaID": "10698",
          "participantID": "3451",
          "utterance": "네 그게 맞아요 세상은 그렇게 호락호락하지 않죠",
          "summary": "",
          "date": "2022-10-13",
          "time": "20:38:15",
          "terminate": "true"
        }
      ],
      "sessionPersonaSummary": {
        "speaker1": [
          "나는 10대 여성이다.",
          "나는 키위를 즐겨 먹는다.",
          "나는 가끔 우울하다.",
          "나는 아버지께서 자영업을 한다.",
          "나는 부모님께서 관심이 별로 없으시다.\n",
          "나는 부모님을 이해해보려 노력할 것이다."
        ],
        "speaker2": [
          "나는 20대 남자이다",
          "저는 과일은 전부 좋아한다",
          "나는 애니메이션을 좋아한다",
          "나의 부모님은 내가 하는 일에 늘 관심이 많다."
        ]
      },
      "prevAggregatedpersonaSummary": {
        "speaker1": [],
        "speaker2": []
      }
    },
    {
      "prevSessionID": "4-00439-1",
      "prevTimeInfo": {
        "timeNum": "9",
        "timeUnit": "일"
      },
      "nthSession": "2",
      "numberOfUtterances": "14",
      "numberOfTurns": "7",
      "sessionID": "4-00439-2",
      "dialog": [
        {
          "speaker": "speaker1",
          "personaID": "11244",
          "participantID": "3312",
          "utterance": "9일이 지나서 이제서야 연락 드리네요ㅠ",
          "summary": "",
          "date": "2022-10-13",
          "time": "20:47:48",
          "terminate": "false"
        },
        {
          "speaker": "speaker2",
          "personaID": "10698",
          "participantID": "3451",
          "utterance": "안녕하세요! 오랜만이네요 반가워요",
          "summary": "",
          "date": "2022-10-13",
          "time": "20:48:59",
          "terminate": "false"
        },
        {
          "speaker": "speaker1",
          "personaID": "11244",
          "participantID": "3312",
          "utterance": "날씨도 좋은데 뭐하고 지내셨나요?",
          "summary": "",
          "date": "2022-10-13",
          "time": "20:53:22",
          "terminate": "false"
        },
        {
          "speaker": "speaker2",
          "personaID": "10698",
          "participantID": "3451",
          "utterance": "저는 집에서 주로 애니메이션을 봤어요",
          "summary": "",
          "date": "2022-10-13",
          "time": "20:55:05",
          "terminate": "false"
        },
        {
          "speaker": "speaker1",
          "personaID": "11244",
          "participantID": "3312",
          "utterance": "저는 요즘 놀이공원이 그렇게 재미있더라고요 좋아하시나요?",
          "summary": "나는 요즘 놀이공원이 그렇게 재밌다.",
          "date": "2022-10-13",
          "time": "20:59:37",
          "terminate": "false"
        },
        {
          "speaker": "speaker2",
          "personaID": "10698",
          "participantID": "3451",
          "utterance": "놀아공원 좋아해요 그 놀이공원 만의 몽글몽글 한 그 분위기가 너무 좋아요",
          "summary": "나는 놀이공원을 좋아한다",
          "date": "2022-10-13",
          "time": "21:04:05",
          "terminate": "false"
        },
        {
          "speaker": "speaker1",
          "personaID": "11244",
          "participantID": "3312",
          "utterance": "그쵸! 타는 놀이기구중에 좋아하는 거 있나요?",
          "summary": "",
          "date": "2022-10-13",
          "time": "21:04:57",
          "terminate": "false"
        },
        {
          "speaker": "speaker2",
          "personaID": "10698",
          "participantID": "3451",
          "utterance": "음 자이로드롭도 좋아하고, 롤러코스터도 좋아하고 딱 하나를 고르기가 힘드네요",
          "summary": "나는 놀이공원 기구를 다 좋아한다",
          "date": "2022-10-13",
          "time": "21:06:02",
          "terminate": "false"
        },
        {
          "speaker": "speaker1",
          "personaID": "11244",
          "participantID": "3312",
          "utterance": "자이로드롭 타시는 걸 보니 무서운거 잘 타시나봐요",
          "summary": "",
          "date": "2022-10-13",
          "time": "21:08:31",
          "terminate": "false"
        },
        {
          "speaker": "speaker2",
          "personaID": "10698",
          "participantID": "3451",
          "utterance": "네 그 뭔가 간질간질 한 그 느낌이 좋거든요",
          "summary": "",
          "date": "2022-10-13",
          "time": "21:09:45",
          "terminate": "false"
        },
        {
          "speaker": "speaker1",
          "personaID": "11244",
          "participantID": "3312",
          "utterance": "맞아요 ! 저도 그런 느낌이 좋아서 탄답니다",
          "summary": "나는 무서운 놀이기구의 느낌이 좋아서 탄다.",
          "date": "2022-10-13",
          "time": "21:11:42",
          "terminate": "false"
        },
        {
          "speaker": "speaker2",
          "personaID": "10698",
          "participantID": "3451",
          "utterance": "창피해서 못 타지만 왠지 회전목마도 항상 타고 싶어요 뭐랄까 어릴적으로 돌아가고 싶달까 ? 그런 느낌 ?",
          "summary": "나는 회전목마도 가끔씩 타고 싶다",
          "date": "2022-10-13",
          "time": "21:12:59",
          "terminate": "false"
        },
        {
          "speaker": "speaker1",
          "personaID": "11244",
          "participantID": "3312",
          "utterance": "회전목마의 화려함이 발길을 이끌게 하는 것 같아요",
          "summary": "",
          "date": "2022-10-13",
          "time": "21:13:40",
          "terminate": "false"
        },
        {
          "speaker": "speaker2",
          "personaID": "10698",
          "participantID": "3451",
          "utterance": "아 그런 것 같기도 해요 잘 설명하셨네요",
          "summary": "",
          "date": "2022-10-13",
          "time": "21:16:47",
          "terminate": "true"
        }
      ],
      "sessionPersonaSummary": {
        "speaker1": [
          "나는 요즘 놀이공원이 그렇게 재밌다.",
          "나는 무서운 놀이기구의 느낌이 좋아서 탄다."
        ],
        "speaker2": [
          "나는 놀이공원을 좋아한다",
          "나는 놀이공원 기구를 다 좋아한다",
          "나는 회전목마도 가끔씩 타고 싶다"
        ]
      },
      "prevAggregatedpersonaSummary": {
        "speaker1": [
          "나는 10대 여성이다.",
          "나는 키위를 즐겨 먹는다.",
          "나는 가끔 우울하다.",
          "나는 아버지께서 자영업을 한다.",
          "나는 부모님께서 관심이 별로 없으시다.\n",
          "나는 부모님을 이해해보려 노력할 것이다."
        ],
        "speaker2": [
          "나는 20대 남자이다",
          "저는 과일은 전부 좋아한다",
          "나는 애니메이션을 좋아한다",
          "나의 부모님은 내가 하는 일에 늘 관심이 많다."
        ]
      }
    },
    {
      "prevSessionID": "4-00439-2",
      "prevTimeInfo": {
        "timeNum": "1",
        "timeUnit": "일"
      },
      "nthSession": "3",
      "numberOfUtterances": "14",
      "numberOfTurns": "7",
      "sessionID": "4-00439-3",
      "dialog": [
        {
          "speaker": "speaker1",
          "personaID": "11244",
          "participantID": "3312",
          "utterance": "어제보다 오늘이 더 날씨가 추운 것 같네요",
          "summary": "나는 어제보다 오늘이 날씨가 더 추운 것 같다.",
          "date": "2022-10-13",
          "time": "21:27:38",
          "terminate": "false"
        },
        {
          "speaker": "speaker2",
          "personaID": "10698",
          "participantID": "3451",
          "utterance": "네 그런 것 같아요 오늘은 되게 추웠어요",
          "summary": "",
          "date": "2022-10-13",
          "time": "21:27:58",
          "terminate": "false"
        },
        {
          "speaker": "speaker1",
          "personaID": "11244",
          "participantID": "3312",
          "utterance": "여행 좋아하시나요? 저는 국내 여행을 가장 좋아해요",
          "summary": "나는 국내 여행을 가장 좋아한다.",
          "date": "2022-10-13",
          "time": "21:29:09",
          "terminate": "false"
        },
        {
          "speaker": "speaker2",
          "personaID": "10698",
          "participantID": "3451",
          "utterance": "네 저도 여행 좋아해요 여기 저기 가보고 싶어요",
          "summary": "나는 여행을 좋아한다",
          "date": "2022-10-13",
          "time": "21:32:55",
          "terminate": "false"
        },
        {
          "speaker": "speaker1",
          "personaID": "11244",
          "participantID": "3312",
          "utterance": "때론 해외여행도 가보고 싶기도 해요 가고싶은 나라 있으신가요?",
          "summary": "나는 때론 해외여행도 가보고 싶다.",
          "date": "2022-10-13",
          "time": "21:37:08",
          "terminate": "false"
        },
        {
          "speaker": "speaker2",
          "personaID": "10698",
          "participantID": "3451",
          "utterance": "지금은 일본이 가보고 싶어요 도쿄나 아니면 아예 삿포로나 이런쪽으로요",
          "summary": "나는 일본 여행을 하고 싶다",
          "date": "2022-10-13",
          "time": "21:37:46",
          "terminate": "false"
        },
        {
          "speaker": "speaker1",
          "personaID": "11244",
          "participantID": "3312",
          "utterance": "헉 저도 일본 가장 가고싶어요 주로 시골마을 쪽으로요 특유의 감성이 좋더라구요",
          "summary": "나는 일본을 가장 가고 싶다. 주로 시골마을 쪽으로 가고 싶다. 특유의 감성을 좋아한다.",
          "date": "2022-10-13",
          "time": "21:39:09",
          "terminate": "false"
        },
        {
          "speaker": "speaker2",
          "personaID": "10698",
          "participantID": "3451",
          "utterance": "아 뭔지 알 것 같아요 그 일본 특유의 그 뭐랄까 따뜻하면서도 포근하고 근데 세련된 그 느낌이요",
          "summary": "",
          "date": "2022-10-13",
          "time": "21:41:31",
          "terminate": "false"
        },
        {
          "speaker": "speaker1",
          "personaID": "11244",
          "participantID": "3312",
          "utterance": "맞아요 스위스도 너무 가보고 싶어요 죽기전엔 꼭 가봐야한다던데",
          "summary": "나는 스위스도 가보고 싶다.",
          "date": "2022-10-13",
          "time": "21:42:49",
          "terminate": "false"
        },
        {
          "speaker": "speaker2",
          "personaID": "10698",
          "participantID": "3451",
          "utterance": "스위스는 아직까진 제겐 너무 먼 이야기네요 ",
          "summary": "",
          "date": "2022-10-13",
          "time": "21:47:28",
          "terminate": "false"
        },
        {
          "speaker": "speaker1",
          "personaID": "11244",
          "participantID": "3312",
          "utterance": "아 그런가요? 풍경이 마치 그림같아서 꼭 한번은 가보고 싶어요",
          "summary": "",
          "date": "2022-10-13",
          "time": "22:12:14",
          "terminate": "false"
        },
        {
          "speaker": "speaker2",
          "personaID": "10698",
          "participantID": "3451",
          "utterance": "맞아요 정말 멋있더라구요 언젠간 스위스도 꼭 가볼거에요",
          "summary": "나는 스위스를 꼭 갈 것이다",
          "date": "2022-10-13",
          "time": "22:23:55",
          "terminate": "false"
        },
        {
          "speaker": "speaker1",
          "personaID": "11244",
          "participantID": "3312",
          "utterance": "좋네요 여가시간에 주로 뭐하며 지내시나요?",
          "summary": "",
          "date": "2022-10-13",
          "time": "22:26:04",
          "terminate": "false"
        },
        {
          "speaker": "speaker2",
          "personaID": "10698",
          "participantID": "3451",
          "utterance": "글세요 대부분 만화를 보거나 게임을 해요",
          "summary": "나는 여가시간에 만화를 보거나 게임을 한다",
          "date": "2022-10-13",
          "time": "22:27:32",
          "terminate": "true"
        }
      ],
      "sessionPersonaSummary": {
        "speaker1": [
          "나는 어제보다 오늘이 날씨가 더 추운 것 같다.",
          "나는 국내 여행을 가장 좋아한다.",
          "나는 때론 해외여행도 가보고 싶다.",
          "나는 일본을 가장 가고 싶다. 주로 시골마을 쪽으로 가고 싶다. 특유의 감성을 좋아한다.",
          "나는 스위스도 가보고 싶다."
        ],
        "speaker2": [
          "나는 여행을 좋아한다",
          "나는 일본 여행을 하고 싶다",
          "나는 스위스를 꼭 갈 것이다",
          "나는 여가시간에 만화를 보거나 게임을 한다"
        ]
      },
      "prevAggregatedpersonaSummary": {
        "speaker1": [
          "나는 10대 여성이다.",
          "나는 키위를 즐겨 먹는다.",
          "나는 가끔 우울하다.",
          "나는 아버지께서 자영업을 한다.",
          "나는 부모님께서 관심이 별로 없으시다.\n",
          "나는 부모님을 이해해보려 노력할 것이다.",
          "나는 요즘 놀이공원이 그렇게 재밌다.",
          "나는 무서운 놀이기구의 느낌이 좋아서 탄다."
        ],
        "speaker2": [
          "나는 20대 남자이다",
          "저는 과일은 전부 좋아한다",
          "나는 애니메이션을 좋아한다",
          "나의 부모님은 내가 하는 일에 늘 관심이 많다.",
          "나는 놀이공원을 좋아한다",
          "나는 놀이공원 기구를 다 좋아한다",
          "나는 회전목마도 가끔씩 타고 싶다"
        ]
      }
    },
    {
      "prevSessionID": "4-00439-3",
      "prevTimeInfo": {
        "timeNum": "2",
        "timeUnit": "주"
      },
      "nthSession": "4",
      "numberOfUtterances": "14",
      "numberOfTurns": "7",
      "sessionID": "4-00439-4",
      "dialog": [
        {
          "speaker": "speaker1",
          "personaID": "11244",
          "participantID": "3312",
          "utterance": "2주동안 여행을 다녀왔더니 한껏 살 것 같네요",
          "summary": "나는 2주 동안 여행을 다녀왔다.",
          "date": "2022-10-13",
          "time": "22:31:01",
          "terminate": "false"
        },
        {
          "speaker": "speaker2",
          "personaID": "10698",
          "participantID": "3451",
          "utterance": "어디로 다녀 오셨나요 ? 즐거우셨을 것 같아요",
          "summary": "",
          "date": "2022-10-13",
          "time": "22:32:09",
          "terminate": "false"
        },
        {
          "speaker": "speaker1",
          "personaID": "11244",
          "participantID": "3312",
          "utterance": "부산 다녀왔어요 부산 놀이공원도 무척 재미있더군요 !",
          "summary": "나는 부산의 놀이공원을 다녀왔다.",
          "date": "2022-10-13",
          "time": "22:42:21",
          "terminate": "false"
        },
        {
          "speaker": "speaker2",
          "personaID": "10698",
          "participantID": "3451",
          "utterance": "부산에 놀이공원이라 정말 즐거우셨겠어요",
          "summary": "",
          "date": "2022-10-13",
          "time": "22:46:09",
          "terminate": "false"
        },
        {
          "speaker": "speaker1",
          "personaID": "11244",
          "participantID": "3312",
          "utterance": "나중에 꼭 한번 가보세요 뭐하고 지내셨나요?",
          "summary": "",
          "date": "2022-10-13",
          "time": "22:46:55",
          "terminate": "false"
        },
        {
          "speaker": "speaker2",
          "personaID": "10698",
          "participantID": "3451",
          "utterance": "저는 똑같이 지냈어요 특별히 한 건 없네요 부산에 놀이공원이 몇 개 있는걸로 아는데 어디로 가셨나요 ?",
          "summary": "",
          "date": "2022-10-13",
          "time": "22:50:12",
          "terminate": "false"
        },
        {
          "speaker": "speaker1",
          "personaID": "11244",
          "participantID": "3312",
          "utterance": "부산 @브랜드명@ 다녀왔어요 확실히 서울 보다 사람이 없고 뷰가 좋았어요",
          "summary": "나는 부산 @브랜드명@를 다녀왔다.",
          "date": "2022-10-13",
          "time": "22:54:00",
          "terminate": "false"
        },
        {
          "speaker": "speaker2",
          "personaID": "10698",
          "participantID": "3451",
          "utterance": "너무 좋았을 것 같아요 저도 같이 갈 사람이 있다면 가보고 싶어요",
          "summary": "나는 같이 갈 사람이 있다면 같이 놀이공원을 가고 싶다",
          "date": "2022-10-13",
          "time": "22:54:50",
          "terminate": "false"
        },
        {
          "speaker": "speaker1",
          "personaID": "11244",
          "participantID": "3312",
          "utterance": "나중에 같이 가봐요! 같은 성향인 사람과 가야 더 재미있게 놀 수 있는 것 같아요",
          "summary": "",
          "date": "2022-10-13",
          "time": "22:55:56",
          "terminate": "false"
        },
        {
          "speaker": "speaker2",
          "personaID": "10698",
          "participantID": "3451",
          "utterance": "너무 좋아요 성향이 같은 사람과 노는 게 재밌게 놀 수 있는 방법 인 것 같아요",
          "summary": "",
          "date": "2022-10-13",
          "time": "22:56:43",
          "terminate": "false"
        },
        {
          "speaker": "speaker1",
          "personaID": "11244",
          "participantID": "3312",
          "utterance": "무서운 거 못 타는 친구랑 가면 혼자 타야하는 게 많잖아요",
          "summary": "",
          "date": "2022-10-13",
          "time": "22:57:41",
          "terminate": "false"
        },
        {
          "speaker": "speaker2",
          "personaID": "10698",
          "participantID": "3451",
          "utterance": "그렇겠네요 그건 또 생각을 못 했네요 혼자 외로울 것 같아요",
          "summary": "",
          "date": "2022-10-13",
          "time": "22:58:08",
          "terminate": "false"
        },
        {
          "speaker": "speaker1",
          "personaID": "11244",
          "participantID": "3312",
          "utterance": "그쵸 가고싶다는 사람한테 같이 못 가겠다고 말하기도 미안하고 ",
          "summary": "",
          "date": "2022-10-13",
          "time": "22:59:22",
          "terminate": "false"
        },
        {
          "speaker": "speaker2",
          "personaID": "10698",
          "participantID": "3451",
          "utterance": "맞아요 같이 탈 사람이 없으면 왠지 모르게 많이 서럽거든요",
          "summary": "",
          "date": "2022-10-13",
          "time": "23:03:16",
          "terminate": "true"
        }
      ],
      "sessionPersonaSummary": {
        "speaker1": [
          "나는 2주 동안 여행을 다녀왔다.",
          "나는 부산의 놀이공원을 다녀왔다.",
          "나는 부산 @브랜드명@를 다녀왔다."
        ],
        "speaker2": [
          "나는 같이 갈 사람이 있다면 같이 놀이공원을 가고 싶다"
        ]
      },
      "prevAggregatedpersonaSummary": {
        "speaker1": [
          "나는 10대 여성이다.",
          "나는 키위를 즐겨 먹는다.",
          "나는 가끔 우울하다.",
          "나는 아버지께서 자영업을 한다.",
          "나는 부모님께서 관심이 별로 없으시다.\n",
          "나는 부모님을 이해해보려 노력할 것이다.",
          "나는 요즘 놀이공원이 그렇게 재밌다.",
          "나는 무서운 놀이기구의 느낌이 좋아서 탄다.",
          "나는 어제보다 오늘이 날씨가 더 추운 것 같다.",
          "나는 국내 여행을 가장 좋아한다.",
          "나는 때론 해외여행도 가보고 싶다.",
          "나는 일본을 가장 가고 싶다. 주로 시골마을 쪽으로 가고 싶다. 특유의 감성을 좋아한다.",
          "나는 스위스도 가보고 싶다."
        ],
        "speaker2": [
          "나는 20대 남자이다",
          "저는 과일은 전부 좋아한다",
          "나는 애니메이션을 좋아한다",
          "나의 부모님은 내가 하는 일에 늘 관심이 많다.",
          "나는 놀이공원을 좋아한다",
          "나는 놀이공원 기구를 다 좋아한다",
          "나는 회전목마도 가끔씩 타고 싶다",
          "나는 여행을 좋아한다",
          "나는 일본 여행을 하고 싶다",
          "나는 스위스를 꼭 갈 것이다",
          "나는 여가시간에 만화를 보거나 게임을 한다"
        ]
      }
    }
  ]
}