{
  "FileInfo": {
    "filename": "K4-00173-CL69739-CP90366-12-10-S4.json",
    "sessionLevel": "4"
  },
  "participantsInfo": {
    "numberOfParticipants": "2",
    "speaker1": {
      "participantID": "21214",
      "gender": "여성",
      "age": "30대",
      "occupation": "서비스직",
      "bPlace": "서울/경기/인천",
      "gPlace": "서울/경기/인천",
      "rPlace": "서울/경기/인천",
      "educationLevel": "대졸"
    },
    "speaker2": {
      "participantID": "20198",
      "gender": "여성",
      "age": "30대",
      "occupation": "학생",
      "bPlace": "서울/경기/인천",
      "gPlace": "서울/경기/인천",
      "rPlace": "서울/경기/인천",
      "educationLevel": "대졸"
    }
  },
  "multisessionInfo": {
    "multisessionID": "4-00173"
  },
  "personaInfo": {
    "clInfo": {
      "personaID": "69739",
      "personaFeatures": [
        "나는 여자이다.",
        "나는 30대이다.",
        "나는 자전거를 좋아한다.",
        "나의 생일은 4월이다.",
        "나는 요즘, 매일 초조하다.",
        "나는 사진 찍는 것을 싫어한다."
      ],
      "speakerType": "speaker1"
    },
    "cpInfo": {
      "personaID": "90366",
      "personaFeatures": [
        "나는 여자이다.",
        "나는 30대이다.",
        "나는 영화를 자주 본다.",
        "나의 생일은 8월이다.",
        "내가 가장 슬펐던 때는 첫사랑과 헤어졌던 때이다.",
        "나는 맛있는 음식을 먹으면 스트레스가 풀린다.",
        "나는 혈액형이 AB형이다."
      ],
      "speakerType": "speaker2"
    }
  },
  "topicInfo": {
    "topicID": "12-10",
    "topicType": "여가와 오락>여행",
    "topicTitle": "호캉스"
  },
  "sessionInfo": [
    {
      "prevSessionID": null,
      "prevTimeInfo": {
        "timeNum": null,
        "timeUnit": null
      },
      "nthSession": "1",
      "numberOfUtterances": "14",
      "numberOfTurns": "7",
      "sessionID": "4-00173-1",
      "dialog": [
        {
          "speaker": "speaker1",
          "personaID": "69739",
          "participantID": "21214",
          "utterance": "친하게 지내요 ㅎㅎ 30대 여성이에요~",
          "summary": "나는 30대 여성이다.",
          "date": "2022-11-23",
          "time": "10:19:34",
          "terminate": "false"
        },
        {
          "speaker": "speaker2",
          "personaID": "90366",
          "participantID": "20198",
          "utterance": "안녕하세요 저는 30대 여자입니다. 반가워요~~",
          "summary": "나는 30대 여성이다.",
          "date": "2022-11-23",
          "time": "10:48:35",
          "terminate": "false"
        },
        {
          "speaker": "speaker1",
          "personaID": "69739",
          "participantID": "21214",
          "utterance": "반가워요~ 선생님은 혈액형이 뭐에요~~??",
          "summary": "",
          "date": "2022-11-23",
          "time": "10:49:10",
          "terminate": "false"
        },
        {
          "speaker": "speaker2",
          "personaID": "90366",
          "participantID": "20198",
          "utterance": "저는 AB형이에요 저는 선생님 혈액형 안 궁금해서 안물어볼건데 선생님은 생일이 궁금하네요ㅋㅋ.",
          "summary": "나는 혈액형이 AB형이다.",
          "date": "2022-11-23",
          "time": "10:50:09",
          "terminate": "false"
        },
        {
          "speaker": "speaker1",
          "personaID": "69739",
          "participantID": "21214",
          "utterance": "혈액형 알려드릴 생각 없었어요~~ ㅋㅋ저는 4월이에요^^ 선생님은요~?",
          "summary": "나의 생일은 4월이다.",
          "date": "2022-11-23",
          "time": "10:50:43",
          "terminate": "false"
        },
        {
          "speaker": "speaker2",
          "personaID": "90366",
          "participantID": "20198",
          "utterance": "저는 8월이 생일이에요^^ 쉬는날에는 주로 뭐하세요 ?",
          "summary": "나의 생일은 8월이다.",
          "date": "2022-11-23",
          "time": "10:51:32",
          "terminate": "false"
        },
        {
          "speaker": "speaker1",
          "personaID": "69739",
          "participantID": "21214",
          "utterance": "저는 자전거를 좋아해서 쉬는날에는 주로 자전거를 타요~ 선생님은요?",
          "summary": "나는 자전거를 좋아한다.",
          "date": "2022-11-23",
          "time": "10:51:53",
          "terminate": "false"
        },
        {
          "speaker": "speaker2",
          "personaID": "90366",
          "participantID": "20198",
          "utterance": "그렇구나 저는 영화를 자주 봐요~~^^",
          "summary": "나는 영화를 자주 본다.",
          "date": "2022-11-23",
          "time": "10:52:21",
          "terminate": "false"
        },
        {
          "speaker": "speaker1",
          "personaID": "69739",
          "participantID": "21214",
          "utterance": "그렇군요 선생님은 인생 살면서 제일 슬펐던 적이 언제인가요?",
          "summary": "",
          "date": "2022-11-23",
          "time": "10:52:58",
          "terminate": "false"
        },
        {
          "speaker": "speaker2",
          "personaID": "90366",
          "participantID": "20198",
          "utterance": "질문이 특이하시네요ㅋㅋ 저는 첫 사랑과 헤어졌을 때 가장 슬펐어요.",
          "summary": "내가 가장 슬펐던 때는 첫사랑과 헤어졌던 때이다.",
          "date": "2022-11-23",
          "time": "10:55:39",
          "terminate": "false"
        },
        {
          "speaker": "speaker1",
          "personaID": "69739",
          "participantID": "21214",
          "utterance": "아 그렇군요 ㅎㅎ 휴 ㅠㅠ 저는 요즘, 매일 초조해요 ㅠㅠ.",
          "summary": "나는 요즘, 매일 초조하다.",
          "date": "2022-11-23",
          "time": "10:56:02",
          "terminate": "false"
        },
        {
          "speaker": "speaker2",
          "personaID": "90366",
          "participantID": "20198",
          "utterance": "왜 초조 하세요? 무슨일이 있으신거에요..??",
          "summary": "",
          "date": "2022-11-23",
          "time": "11:24:12",
          "terminate": "false"
        },
        {
          "speaker": "speaker1",
          "personaID": "69739",
          "participantID": "21214",
          "utterance": "저희 사무실이 없어질꺼 같아요.. ㅜㅜ 저는 백수가 되겠죠? ㅜㅜ너무 괴롭네요 저 옥상좀 다녀올께요.",
          "summary": "나는 옥상에 간다.",
          "date": "2022-11-23",
          "time": "13:07:48",
          "terminate": "false"
        },
        {
          "speaker": "speaker2",
          "personaID": "90366",
          "participantID": "20198",
          "utterance": "옥상 간다고 하니까 좀 무서운데요.. 얼른 다른 일자리 알아보세요ㅠㅠ마음 진정되면 다시 대화해요~",
          "summary": "",
          "date": "2022-11-23",
          "time": "13:08:29",
          "terminate": "true"
        }
      ],
      "sessionPersonaSummary": {
        "speaker1": [
          "나는 30대 여성이다.",
          "나의 생일은 4월이다.",
          "나는 자전거를 좋아한다.",
          "나는 요즘, 매일 초조하다.",
          "나는 옥상에 간다."
        ],
        "speaker2": [
          "나는 30대 여성이다.",
          "나는 혈액형이 AB형이다.",
          "나의 생일은 8월이다.",
          "나는 영화를 자주 본다.",
          "내가 가장 슬펐던 때는 첫사랑과 헤어졌던 때이다."
        ]
      },
      "prevAggregatedpersonaSummary": {
        "speaker1": [],
        "speaker2": []
      }
    },
    {
      "prevSessionID": "4-00173-1",
      "prevTimeInfo": {
        "timeNum": "1",
        "timeUnit": "시간"
      },
      "nthSession": "2",
      "numberOfUtterances": "14",
      "numberOfTurns": "7",
      "sessionID": "4-00173-2",
      "dialog": [
        {
          "speaker": "speaker1",
          "personaID": "69739",
          "participantID": "21214",
          "utterance": "1 시간이 지났네요~ 아 저희 사무실 옥상이 뷰가 진짜 좋거든요 그래서 올라갔다 온거에요 ㅋㅋ.",
          "summary": "",
          "date": "2022-11-23",
          "time": "13:09:08",
          "terminate": "false"
        },
        {
          "speaker": "speaker2",
          "personaID": "90366",
          "participantID": "20198",
          "utterance": "아 살짝 오해 할뻔 했네요~~^^ 이쁜 뷰 보면 마음 진정도 잘 되겠네요.",
          "summary": "",
          "date": "2022-11-23",
          "time": "13:10:38",
          "terminate": "false"
        },
        {
          "speaker": "speaker1",
          "personaID": "69739",
          "participantID": "21214",
          "utterance": "맞아요~! 선생님은 여행 최근에 언제 다녀오셨어요?",
          "summary": "",
          "date": "2022-11-23",
          "time": "13:41:13",
          "terminate": "false"
        },
        {
          "speaker": "speaker2",
          "personaID": "90366",
          "participantID": "20198",
          "utterance": "저는 2주전에 가족들이랑 가족여행 다녀왔어요 선생님은요 ?",
          "summary": "나는 2 주 전에 가족 여해를 다녀왔다.",
          "date": "2022-11-23",
          "time": "15:35:26",
          "terminate": "false"
        },
        {
          "speaker": "speaker1",
          "personaID": "69739",
          "participantID": "21214",
          "utterance": "저는 요즘 바빠서 여행을 못 갔어요 겨울에 휴가 2틀내서 호캉스 가려구요!",
          "summary": "나는 바빠서 여행을 못 갔다. 나는 겨울에 호캉스를 가려고 한다.",
          "date": "2022-11-23",
          "time": "15:56:18",
          "terminate": "false"
        },
        {
          "speaker": "speaker2",
          "personaID": "90366",
          "participantID": "20198",
          "utterance": "그렇구나 호캉스는 한번도 안 해봤는데 호캉스 자주 하세요?",
          "summary": "",
          "date": "2022-11-23",
          "time": "16:04:39",
          "terminate": "false"
        },
        {
          "speaker": "speaker1",
          "personaID": "69739",
          "participantID": "21214",
          "utterance": "아뇨 저도 호캉스는 한번도 안가봤어요! 그래서 이번에 호캉스 처음으로 가보려는거에요!",
          "summary": "나는 호캉스를 안 해봤다.",
          "date": "2022-11-23",
          "time": "16:06:38",
          "terminate": "false"
        },
        {
          "speaker": "speaker2",
          "personaID": "90366",
          "participantID": "20198",
          "utterance": "그렇구나 근데 그런건 여름에 가야 좋은거 아니에요 ? 시원한 에어컨 바람 밑에서 ㅋㅋ.",
          "summary": "",
          "date": "2022-11-23",
          "time": "16:09:58",
          "terminate": "false"
        },
        {
          "speaker": "speaker1",
          "personaID": "69739",
          "participantID": "21214",
          "utterance": "아뇨~ 겨울에 가도 좋다고 하더라구요?? 여행 이야기하니까 정말 여행도 가고 싶네요 ㅜㅜ.",
          "summary": "나는 여행이 가고 싶다.",
          "date": "2022-11-23",
          "time": "16:10:21",
          "terminate": "false"
        },
        {
          "speaker": "speaker2",
          "personaID": "90366",
          "participantID": "20198",
          "utterance": "여행은 언제나 좋은 것 같아요.. 2주전에 다녀왔지만 여행 끝나니 바로 또 여행이 가고싶네요..",
          "summary": "나는 여행이 또 가고 싶다.",
          "date": "2022-11-23",
          "time": "16:24:24",
          "terminate": "false"
        },
        {
          "speaker": "speaker1",
          "personaID": "69739",
          "participantID": "21214",
          "utterance": "선생님은 여행중에서도 주로 어떤 여행을 선호하세요?",
          "summary": "",
          "date": "2022-11-23",
          "time": "16:33:59",
          "terminate": "false"
        },
        {
          "speaker": "speaker2",
          "personaID": "90366",
          "participantID": "20198",
          "utterance": "저는 가족여행이나 힐링여행일 선호해요 선생님은요 ?",
          "summary": "나는 힐링여행을 선호한다.",
          "date": "2022-11-23",
          "time": "16:36:16",
          "terminate": "false"
        },
        {
          "speaker": "speaker1",
          "personaID": "69739",
          "participantID": "21214",
          "utterance": "저는 맛집여행을 선호해요!! 저 전화와서 전화 받고올께여~",
          "summary": "나는 맛집 여행을 선호한다. 나는 전화를 받으러 간다.",
          "date": "2022-11-23",
          "time": "16:40:17",
          "terminate": "false"
        },
        {
          "speaker": "speaker2",
          "personaID": "90366",
          "participantID": "20198",
          "utterance": "맛집 여행도 좋죠^^ 통화 잘 하고 오세요 시간나면 다시 대화나눠요~",
          "summary": "",
          "date": "2022-11-23",
          "time": "22:39:58",
          "terminate": "true"
        }
      ],
      "sessionPersonaSummary": {
        "speaker1": [
          "나는 바빠서 여행을 못 갔다. 나는 겨울에 호캉스를 가려고 한다.",
          "나는 호캉스를 안 해봤다.",
          "나는 여행이 가고 싶다.",
          "나는 맛집 여행을 선호한다. 나는 전화를 받으러 간다."
        ],
        "speaker2": [
          "나는 2 주 전에 가족 여해를 다녀왔다.",
          "나는 여행이 또 가고 싶다.",
          "나는 힐링여행을 선호한다."
        ]
      },
      "prevAggregatedpersonaSummary": {
        "speaker1": [
          "나는 30대 여성이다.",
          "나의 생일은 4월이다.",
          "나는 자전거를 좋아한다.",
          "나는 요즘, 매일 초조하다.",
          "나는 옥상에 간다."
        ],
        "speaker2": [
          "나는 30대 여성이다.",
          "나는 혈액형이 AB형이다.",
          "나의 생일은 8월이다.",
          "나는 영화를 자주 본다.",
          "내가 가장 슬펐던 때는 첫사랑과 헤어졌던 때이다."
        ]
      }
    },
    {
      "prevSessionID": "4-00173-2",
      "prevTimeInfo": {
        "timeNum": "5",
        "timeUnit": "시간"
      },
      "nthSession": "3",
      "numberOfUtterances": "14",
      "numberOfTurns": "7",
      "sessionID": "4-00173-3",
      "dialog": [
        {
          "speaker": "speaker1",
          "personaID": "69739",
          "participantID": "21214",
          "utterance": "5 시간이 지났네요 선생님은 뭐하고 계셨나요?",
          "summary": "",
          "date": "2022-11-23",
          "time": "22:43:19",
          "terminate": "false"
        },
        {
          "speaker": "speaker2",
          "personaID": "90366",
          "participantID": "20198",
          "utterance": "저는 가족들과 여행 다녀온 사진을 보고 있었어요~~",
          "summary": "",
          "date": "2022-11-23",
          "time": "22:43:35",
          "terminate": "false"
        },
        {
          "speaker": "speaker1",
          "personaID": "69739",
          "participantID": "21214",
          "utterance": "그렇군요 여행은 어디로 다녀오셨어요??",
          "summary": "",
          "date": "2022-11-23",
          "time": "22:44:03",
          "terminate": "false"
        },
        {
          "speaker": "speaker2",
          "personaID": "90366",
          "participantID": "20198",
          "utterance": "제주도 다녀 왔어요^^ 요즘 해외로 안 가도 제주도만 가도 해외 나간 것 처럼 좋네요!",
          "summary": "나는 제주도로 여행을 다녀왔다.",
          "date": "2022-11-23",
          "time": "22:44:33",
          "terminate": "false"
        },
        {
          "speaker": "speaker1",
          "personaID": "69739",
          "participantID": "21214",
          "utterance": "제주도 가셔서 제일 좋았던 곳이 어디에요??",
          "summary": "",
          "date": "2022-11-23",
          "time": "22:44:46",
          "terminate": "false"
        },
        {
          "speaker": "speaker2",
          "personaID": "90366",
          "participantID": "20198",
          "utterance": "다 좋아서 어디가 가장 좋다고 말하기가 너무 어려운데요ㅠㅠ.",
          "summary": "",
          "date": "2022-11-23",
          "time": "22:45:01",
          "terminate": "false"
        },
        {
          "speaker": "speaker1",
          "personaID": "69739",
          "participantID": "21214",
          "utterance": "하긴 그건 인정~ 그나저나 첫사랑은 몇살때에요?",
          "summary": "",
          "date": "2022-11-23",
          "time": "22:45:15",
          "terminate": "false"
        },
        {
          "speaker": "speaker2",
          "personaID": "90366",
          "participantID": "20198",
          "utterance": "저는 고등학교 1학년 때 에요~~ 선생님은 첫 사랑이 언제에요?",
          "summary": "",
          "date": "2022-11-23",
          "time": "22:45:28",
          "terminate": "false"
        },
        {
          "speaker": "speaker1",
          "personaID": "69739",
          "participantID": "21214",
          "utterance": "저는 20살때요~~ ㅎㅎ너무 늦었죠 첫사랑이?",
          "summary": "",
          "date": "2022-11-23",
          "time": "22:45:41",
          "terminate": "false"
        },
        {
          "speaker": "speaker2",
          "personaID": "90366",
          "participantID": "20198",
          "utterance": "아니요 학생 때는 공부해야되니까 늦었다고 하기도 그렇네요ㅋㅋ.",
          "summary": "",
          "date": "2022-11-23",
          "time": "22:46:01",
          "terminate": "false"
        },
        {
          "speaker": "speaker1",
          "personaID": "69739",
          "participantID": "21214",
          "utterance": "선생님은 첫사랑이랑은 얼마나 갔어요~~??",
          "summary": "",
          "date": "2022-11-23",
          "time": "22:46:15",
          "terminate": "false"
        },
        {
          "speaker": "speaker2",
          "personaID": "90366",
          "participantID": "20198",
          "utterance": "3년 연애 했어요~~ 고등학교 3년을 그 애와 함께 했답니다...",
          "summary": "",
          "date": "2022-11-23",
          "time": "22:46:48",
          "terminate": "false"
        },
        {
          "speaker": "speaker1",
          "personaID": "69739",
          "participantID": "21214",
          "utterance": "와우~ 되게 오래하셨네요~! 저는 케이크 먹고 올께요~~",
          "summary": "나는 케이크를 먹으러 간다.",
          "date": "2022-11-23",
          "time": "22:47:00",
          "terminate": "false"
        },
        {
          "speaker": "speaker2",
          "personaID": "90366",
          "participantID": "20198",
          "utterance": "네 맛있게 드시고 오세요 다음에 또 대화해요!",
          "summary": "",
          "date": "2022-11-23",
          "time": "22:47:07",
          "terminate": "true"
        }
      ],
      "sessionPersonaSummary": {
        "speaker1": [
          "나는 케이크를 먹으러 간다."
        ],
        "speaker2": [
          "나는 제주도로 여행을 다녀왔다."
        ]
      },
      "prevAggregatedpersonaSummary": {
        "speaker1": [
          "나는 30대 여성이다.",
          "나의 생일은 4월이다.",
          "나는 자전거를 좋아한다.",
          "나는 요즘, 매일 초조하다.",
          "나는 옥상에 간다.",
          "나는 바빠서 여행을 못 갔다. 나는 겨울에 호캉스를 가려고 한다.",
          "나는 호캉스를 안 해봤다.",
          "나는 여행이 가고 싶다.",
          "나는 맛집 여행을 선호한다. 나는 전화를 받으러 간다."
        ],
        "speaker2": [
          "나는 30대 여성이다.",
          "나는 혈액형이 AB형이다.",
          "나의 생일은 8월이다.",
          "나는 영화를 자주 본다.",
          "내가 가장 슬펐던 때는 첫사랑과 헤어졌던 때이다.",
          "나는 2 주 전에 가족 여해를 다녀왔다.",
          "나는 여행이 또 가고 싶다.",
          "나는 힐링여행을 선호한다."
        ]
      }
    },
    {
      "prevSessionID": "4-00173-3",
      "prevTimeInfo": {
        "timeNum": "1",
        "timeUnit": "시간"
      },
      "nthSession": "4",
      "numberOfUtterances": "14",
      "numberOfTurns": "7",
      "sessionID": "4-00173-4",
      "dialog": [
        {
          "speaker": "speaker1",
          "personaID": "69739",
          "participantID": "21214",
          "utterance": "1시간동안 선생님은 뭐하고 있으셨어요~?",
          "summary": "",
          "date": "2022-11-23",
          "time": "22:47:14",
          "terminate": "false"
        },
        {
          "speaker": "speaker2",
          "personaID": "90366",
          "participantID": "20198",
          "utterance": "저는 잠깐 시간이 나서 영화 보고 있었어요~~",
          "summary": "나는 영화를 보고 있었다.",
          "date": "2022-11-23",
          "time": "22:47:33",
          "terminate": "false"
        },
        {
          "speaker": "speaker1",
          "personaID": "69739",
          "participantID": "21214",
          "utterance": "오~ 그러시구나 무슨 영화 보고 계셨나요~??",
          "summary": "",
          "date": "2022-11-23",
          "time": "22:47:41",
          "terminate": "false"
        },
        {
          "speaker": "speaker2",
          "personaID": "90366",
          "participantID": "20198",
          "utterance": "극한직업이요^^ 영화관에서도 봤고 tv로도 많이 봤지만 또 봐도 재밌어서 봤어요ㅎ.",
          "summary": "나는 극한직업을 보고 있었다.",
          "date": "2022-11-23",
          "time": "22:48:02",
          "terminate": "false"
        },
        {
          "speaker": "speaker1",
          "personaID": "69739",
          "participantID": "21214",
          "utterance": "아 극한 직업 너무 재밌죠~ 그건 봐도봐도 웃긴거 같아요 정말 잘 만들었어요 ㅋㅋ 좋아하는 영화 장르가 코미디인가요?",
          "summary": "",
          "date": "2022-11-23",
          "time": "22:48:28",
          "terminate": "false"
        },
        {
          "speaker": "speaker2",
          "personaID": "90366",
          "participantID": "20198",
          "utterance": "네 맞아요 저는 코미디 장르를 좋아해요 선생님은 어떤 장르 영화를 좋아하세요?",
          "summary": "",
          "date": "2022-11-23",
          "time": "22:48:41",
          "terminate": "false"
        },
        {
          "speaker": "speaker1",
          "personaID": "69739",
          "participantID": "21214",
          "utterance": "저는 장르 가르지 않고 다 봐요 요즘 @상호명@ 부잣집 막내아들 핫하던데 아세요?",
          "summary": "나는 모든 영화 장르를 다 본다.",
          "date": "2022-11-23",
          "time": "22:49:05",
          "terminate": "false"
        },
        {
          "speaker": "speaker2",
          "personaID": "90366",
          "participantID": "20198",
          "utterance": "아니요 처음 들어보네요ㅋ 그게 뭐에요 ?",
          "summary": "",
          "date": "2022-11-23",
          "time": "22:49:31",
          "terminate": "false"
        },
        {
          "speaker": "speaker1",
          "personaID": "69739",
          "participantID": "21214",
          "utterance": "@이름1@ 나오는건데 되게 재밌나봐요~~! 시간나시면 한번 봐보세요!",
          "summary": "",
          "date": "2022-11-23",
          "time": "22:49:46",
          "terminate": "false"
        },
        {
          "speaker": "speaker2",
          "personaID": "90366",
          "participantID": "20198",
          "utterance": "네 다음에 시간나면 꼭 볼게요 재미없으면 알아서하세요^^ㅋㅋ.",
          "summary": "",
          "date": "2022-11-23",
          "time": "22:50:06",
          "terminate": "false"
        },
        {
          "speaker": "speaker1",
          "personaID": "69739",
          "participantID": "21214",
          "utterance": "선생님은 자기 전에 하는 습관 같은게 있나요?",
          "summary": "",
          "date": "2022-11-23",
          "time": "22:50:21",
          "terminate": "false"
        },
        {
          "speaker": "speaker2",
          "personaID": "90366",
          "participantID": "20198",
          "utterance": "자기 전에 딱히 하는건 없어요 선생님은요?",
          "summary": "",
          "date": "2022-11-23",
          "time": "22:50:46",
          "terminate": "false"
        },
        {
          "speaker": "speaker1",
          "personaID": "69739",
          "participantID": "21214",
          "utterance": "저도 뭐는 없는데 저는 sns를 보다가 잠드는거 같아요!",
          "summary": "나는 자기 전에 sns를 보다 잔다.",
          "date": "2022-11-23",
          "time": "22:50:59",
          "terminate": "false"
        },
        {
          "speaker": "speaker2",
          "personaID": "90366",
          "participantID": "20198",
          "utterance": "아 그러시구나.. 휴대폰은 어두운곳에서 하면 눈 나빠지니까 적당히하세요~~ 저는 피곤해서 먼저 잡니다. 다음에 또 대화해요!",
          "summary": "나는 피곤해서 먼저 잔다.",
          "date": "2022-11-23",
          "time": "22:51:29",
          "terminate": "true"
        }
      ],
      "sessionPersonaSummary": {
        "speaker1": [
          "나는 모든 영화 장르를 다 본다.",
          "나는 자기 전에 sns를 보다 잔다."
        ],
        "speaker2": [
          "나는 영화를 보고 있었다.",
          "나는 극한직업을 보고 있었다.",
          "나는 피곤해서 먼저 잔다."
        ]
      },
      "prevAggregatedpersonaSummary": {
        "speaker1": [
          "나는 30대 여성이다.",
          "나의 생일은 4월이다.",
          "나는 자전거를 좋아한다.",
          "나는 요즘, 매일 초조하다.",
          "나는 옥상에 간다.",
          "나는 바빠서 여행을 못 갔다. 나는 겨울에 호캉스를 가려고 한다.",
          "나는 호캉스를 안 해봤다.",
          "나는 여행이 가고 싶다.",
          "나는 맛집 여행을 선호한다. 나는 전화를 받으러 간다.",
          "나는 케이크를 먹으러 간다."
        ],
        "speaker2": [
          "나는 30대 여성이다.",
          "나는 혈액형이 AB형이다.",
          "나의 생일은 8월이다.",
          "나는 영화를 자주 본다.",
          "내가 가장 슬펐던 때는 첫사랑과 헤어졌던 때이다.",
          "나는 2 주 전에 가족 여해를 다녀왔다.",
          "나는 여행이 또 가고 싶다.",
          "나는 힐링여행을 선호한다.",
          "나는 제주도로 여행을 다녀왔다."
        ]
      }
    }
  ]
}