{
  "FileInfo": {
    "filename": "K4-00147-CL04271-CP05048-06-13-S4.json",
    "sessionLevel": "4"
  },
  "participantsInfo": {
    "numberOfParticipants": "2",
    "speaker1": {
      "participantID": "0048",
      "gender": "남성",
      "age": "50대",
      "occupation": "서비스직",
      "bPlace": "부산/대구/울산/경상",
      "gPlace": "부산/대구/울산/경상",
      "rPlace": "부산/대구/울산/경상",
      "educationLevel": "고졸"
    },
    "speaker2": {
      "participantID": "0051",
      "gender": "여성",
      "age": "50대",
      "occupation": "주부",
      "bPlace": "부산/대구/울산/경상",
      "gPlace": "부산/대구/울산/경상",
      "rPlace": "부산/대구/울산/경상",
      "educationLevel": "고졸"
    }
  },
  "multisessionInfo": {
    "multisessionID": "4-00147"
  },
  "personaInfo": {
    "clInfo": {
      "personaID": "04271",
      "personaFeatures": [
        "나는 남자이다.",
        "나는 50대이다.",
        "나는 선후배가 없다.",
        "나는 와인을 싫어한다.",
        "나는 요즘, 가끔 슬프다."
      ],
      "speakerType": "speaker1"
    },
    "cpInfo": {
      "personaID": "05048",
      "personaFeatures": [
        "나는 여자이다.",
        "나는 50대이다.",
        "나의 거주지는 서울이다.",
        "나는 핸드폰 게임을 매일 한다.",
        "나는 주식은 어떻게 하는지도 모른다."
      ],
      "speakerType": "speaker2"
    }
  },
  "topicInfo": {
    "topicID": "06-13",
    "topicType": "교육",
    "topicTitle": "초등학교"
  },
  "sessionInfo": [
    {
      "prevSessionID": null,
      "prevTimeInfo": {
        "timeNum": null,
        "timeUnit": null
      },
      "nthSession": "1",
      "numberOfUtterances": "20",
      "numberOfTurns": "10",
      "sessionID": "4-00147-1",
      "dialog": [
        {
          "speaker": "speaker1",
          "personaID": "04271",
          "participantID": "0048",
          "utterance": "안녕하세요. 저는 50대 남자입니다.",
          "summary": "나는 50대 남자이다.",
          "date": "2022-09-01",
          "time": "14:35:49",
          "terminate": "false"
        },
        {
          "speaker": "speaker2",
          "personaID": "05048",
          "participantID": "0051",
          "utterance": "안녕하세요. 저는 50대 여자입니다.",
          "summary": "나는 50대 여자이다.",
          "date": "2022-09-01",
          "time": "14:35:50",
          "terminate": "false"
        },
        {
          "speaker": "speaker1",
          "personaID": "04271",
          "participantID": "0048",
          "utterance": "또래시군요. 지금 무슨 일을 하고 계신가요?",
          "summary": "",
          "date": "2022-09-01",
          "time": "14:36:03",
          "terminate": "false"
        },
        {
          "speaker": "speaker2",
          "personaID": "05048",
          "participantID": "0051",
          "utterance": "저는 주부에요ㅎㅎ 집에서 살림만 하고 있어요ㅋㅋ.",
          "summary": "나는 주부라 집에서 살림만 한다.",
          "date": "2022-09-01",
          "time": "14:36:19",
          "terminate": "false"
        },
        {
          "speaker": "speaker1",
          "personaID": "04271",
          "participantID": "0048",
          "utterance": "그러시군요. 주부도 하루 종일 바쁠 거 같아요.",
          "summary": "나는 주부도 하루 종일 바쁠 것이라고 생각한다.",
          "date": "2022-09-01",
          "time": "14:36:34",
          "terminate": "false"
        },
        {
          "speaker": "speaker2",
          "personaID": "05048",
          "participantID": "0051",
          "utterance": "네 해야할게 한 두가지가 아니에요. 특히 남편이랑 @이름1@ 출근할 때 정신이 없어요.",
          "summary": "나는 해야 할 게 한두 가지가 아니다. 나는 남편과 @이름1@이 출근할 때 정신이 없다.",
          "date": "2022-09-01",
          "time": "14:37:08",
          "terminate": "false"
        },
        {
          "speaker": "speaker1",
          "personaID": "04271",
          "participantID": "0048",
          "utterance": "자녀가 있으시군요! 저도 아들 한명 키우는데 힘들어요 ㅠ 빨리 아들이 커서 독립했으면 좋겠어요.",
          "summary": "나는 아들 한 명이 있다. 나는 아들을 키우는 게 힘들어서 빨리 아들이 성인이 돼서 독립했으면 좋겠다.",
          "date": "2022-09-01",
          "time": "14:37:52",
          "terminate": "false"
        },
        {
          "speaker": "speaker2",
          "personaID": "05048",
          "participantID": "0051",
          "utterance": "네 남자 한 명 여자 한 명 있어요ㅎㅎ 최근에 서울로 이사와서 살고 있어요ㅎㅎ.",
          "summary": "나는 자녀가 남자 한 명 여자 한 명 있다. 나는 최근에 서울로 이사 와서 거주지는 서울이다.",
          "date": "2022-09-01",
          "time": "14:38:25",
          "terminate": "false"
        },
        {
          "speaker": "speaker1",
          "personaID": "04271",
          "participantID": "0048",
          "utterance": "저도 서울에 살아요. 원래 살던 곳이 어디신가요?",
          "summary": "나는 서울에 거주 중이다.",
          "date": "2022-09-01",
          "time": "14:39:14",
          "terminate": "false"
        },
        {
          "speaker": "speaker2",
          "personaID": "05048",
          "participantID": "0051",
          "utterance": "경기도 양평에 살고 있었어요ㅎㅎ 서울 어디에서 거주하시나요??",
          "summary": "나는 이전에 경기도 양평에서 살았었다.",
          "date": "2022-09-01",
          "time": "14:39:33",
          "terminate": "false"
        },
        {
          "speaker": "speaker1",
          "personaID": "04271",
          "participantID": "0048",
          "utterance": "서울 용산구에 거주 중입니다. 서울 어디 쯤 사시나요?",
          "summary": "나는 서울 용산구에 거주 중이다.",
          "date": "2022-09-01",
          "time": "14:39:43",
          "terminate": "false"
        },
        {
          "speaker": "speaker2",
          "personaID": "05048",
          "participantID": "0051",
          "utterance": "저는 마포에 살고 있어요ㅎㅎ 가까운데 사시네요~~",
          "summary": "나는 마포에 거주한다. 나는 마포와 용산이 가깝다고 생각한다.",
          "date": "2022-09-01",
          "time": "14:40:17",
          "terminate": "false"
        },
        {
          "speaker": "speaker1",
          "personaID": "04271",
          "participantID": "0048",
          "utterance": "그렇네요. 마포구 살기 좋죠? 맛집이 많아서 주말에 마포구에 외식하러 자주 가고 있어요.",
          "summary": "나는 마포구가 살기 좋다고 생각한다. 나는 마포구에 맛집이 많아서 주말에 외식하러 자주 간다.",
          "date": "2022-09-01",
          "time": "14:40:35",
          "terminate": "false"
        },
        {
          "speaker": "speaker2",
          "personaID": "05048",
          "participantID": "0051",
          "utterance": "네 여기서 다른 곳으로 이동하기도 좋고 교통 빼면 다 좋아요ㅋㅋ 그나저나 무슨 일 하세요?",
          "summary": "나는 마포구에서 다른 곳으로 이동하기 좋다고 생각한다. 나는 마포가 교통 빼고는 다 좋다고 생각한다.",
          "date": "2022-09-01",
          "time": "14:41:03",
          "terminate": "false"
        },
        {
          "speaker": "speaker1",
          "personaID": "04271",
          "participantID": "0048",
          "utterance": "저는 프리랜서 동화 삽화 디자이너예요. 선후배 없이 혼자 일하고 계약 따낼 때 어려움을 좀 겪고 있어요.",
          "summary": "나는 프리랜서 동화 삽화 디자이너이다. 나는 선후배가 없다. 나는 선후배 없이 혼자 일하고 있어서 계약을 따낼 때 어려움을 겪고 있다.",
          "date": "2022-09-01",
          "time": "14:41:45",
          "terminate": "false"
        },
        {
          "speaker": "speaker2",
          "personaID": "05048",
          "participantID": "0051",
          "utterance": "힘드시겠어요ㅠㅠ 혼자 일하는 게 보통일이 아닐텐데요ㅠㅠ 일은 몇 시간 정도 하세요??",
          "summary": "나는 혼자서 일하는 것은 보통일이 아니라고 생각한다.",
          "date": "2022-09-01",
          "time": "14:42:26",
          "terminate": "false"
        },
        {
          "speaker": "speaker1",
          "personaID": "04271",
          "participantID": "0048",
          "utterance": "일은 하루에 13시간 정도 하고 있어요. 손목이랑 허리가 아프네요 ㅠ.",
          "summary": "나는 하루에 일을 13시간 정도 하고 있다. 나는 손목과 허리가 아프다.",
          "date": "2022-09-01",
          "time": "14:42:37",
          "terminate": "false"
        },
        {
          "speaker": "speaker2",
          "personaID": "05048",
          "participantID": "0051",
          "utterance": "많이 하시네요ㅠㅠ 정형외과에 한번 가보세요~~",
          "summary": "나는 손목이랑 허리가 아프면 정형외과 갈 것을 권유한다.",
          "date": "2022-09-01",
          "time": "14:42:54",
          "terminate": "false"
        },
        {
          "speaker": "speaker1",
          "personaID": "04271",
          "participantID": "0048",
          "utterance": "주말에 들려보려구요. 평일은 일이 너무 많아서 못 갈 거 같아요. 오늘 대화 즐거웠습니다.",
          "summary": "나는 주말에 정형외과에 들려볼 것이다. 나는 평일에 일이 너무 많아서 정형외과에 못 갈 것 같다.",
          "date": "2022-09-01",
          "time": "14:43:12",
          "terminate": "false"
        },
        {
          "speaker": "speaker2",
          "personaID": "05048",
          "participantID": "0051",
          "utterance": "네 알겠습니다. 건강 잘 챙기시고 다음에 또 대화하시죠!",
          "summary": "",
          "date": "2022-09-01",
          "time": "14:43:33",
          "terminate": "true"
        }
      ],
      "sessionPersonaSummary": {
        "speaker1": [
          "나는 50대 남자이다.",
          "나는 주부도 하루 종일 바쁠 것이라고 생각한다.",
          "나는 아들 한 명이 있다. 나는 아들을 키우는 게 힘들어서 빨리 아들이 성인이 돼서 독립했으면 좋겠다.",
          "나는 서울에 거주 중이다.",
          "나는 서울 용산구에 거주 중이다.",
          "나는 마포구가 살기 좋다고 생각한다. 나는 마포구에 맛집이 많아서 주말에 외식하러 자주 간다.",
          "나는 프리랜서 동화 삽화 디자이너이다. 나는 선후배가 없다. 나는 선후배 없이 혼자 일하고 있어서 계약을 따낼 때 어려움을 겪고 있다.",
          "나는 하루에 일을 13시간 정도 하고 있다. 나는 손목과 허리가 아프다.",
          "나는 주말에 정형외과에 들려볼 것이다. 나는 평일에 일이 너무 많아서 정형외과에 못 갈 것 같다."
        ],
        "speaker2": [
          "나는 50대 여자이다.",
          "나는 주부라 집에서 살림만 한다.",
          "나는 해야 할 게 한두 가지가 아니다. 나는 남편과 @이름1@이 출근할 때 정신이 없다.",
          "나는 자녀가 남자 한 명 여자 한 명 있다. 나는 최근에 서울로 이사 와서 거주지는 서울이다.",
          "나는 이전에 경기도 양평에서 살았었다.",
          "나는 마포에 거주한다. 나는 마포와 용산이 가깝다고 생각한다.",
          "나는 마포구에서 다른 곳으로 이동하기 좋다고 생각한다. 나는 마포가 교통 빼고는 다 좋다고 생각한다.",
          "나는 혼자서 일하는 것은 보통일이 아니라고 생각한다.",
          "나는 손목이랑 허리가 아프면 정형외과 갈 것을 권유한다."
        ]
      },
      "prevAggregatedpersonaSummary": {
        "speaker1": [],
        "speaker2": []
      }
    },
    {
      "prevSessionID": "4-00147-1",
      "prevTimeInfo": {
        "timeNum": "3",
        "timeUnit": "일"
      },
      "nthSession": "2",
      "numberOfUtterances": "20",
      "numberOfTurns": "10",
      "sessionID": "4-00147-2",
      "dialog": [
        {
          "speaker": "speaker1",
          "personaID": "04271",
          "participantID": "0048",
          "utterance": "일 하다가 아들 학교에 준비물 가져다 주러 가고 있어요 ㅠ.",
          "summary": "나는 일을 하다가 아들 학교에 준비물을 가져다주러 가고 있다.",
          "date": "2022-09-01",
          "time": "14:43:52",
          "terminate": "false"
        },
        {
          "speaker": "speaker2",
          "personaID": "05048",
          "participantID": "0051",
          "utterance": "아이고 정신 없으시겠네요ㅠㅠ 제 아들도 방금 등교 했네요ㅎㅎ.",
          "summary": "나의 아들은 방금 등교를 했다.",
          "date": "2022-09-01",
          "time": "14:44:14",
          "terminate": "false"
        },
        {
          "speaker": "speaker1",
          "personaID": "04271",
          "participantID": "0048",
          "utterance": "저는 결혼을 늦게 해서 아직 아들이 초등학생인데 자녀분이 몇 살이신가요?",
          "summary": "나는 결혼을 늦게 해서 아직 아들이 초등학생이다.",
          "date": "2022-09-01",
          "time": "14:44:32",
          "terminate": "false"
        },
        {
          "speaker": "speaker2",
          "personaID": "05048",
          "participantID": "0051",
          "utterance": "아들은 13살이고 딸은 24살이에요ㅎㅎ 나이차이가 좀 나죠??",
          "summary": "나의 아들은 13살이고 나의 딸은 24살이다.",
          "date": "2022-09-01",
          "time": "14:44:56",
          "terminate": "false"
        },
        {
          "speaker": "speaker1",
          "personaID": "04271",
          "participantID": "0048",
          "utterance": "늦둥이를 보셨군요. 아드님도 초등학교 아직 다니고 계시네요?",
          "summary": "",
          "date": "2022-09-01",
          "time": "14:45:10",
          "terminate": "false"
        },
        {
          "speaker": "speaker2",
          "personaID": "05048",
          "participantID": "0051",
          "utterance": "네 마지막 학년이에요ㅎㅎ 이제 중학교 입학 준비를 해야죠ㅎㅎ.",
          "summary": "나의 아들은 초등학교 6학년이다. 나는 나의 아들의 중학교 입학 준비를 할 것이다.",
          "date": "2022-09-01",
          "time": "14:45:38",
          "terminate": "false"
        },
        {
          "speaker": "speaker1",
          "personaID": "04271",
          "participantID": "0048",
          "utterance": "그래도 초등학교 고학년이면 아들 다 키우신 거네요.",
          "summary": "나는 초등학교 고학년이면 자식을 다 키운 것이라고 생각한다.",
          "date": "2022-09-01",
          "time": "14:45:48",
          "terminate": "false"
        },
        {
          "speaker": "speaker2",
          "personaID": "05048",
          "participantID": "0051",
          "utterance": "갈길이 아직 멀어요. 이제부터는 대학교 하나만 보고 공부해야해서요ㅠㅠ.",
          "summary": "나는 아들이 크려면 아직 멀었다고 생각한다. 나는 나의 아들이 이제부터는 대학교만 생각하고 공부해야 한다고 생각한다.",
          "date": "2022-09-01",
          "time": "14:46:20",
          "terminate": "false"
        },
        {
          "speaker": "speaker1",
          "personaID": "04271",
          "participantID": "0048",
          "utterance": "아직 초등학생 6학년인데 벌써 대입 걱정을 해야하나요 ㅠ? 전 너무 이르다고 생각하네요.",
          "summary": "나는 초등학생 6학년이 대입 걱정을 하는 건 너무 이르다고 생각한다.",
          "date": "2022-09-01",
          "time": "14:46:39",
          "terminate": "false"
        },
        {
          "speaker": "speaker2",
          "personaID": "05048",
          "participantID": "0051",
          "utterance": "결과적으로는 대학교 가기 위해서 공부하는거니까요ㅠㅠ 요즘에 다들 너무 빨리 준비하더라구요.",
          "summary": "나는 결과적으로 대학교 가기 위해서 공부하는 것이라 생각한다. 나는 요즘에 다들 입시 준비를 빨리 한다고 생각한다.",
          "date": "2022-09-01",
          "time": "14:47:06",
          "terminate": "false"
        },
        {
          "speaker": "speaker1",
          "personaID": "04271",
          "participantID": "0048",
          "utterance": "저희 아들은 아직 초등학교 2학년인데, 전 그냥 아들이 건강하게만 자라길 바라고 있어요.",
          "summary": "나의 아들은 초등학교 2학년이다. 나는 아들이 건강하게만 자라길 바라고 있다.",
          "date": "2022-09-01",
          "time": "14:47:21",
          "terminate": "false"
        },
        {
          "speaker": "speaker2",
          "personaID": "05048",
          "participantID": "0051",
          "utterance": "저도 처음에는 건강한 것만 바랬는데 아들이 나중에 자기가 원하는 일 했으면 좋겠어요ㅎㅎ.",
          "summary": "나는 처음에는 아들이 건강한 것만 바랬다. 나는 나중에 아들이 자기가 원하는 일을 하길 바란다.",
          "date": "2022-09-01",
          "time": "14:47:55",
          "terminate": "false"
        },
        {
          "speaker": "speaker1",
          "personaID": "04271",
          "participantID": "0048",
          "utterance": "벌써 아드님이 진로를 정하신 거예요? 제 아들 꿈은 우주정복이래요.",
          "summary": "나의 아들의 꿈은 우주정복이다.",
          "date": "2022-09-01",
          "time": "14:48:13",
          "terminate": "false"
        },
        {
          "speaker": "speaker2",
          "personaID": "05048",
          "participantID": "0051",
          "utterance": "아직 몰라요. 물어보면 막연한 대답만 하더라구요. 훌륭한 사람이 꿈이래요.",
          "summary": "나는 나의 아들의 꿈을 모른다. 나의 아들은 꿈에 대한 질문에 막연한 대답만 한다. 나의 아들은 훌륭한 사람이 되고 싶어 한다.",
          "date": "2022-09-01",
          "time": "14:48:38",
          "terminate": "false"
        },
        {
          "speaker": "speaker1",
          "personaID": "04271",
          "participantID": "0048",
          "utterance": "공부 말고 인성이 아름다운 사람도 훌륭한 사람이죠.",
          "summary": "나는 공부 말고 인성이 아름다운 사람도 훌륭한 사람이라고 생각한다.",
          "date": "2022-09-01",
          "time": "14:48:52",
          "terminate": "false"
        },
        {
          "speaker": "speaker2",
          "personaID": "05048",
          "participantID": "0051",
          "utterance": "그나저나 아드님 준비물은 뭔가요??",
          "summary": "",
          "date": "2022-09-01",
          "time": "14:49:30",
          "terminate": "false"
        },
        {
          "speaker": "speaker1",
          "personaID": "04271",
          "participantID": "0048",
          "utterance": "단소를 두고 갔대요 ㅠ 자기 혼자 단소 안 가져 왔다고 울면서 전화해서 급히 가는 중이었어요.",
          "summary": "나의 아들은 단소를 두고 학교에 갔다. 나의 아들은 자기 혼자 단소를 안 가져왔다고 울면서 나에게 전화를 했다.",
          "date": "2022-09-01",
          "time": "14:49:56",
          "terminate": "false"
        },
        {
          "speaker": "speaker2",
          "personaID": "05048",
          "participantID": "0051",
          "utterance": "그렇군요. 제 아들은 미술시간에 지점토 필요하다고 준비해갔어요ㅎㅎ 애들 준비물 챙기는 것도 어렵네요.",
          "summary": "나의 아들은 미술시간에 지점토가 필요해서 준비해 갔다. 나는 아들의 준비물 챙기는 것도 어렵다고 생각한다.",
          "date": "2022-09-01",
          "time": "14:50:28",
          "terminate": "false"
        },
        {
          "speaker": "speaker1",
          "personaID": "04271",
          "participantID": "0048",
          "utterance": "맞아요. 집에서 일하다 보니 매일 아이 알림장 챙겨 보는데 그래도 하나씩 꼭 빠트리네요. 다시 연락 드릴게요.",
          "summary": "나는 집에서 일하고 있어서 매일 아이 알림장을 챙겨 보고 있지만 그래도 하나씩 꼭 빠트린다.",
          "date": "2022-09-01",
          "time": "14:50:52",
          "terminate": "false"
        },
        {
          "speaker": "speaker2",
          "personaID": "05048",
          "participantID": "0051",
          "utterance": "네 대화 즐거웠어요~~ 다음에 다시 또 연락하시죠!",
          "summary": "",
          "date": "2022-09-01",
          "time": "14:51:07",
          "terminate": "true"
        }
      ],
      "sessionPersonaSummary": {
        "speaker1": [
          "나는 일을 하다가 아들 학교에 준비물을 가져다주러 가고 있다.",
          "나는 결혼을 늦게 해서 아직 아들이 초등학생이다.",
          "나는 초등학교 고학년이면 자식을 다 키운 것이라고 생각한다.",
          "나는 초등학생 6학년이 대입 걱정을 하는 건 너무 이르다고 생각한다.",
          "나의 아들은 초등학교 2학년이다. 나는 아들이 건강하게만 자라길 바라고 있다.",
          "나의 아들의 꿈은 우주정복이다.",
          "나는 공부 말고 인성이 아름다운 사람도 훌륭한 사람이라고 생각한다.",
          "나의 아들은 단소를 두고 학교에 갔다. 나의 아들은 자기 혼자 단소를 안 가져왔다고 울면서 나에게 전화를 했다.",
          "나는 집에서 일하고 있어서 매일 아이 알림장을 챙겨 보고 있지만 그래도 하나씩 꼭 빠트린다."
        ],
        "speaker2": [
          "나의 아들은 방금 등교를 했다.",
          "나의 아들은 13살이고 나의 딸은 24살이다.",
          "나의 아들은 초등학교 6학년이다. 나는 나의 아들의 중학교 입학 준비를 할 것이다.",
          "나는 아들이 크려면 아직 멀었다고 생각한다. 나는 나의 아들이 이제부터는 대학교만 생각하고 공부해야 한다고 생각한다.",
          "나는 결과적으로 대학교 가기 위해서 공부하는 것이라 생각한다. 나는 요즘에 다들 입시 준비를 빨리 한다고 생각한다.",
          "나는 처음에는 아들이 건강한 것만 바랬다. 나는 나중에 아들이 자기가 원하는 일을 하길 바란다.",
          "나는 나의 아들의 꿈을 모른다. 나의 아들은 꿈에 대한 질문에 막연한 대답만 한다. 나의 아들은 훌륭한 사람이 되고 싶어 한다.",
          "나의 아들은 미술시간에 지점토가 필요해서 준비해 갔다. 나는 아들의 준비물 챙기는 것도 어렵다고 생각한다."
        ]
      },
      "prevAggregatedpersonaSummary": {
        "speaker1": [
          "나는 50대 남자이다.",
          "나는 주부도 하루 종일 바쁠 것이라고 생각한다.",
          "나는 아들 한 명이 있다. 나는 아들을 키우는 게 힘들어서 빨리 아들이 성인이 돼서 독립했으면 좋겠다.",
          "나는 서울에 거주 중이다.",
          "나는 서울 용산구에 거주 중이다.",
          "나는 마포구가 살기 좋다고 생각한다. 나는 마포구에 맛집이 많아서 주말에 외식하러 자주 간다.",
          "나는 프리랜서 동화 삽화 디자이너이다. 나는 선후배가 없다. 나는 선후배 없이 혼자 일하고 있어서 계약을 따낼 때 어려움을 겪고 있다.",
          "나는 하루에 일을 13시간 정도 하고 있다. 나는 손목과 허리가 아프다.",
          "나는 주말에 정형외과에 들려볼 것이다. 나는 평일에 일이 너무 많아서 정형외과에 못 갈 것 같다."
        ],
        "speaker2": [
          "나는 50대 여자이다.",
          "나는 주부라 집에서 살림만 한다.",
          "나는 해야 할 게 한두 가지가 아니다. 나는 남편과 @이름1@이 출근할 때 정신이 없다.",
          "나는 자녀가 남자 한 명 여자 한 명 있다. 나는 최근에 서울로 이사 와서 거주지는 서울이다.",
          "나는 이전에 경기도 양평에서 살았었다.",
          "나는 마포에 거주한다. 나는 마포와 용산이 가깝다고 생각한다.",
          "나는 마포구에서 다른 곳으로 이동하기 좋다고 생각한다. 나는 마포가 교통 빼고는 다 좋다고 생각한다.",
          "나는 혼자서 일하는 것은 보통일이 아니라고 생각한다.",
          "나는 손목이랑 허리가 아프면 정형외과 갈 것을 권유한다."
        ]
      }
    },
    {
      "prevSessionID": "4-00147-2",
      "prevTimeInfo": {
        "timeNum": "4",
        "timeUnit": "일"
      },
      "nthSession": "3",
      "numberOfUtterances": "20",
      "numberOfTurns": "10",
      "sessionID": "4-00147-3",
      "dialog": [
        {
          "speaker": "speaker1",
          "personaID": "04271",
          "participantID": "0048",
          "utterance": "오늘 계약 건이 있어서 오랜만에 외출했습니다.",
          "summary": "나는 오늘 계약 건이 있어서 오랜만에 외출을 했다.",
          "date": "2022-09-01",
          "time": "14:51:26",
          "terminate": "false"
        },
        {
          "speaker": "speaker2",
          "personaID": "05048",
          "participantID": "0051",
          "utterance": "그렇군요. 어디로 가시나요??",
          "summary": "",
          "date": "2022-09-01",
          "time": "14:51:45",
          "terminate": "false"
        },
        {
          "speaker": "speaker1",
          "personaID": "04271",
          "participantID": "0048",
          "utterance": "지금 지하철 타고 @주소1@으로 가고 있어요.",
          "summary": "나는 지금 지하철을 타고 @주소1@으로 가고 있다.",
          "date": "2022-09-01",
          "time": "14:52:03",
          "terminate": "false"
        },
        {
          "speaker": "speaker2",
          "personaID": "05048",
          "participantID": "0051",
          "utterance": "회사로 가서 계약만 하고 오는 건가요??",
          "summary": "",
          "date": "2022-09-01",
          "time": "14:52:22",
          "terminate": "false"
        },
        {
          "speaker": "speaker1",
          "personaID": "04271",
          "participantID": "0048",
          "utterance": "계약은 회사에서 하고 바로 회식하러 갈 거 같아요 ㅠ 회식가는 거 너무 싫어요 ㅠ.",
          "summary": "나는 계약은 회사에서 하고 바로 회식을 하러 갈 것 같다. 나는 회식을 하러 가는 게 싫다.",
          "date": "2022-09-01",
          "time": "14:52:37",
          "terminate": "false"
        },
        {
          "speaker": "speaker2",
          "personaID": "05048",
          "participantID": "0051",
          "utterance": "그래도 회식가면 맛있는 거 먹잖아요.",
          "summary": "나는 회식 가면 맛있는 거를 먹는다고 생각하다.",
          "date": "2022-09-01",
          "time": "14:53:10",
          "terminate": "false"
        },
        {
          "speaker": "speaker1",
          "personaID": "04271",
          "participantID": "0048",
          "utterance": "저는 회식 안 하고 집에 바로 가고 싶어요.",
          "summary": "나는 회식을 하지 않고 집에 바로 가고 싶다.",
          "date": "2022-09-01",
          "time": "14:53:47",
          "terminate": "false"
        },
        {
          "speaker": "speaker2",
          "personaID": "05048",
          "participantID": "0051",
          "utterance": "그러시군요. 오늘 뭐 드시는데요??",
          "summary": "",
          "date": "2022-09-01",
          "time": "14:54:11",
          "terminate": "false"
        },
        {
          "speaker": "speaker1",
          "personaID": "04271",
          "participantID": "0048",
          "utterance": "오늘 와인바 간다고 하던데 더더욱 가기 싫어요.",
          "summary": "나는 오늘 회식 때 와인바에 간다고 해서 더더욱 가기 싫다.",
          "date": "2022-09-01",
          "time": "14:54:31",
          "terminate": "false"
        },
        {
          "speaker": "speaker2",
          "personaID": "05048",
          "participantID": "0051",
          "utterance": "저는 와인 좋아해서 부럽네요. 와인 안 좋아하세요?",
          "summary": "나는 와인을 좋아해서 와인바 가는 것이 부럽다.",
          "date": "2022-09-01",
          "time": "14:55:02",
          "terminate": "false"
        },
        {
          "speaker": "speaker1",
          "personaID": "04271",
          "participantID": "0048",
          "utterance": "전 와인 마시면 머리 아파서 와인 싫어해요 ㅠ 그나저나 뭐하고 계셨어요?",
          "summary": "나는 와인을 마시면 머리가 아프다. 나는 와인을 싫어한다.",
          "date": "2022-09-01",
          "time": "14:55:31",
          "terminate": "false"
        },
        {
          "speaker": "speaker2",
          "personaID": "05048",
          "participantID": "0051",
          "utterance": "저는 핸드폰 게임 하고 있었어요. 혼자 있을때 핸드폰 게임을 매일해요.",
          "summary": "나는 핸드폰 게임을 하고 있었다. 나는 혼자 있을 때 핸드폰 게임을 매일 한다.",
          "date": "2022-09-01",
          "time": "14:56:04",
          "terminate": "false"
        },
        {
          "speaker": "speaker1",
          "personaID": "04271",
          "participantID": "0048",
          "utterance": "무슨 게임하세요? 저는 핸드폰으로 게임을 안 해서요.",
          "summary": "나는 핸드폰으로 게임을 안 한다.",
          "date": "2022-09-01",
          "time": "14:56:19",
          "terminate": "false"
        },
        {
          "speaker": "speaker2",
          "personaID": "05048",
          "participantID": "0051",
          "utterance": "저는 제노사이드라는 게임을 해요ㅋㅋ 딸 아이가 알려줘서 시작했는데 재밌네요.",
          "summary": "나는 제노사이드라는 게임을 한다. 나는 딸이 게임 제노사이드를 알려줘서 시작했는데 재밌다.",
          "date": "2022-09-01",
          "time": "14:57:27",
          "terminate": "false"
        },
        {
          "speaker": "speaker1",
          "personaID": "04271",
          "participantID": "0048",
          "utterance": "처음 들어보는 게임이네요. 매일 핸드폰으로 게임하면 손목 안 아프세요?",
          "summary": "나는 제노사이드라는 게임을 처음 들어봤다.",
          "date": "2022-09-01",
          "time": "14:58:21",
          "terminate": "false"
        },
        {
          "speaker": "speaker2",
          "personaID": "05048",
          "participantID": "0051",
          "utterance": "하루종일 하는 건 아니라서 괜찮아요ㅋㅋ 그럼 컴퓨터 게임은 하시나요??",
          "summary": "나는 하루 종일 게임을 하는 것은 아니라 손목이 안 아프다.",
          "date": "2022-09-01",
          "time": "14:58:48",
          "terminate": "false"
        },
        {
          "speaker": "speaker1",
          "personaID": "04271",
          "participantID": "0048",
          "utterance": "아니요. 전 게임에 별 흥미가 없어요. 제가 이번에 핸드폰을 바꿨는데 너무 무거워서 잠깐만 들고 있어도 손목 아파요.",
          "summary": "나는 게임에 별 흥미가 없다. 나는 이번에 핸드폰을 바꿨는데 핸드폰이 무거워서 조금만 들고 있어도 손목이 아프다.",
          "date": "2022-09-01",
          "time": "14:59:09",
          "terminate": "false"
        },
        {
          "speaker": "speaker2",
          "personaID": "05048",
          "participantID": "0051",
          "utterance": "손목터널증후군 조심하셔야 돼요 ㅋㅋ 요즘 나오는 핸드폰 무거워요.",
          "summary": "나는 손목터널 증후군을 조심해야 한다고 생각한다. 나는 요즘 나오는 핸드폰이 무겁다고 생각한다.",
          "date": "2022-09-01",
          "time": "14:59:32",
          "terminate": "false"
        },
        {
          "speaker": "speaker1",
          "personaID": "04271",
          "participantID": "0048",
          "utterance": "다시 2g 핸드폰 쓰고 싶어요 ㅠ 이젠 핸드폰 하나가 웬만한 가전 값만큼 비싸요. 다음에 또 연락 드릴게요.",
          "summary": "나는 다시 2g 핸드폰을 쓰고 싶다. 나는 핸드폰 하나가 웬만한 가전 값보다 비싸다고 생각한다.",
          "date": "2022-09-01",
          "time": "15:00:29",
          "terminate": "false"
        },
        {
          "speaker": "speaker2",
          "personaID": "05048",
          "participantID": "0051",
          "utterance": "네 알겠습니다. 다음에 또 대화해요~!!",
          "summary": "",
          "date": "2022-09-01",
          "time": "15:00:40",
          "terminate": "true"
        }
      ],
      "sessionPersonaSummary": {
        "speaker1": [
          "나는 오늘 계약 건이 있어서 오랜만에 외출을 했다.",
          "나는 지금 지하철을 타고 @주소1@으로 가고 있다.",
          "나는 계약은 회사에서 하고 바로 회식을 하러 갈 것 같다. 나는 회식을 하러 가는 게 싫다.",
          "나는 회식을 하지 않고 집에 바로 가고 싶다.",
          "나는 오늘 회식 때 와인바에 간다고 해서 더더욱 가기 싫다.",
          "나는 와인을 마시면 머리가 아프다. 나는 와인을 싫어한다.",
          "나는 핸드폰으로 게임을 안 한다.",
          "나는 제노사이드라는 게임을 처음 들어봤다.",
          "나는 게임에 별 흥미가 없다. 나는 이번에 핸드폰을 바꿨는데 핸드폰이 무거워서 조금만 들고 있어도 손목이 아프다.",
          "나는 다시 2g 핸드폰을 쓰고 싶다. 나는 핸드폰 하나가 웬만한 가전 값보다 비싸다고 생각한다."
        ],
        "speaker2": [
          "나는 회식 가면 맛있는 거를 먹는다고 생각하다.",
          "나는 와인을 좋아해서 와인바 가는 것이 부럽다.",
          "나는 핸드폰 게임을 하고 있었다. 나는 혼자 있을 때 핸드폰 게임을 매일 한다.",
          "나는 제노사이드라는 게임을 한다. 나는 딸이 게임 제노사이드를 알려줘서 시작했는데 재밌다.",
          "나는 하루 종일 게임을 하는 것은 아니라 손목이 안 아프다.",
          "나는 손목터널 증후군을 조심해야 한다고 생각한다. 나는 요즘 나오는 핸드폰이 무겁다고 생각한다."
        ]
      },
      "prevAggregatedpersonaSummary": {
        "speaker1": [
          "나는 50대 남자이다.",
          "나는 주부도 하루 종일 바쁠 것이라고 생각한다.",
          "나는 아들 한 명이 있다. 나는 아들을 키우는 게 힘들어서 빨리 아들이 성인이 돼서 독립했으면 좋겠다.",
          "나는 서울에 거주 중이다.",
          "나는 서울 용산구에 거주 중이다.",
          "나는 마포구가 살기 좋다고 생각한다. 나는 마포구에 맛집이 많아서 주말에 외식하러 자주 간다.",
          "나는 프리랜서 동화 삽화 디자이너이다. 나는 선후배가 없다. 나는 선후배 없이 혼자 일하고 있어서 계약을 따낼 때 어려움을 겪고 있다.",
          "나는 하루에 일을 13시간 정도 하고 있다. 나는 손목과 허리가 아프다.",
          "나는 주말에 정형외과에 들려볼 것이다. 나는 평일에 일이 너무 많아서 정형외과에 못 갈 것 같다.",
          "나는 일을 하다가 아들 학교에 준비물을 가져다주러 가고 있다.",
          "나는 결혼을 늦게 해서 아직 아들이 초등학생이다.",
          "나는 초등학교 고학년이면 자식을 다 키운 것이라고 생각한다.",
          "나는 초등학생 6학년이 대입 걱정을 하는 건 너무 이르다고 생각한다.",
          "나의 아들은 초등학교 2학년이다. 나는 아들이 건강하게만 자라길 바라고 있다.",
          "나의 아들의 꿈은 우주정복이다.",
          "나는 공부 말고 인성이 아름다운 사람도 훌륭한 사람이라고 생각한다.",
          "나의 아들은 단소를 두고 학교에 갔다. 나의 아들은 자기 혼자 단소를 안 가져왔다고 울면서 나에게 전화를 했다.",
          "나는 집에서 일하고 있어서 매일 아이 알림장을 챙겨 보고 있지만 그래도 하나씩 꼭 빠트린다."
        ],
        "speaker2": [
          "나는 50대 여자이다.",
          "나는 주부라 집에서 살림만 한다.",
          "나는 해야 할 게 한두 가지가 아니다. 나는 남편과 @이름1@이 출근할 때 정신이 없다.",
          "나는 자녀가 남자 한 명 여자 한 명 있다. 나는 최근에 서울로 이사 와서 거주지는 서울이다.",
          "나는 이전에 경기도 양평에서 살았었다.",
          "나는 마포에 거주한다. 나는 마포와 용산이 가깝다고 생각한다.",
          "나는 마포구에서 다른 곳으로 이동하기 좋다고 생각한다. 나는 마포가 교통 빼고는 다 좋다고 생각한다.",
          "나는 혼자서 일하는 것은 보통일이 아니라고 생각한다.",
          "나는 손목이랑 허리가 아프면 정형외과 갈 것을 권유한다.",
          "나의 아들은 방금 등교를 했다.",
          "나의 아들은 13살이고 나의 딸은 24살이다.",
          "나의 아들은 초등학교 6학년이다. 나는 나의 아들의 중학교 입학 준비를 할 것이다.",
          "나는 아들이 크려면 아직 멀었다고 생각한다. 나는 나의 아들이 이제부터는 대학교만 생각하고 공부해야 한다고 생각한다.",
          "나는 결과적으로 대학교 가기 위해서 공부하는 것이라 생각한다. 나는 요즘에 다들 입시 준비를 빨리 한다고 생각한다.",
          "나는 처음에는 아들이 건강한 것만 바랬다. 나는 나중에 아들이 자기가 원하는 일을 하길 바란다.",
          "나는 나의 아들의 꿈을 모른다. 나의 아들은 꿈에 대한 질문에 막연한 대답만 한다. 나의 아들은 훌륭한 사람이 되고 싶어 한다.",
          "나의 아들은 미술시간에 지점토가 필요해서 준비해 갔다. 나는 아들의 준비물 챙기는 것도 어렵다고 생각한다."
        ]
      }
    },
    {
      "prevSessionID": "4-00147-3",
      "prevTimeInfo": {
        "timeNum": "2",
        "timeUnit": "일"
      },
      "nthSession": "4",
      "numberOfUtterances": "20",
      "numberOfTurns": "10",
      "sessionID": "4-00147-4",
      "dialog": [
        {
          "speaker": "speaker1",
          "personaID": "04271",
          "participantID": "0048",
          "utterance": "혹시 초등학생 아드님이랑 친하게 지내시나요?",
          "summary": "",
          "date": "2022-09-01",
          "time": "15:01:03",
          "terminate": "false"
        },
        {
          "speaker": "speaker2",
          "personaID": "05048",
          "participantID": "0051",
          "utterance": "네 아들이 애교가 많아서 저랑 친하게 지내요.",
          "summary": "나의 아들은 애교가 많아서 나와 친하게 지낸다.",
          "date": "2022-09-01",
          "time": "15:01:25",
          "terminate": "false"
        },
        {
          "speaker": "speaker1",
          "personaID": "04271",
          "participantID": "0048",
          "utterance": "저는 원래 아들이랑 친하게 지냈는데 아들이 점점 비밀을 만들어요.",
          "summary": "나는 원래 아들과 친하게 지냈는데 아들이 점점 비밀을 만든다.",
          "date": "2022-09-01",
          "time": "15:01:41",
          "terminate": "false"
        },
        {
          "speaker": "speaker2",
          "personaID": "05048",
          "participantID": "0051",
          "utterance": "이제 사춘기가 다가와서 그런거 아닐까요??",
          "summary": "",
          "date": "2022-09-01",
          "time": "15:01:55",
          "terminate": "false"
        },
        {
          "speaker": "speaker1",
          "personaID": "04271",
          "participantID": "0048",
          "utterance": "요즘은 사춘기가 빨리 오나요? 저는 사춘기 중학생 때 겪었어요.",
          "summary": "나는 사춘기를 중학생 때 겪었다.",
          "date": "2022-09-01",
          "time": "15:02:07",
          "terminate": "false"
        },
        {
          "speaker": "speaker2",
          "personaID": "05048",
          "participantID": "0051",
          "utterance": "빨리오는 @이름1@도 있어요. 다행이도 저희 아들은 아직 안왔어요ㅎㅎ.",
          "summary": "나는 사춘기가 빨리 오는 @이름1@도 있다고 생각한다. 나는 나의 아들이 사춘기가 아직 안와 다행이라고 생각한다.",
          "date": "2022-09-01",
          "time": "15:02:27",
          "terminate": "false"
        },
        {
          "speaker": "speaker1",
          "personaID": "04271",
          "participantID": "0048",
          "utterance": "저희 아들은 아직 9살 밖에 안 되서 사춘기는 아닌 거 같은데, 아들 변한 모습을 보면 요즘 가끔 슬퍼요.",
          "summary": "나는 아들이 9살이라 아직 사춘기는 아니라고 생각한다. 나는 아들이 변한 모습을 보면 요즘 가끔 슬프다.",
          "date": "2022-09-01",
          "time": "15:02:45",
          "terminate": "false"
        },
        {
          "speaker": "speaker2",
          "personaID": "05048",
          "participantID": "0051",
          "utterance": "서운하시겠네요. 저도 아들이 사춘기 오면 서운할 것 같아요ㅠㅠ.",
          "summary": "나는 아들이 사춘기가 오면 서운할 것 같다.",
          "date": "2022-09-01",
          "time": "15:03:06",
          "terminate": "false"
        },
        {
          "speaker": "speaker1",
          "personaID": "04271",
          "participantID": "0048",
          "utterance": "저희 아들은 항상 제가 최고라고 했거든요. 이제 친구들이 최고래요.",
          "summary": "나의 아들은 항상 나에게 최고라고 했으나 이제 친구들을 최고라고 생각한다.",
          "date": "2022-09-01",
          "time": "15:03:26",
          "terminate": "false"
        },
        {
          "speaker": "speaker2",
          "personaID": "05048",
          "participantID": "0051",
          "utterance": "나이가 들수록 친구가 중요해지죠ㅎㅎ 제 딸도 그랬는데요ㅎㅎ.",
          "summary": "나는 @이름1@은 나이가 들수록 친구가 중요해진다고 생각한다. 나의 딸은 어릴 때 친구를 더 중요하게 생각했다.",
          "date": "2022-09-01",
          "time": "15:03:46",
          "terminate": "false"
        },
        {
          "speaker": "speaker1",
          "personaID": "04271",
          "participantID": "0048",
          "utterance": "아 따님을 먼저 키우셔서 경험이 있으시군요 ㅠ 저는 아들 한명이라 아들이랑 멀어질 거 생각하면 벌써 우울해요.",
          "summary": "나는 자식은 아들 한 명이라 아들이랑 멀어질 걸 생각하면 벌써 우울하다.",
          "date": "2022-09-01",
          "time": "15:04:05",
          "terminate": "false"
        },
        {
          "speaker": "speaker2",
          "personaID": "05048",
          "participantID": "0051",
          "utterance": "자연스러운거니 너무 서운해하지 마세요. 나중에 다시 가족을 더 찾습니다ㅎㅎ.",
          "summary": "나는 자식이 멀어져도 다 자연스러운 거니 서운해하지 않는 것이 좋다고 생가한다. 나는 아들이 친구를 더 찾아도 나중에 가족을 다시 찾을 것이라 생각한다.",
          "date": "2022-09-01",
          "time": "15:04:39",
          "terminate": "false"
        },
        {
          "speaker": "speaker1",
          "personaID": "04271",
          "participantID": "0048",
          "utterance": "네. 힘들지만 다 지나가리라 생각해야죠. 뭐하고 계셨어요?",
          "summary": "나는 아들이 변하는 걸 보는 게 힘들지만 다 지나가리라 생각할 것이다.",
          "date": "2022-09-01",
          "time": "15:05:02",
          "terminate": "false"
        },
        {
          "speaker": "speaker2",
          "personaID": "05048",
          "participantID": "0051",
          "utterance": "가계부 쓰고 있었어요. 아들 키워야하니까 돈 아껴써야죠ㅎㅎ.",
          "summary": "나는 가계부를 쓰고 있었다. 나는 아들을 키워야 해서 돈을 아껴 써야 한다.",
          "date": "2022-09-01",
          "time": "15:05:45",
          "terminate": "false"
        },
        {
          "speaker": "speaker1",
          "personaID": "04271",
          "participantID": "0048",
          "utterance": "계획적이시네요. 저는 그냥 돈 버는 대로 적금만 하고 있어요.",
          "summary": "나는 가계부를 쓰는 사람이 계획적이라고 생각한다. 나는 돈을 버는 대로 적금만 하고 있다.",
          "date": "2022-09-01",
          "time": "15:06:03",
          "terminate": "false"
        },
        {
          "speaker": "speaker2",
          "personaID": "05048",
          "participantID": "0051",
          "utterance": "그렇군요. 주식은 안하세요??",
          "summary": "",
          "date": "2022-09-01",
          "time": "15:06:15",
          "terminate": "false"
        },
        {
          "speaker": "speaker1",
          "personaID": "04271",
          "participantID": "0048",
          "utterance": "네 저는 투자는 관심 없어요. 지금 버는 소득으로 저금만 해도 저희 가족 살기 충분해요.",
          "summary": "나는 투자에 관심이 없다. 나는 나의 지금 소득으로 저금만 해도 나의 가족을 충분히 부양할 수 있다고 생각한다.",
          "date": "2022-09-01",
          "time": "15:06:33",
          "terminate": "false"
        },
        {
          "speaker": "speaker2",
          "personaID": "05048",
          "participantID": "0051",
          "utterance": "저도 주식은 어떻게 하는지도 몰라요. 겁이 많아서 그냥 있는 돈 아끼면서 살려구요.",
          "summary": "나는 주식을 어떻게 하는지 전혀 모른다. 나는 겁이 많아서 있는 돈 아껴 쓸 것이다.",
          "date": "2022-09-01",
          "time": "15:06:57",
          "terminate": "false"
        },
        {
          "speaker": "speaker1",
          "personaID": "04271",
          "participantID": "0048",
          "utterance": "맞아요. 제일 적금이 제일 안전한 돈 모으기 방법같아요. 제가 나중에 또 연락할게요.",
          "summary": "나는 적금이 제일 안전한 돈 모으기 방법이라고 생각한다.",
          "date": "2022-09-01",
          "time": "15:07:42",
          "terminate": "false"
        },
        {
          "speaker": "speaker2",
          "personaID": "05048",
          "participantID": "0051",
          "utterance": "네 알겠습니다. 다음에 또 연락하시죠.",
          "summary": "",
          "date": "2022-09-01",
          "time": "15:07:54",
          "terminate": "true"
        }
      ],
      "sessionPersonaSummary": {
        "speaker1": [
          "나는 원래 아들과 친하게 지냈는데 아들이 점점 비밀을 만든다.",
          "나는 사춘기를 중학생 때 겪었다.",
          "나는 아들이 9살이라 아직 사춘기는 아니라고 생각한다. 나는 아들이 변한 모습을 보면 요즘 가끔 슬프다.",
          "나의 아들은 항상 나에게 최고라고 했으나 이제 친구들을 최고라고 생각한다.",
          "나는 자식은 아들 한 명이라 아들이랑 멀어질 걸 생각하면 벌써 우울하다.",
          "나는 아들이 변하는 걸 보는 게 힘들지만 다 지나가리라 생각할 것이다.",
          "나는 가계부를 쓰는 사람이 계획적이라고 생각한다. 나는 돈을 버는 대로 적금만 하고 있다.",
          "나는 투자에 관심이 없다. 나는 나의 지금 소득으로 저금만 해도 나의 가족을 충분히 부양할 수 있다고 생각한다.",
          "나는 적금이 제일 안전한 돈 모으기 방법이라고 생각한다."
        ],
        "speaker2": [
          "나의 아들은 애교가 많아서 나와 친하게 지낸다.",
          "나는 사춘기가 빨리 오는 @이름1@도 있다고 생각한다. 나는 나의 아들이 사춘기가 아직 안와 다행이라고 생각한다.",
          "나는 아들이 사춘기가 오면 서운할 것 같다.",
          "나는 @이름1@은 나이가 들수록 친구가 중요해진다고 생각한다. 나의 딸은 어릴 때 친구를 더 중요하게 생각했다.",
          "나는 자식이 멀어져도 다 자연스러운 거니 서운해하지 않는 것이 좋다고 생가한다. 나는 아들이 친구를 더 찾아도 나중에 가족을 다시 찾을 것이라 생각한다.",
          "나는 가계부를 쓰고 있었다. 나는 아들을 키워야 해서 돈을 아껴 써야 한다.",
          "나는 주식을 어떻게 하는지 전혀 모른다. 나는 겁이 많아서 있는 돈 아껴 쓸 것이다."
        ]
      },
      "prevAggregatedpersonaSummary": {
        "speaker1": [
          "나는 50대 남자이다.",
          "나는 주부도 하루 종일 바쁠 것이라고 생각한다.",
          "나는 아들 한 명이 있다. 나는 아들을 키우는 게 힘들어서 빨리 아들이 성인이 돼서 독립했으면 좋겠다.",
          "나는 서울에 거주 중이다.",
          "나는 서울 용산구에 거주 중이다.",
          "나는 마포구가 살기 좋다고 생각한다. 나는 마포구에 맛집이 많아서 주말에 외식하러 자주 간다.",
          "나는 프리랜서 동화 삽화 디자이너이다. 나는 선후배가 없다. 나는 선후배 없이 혼자 일하고 있어서 계약을 따낼 때 어려움을 겪고 있다.",
          "나는 하루에 일을 13시간 정도 하고 있다. 나는 손목과 허리가 아프다.",
          "나는 주말에 정형외과에 들려볼 것이다. 나는 평일에 일이 너무 많아서 정형외과에 못 갈 것 같다.",
          "나는 일을 하다가 아들 학교에 준비물을 가져다주러 가고 있다.",
          "나는 결혼을 늦게 해서 아직 아들이 초등학생이다.",
          "나는 초등학교 고학년이면 자식을 다 키운 것이라고 생각한다.",
          "나는 초등학생 6학년이 대입 걱정을 하는 건 너무 이르다고 생각한다.",
          "나의 아들은 초등학교 2학년이다. 나는 아들이 건강하게만 자라길 바라고 있다.",
          "나의 아들의 꿈은 우주정복이다.",
          "나는 공부 말고 인성이 아름다운 사람도 훌륭한 사람이라고 생각한다.",
          "나의 아들은 단소를 두고 학교에 갔다. 나의 아들은 자기 혼자 단소를 안 가져왔다고 울면서 나에게 전화를 했다.",
          "나는 집에서 일하고 있어서 매일 아이 알림장을 챙겨 보고 있지만 그래도 하나씩 꼭 빠트린다.",
          "나는 오늘 계약 건이 있어서 오랜만에 외출을 했다.",
          "나는 지금 지하철을 타고 @주소1@으로 가고 있다.",
          "나는 계약은 회사에서 하고 바로 회식을 하러 갈 것 같다. 나는 회식을 하러 가는 게 싫다.",
          "나는 회식을 하지 않고 집에 바로 가고 싶다.",
          "나는 오늘 회식 때 와인바에 간다고 해서 더더욱 가기 싫다.",
          "나는 와인을 마시면 머리가 아프다. 나는 와인을 싫어한다.",
          "나는 핸드폰으로 게임을 안 한다.",
          "나는 제노사이드라는 게임을 처음 들어봤다.",
          "나는 게임에 별 흥미가 없다. 나는 이번에 핸드폰을 바꿨는데 핸드폰이 무거워서 조금만 들고 있어도 손목이 아프다.",
          "나는 다시 2g 핸드폰을 쓰고 싶다. 나는 핸드폰 하나가 웬만한 가전 값보다 비싸다고 생각한다."
        ],
        "speaker2": [
          "나는 50대 여자이다.",
          "나는 주부라 집에서 살림만 한다.",
          "나는 해야 할 게 한두 가지가 아니다. 나는 남편과 @이름1@이 출근할 때 정신이 없다.",
          "나는 자녀가 남자 한 명 여자 한 명 있다. 나는 최근에 서울로 이사 와서 거주지는 서울이다.",
          "나는 이전에 경기도 양평에서 살았었다.",
          "나는 마포에 거주한다. 나는 마포와 용산이 가깝다고 생각한다.",
          "나는 마포구에서 다른 곳으로 이동하기 좋다고 생각한다. 나는 마포가 교통 빼고는 다 좋다고 생각한다.",
          "나는 혼자서 일하는 것은 보통일이 아니라고 생각한다.",
          "나는 손목이랑 허리가 아프면 정형외과 갈 것을 권유한다.",
          "나의 아들은 방금 등교를 했다.",
          "나의 아들은 13살이고 나의 딸은 24살이다.",
          "나의 아들은 초등학교 6학년이다. 나는 나의 아들의 중학교 입학 준비를 할 것이다.",
          "나는 아들이 크려면 아직 멀었다고 생각한다. 나는 나의 아들이 이제부터는 대학교만 생각하고 공부해야 한다고 생각한다.",
          "나는 결과적으로 대학교 가기 위해서 공부하는 것이라 생각한다. 나는 요즘에 다들 입시 준비를 빨리 한다고 생각한다.",
          "나는 처음에는 아들이 건강한 것만 바랬다. 나는 나중에 아들이 자기가 원하는 일을 하길 바란다.",
          "나는 나의 아들의 꿈을 모른다. 나의 아들은 꿈에 대한 질문에 막연한 대답만 한다. 나의 아들은 훌륭한 사람이 되고 싶어 한다.",
          "나의 아들은 미술시간에 지점토가 필요해서 준비해 갔다. 나는 아들의 준비물 챙기는 것도 어렵다고 생각한다.",
          "나는 회식 가면 맛있는 거를 먹는다고 생각하다.",
          "나는 와인을 좋아해서 와인바 가는 것이 부럽다.",
          "나는 핸드폰 게임을 하고 있었다. 나는 혼자 있을 때 핸드폰 게임을 매일 한다.",
          "나는 제노사이드라는 게임을 한다. 나는 딸이 게임 제노사이드를 알려줘서 시작했는데 재밌다.",
          "나는 하루 종일 게임을 하는 것은 아니라 손목이 안 아프다.",
          "나는 손목터널 증후군을 조심해야 한다고 생각한다. 나는 요즘 나오는 핸드폰이 무겁다고 생각한다."
        ]
      }
    }
  ]
}