{
  "FileInfo": {
    "filename": "K4-00312-CL35914-CP31185-01-05-S4.json",
    "sessionLevel": "4"
  },
  "participantsInfo": {
    "numberOfParticipants": "2",
    "speaker1": {
      "participantID": "3778",
      "gender": "여성",
      "age": "40대",
      "occupation": "기타",
      "bPlace": "서울/경기/인천",
      "gPlace": "서울/경기/인천",
      "rPlace": "서울/경기/인천",
      "educationLevel": "대학원졸"
    },
    "speaker2": {
      "participantID": "4298",
      "gender": "남성",
      "age": "30대",
      "occupation": "자영업",
      "bPlace": "서울/경기/인천",
      "gPlace": "서울/경기/인천",
      "rPlace": "서울/경기/인천",
      "educationLevel": "대졸"
    }
  },
  "multisessionInfo": {
    "multisessionID": "4-00312"
  },
  "personaInfo": {
    "clInfo": {
      "personaID": "35914",
      "personaFeatures": [
        "나는 여자이다.",
        "나는 30대이다.",
        "나는 결혼을 했다",
        "나는 학원 사회 강사이다",
        "나는 실외에서 수상스키 타는 것을 싫어한다",
        "나는 혈액형이 AB형이다",
        "나는 닭발을 즐겨 먹는다"
      ],
      "speakerType": "speaker1"
    },
    "cpInfo": {
      "personaID": "31185",
      "personaFeatures": [
        "나는 남자이다.",
        "나는 30대이다.",
        "나의 거주지는 대전이다",
        "나는 저녁에 걸레질을 한다",
        "나는 초밥을 안 먹는다"
      ],
      "speakerType": "speaker2"
    }
  },
  "topicInfo": {
    "topicID": "01-05",
    "topicType": "식음료",
    "topicTitle": "디저트"
  },
  "sessionInfo": [
    {
      "prevSessionID": null,
      "prevTimeInfo": {
        "timeNum": null,
        "timeUnit": null
      },
      "nthSession": "1",
      "numberOfUtterances": "14",
      "numberOfTurns": "7",
      "sessionID": "4-00312-1",
      "dialog": [
        {
          "speaker": "speaker1",
          "personaID": "35914",
          "participantID": "3778",
          "utterance": "안녕하세요. 저는 학원에서 사회 강사로 일하는 30대 여성이에요.",
          "summary": "나는 학원에서 사회 강사로 일하는 30대 여성이다.",
          "date": "2022-11-29",
          "time": "01:43:18",
          "terminate": "false"
        },
        {
          "speaker": "speaker2",
          "personaID": "31185",
          "participantID": "4298",
          "utterance": "안녕하세요 저는 30대 남성이에요. 저는 프리랜서로 일하고 있어요.",
          "summary": "나는 30대 남성이다. 나는 프리랜서이다.",
          "date": "2022-11-29",
          "time": "01:43:45",
          "terminate": "false"
        },
        {
          "speaker": "speaker1",
          "personaID": "35914",
          "participantID": "3778",
          "utterance": "반갑습니다. 혹시 혈액형이 어떻게 되세요? 저는 AB형이에요.",
          "summary": "나는 AB형이다",
          "date": "2022-11-29",
          "time": "01:44:14",
          "terminate": "false"
        },
        {
          "speaker": "speaker2",
          "personaID": "31185",
          "participantID": "4298",
          "utterance": "반가워요. 저는 A형이에요. 혹시 안 먹는 음식이 있나요? 저는 초밥을 안 먹어요",
          "summary": "나는 A형이다. 나는 초밥을 안 먹는다.",
          "date": "2022-11-29",
          "time": "01:44:56",
          "terminate": "false"
        },
        {
          "speaker": "speaker1",
          "personaID": "35914",
          "participantID": "3778",
          "utterance": "그러시군요. 저는 뭐든 잘 먹어요. 닭발을 엄청 좋아해서 즐겨 먹고요. 혹시 운동 좋아하세요?",
          "summary": "나는 뭐든 잘 먹는다. 나는 닭발을 엄청 좋아해서 즐겨 먹는다.",
          "date": "2022-11-29",
          "time": "01:46:56",
          "terminate": "false"
        },
        {
          "speaker": "speaker2",
          "personaID": "31185",
          "participantID": "4298",
          "utterance": "네, 축구 좋아해요. 저녁에는 주로 뭘 하세요? 저는 저녁에 걸레질을 해요. ",
          "summary": "나는 축구 좋아하고 나는 저녁에 걸레질을 한다.",
          "date": "2022-11-29",
          "time": "01:47:24",
          "terminate": "false"
        },
        {
          "speaker": "speaker1",
          "personaID": "35914",
          "participantID": "3778",
          "utterance": "저도 청소나 설거지 같은 집안일을 주로 해요. 저는 얼마 전에 결혼을 했는데 요즘 남편이랑 의견 충돌이 좀 있어요. 저는 실외에서 수상스키 타는 걸 싫어하는데 남편이 같이 가자고 해서요.",
          "summary": "나는 청소나 설거지 같은 집안일을 주로 한다. 나는 얼마 전 결혼했는데 요새 남편과 의견 충돌이 있다. 나는 실외에서 수상스키 타는 걸 싫어하는데 남편이 같이 가자고 한다.",
          "date": "2022-11-29",
          "time": "01:48:43",
          "terminate": "false"
        },
        {
          "speaker": "speaker2",
          "personaID": "31185",
          "participantID": "4298",
          "utterance": "그러시군요. 남편 분과의 갈등을 잘 해결하셨으면 좋겠네요. 혹시 어디 사세요? 저의 거주지는 대전이에요.",
          "summary": "나의 거주지는 대전이다.",
          "date": "2022-11-29",
          "time": "01:50:16",
          "terminate": "false"
        },
        {
          "speaker": "speaker1",
          "personaID": "35914",
          "participantID": "3778",
          "utterance": "대전에 사시는 군요. 저는 서울에 살아요. ",
          "summary": "나는 서울에 산다",
          "date": "2022-11-29",
          "time": "01:51:02",
          "terminate": "false"
        },
        {
          "speaker": "speaker2",
          "personaID": "31185",
          "participantID": "4298",
          "utterance": "저도 서울에 자주 놀러 가고 싶은데 거리가 조금 멀어서 아쉬워요.",
          "summary": "나는 서울에 자주 놀러 가고 싶은데 거리가 조금 멀어서 아쉽다.",
          "date": "2022-11-29",
          "time": "01:52:11",
          "terminate": "false"
        },
        {
          "speaker": "speaker1",
          "personaID": "35914",
          "participantID": "3778",
          "utterance": "그렇겠네요. 예전보다 교통이 나아졌지만 그래도 아직은 좀 멀죠.",
          "summary": "",
          "date": "2022-11-29",
          "time": "01:56:07",
          "terminate": "false"
        },
        {
          "speaker": "speaker2",
          "personaID": "31185",
          "participantID": "4298",
          "utterance": "맞아요. 성격은 어떤 편이신가요? 저는 좀 급한 편이에요. ",
          "summary": "나는 성격이 급한 편이다.",
          "date": "2022-11-29",
          "time": "01:57:24",
          "terminate": "false"
        },
        {
          "speaker": "speaker1",
          "personaID": "35914",
          "participantID": "3778",
          "utterance": "저는 차분한 편이에요. 저희 아버지께서 급한 성격이셨죠. 그러고 보니 아버지가 생각나네요. 한 번 연락드려야겠어요.",
          "summary": "나는 차분한 편이다. 나는 아버지가 급한 성격이셨다.",
          "date": "2022-11-29",
          "time": "01:59:38",
          "terminate": "false"
        },
        {
          "speaker": "speaker2",
          "personaID": "31185",
          "participantID": "4298",
          "utterance": "아버님도 연락을 기다리고 계실 거예요. 저는 이만 자러 가볼게요. 오늘 대화 즐거웠어요.",
          "summary": "",
          "date": "2022-11-29",
          "time": "02:00:36",
          "terminate": "true"
        }
      ],
      "sessionPersonaSummary": {
        "speaker1": [
          "나는 학원에서 사회 강사로 일하는 30대 여성이다.",
          "나는 AB형이다",
          "나는 뭐든 잘 먹는다. 나는 닭발을 엄청 좋아해서 즐겨 먹는다.",
          "나는 청소나 설거지 같은 집안일을 주로 한다. 나는 얼마 전 결혼했는데 요새 남편과 의견 충돌이 있다. 나는 실외에서 수상스키 타는 걸 싫어하는데 남편이 같이 가자고 한다.",
          "나는 서울에 산다",
          "나는 차분한 편이다. 나는 아버지가 급한 성격이셨다."
        ],
        "speaker2": [
          "나는 30대 남성이다. 나는 프리랜서이다.",
          "나는 A형이다. 나는 초밥을 안 먹는다.",
          "나는 축구 좋아하고 나는 저녁에 걸레질을 한다.",
          "나의 거주지는 대전이다.",
          "나는 서울에 자주 놀러 가고 싶은데 거리가 조금 멀어서 아쉽다.",
          "나는 성격이 급한 편이다."
        ]
      },
      "prevAggregatedpersonaSummary": {
        "speaker1": [],
        "speaker2": []
      }
    },
    {
      "prevSessionID": "4-00312-1",
      "prevTimeInfo": {
        "timeNum": "1",
        "timeUnit": "일"
      },
      "nthSession": "2",
      "numberOfUtterances": "14",
      "numberOfTurns": "7",
      "sessionID": "4-00312-2",
      "dialog": [
        {
          "speaker": "speaker1",
          "personaID": "35914",
          "participantID": "3778",
          "utterance": "하루만에 뵙네요. 오늘 어떠셨어요?",
          "summary": "",
          "date": "2022-11-29",
          "time": "02:03:56",
          "terminate": "false"
        },
        {
          "speaker": "speaker2",
          "personaID": "31185",
          "participantID": "4298",
          "utterance": "오늘은 기분이 좋네요. 친구와 제가 거주 중인 대전에서 요새 핫한 카페를 다녀왔거든요. 디저트가 아주 맛있더라고요. ",
          "summary": "나는 친구와 함께 대전에서 요새 핫한 카페를 다녀와서 기분이 좋다. 나는 디저트가 아주 맛있었다.",
          "date": "2022-11-29",
          "time": "02:06:32",
          "terminate": "false"
        },
        {
          "speaker": "speaker1",
          "personaID": "35914",
          "participantID": "3778",
          "utterance": "디저트 카페라니, 듣기만 해도 부럽네요. 어떤 디저트를 드셨어요?",
          "summary": "나는 디저트 카페가 듣기만 해도 부럽다.",
          "date": "2022-11-29",
          "time": "02:10:58",
          "terminate": "false"
        },
        {
          "speaker": "speaker2",
          "personaID": "31185",
          "participantID": "4298",
          "utterance": "맛있는 당근케이크를 먹었어요. 뭐든지 잘 드시니까 @이름@님도 당근케이크 좋아하실 것 같은데... 맞나요?",
          "summary": "나는 맛있는 당근케이크를 먹었다.",
          "date": "2022-11-29",
          "time": "02:11:58",
          "terminate": "false"
        },
        {
          "speaker": "speaker1",
          "personaID": "35914",
          "participantID": "3778",
          "utterance": "당근케이크라니, 이야기만 들어도 군침이 도네요. 제가 뭐든 좋아하지만 케익을 특히 좋아하거든요.",
          "summary": "나는 당근케이크 이야기만 들어도 군침이 돈다. 나는 케이크를 특히 좋아한다",
          "date": "2022-11-29",
          "time": "02:13:22",
          "terminate": "false"
        },
        {
          "speaker": "speaker2",
          "personaID": "31185",
          "participantID": "4298",
          "utterance": "그러셨군요. 식음료 중에서 저도 케익을 특히 좋아해요. 케익 말고 또 즐겨 드시는 디저트가 있나요?",
          "summary": "나는 식음료 중에서 저도 케이크를 특히 좋아한다.",
          "date": "2022-11-29",
          "time": "02:14:43",
          "terminate": "false"
        },
        {
          "speaker": "speaker1",
          "personaID": "35914",
          "participantID": "3778",
          "utterance": "저는 마카롱을 좋아해요. 남자친구랑 같이 서울에 있는 마카롱 맛집은 다 가본 것 같아요.",
          "summary": "나는 마카롱을 좋아한다. 나는 남자 친구와 서울에 있는 마카롱 맛집은 다 가본 것 같다",
          "date": "2022-11-29",
          "time": "02:16:37",
          "terminate": "false"
        },
        {
          "speaker": "speaker2",
          "personaID": "31185",
          "participantID": "4298",
          "utterance": "마카롱 달달하니 참 맛있죠. 오늘 카페에서 마카롱도 먹고 싶었는데 케익을 디저트로 먹고 나니 배불러서 못 먹었어요.",
          "summary": "나는 오늘 카페에서 마카롱도 먹고 싶었는데 케이크를 디저트로 먹고 나니 배불러서 못 먹었다.",
          "date": "2022-11-29",
          "time": "02:19:49",
          "terminate": "false"
        },
        {
          "speaker": "speaker1",
          "personaID": "35914",
          "participantID": "3778",
          "utterance": "마카롱도 좋아하시는군요! 저는 디저트 배는 따로 있는 것 같아요. 아무리 배가 불러도 계속 들어가거든요 하하",
          "summary": "나는 디저트 배는 따로 있는 것 같다. 나는 아무리 배가 불러도 계속 들어간다.",
          "date": "2022-11-29",
          "time": "02:23:14",
          "terminate": "false"
        },
        {
          "speaker": "speaker2",
          "personaID": "31185",
          "participantID": "4298",
          "utterance": "저도 똑같아요, 하하. 그래서 30대인데도 벌써 배가 조금 나왔어요. 칼로리가 높은 디저트를 너무 좋아해서 탈이에요. ",
          "summary": "나는 30대인데도 벌써 배가 조금 나왔다.",
          "date": "2022-11-29",
          "time": "02:25:18",
          "terminate": "false"
        },
        {
          "speaker": "speaker1",
          "personaID": "35914",
          "participantID": "3778",
          "utterance": "저도 그게 고민이에요. 그래서 요즘엔 맛있으면서 건강에도 좋은 디저트를 찾아보고 있는데 찾기가 쉽지 않네요.",
          "summary": "나는 맛있으면서 건강에 좋은 디저트를 찾고 있는데 찾기 쉽지 않다",
          "date": "2022-11-29",
          "time": "02:26:47",
          "terminate": "false"
        },
        {
          "speaker": "speaker2",
          "personaID": "31185",
          "participantID": "4298",
          "utterance": "요새 사람들이 웰빙 식음료를 찾는다고 들은 것 같긴 해요. ",
          "summary": "",
          "date": "2022-11-29",
          "time": "02:27:42",
          "terminate": "false"
        },
        {
          "speaker": "speaker1",
          "personaID": "35914",
          "participantID": "3778",
          "utterance": "네, 저처럼 디저트를 달고 사는데 계속 가공식품을 먹자니 부담을 느끼는 사람이 꽤 있나보더라고요.",
          "summary": "",
          "date": "2022-11-29",
          "time": "02:33:05",
          "terminate": "false"
        },
        {
          "speaker": "speaker2",
          "personaID": "31185",
          "participantID": "4298",
          "utterance": "그런 고민이 있는 분들이 많았군요. 저는 좀 쉬러 가볼게요. 좋은 하루 보내세요.",
          "summary": "",
          "date": "2022-11-29",
          "time": "02:34:58",
          "terminate": "true"
        }
      ],
      "sessionPersonaSummary": {
        "speaker1": [
          "나는 디저트 카페가 듣기만 해도 부럽다.",
          "나는 당근케이크 이야기만 들어도 군침이 돈다. 나는 케이크를 특히 좋아한다",
          "나는 마카롱을 좋아한다. 나는 남자 친구와 서울에 있는 마카롱 맛집은 다 가본 것 같다",
          "나는 디저트 배는 따로 있는 것 같다. 나는 아무리 배가 불러도 계속 들어간다.",
          "나는 맛있으면서 건강에 좋은 디저트를 찾고 있는데 찾기 쉽지 않다"
        ],
        "speaker2": [
          "나는 친구와 함께 대전에서 요새 핫한 카페를 다녀와서 기분이 좋다. 나는 디저트가 아주 맛있었다.",
          "나는 맛있는 당근케이크를 먹었다.",
          "나는 식음료 중에서 저도 케이크를 특히 좋아한다.",
          "나는 오늘 카페에서 마카롱도 먹고 싶었는데 케이크를 디저트로 먹고 나니 배불러서 못 먹었다.",
          "나는 30대인데도 벌써 배가 조금 나왔다."
        ]
      },
      "prevAggregatedpersonaSummary": {
        "speaker1": [
          "나는 학원에서 사회 강사로 일하는 30대 여성이다.",
          "나는 AB형이다",
          "나는 뭐든 잘 먹는다. 나는 닭발을 엄청 좋아해서 즐겨 먹는다.",
          "나는 청소나 설거지 같은 집안일을 주로 한다. 나는 얼마 전 결혼했는데 요새 남편과 의견 충돌이 있다. 나는 실외에서 수상스키 타는 걸 싫어하는데 남편이 같이 가자고 한다.",
          "나는 서울에 산다",
          "나는 차분한 편이다. 나는 아버지가 급한 성격이셨다."
        ],
        "speaker2": [
          "나는 30대 남성이다. 나는 프리랜서이다.",
          "나는 A형이다. 나는 초밥을 안 먹는다.",
          "나는 축구 좋아하고 나는 저녁에 걸레질을 한다.",
          "나의 거주지는 대전이다.",
          "나는 서울에 자주 놀러 가고 싶은데 거리가 조금 멀어서 아쉽다.",
          "나는 성격이 급한 편이다."
        ]
      }
    },
    {
      "prevSessionID": "4-00312-2",
      "prevTimeInfo": {
        "timeNum": "32",
        "timeUnit": "시간"
      },
      "nthSession": "3",
      "numberOfUtterances": "14",
      "numberOfTurns": "7",
      "sessionID": "4-00312-3",
      "dialog": [
        {
          "speaker": "speaker1",
          "personaID": "35914",
          "participantID": "3778",
          "utterance": "저희가 마지막으로 대화를 한 게 벌써 32시간 전이군요. 어제는 어떠셨어요?",
          "summary": "",
          "date": "2022-11-29",
          "time": "02:41:00",
          "terminate": "false"
        },
        {
          "speaker": "speaker2",
          "personaID": "31185",
          "participantID": "4298",
          "utterance": "어제는 집에서 맛있는 디저트를 먹었어요. 단팥빵을 먹었지요. 단팥빵도 좋아하시나요?",
          "summary": "나는 어제는 집에서 맛있는 단팥빵을 먹었다.",
          "date": "2022-11-29",
          "time": "02:42:21",
          "terminate": "false"
        },
        {
          "speaker": "speaker1",
          "personaID": "35914",
          "participantID": "3778",
          "utterance": "그럼요! 그런데 단팥빵보다는 소보로빵을 더 좋아해요. 특히 소보로빵 위에 바삭하고 달콤한 부분은 정말 맛있죠.",
          "summary": "나는 단팥빵보다 곰보빵을 더 좋아한다.",
          "date": "2022-11-29",
          "time": "02:43:39",
          "terminate": "false"
        },
        {
          "speaker": "speaker2",
          "personaID": "31185",
          "participantID": "4298",
          "utterance": "저도 소보로빵 위에 바삭한 부분 좋아해요! 거주하시는 서울에는 소보로빵 맛있는 빵집도 많을 것 같아요.",
          "summary": "나는 곰보빵 위에 바삭한 부분 좋아한다.",
          "date": "2022-11-29",
          "time": "02:44:53",
          "terminate": "false"
        },
        {
          "speaker": "speaker1",
          "personaID": "35914",
          "participantID": "3778",
          "utterance": "그렇긴 한데 소보로빵은 오히려 대전에 있는 베이커리가 더 유명한 것 같아요. 성심당이던가요?",
          "summary": "나는 곰보빵은 대전에 있는 베이커리가 더 유명한 것 같다.",
          "date": "2022-11-29",
          "time": "02:46:17",
          "terminate": "false"
        },
        {
          "speaker": "speaker2",
          "personaID": "31185",
          "participantID": "4298",
          "utterance": "오, 맞아요. 유명한 곳인데 역시 잘 아시는군요. 어제 먹은 단팥빵도 성심당에서 사온 거예요.",
          "summary": "내가 어제 먹은 단팥빵은 성심당에서 사 온 것이다.",
          "date": "2022-11-29",
          "time": "02:48:50",
          "terminate": "false"
        },
        {
          "speaker": "speaker1",
          "personaID": "35914",
          "participantID": "3778",
          "utterance": "와 부러워요! 서울에도 맛있는 디저트집이 많지만 단팥빵이나 소보로빵 같은 기본 빵들은 성심당 같은 곳이 더 맛있더라고요.",
          "summary": "나는 닽팥빵이나 곰보빵 같은 기본 빵들은 성심당 같은 곳이 더 맛있다",
          "date": "2022-11-29",
          "time": "02:50:11",
          "terminate": "false"
        },
        {
          "speaker": "speaker2",
          "personaID": "31185",
          "participantID": "4298",
          "utterance": "그렇게 생각하시는 분들도 많은 것 같더라고요. 말씀 나누다 보니 소보로빵도 먹고 싶어지는군요.",
          "summary": "",
          "date": "2022-11-29",
          "time": "02:54:28",
          "terminate": "false"
        },
        {
          "speaker": "speaker1",
          "personaID": "35914",
          "participantID": "3778",
          "utterance": "저도요! 저는 내일 디저트 남편이랑 디저트로 유명한 빵집에 가기로 했어요. 기대되네요!",
          "summary": "나는 내일 남편과 디저트로 유명한 빵집에 가기로 해서 기대된다",
          "date": "2022-11-29",
          "time": "02:55:31",
          "terminate": "false"
        },
        {
          "speaker": "speaker2",
          "personaID": "31185",
          "participantID": "4298",
          "utterance": "신혼이시니 역시 데이트도 자주 하시는군요. 내일은 무슨 디저트를 드실 계획이세요?",
          "summary": "",
          "date": "2022-11-29",
          "time": "02:57:43",
          "terminate": "false"
        },
        {
          "speaker": "speaker1",
          "personaID": "35914",
          "participantID": "3778",
          "utterance": "그 빵집이 더티초코라는 초코로 가득한 크루아상이 유명하거든요. 그거랑 까눌레를 사먹으려고요.",
          "summary": "나는 더티 초코로 가득한 크루아상과 까눌레를 사 먹으려고 한다",
          "date": "2022-11-29",
          "time": "02:59:32",
          "terminate": "false"
        },
        {
          "speaker": "speaker2",
          "personaID": "31185",
          "participantID": "4298",
          "utterance": "정말 맛있겠네요. 말씀만 들어도 군침이 도는군요, 하하.",
          "summary": "",
          "date": "2022-11-29",
          "time": "03:00:40",
          "terminate": "false"
        },
        {
          "speaker": "speaker1",
          "personaID": "35914",
          "participantID": "3778",
          "utterance": "그렇죠? 빨리 내일이 됐으면 좋겠어요!",
          "summary": "",
          "date": "2022-11-29",
          "time": "03:04:18",
          "terminate": "false"
        },
        {
          "speaker": "speaker2",
          "personaID": "31185",
          "participantID": "4298",
          "utterance": "네, 저는 좀 쉬러 가볼게요. 내일 즐거운 데이트 되시길 바랄게요!",
          "summary": "",
          "date": "2022-11-29",
          "time": "03:06:03",
          "terminate": "true"
        }
      ],
      "sessionPersonaSummary": {
        "speaker1": [
          "나는 단팥빵보다 곰보빵을 더 좋아한다.",
          "나는 곰보빵은 대전에 있는 베이커리가 더 유명한 것 같다.",
          "나는 닽팥빵이나 곰보빵 같은 기본 빵들은 성심당 같은 곳이 더 맛있다",
          "나는 내일 남편과 디저트로 유명한 빵집에 가기로 해서 기대된다",
          "나는 더티 초코로 가득한 크루아상과 까눌레를 사 먹으려고 한다"
        ],
        "speaker2": [
          "나는 어제는 집에서 맛있는 단팥빵을 먹었다.",
          "나는 곰보빵 위에 바삭한 부분 좋아한다.",
          "내가 어제 먹은 단팥빵은 성심당에서 사 온 것이다."
        ]
      },
      "prevAggregatedpersonaSummary": {
        "speaker1": [
          "나는 학원에서 사회 강사로 일하는 30대 여성이다.",
          "나는 AB형이다",
          "나는 뭐든 잘 먹는다. 나는 닭발을 엄청 좋아해서 즐겨 먹는다.",
          "나는 청소나 설거지 같은 집안일을 주로 한다. 나는 얼마 전 결혼했는데 요새 남편과 의견 충돌이 있다. 나는 실외에서 수상스키 타는 걸 싫어하는데 남편이 같이 가자고 한다.",
          "나는 서울에 산다",
          "나는 차분한 편이다. 나는 아버지가 급한 성격이셨다.",
          "나는 디저트 카페가 듣기만 해도 부럽다.",
          "나는 당근케이크 이야기만 들어도 군침이 돈다. 나는 케이크를 특히 좋아한다",
          "나는 마카롱을 좋아한다. 나는 남자 친구와 서울에 있는 마카롱 맛집은 다 가본 것 같다",
          "나는 디저트 배는 따로 있는 것 같다. 나는 아무리 배가 불러도 계속 들어간다.",
          "나는 맛있으면서 건강에 좋은 디저트를 찾고 있는데 찾기 쉽지 않다"
        ],
        "speaker2": [
          "나는 30대 남성이다. 나는 프리랜서이다.",
          "나는 A형이다. 나는 초밥을 안 먹는다.",
          "나는 축구 좋아하고 나는 저녁에 걸레질을 한다.",
          "나의 거주지는 대전이다.",
          "나는 서울에 자주 놀러 가고 싶은데 거리가 조금 멀어서 아쉽다.",
          "나는 성격이 급한 편이다.",
          "나는 친구와 함께 대전에서 요새 핫한 카페를 다녀와서 기분이 좋다. 나는 디저트가 아주 맛있었다.",
          "나는 맛있는 당근케이크를 먹었다.",
          "나는 식음료 중에서 저도 케이크를 특히 좋아한다.",
          "나는 오늘 카페에서 마카롱도 먹고 싶었는데 케이크를 디저트로 먹고 나니 배불러서 못 먹었다.",
          "나는 30대인데도 벌써 배가 조금 나왔다."
        ]
      }
    },
    {
      "prevSessionID": "4-00312-3",
      "prevTimeInfo": {
        "timeNum": "7",
        "timeUnit": "시간"
      },
      "nthSession": "4",
      "numberOfUtterances": "14",
      "numberOfTurns": "7",
      "sessionID": "4-00312-4",
      "dialog": [
        {
          "speaker": "speaker1",
          "personaID": "35914",
          "participantID": "3778",
          "utterance": "7시간만에 다시 뵙네요! 저는 오늘 베이커리에 가서 디저트를 잔뜩 사왔어요.",
          "summary": "나는 오늘 베이커리에 가서 디저트를 잔뜩 사 왔다",
          "date": "2022-11-29",
          "time": "03:12:40",
          "terminate": "false"
        },
        {
          "speaker": "speaker2",
          "personaID": "31185",
          "participantID": "4298",
          "utterance": "오, 어떤 디저트들을 잔뜩 사오셨는지 궁금하네요!",
          "summary": "",
          "date": "2022-11-29",
          "time": "03:13:15",
          "terminate": "false"
        },
        {
          "speaker": "speaker1",
          "personaID": "35914",
          "participantID": "3778",
          "utterance": "어제 말씀드렸던 더티 초코랑 까눌레, 그리고 앙버터도 사왔어요. 맞은 편엔 케이크 가게도 있어서 케이크도 사왔고요.",
          "summary": "나는 더티 초코랑 까눌레, 앙버터를 사 왔다. 나는 케이크도 사 왔다.",
          "date": "2022-11-29",
          "time": "03:15:25",
          "terminate": "false"
        },
        {
          "speaker": "speaker2",
          "personaID": "31185",
          "participantID": "4298",
          "utterance": "이야, 많이 사오셨네요. 너무 맛있겠어요! 케이크는 어떤 케이크 사오셨나요?",
          "summary": "",
          "date": "2022-11-29",
          "time": "03:16:37",
          "terminate": "false"
        },
        {
          "speaker": "speaker1",
          "personaID": "35914",
          "participantID": "3778",
          "utterance": "생크림 딸기 케이크를 사왔어요. 가게마다 온통 딸기 케이크가 인기더라고요.",
          "summary": "나는 생크림 딸기 케이크를 사 왔다.",
          "date": "2022-11-29",
          "time": "03:17:47",
          "terminate": "false"
        },
        {
          "speaker": "speaker2",
          "personaID": "31185",
          "participantID": "4298",
          "utterance": "딸기 케이크도 정말 맛있죠. 케이크의 느끼할 수 있는 맛을 딸기의 상큼함이 잘 잡아주는 것 같아 좋아요!",
          "summary": "나는 케이크의 느끼할 수 있는 맛을 딸기의 상큼함이 잘 잡아주는 것 같다고 생각한다.",
          "date": "2022-11-29",
          "time": "03:20:00",
          "terminate": "false"
        },
        {
          "speaker": "speaker1",
          "personaID": "35914",
          "participantID": "3778",
          "utterance": "역시 잘 아시는군요! 방금 먹었는데 따뜻한 우유와 함께 먹으니 정말 맛있네요.",
          "summary": "나는 방금 먹었는데 따뜻한 우유와 함께 먹으니 정말 맛있다",
          "date": "2022-11-29",
          "time": "03:22:24",
          "terminate": "false"
        },
        {
          "speaker": "speaker2",
          "personaID": "31185",
          "participantID": "4298",
          "utterance": "저는 방금 전 그저께 먹다 남은 단팥빵을 먹었거든요. 말씀 들으니 또 배가 고파지는군요. ",
          "summary": "나는 방금 전 그저께 먹다 남은 단팥빵을 먹었다.",
          "date": "2022-11-29",
          "time": "03:26:25",
          "terminate": "false"
        },
        {
          "speaker": "speaker1",
          "personaID": "35914",
          "participantID": "3778",
          "utterance": "저런, 제가 괜히 이야기를 꺼냈나봐요. 지금 먹으면 야식인걸요. 디저트는 살 많이 쪄요.",
          "summary": "",
          "date": "2022-11-29",
          "time": "03:28:16",
          "terminate": "false"
        },
        {
          "speaker": "speaker2",
          "personaID": "31185",
          "participantID": "4298",
          "utterance": "이미 살이 많이 쪄서 괜찮아요, 하하. 디저트는 왜 먹어도 먹어도 자꾸 먹고 싶을까요?",
          "summary": "나는 디저트는 먹어도 자꾸 먹고 싶다.",
          "date": "2022-11-29",
          "time": "03:28:57",
          "terminate": "false"
        },
        {
          "speaker": "speaker1",
          "personaID": "35914",
          "participantID": "3778",
          "utterance": "그러니까요. 저는 디저트의 단 맛이 질릴 때쯤이면 우유나 차 같은 것을 먹어서 단 맛을 중화시켜요. 그러고 나면 또 먹을 수 있더라고요. 하하",
          "summary": "나는 디저트의 단 맛이 질릴 때 우유나 차를 먹어 단 맛을 중화시킨다. 나는 그러고 나면 또 먹을 수 있다",
          "date": "2022-11-29",
          "time": "03:30:19",
          "terminate": "false"
        },
        {
          "speaker": "speaker2",
          "personaID": "31185",
          "participantID": "4298",
          "utterance": "좋은 팁이네요. 저도 디저트 먹을 때 항상 우유를 곁들여 먹어야겠어요!",
          "summary": "",
          "date": "2022-11-29",
          "time": "03:32:59",
          "terminate": "false"
        },
        {
          "speaker": "speaker1",
          "personaID": "35914",
          "participantID": "3778",
          "utterance": "저런, 제가 더 먹을 수 있는 팁을 드린 셈이 됐네요. 하지만 디저트를 먹는 동안에라도 행복하니 그걸로 위안을 삼으면 되죠. ",
          "summary": "",
          "date": "2022-11-29",
          "time": "03:34:49",
          "terminate": "false"
        },
        {
          "speaker": "speaker2",
          "personaID": "31185",
          "participantID": "4298",
          "utterance": "맛있게 먹으면 영칼로리잖아요, 하하. 저는 이만 쉬러 가볼게요. 오늘도 즐거운 대화였어요.",
          "summary": "",
          "date": "2022-11-29",
          "time": "17:47:05",
          "terminate": "true"
        }
      ],
      "sessionPersonaSummary": {
        "speaker1": [
          "나는 오늘 베이커리에 가서 디저트를 잔뜩 사 왔다",
          "나는 더티 초코랑 까눌레, 앙버터를 사 왔다. 나는 케이크도 사 왔다.",
          "나는 생크림 딸기 케이크를 사 왔다.",
          "나는 방금 먹었는데 따뜻한 우유와 함께 먹으니 정말 맛있다",
          "나는 디저트의 단 맛이 질릴 때 우유나 차를 먹어 단 맛을 중화시킨다. 나는 그러고 나면 또 먹을 수 있다"
        ],
        "speaker2": [
          "나는 케이크의 느끼할 수 있는 맛을 딸기의 상큼함이 잘 잡아주는 것 같다고 생각한다.",
          "나는 방금 전 그저께 먹다 남은 단팥빵을 먹었다.",
          "나는 디저트는 먹어도 자꾸 먹고 싶다."
        ]
      },
      "prevAggregatedpersonaSummary": {
        "speaker1": [
          "나는 학원에서 사회 강사로 일하는 30대 여성이다.",
          "나는 AB형이다",
          "나는 뭐든 잘 먹는다. 나는 닭발을 엄청 좋아해서 즐겨 먹는다.",
          "나는 청소나 설거지 같은 집안일을 주로 한다. 나는 얼마 전 결혼했는데 요새 남편과 의견 충돌이 있다. 나는 실외에서 수상스키 타는 걸 싫어하는데 남편이 같이 가자고 한다.",
          "나는 서울에 산다",
          "나는 차분한 편이다. 나는 아버지가 급한 성격이셨다.",
          "나는 디저트 카페가 듣기만 해도 부럽다.",
          "나는 당근케이크 이야기만 들어도 군침이 돈다. 나는 케이크를 특히 좋아한다",
          "나는 마카롱을 좋아한다. 나는 남자 친구와 서울에 있는 마카롱 맛집은 다 가본 것 같다",
          "나는 디저트 배는 따로 있는 것 같다. 나는 아무리 배가 불러도 계속 들어간다.",
          "나는 맛있으면서 건강에 좋은 디저트를 찾고 있는데 찾기 쉽지 않다",
          "나는 단팥빵보다 곰보빵을 더 좋아한다.",
          "나는 곰보빵은 대전에 있는 베이커리가 더 유명한 것 같다.",
          "나는 닽팥빵이나 곰보빵 같은 기본 빵들은 성심당 같은 곳이 더 맛있다",
          "나는 내일 남편과 디저트로 유명한 빵집에 가기로 해서 기대된다",
          "나는 더티 초코로 가득한 크루아상과 까눌레를 사 먹으려고 한다"
        ],
        "speaker2": [
          "나는 30대 남성이다. 나는 프리랜서이다.",
          "나는 A형이다. 나는 초밥을 안 먹는다.",
          "나는 축구 좋아하고 나는 저녁에 걸레질을 한다.",
          "나의 거주지는 대전이다.",
          "나는 서울에 자주 놀러 가고 싶은데 거리가 조금 멀어서 아쉽다.",
          "나는 성격이 급한 편이다.",
          "나는 친구와 함께 대전에서 요새 핫한 카페를 다녀와서 기분이 좋다. 나는 디저트가 아주 맛있었다.",
          "나는 맛있는 당근케이크를 먹었다.",
          "나는 식음료 중에서 저도 케이크를 특히 좋아한다.",
          "나는 오늘 카페에서 마카롱도 먹고 싶었는데 케이크를 디저트로 먹고 나니 배불러서 못 먹었다.",
          "나는 30대인데도 벌써 배가 조금 나왔다.",
          "나는 어제는 집에서 맛있는 단팥빵을 먹었다.",
          "나는 곰보빵 위에 바삭한 부분 좋아한다.",
          "내가 어제 먹은 단팥빵은 성심당에서 사 온 것이다."
        ]
      }
    }
  ]
}