{
  "FileInfo": {
    "filename": "K4-00268-CL03439-CP03172-14-12-S4.json",
    "sessionLevel": "4"
  },
  "participantsInfo": {
    "numberOfParticipants": "2",
    "speaker1": {
      "participantID": "0089",
      "gender": "남성",
      "age": "30대",
      "occupation": "기능직",
      "bPlace": "부산/대구/울산/경상",
      "gPlace": "부산/대구/울산/경상",
      "rPlace": "부산/대구/울산/경상",
      "educationLevel": "대졸"
    },
    "speaker2": {
      "participantID": "0049",
      "gender": "남성",
      "age": "30대",
      "occupation": "자영업",
      "bPlace": "서울/경기/인천",
      "gPlace": "서울/경기/인천",
      "rPlace": "서울/경기/인천",
      "educationLevel": "고졸"
    }
  },
  "multisessionInfo": {
    "multisessionID": "4-00268"
  },
  "personaInfo": {
    "clInfo": {
      "personaID": "03439",
      "personaFeatures": [
        "나는 남자이다.",
        "나는 40대이다.",
        "나의 거주지는 경기도이다.",
        "나는 해외 여행을 자주 한다.",
        "나는 2년 전에 좋아하는 가수 콘서트에 다녀왔다."
      ],
      "speakerType": "speaker1"
    },
    "cpInfo": {
      "personaID": "03172",
      "personaFeatures": [
        "나는 남자이다.",
        "나는 40대이다.",
        "나는 가족과 자주 외식을 한다.",
        "나는 똠 양 꿈을 싫어한다.",
        "나는 일주일에 한두 번 지하철로 출퇴근한다."
      ],
      "speakerType": "speaker2"
    }
  },
  "topicInfo": {
    "topicID": "14-12",
    "topicType": "시사/사회>사회이슈(국내)",
    "topicTitle": "코인"
  },
  "sessionInfo": [
    {
      "prevSessionID": null,
      "prevTimeInfo": {
        "timeNum": null,
        "timeUnit": null
      },
      "nthSession": "1",
      "numberOfUtterances": "16",
      "numberOfTurns": "8",
      "sessionID": "4-00268-1",
      "dialog": [
        {
          "speaker": "speaker1",
          "personaID": "03439",
          "participantID": "0089",
          "utterance": "안녕하세요 저는 40대 남자입니다.",
          "summary": "나는 40대 남자이다.",
          "date": "2022-08-03",
          "time": "11:41:02",
          "terminate": "false"
        },
        {
          "speaker": "speaker2",
          "personaID": "03172",
          "participantID": "0049",
          "utterance": "안녕하세요. 저도 40대 남자예요.",
          "summary": "나는 40대 남자이다.",
          "date": "2022-08-03",
          "time": "11:41:06",
          "terminate": "false"
        },
        {
          "speaker": "speaker1",
          "personaID": "03439",
          "participantID": "0089",
          "utterance": "만나게 되서 반가워요. 요즘 주식은 좀 하세요?",
          "summary": "",
          "date": "2022-08-03",
          "time": "11:41:36",
          "terminate": "false"
        },
        {
          "speaker": "speaker2",
          "personaID": "03172",
          "participantID": "0049",
          "utterance": "저는 조금 합니다. 그쪽은요?",
          "summary": "나는 주식을 조금 한다.",
          "date": "2022-08-03",
          "time": "11:42:00",
          "terminate": "false"
        },
        {
          "speaker": "speaker1",
          "personaID": "03439",
          "participantID": "0089",
          "utterance": "아 요즘 주식이 하락장이라. 조금 힘들어서요. 혹시 코인같은거 잘 아세요?",
          "summary": "나는 주식을 조금 한다.",
          "date": "2022-08-03",
          "time": "11:42:45",
          "terminate": "false"
        },
        {
          "speaker": "speaker2",
          "personaID": "03172",
          "participantID": "0049",
          "utterance": "맞아요.. 언제쯤 다시 오를지 참.. 아니요 저는 코인은 잘 몰라요. 그쪽은요?",
          "summary": "",
          "date": "2022-08-03",
          "time": "11:43:04",
          "terminate": "false"
        },
        {
          "speaker": "speaker1",
          "personaID": "03439",
          "participantID": "0089",
          "utterance": "저는 주식이 망해서 코인을 알아보고 있는데 요즘 여기도 힘들대요.",
          "summary": "나는 주식이 망해서 코인을 알아보고 있다.",
          "date": "2022-08-03",
          "time": "11:44:15",
          "terminate": "false"
        },
        {
          "speaker": "speaker2",
          "personaID": "03172",
          "participantID": "0049",
          "utterance": "아 그러시구나. 코인 워낙 변동이 심해서 좀 무섭더라구요.",
          "summary": "",
          "date": "2022-08-03",
          "time": "11:44:27",
          "terminate": "false"
        },
        {
          "speaker": "speaker1",
          "personaID": "03439",
          "participantID": "0089",
          "utterance": "맞아요. 거기에다가 여기도 요즘 많이 떨어졌다고 하더라고요.",
          "summary": "",
          "date": "2022-08-03",
          "time": "11:44:46",
          "terminate": "false"
        },
        {
          "speaker": "speaker2",
          "personaID": "03172",
          "participantID": "0049",
          "utterance": "아 그렇구나. 그럼 매수 기회일지도 모르겠네요.",
          "summary": "",
          "date": "2022-08-03",
          "time": "11:44:57",
          "terminate": "false"
        },
        {
          "speaker": "speaker1",
          "personaID": "03439",
          "participantID": "0089",
          "utterance": "그러니까요. 이게 경제적 가치가 있다고 하는데, 경제적 가치가 사실 없다고 하더라고요.",
          "summary": "",
          "date": "2022-08-03",
          "time": "11:45:23",
          "terminate": "false"
        },
        {
          "speaker": "speaker2",
          "personaID": "03172",
          "participantID": "0049",
          "utterance": "아 그런가요? 의견이 분분한가 봐요.",
          "summary": "",
          "date": "2022-08-03",
          "time": "11:45:36",
          "terminate": "false"
        },
        {
          "speaker": "speaker1",
          "personaID": "03439",
          "participantID": "0089",
          "utterance": "그런가봐요. 데이터 적으로는 가치가 없대요.",
          "summary": "",
          "date": "2022-08-03",
          "time": "11:46:01",
          "terminate": "false"
        },
        {
          "speaker": "speaker2",
          "personaID": "03172",
          "participantID": "0049",
          "utterance": "그렇군요. 새로운 사실을 알게됐네요.",
          "summary": "",
          "date": "2022-08-03",
          "time": "11:46:14",
          "terminate": "false"
        },
        {
          "speaker": "speaker1",
          "personaID": "03439",
          "participantID": "0089",
          "utterance": "그러게나 말이에요. 저는 이만 일이 있어서 가볼게요.",
          "summary": "",
          "date": "2022-08-03",
          "time": "11:46:31",
          "terminate": "false"
        },
        {
          "speaker": "speaker2",
          "personaID": "03172",
          "participantID": "0049",
          "utterance": "네 저도 이만 가족과 약속이 있어서 가보겠습니다.",
          "summary": "",
          "date": "2022-08-03",
          "time": "11:46:33",
          "terminate": "true"
        }
      ],
      "sessionPersonaSummary": {
        "speaker1": [
          "나는 40대 남자이다.",
          "나는 주식을 조금 한다.",
          "나는 주식이 망해서 코인을 알아보고 있다."
        ],
        "speaker2": [
          "나는 40대 남자이다.",
          "나는 주식을 조금 한다."
        ]
      },
      "prevAggregatedpersonaSummary": {
        "speaker1": [],
        "speaker2": []
      }
    },
    {
      "prevSessionID": "4-00268-1",
      "prevTimeInfo": {
        "timeNum": "3",
        "timeUnit": "일"
      },
      "nthSession": "2",
      "numberOfUtterances": "16",
      "numberOfTurns": "8",
      "sessionID": "4-00268-2",
      "dialog": [
        {
          "speaker": "speaker1",
          "personaID": "03439",
          "participantID": "0089",
          "utterance": "안녕하세요 어떻게 지내셨어요? 지난번에 너무 주식얘기만했죠?",
          "summary": "",
          "date": "2022-08-03",
          "time": "11:46:55",
          "terminate": "false"
        },
        {
          "speaker": "speaker2",
          "personaID": "03172",
          "participantID": "0049",
          "utterance": "안녕하세요. 괜찮습니다. 저는 잘 지냈지만 사소한 일이 하나 있었어요.",
          "summary": "",
          "date": "2022-08-03",
          "time": "11:47:02",
          "terminate": "false"
        },
        {
          "speaker": "speaker1",
          "personaID": "03439",
          "participantID": "0089",
          "utterance": "그래요? 무슨 일이었어요?",
          "summary": "",
          "date": "2022-08-03",
          "time": "11:47:24",
          "terminate": "false"
        },
        {
          "speaker": "speaker2",
          "personaID": "03172",
          "participantID": "0049",
          "utterance": "제가 가족과 자주 외식을 해서 지난번에 태국 음식점을 갔거든요. 근데 저만 빼고 가족들이 다 똠양꿍을 잘 먹어서 힘들었어요.",
          "summary": "나는 가족과 자주 외식한다.",
          "date": "2022-08-03",
          "time": "11:47:31",
          "terminate": "false"
        },
        {
          "speaker": "speaker1",
          "personaID": "03439",
          "participantID": "0089",
          "utterance": "아하 똠양꿍을 원래 못드셨었어요?",
          "summary": "",
          "date": "2022-08-03",
          "time": "11:47:43",
          "terminate": "false"
        },
        {
          "speaker": "speaker2",
          "personaID": "03172",
          "participantID": "0049",
          "utterance": "네 저는 그 특유의 냄새 때문에 똠양꿍을 싫어하거든요.",
          "summary": "나는 똠 양 꿈을 싫어한다.",
          "date": "2022-08-03",
          "time": "11:47:55",
          "terminate": "false"
        },
        {
          "speaker": "speaker1",
          "personaID": "03439",
          "participantID": "0089",
          "utterance": "어후 그러면 주변에서 시키는것만해도 냄새가 올라와서 싫었겠어요.",
          "summary": "",
          "date": "2022-08-03",
          "time": "11:48:09",
          "terminate": "false"
        },
        {
          "speaker": "speaker2",
          "personaID": "03172",
          "participantID": "0049",
          "utterance": "네 그러니까요. 그 향이 너무 강렬해서 좀 힘들었네요.",
          "summary": "",
          "date": "2022-08-03",
          "time": "11:48:23",
          "terminate": "false"
        },
        {
          "speaker": "speaker1",
          "personaID": "03439",
          "participantID": "0089",
          "utterance": "그러게나 말이에요. 가족분들도 배려가 없었던것 같네요.",
          "summary": "",
          "date": "2022-08-03",
          "time": "11:48:36",
          "terminate": "false"
        },
        {
          "speaker": "speaker2",
          "personaID": "03172",
          "participantID": "0049",
          "utterance": "그래도 맛있게 먹는 모습 보면 또 좋긴해요. 그나저나 싫어하는 음식 있으세요?",
          "summary": "",
          "date": "2022-08-03",
          "time": "11:48:55",
          "terminate": "false"
        },
        {
          "speaker": "speaker1",
          "personaID": "03439",
          "participantID": "0089",
          "utterance": "저는 싫어하는 음식은 딱히 없어요. 굳이 꼽자면 고수 가 있겠네요.",
          "summary": "나는 가리지 않고 잘 먹는 편이다. 나는 고수를 싫어한다.",
          "date": "2022-08-03",
          "time": "11:49:22",
          "terminate": "false"
        },
        {
          "speaker": "speaker2",
          "personaID": "03172",
          "participantID": "0049",
          "utterance": "그러시면 다음에 한 번 뵐 때 그것들을 피해서 음식점을 골라볼까요?",
          "summary": "",
          "date": "2022-08-03",
          "time": "11:49:42",
          "terminate": "false"
        },
        {
          "speaker": "speaker1",
          "personaID": "03439",
          "participantID": "0089",
          "utterance": "그러게요. 동남아 음식점만 피해도. 저희가 먹을수있는게 많을것같은데요?",
          "summary": "",
          "date": "2022-08-03",
          "time": "11:50:01",
          "terminate": "false"
        },
        {
          "speaker": "speaker2",
          "personaID": "03172",
          "participantID": "0049",
          "utterance": "그러니까요. 다행입니다. 그래도 취향이 조금 겹치네요.",
          "summary": "",
          "date": "2022-08-03",
          "time": "11:50:17",
          "terminate": "false"
        },
        {
          "speaker": "speaker1",
          "personaID": "03439",
          "participantID": "0089",
          "utterance": "저는 이만 코인좀 알아보러 가보곘습니다. 안녕히 계세요!",
          "summary": "",
          "date": "2022-08-03",
          "time": "11:50:46",
          "terminate": "false"
        },
        {
          "speaker": "speaker2",
          "personaID": "03172",
          "participantID": "0049",
          "utterance": "네 저도 이만 가족들과 외식하러 가볼게요.",
          "summary": "",
          "date": "2022-08-03",
          "time": "11:50:48",
          "terminate": "true"
        }
      ],
      "sessionPersonaSummary": {
        "speaker1": [
          "나는 가리지 않고 잘 먹는 편이다. 나는 고수를 싫어한다."
        ],
        "speaker2": [
          "나는 가족과 자주 외식한다.",
          "나는 똠 양 꿈을 싫어한다."
        ]
      },
      "prevAggregatedpersonaSummary": {
        "speaker1": [
          "나는 40대 남자이다.",
          "나는 주식을 조금 한다.",
          "나는 주식이 망해서 코인을 알아보고 있다."
        ],
        "speaker2": [
          "나는 40대 남자이다.",
          "나는 주식을 조금 한다."
        ]
      }
    },
    {
      "prevSessionID": "4-00268-2",
      "prevTimeInfo": {
        "timeNum": "4",
        "timeUnit": "일"
      },
      "nthSession": "3",
      "numberOfUtterances": "16",
      "numberOfTurns": "8",
      "sessionID": "4-00268-3",
      "dialog": [
        {
          "speaker": "speaker1",
          "personaID": "03439",
          "participantID": "0089",
          "utterance": "안녕하세요~ 잘 지내셨죠?",
          "summary": "",
          "date": "2022-08-03",
          "time": "11:51:12",
          "terminate": "false"
        },
        {
          "speaker": "speaker2",
          "personaID": "03172",
          "participantID": "0049",
          "utterance": "안녕하셨어요. 네 저는 잘 지냈습니다. 그쪽은요?",
          "summary": "",
          "date": "2022-08-03",
          "time": "11:51:20",
          "terminate": "false"
        },
        {
          "speaker": "speaker1",
          "personaID": "03439",
          "participantID": "0089",
          "utterance": "아 저는 해외 여행 준비 중이었어요. 코인도 좀 알아봤구요.",
          "summary": "나는 해외여행을 준비 중이다.",
          "date": "2022-08-03",
          "time": "11:51:56",
          "terminate": "false"
        },
        {
          "speaker": "speaker2",
          "personaID": "03172",
          "participantID": "0049",
          "utterance": "아 그러셨어요? 해외 여행은 자주 가세요?",
          "summary": "",
          "date": "2022-08-03",
          "time": "17:50:22",
          "terminate": "false"
        },
        {
          "speaker": "speaker1",
          "personaID": "03439",
          "participantID": "0089",
          "utterance": "네 맞아요. 저는 해외 여행을 자주 갔었는데 코로나 때문에 최근 못갔었거든요.",
          "summary": "나는 해외여행을 자주 간다.",
          "date": "2022-08-03",
          "time": "17:50:22",
          "terminate": "false"
        },
        {
          "speaker": "speaker2",
          "personaID": "03172",
          "participantID": "0049",
          "utterance": "그러셨구나. 그럼 다녀오신 곳 중 가장 좋았던 곳이 어딘가요?",
          "summary": "",
          "date": "2022-08-03",
          "time": "17:50:22",
          "terminate": "false"
        },
        {
          "speaker": "speaker1",
          "personaID": "03439",
          "participantID": "0089",
          "utterance": "저는 일본이요. 그 잠자리랑 먹거리만 좋으면 항상 가장 좋은 곳이 되더라고요.",
          "summary": "나는 일본을 가장 좋아한다.",
          "date": "2022-08-03",
          "time": "17:50:22",
          "terminate": "false"
        },
        {
          "speaker": "speaker2",
          "personaID": "03172",
          "participantID": "0049",
          "utterance": "그렇군요. 일본 저도 한 번 알아봐야 겠네요.",
          "summary": "",
          "date": "2022-08-03",
          "time": "17:50:22",
          "terminate": "false"
        },
        {
          "speaker": "speaker1",
          "personaID": "03439",
          "participantID": "0089",
          "utterance": "일본이 아마 음식중에 제일 잘 맞을거에요. 향신료의 종류가 저희나라랑 비슷하더라고요.",
          "summary": "",
          "date": "2022-08-03",
          "time": "17:50:22",
          "terminate": "false"
        },
        {
          "speaker": "speaker2",
          "personaID": "03172",
          "participantID": "0049",
          "utterance": "아 그렇구나. 그럼 무난하게 접근하기 좋겠어요. 추천 감사합니다.",
          "summary": "",
          "date": "2022-08-03",
          "time": "17:50:22",
          "terminate": "false"
        },
        {
          "speaker": "speaker1",
          "personaID": "03439",
          "participantID": "0089",
          "utterance": "그러게 말이에요. 그쪽은 요즘 뭐하고 지냈어요?",
          "summary": "",
          "date": "2022-08-03",
          "time": "17:50:22",
          "terminate": "false"
        },
        {
          "speaker": "speaker2",
          "personaID": "03172",
          "participantID": "0049",
          "utterance": "저는 그냥 비슷하게 일하며 가족들이랑 놀며 지냈습니다.",
          "summary": "",
          "date": "2022-08-03",
          "time": "17:50:22",
          "terminate": "false"
        },
        {
          "speaker": "speaker1",
          "personaID": "03439",
          "participantID": "0089",
          "utterance": "아 그렇군요. 그래도 가족들이랑 자주 시간을 보내시니 좋겠어요.",
          "summary": "",
          "date": "2022-08-03",
          "time": "17:50:22",
          "terminate": "false"
        },
        {
          "speaker": "speaker2",
          "personaID": "03172",
          "participantID": "0049",
          "utterance": "네 그래서 이참에 휴가내고 여행도 가볼까봐요.",
          "summary": "나는 휴가 내고 여행 갈 생각이다.",
          "date": "2022-08-03",
          "time": "17:50:22",
          "terminate": "false"
        },
        {
          "speaker": "speaker1",
          "personaID": "03439",
          "participantID": "0089",
          "utterance": "좋네요. 일본 추천드려요. 저는 이제 일하러 가볼게요!",
          "summary": "",
          "date": "2022-08-03",
          "time": "17:50:22",
          "terminate": "false"
        },
        {
          "speaker": "speaker2",
          "personaID": "03172",
          "participantID": "0049",
          "utterance": "추천 감사합니다. 저도 이만 퇴근을 해보겠습니다. 안녕히 계세요!",
          "summary": "",
          "date": "2022-08-03",
          "time": "17:50:22",
          "terminate": "true"
        }
      ],
      "sessionPersonaSummary": {
        "speaker1": [
          "나는 해외여행을 준비 중이다.",
          "나는 해외여행을 자주 간다.",
          "나는 일본을 가장 좋아한다."
        ],
        "speaker2": [
          "나는 휴가 내고 여행 갈 생각이다."
        ]
      },
      "prevAggregatedpersonaSummary": {
        "speaker1": [
          "나는 40대 남자이다.",
          "나는 주식을 조금 한다.",
          "나는 주식이 망해서 코인을 알아보고 있다.",
          "나는 가리지 않고 잘 먹는 편이다. 나는 고수를 싫어한다."
        ],
        "speaker2": [
          "나는 40대 남자이다.",
          "나는 주식을 조금 한다.",
          "나는 가족과 자주 외식한다.",
          "나는 똠 양 꿈을 싫어한다."
        ]
      }
    },
    {
      "prevSessionID": "4-00268-3",
      "prevTimeInfo": {
        "timeNum": "3",
        "timeUnit": "일"
      },
      "nthSession": "4",
      "numberOfUtterances": "16",
      "numberOfTurns": "8",
      "sessionID": "4-00268-4",
      "dialog": [
        {
          "speaker": "speaker1",
          "personaID": "03439",
          "participantID": "0089",
          "utterance": "안녕하세요. 잘 지내셨어요?",
          "summary": "",
          "date": "2022-08-03",
          "time": "17:50:22",
          "terminate": "false"
        },
        {
          "speaker": "speaker2",
          "personaID": "03172",
          "participantID": "0049",
          "utterance": "안녕하세요. 저는 요즘 출퇴근이 좀 힘드네요.",
          "summary": "나는 요즘 출퇴근이 힘들다.",
          "date": "2022-08-03",
          "time": "17:50:22",
          "terminate": "false"
        },
        {
          "speaker": "speaker1",
          "personaID": "03439",
          "participantID": "0089",
          "utterance": "어 왜그러세요? 출퇴근이 어떠신데요?",
          "summary": "",
          "date": "2022-08-03",
          "time": "17:50:22",
          "terminate": "false"
        },
        {
          "speaker": "speaker2",
          "personaID": "03172",
          "participantID": "0049",
          "utterance": "제가 일주일에 한두 번 지하철로 출퇴근을 하는데요. 정말 지옥철이나 다름 없어요.",
          "summary": "지하철이 굉장히 붐벼서 힘든다.",
          "date": "2022-08-03",
          "time": "17:50:22",
          "terminate": "false"
        },
        {
          "speaker": "speaker1",
          "personaID": "03439",
          "participantID": "0089",
          "utterance": "그럼 다른날에는 자차를 끌고 다니시는거에요? 왜 지하철 타세요?",
          "summary": "",
          "date": "2022-08-03",
          "time": "17:50:22",
          "terminate": "false"
        },
        {
          "speaker": "speaker2",
          "personaID": "03172",
          "participantID": "0049",
          "utterance": "네 제가 외부 업체랑 미팅있는 날은 자차끌고 가구요. 아닌날은 지하철 타고 가요.",
          "summary": "",
          "date": "2022-08-03",
          "time": "17:50:22",
          "terminate": "false"
        },
        {
          "speaker": "speaker1",
          "personaID": "03439",
          "participantID": "0089",
          "utterance": "아하... 그럼 미팅이 없는 날도 자차 타고 가시는건 어때요?",
          "summary": "",
          "date": "2022-08-03",
          "time": "17:50:22",
          "terminate": "false"
        },
        {
          "speaker": "speaker2",
          "personaID": "03172",
          "participantID": "0049",
          "utterance": "근데 요즘 유가가 비싸서요... 좀 고민이 되네요.",
          "summary": "",
          "date": "2022-08-03",
          "time": "17:50:22",
          "terminate": "false"
        },
        {
          "speaker": "speaker1",
          "personaID": "03439",
          "participantID": "0089",
          "utterance": "저는 불편하시다면 타는게 맞다고 생각해요. 요즘 좋아하는 가수는 있으세요?",
          "summary": "",
          "date": "2022-08-03",
          "time": "17:50:22",
          "terminate": "false"
        },
        {
          "speaker": "speaker2",
          "personaID": "03172",
          "participantID": "0049",
          "utterance": "고려해볼게요. 저는 딱히 없답니다. 그쪽은요?",
          "summary": "",
          "date": "2022-08-03",
          "time": "17:50:22",
          "terminate": "false"
        },
        {
          "speaker": "speaker1",
          "personaID": "03439",
          "participantID": "0089",
          "utterance": "저는 가수 @이름1@씨를 좋아하는데, 2년 전에 콘서트를 다녀온 경험이 참 좋았거든요.",
          "summary": "나는 가수 @이름1@을 좋아한다.",
          "date": "2022-08-03",
          "time": "17:50:22",
          "terminate": "false"
        },
        {
          "speaker": "speaker2",
          "personaID": "03172",
          "participantID": "0049",
          "utterance": "아 그러셨구나. @이름1@씨 참 노래 잘하죠.",
          "summary": "",
          "date": "2022-08-03",
          "time": "17:50:22",
          "terminate": "false"
        },
        {
          "speaker": "speaker1",
          "personaID": "03439",
          "participantID": "0089",
          "utterance": "그러게 말이에요. 혹시 좋아하는 가수가 있으시면 콘서트에 다녀오시는것도 나쁘지 않아요.",
          "summary": "",
          "date": "2022-08-03",
          "time": "17:50:22",
          "terminate": "false"
        },
        {
          "speaker": "speaker2",
          "personaID": "03172",
          "participantID": "0049",
          "utterance": "생기면 한 번 시도해 볼게요.",
          "summary": "",
          "date": "2022-08-03",
          "time": "17:50:22",
          "terminate": "false"
        },
        {
          "speaker": "speaker1",
          "personaID": "03439",
          "participantID": "0089",
          "utterance": "저는 이만 제가 거주하는 경기도에 페스티벌이 있다고 해서 가볼게요. 안녕히계세요.",
          "summary": "나는 경기도에 거주한다.",
          "date": "2022-08-03",
          "time": "17:50:22",
          "terminate": "false"
        },
        {
          "speaker": "speaker2",
          "personaID": "03172",
          "participantID": "0049",
          "utterance": "네 저도 이만 가보겠습니다. 안녕히 계세요!",
          "summary": "",
          "date": "2022-08-03",
          "time": "17:50:22",
          "terminate": "true"
        }
      ],
      "sessionPersonaSummary": {
        "speaker1": [
          "나는 가수 @이름1@을 좋아한다.",
          "나는 경기도에 거주한다."
        ],
        "speaker2": [
          "나는 요즘 출퇴근이 힘들다.",
          "지하철이 굉장히 붐벼서 힘든다."
        ]
      },
      "prevAggregatedpersonaSummary": {
        "speaker1": [
          "나는 40대 남자이다.",
          "나는 주식을 조금 한다.",
          "나는 주식이 망해서 코인을 알아보고 있다.",
          "나는 가리지 않고 잘 먹는 편이다. 나는 고수를 싫어한다.",
          "나는 해외여행을 준비 중이다.",
          "나는 해외여행을 자주 간다.",
          "나는 일본을 가장 좋아한다."
        ],
        "speaker2": [
          "나는 40대 남자이다.",
          "나는 주식을 조금 한다.",
          "나는 가족과 자주 외식한다.",
          "나는 똠 양 꿈을 싫어한다.",
          "나는 휴가 내고 여행 갈 생각이다."
        ]
      }
    }
  ]
}