{
  "FileInfo": {
    "filename": "K4-00594-CL92274-CP92870-17-12-S4.json",
    "sessionLevel": "4"
  },
  "participantsInfo": {
    "numberOfParticipants": "2",
    "speaker1": {
      "participantID": "20190",
      "gender": "여성",
      "age": "40대",
      "occupation": "무직",
      "bPlace": "서울/경기/인천",
      "gPlace": "서울/경기/인천",
      "rPlace": "서울/경기/인천",
      "educationLevel": "대졸"
    },
    "speaker2": {
      "participantID": "21353",
      "gender": "여성",
      "age": "40대",
      "occupation": "무직",
      "bPlace": "서울/경기/인천",
      "gPlace": "서울/경기/인천",
      "rPlace": "서울/경기/인천",
      "educationLevel": "대졸"
    }
  },
  "multisessionInfo": {
    "multisessionID": "4-00594"
  },
  "personaInfo": {
    "clInfo": {
      "personaID": "92274",
      "personaFeatures": [
        "나는 여자이다.",
        "나는 40대이다.",
        "나는 가을을 싫어한다.",
        "나의 생일은 12월이다.",
        "나는 바이올린 연주를 배우고 있다.",
        "나는 핸드폰 게임을 좋아한다."
      ],
      "speakerType": "speaker1"
    },
    "cpInfo": {
      "personaID": "92870",
      "personaFeatures": [
        "나는 여자이다.",
        "나는 40대이다.",
        "나는 새벽에 운동한다.",
        "나의 생일은 5월이다.",
        "나는 자기 표현을 잘한다.",
        "나는 떡볶이를 안 먹는다.",
        "나는 혈액형이 B형이다."
      ],
      "speakerType": "speaker2"
    }
  },
  "topicInfo": {
    "topicID": "17-12",
    "topicType": "미용과 건강>건강",
    "topicTitle": "한약"
  },
  "sessionInfo": [
    {
      "prevSessionID": null,
      "prevTimeInfo": {
        "timeNum": null,
        "timeUnit": null
      },
      "nthSession": "1",
      "numberOfUtterances": "14",
      "numberOfTurns": "7",
      "sessionID": "4-00594-1",
      "dialog": [
        {
          "speaker": "speaker1",
          "personaID": "92274",
          "participantID": "20190",
          "utterance": "안녕하세요. 저는 40대 여자예요.",
          "summary": "나는 40대 여성이다.",
          "date": "2022-11-20",
          "time": "19:12:06",
          "terminate": "false"
        },
        {
          "speaker": "speaker2",
          "personaID": "92870",
          "participantID": "21353",
          "utterance": "안녕하세요. 저도 40대 여자예요.",
          "summary": "나는 40대 여성이다.",
          "date": "2022-11-20",
          "time": "19:13:02",
          "terminate": "false"
        },
        {
          "speaker": "speaker1",
          "personaID": "92274",
          "participantID": "20190",
          "utterance": "잘 부탁드려요. 생일은 어떻게 되세요? 전 다음 달 12월이요.",
          "summary": "나의 생일은 12월이다.",
          "date": "2022-11-20",
          "time": "19:13:05",
          "terminate": "false"
        },
        {
          "speaker": "speaker2",
          "personaID": "92870",
          "participantID": "21353",
          "utterance": "저는 생일이 5월이고 혈액형은 b형이에요.",
          "summary": "나의 생일은 5월이다. 나는 혈액형이 B형이다.",
          "date": "2022-11-20",
          "time": "19:13:07",
          "terminate": "false"
        },
        {
          "speaker": "speaker1",
          "personaID": "92274",
          "participantID": "20190",
          "utterance": "그러시군요. 저는 가을을 싫어하는데 가을이 지나가서 좋네요.",
          "summary": "나는 가을을 싫어한다.",
          "date": "2022-11-20",
          "time": "19:14:02",
          "terminate": "false"
        },
        {
          "speaker": "speaker2",
          "personaID": "92870",
          "participantID": "21353",
          "utterance": "그러시구나. 저도 요즘 새벽에 운동하는데 추워져서 큰일이네요.",
          "summary": "나는 새벽에 운동한다.",
          "date": "2022-11-20",
          "time": "19:14:28",
          "terminate": "false"
        },
        {
          "speaker": "speaker1",
          "personaID": "92274",
          "participantID": "20190",
          "utterance": "헉. 큰일이네요. 밖에서 운동하세요?",
          "summary": "",
          "date": "2022-11-20",
          "time": "19:15:08",
          "terminate": "false"
        },
        {
          "speaker": "speaker2",
          "personaID": "92870",
          "participantID": "21353",
          "utterance": "네. 새벽에 조깅을 해요. 님도 운동하시나요?",
          "summary": "나는 새벽에 조깅을 한다.",
          "date": "2022-11-20",
          "time": "19:15:20",
          "terminate": "false"
        },
        {
          "speaker": "speaker1",
          "personaID": "92274",
          "participantID": "20190",
          "utterance": "저는 운동은 안 하고 바이올린을 배워요.",
          "summary": "나는 운동을 하지 않는다. 나는 바이올린 연주를 배우고 있다.",
          "date": "2022-11-20",
          "time": "19:15:43",
          "terminate": "false"
        },
        {
          "speaker": "speaker2",
          "personaID": "92870",
          "participantID": "21353",
          "utterance": "그러시구나. 악기연주하는 사람이라니 멋지네요.",
          "summary": "",
          "date": "2022-11-20",
          "time": "19:16:22",
          "terminate": "false"
        },
        {
          "speaker": "speaker1",
          "personaID": "92274",
          "participantID": "20190",
          "utterance": "ㅎㅎ아니에요. 선생님은 악기 대신 운동하시잖아요.",
          "summary": "",
          "date": "2022-11-20",
          "time": "19:16:44",
          "terminate": "false"
        },
        {
          "speaker": "speaker2",
          "personaID": "92870",
          "participantID": "21353",
          "utterance": "아, 감사해요. 제가 자기 표현을 잘 하는 성격이라 칭찬도 잘해요.",
          "summary": "나는 자기표현을 잘한다.",
          "date": "2022-11-20",
          "time": "19:17:26",
          "terminate": "false"
        },
        {
          "speaker": "speaker1",
          "personaID": "92274",
          "participantID": "20190",
          "utterance": "그러신 것 같아요ㅎㅎ. 저는 이만 가볼게요.",
          "summary": "",
          "date": "2022-11-20",
          "time": "19:17:38",
          "terminate": "false"
        },
        {
          "speaker": "speaker2",
          "personaID": "92870",
          "participantID": "21353",
          "utterance": "그럼 저도 이만 가볼게요. 다음에 봐요.",
          "summary": "",
          "date": "2022-11-20",
          "time": "19:17:40",
          "terminate": "true"
        }
      ],
      "sessionPersonaSummary": {
        "speaker1": [
          "나는 40대 여성이다.",
          "나의 생일은 12월이다.",
          "나는 가을을 싫어한다.",
          "나는 운동을 하지 않는다. 나는 바이올린 연주를 배우고 있다."
        ],
        "speaker2": [
          "나는 40대 여성이다.",
          "나의 생일은 5월이다. 나는 혈액형이 B형이다.",
          "나는 새벽에 운동한다.",
          "나는 새벽에 조깅을 한다.",
          "나는 자기표현을 잘한다."
        ]
      },
      "prevAggregatedpersonaSummary": {
        "speaker1": [],
        "speaker2": []
      }
    },
    {
      "prevSessionID": "4-00594-1",
      "prevTimeInfo": {
        "timeNum": "3",
        "timeUnit": "일"
      },
      "nthSession": "2",
      "numberOfUtterances": "14",
      "numberOfTurns": "7",
      "sessionID": "4-00594-2",
      "dialog": [
        {
          "speaker": "speaker1",
          "personaID": "92274",
          "participantID": "20190",
          "utterance": "사흘만이네요. 저는 오늘 한의원에 갔어요.",
          "summary": "나는 한의원에 갔다.",
          "date": "2022-11-20",
          "time": "19:18:03",
          "terminate": "false"
        },
        {
          "speaker": "speaker2",
          "personaID": "92870",
          "participantID": "21353",
          "utterance": "한의원은 무슨 일로 가셨나요? 어디 안좋으세요?",
          "summary": "",
          "date": "2022-11-20",
          "time": "19:18:23",
          "terminate": "false"
        },
        {
          "speaker": "speaker1",
          "personaID": "92274",
          "participantID": "20190",
          "utterance": "특별히 안 좋은 건 아니고 이 나이 되면 허리도 아프고 그러잖아요. 한약을 처방받았어요.",
          "summary": "나는 허리가 아프다. 나는 한약을 처방받았다.",
          "date": "2022-11-20",
          "time": "19:19:06",
          "terminate": "false"
        },
        {
          "speaker": "speaker2",
          "personaID": "92870",
          "participantID": "21353",
          "utterance": "그러시구나. 맞아요. 한방치료도 받으면 좋더라구요.",
          "summary": "",
          "date": "2022-11-20",
          "time": "19:19:37",
          "terminate": "false"
        },
        {
          "speaker": "speaker1",
          "personaID": "92274",
          "participantID": "20190",
          "utterance": "네. 이 나이 되도록 한약은 맛있어지지가 않네요.",
          "summary": "나는 한약이 맛없다.",
          "date": "2022-11-20",
          "time": "19:20:11",
          "terminate": "false"
        },
        {
          "speaker": "speaker2",
          "personaID": "92870",
          "participantID": "21353",
          "utterance": "맞아요. 한약은 너무 쓰죠. 저도 몇 달전에 한약을 먹었어요.",
          "summary": "나는 몇 달 전에 한약을 먹었다.",
          "date": "2022-11-20",
          "time": "19:20:32",
          "terminate": "false"
        },
        {
          "speaker": "speaker1",
          "personaID": "92274",
          "participantID": "20190",
          "utterance": "그러니까요. 어디 아프시진 않았죠?",
          "summary": "",
          "date": "2022-11-20",
          "time": "19:21:16",
          "terminate": "false"
        },
        {
          "speaker": "speaker2",
          "personaID": "92870",
          "participantID": "21353",
          "utterance": "허리가 아파서 침치료도 받고, 약도 먹었었죠.",
          "summary": "나는 허리가 아파서 침 치료를 받았다.",
          "date": "2022-11-20",
          "time": "19:21:49",
          "terminate": "false"
        },
        {
          "speaker": "speaker1",
          "personaID": "92274",
          "participantID": "20190",
          "utterance": "그러셨군요. 몸에 좋은 건 입에 쓰다고, 맛없어도 한약을 먹을 수밖에 없네요.",
          "summary": "",
          "date": "2022-11-20",
          "time": "19:22:30",
          "terminate": "false"
        },
        {
          "speaker": "speaker2",
          "personaID": "92870",
          "participantID": "21353",
          "utterance": "그렇죠. 그래도 한약이니까 몸에 좋을거에요. 저희가 또 한국인이기도하고요.",
          "summary": "",
          "date": "2022-11-20",
          "time": "19:23:22",
          "terminate": "false"
        },
        {
          "speaker": "speaker1",
          "personaID": "92274",
          "participantID": "20190",
          "utterance": "네, 선생님은 새벽에 운동을 하니까 그래도 좀 더 건강하실 것 같아요.",
          "summary": "",
          "date": "2022-11-20",
          "time": "19:23:35",
          "terminate": "false"
        },
        {
          "speaker": "speaker2",
          "personaID": "92870",
          "participantID": "21353",
          "utterance": "ㅎㅎ감사해요. 나이들면 운동이 더 중요하더라구요.",
          "summary": "",
          "date": "2022-11-20",
          "time": "19:24:03",
          "terminate": "false"
        },
        {
          "speaker": "speaker1",
          "personaID": "92274",
          "participantID": "20190",
          "utterance": "맞아요. 저는 이만 가볼게요. 다음에 봬요.",
          "summary": "",
          "date": "2022-11-20",
          "time": "19:24:32",
          "terminate": "false"
        },
        {
          "speaker": "speaker2",
          "personaID": "92870",
          "participantID": "21353",
          "utterance": "그럼 저도 이만 가볼게요. 다음에 봐요.",
          "summary": "",
          "date": "2022-11-20",
          "time": "19:24:43",
          "terminate": "true"
        }
      ],
      "sessionPersonaSummary": {
        "speaker1": [
          "나는 한의원에 갔다.",
          "나는 허리가 아프다. 나는 한약을 처방받았다.",
          "나는 한약이 맛없다."
        ],
        "speaker2": [
          "나는 몇 달 전에 한약을 먹었다.",
          "나는 허리가 아파서 침 치료를 받았다."
        ]
      },
      "prevAggregatedpersonaSummary": {
        "speaker1": [
          "나는 40대 여성이다.",
          "나의 생일은 12월이다.",
          "나는 가을을 싫어한다.",
          "나는 운동을 하지 않는다. 나는 바이올린 연주를 배우고 있다."
        ],
        "speaker2": [
          "나는 40대 여성이다.",
          "나의 생일은 5월이다. 나는 혈액형이 B형이다.",
          "나는 새벽에 운동한다.",
          "나는 새벽에 조깅을 한다.",
          "나는 자기표현을 잘한다."
        ]
      }
    },
    {
      "prevSessionID": "4-00594-2",
      "prevTimeInfo": {
        "timeNum": "1",
        "timeUnit": "주"
      },
      "nthSession": "3",
      "numberOfUtterances": "14",
      "numberOfTurns": "7",
      "sessionID": "4-00594-3",
      "dialog": [
        {
          "speaker": "speaker1",
          "personaID": "92274",
          "participantID": "20190",
          "utterance": "일주일만이네요. 오늘은 저희 시어머니랑 한의원에 같이 가서 한약을 받았어요.",
          "summary": "나는 시어머니와 한의원에 갔다.",
          "date": "2022-11-20",
          "time": "19:26:08",
          "terminate": "false"
        },
        {
          "speaker": "speaker2",
          "personaID": "92870",
          "participantID": "21353",
          "utterance": "아, 정말요? 시어머니랑도 친하게 지내시나봐요.",
          "summary": "",
          "date": "2022-11-20",
          "time": "19:26:25",
          "terminate": "false"
        },
        {
          "speaker": "speaker1",
          "personaID": "92274",
          "participantID": "20190",
          "utterance": "네. 시어머니가 몸이 안 좋다고 해서 시어머니 한약을 받았어요.",
          "summary": "나의 시어머니는 몸이 안 좋다. 나의 시어머니는 한약을 처방받았다.",
          "date": "2022-11-20",
          "time": "19:26:41",
          "terminate": "false"
        },
        {
          "speaker": "speaker2",
          "personaID": "92870",
          "participantID": "21353",
          "utterance": "그러시구나. 님도 한약 드신다고 하셨는데 님 것도 받으셨나요?",
          "summary": "",
          "date": "2022-11-20",
          "time": "19:27:02",
          "terminate": "false"
        },
        {
          "speaker": "speaker1",
          "personaID": "92274",
          "participantID": "20190",
          "utterance": "제 건 아직 안 받아도 돼요. 시어머니 것만 받았어요.",
          "summary": "",
          "date": "2022-11-20",
          "time": "19:27:55",
          "terminate": "false"
        },
        {
          "speaker": "speaker2",
          "personaID": "92870",
          "participantID": "21353",
          "utterance": "그러시구나. 그 한의원이 괜찮은 곳인가봐요.",
          "summary": "",
          "date": "2022-11-20",
          "time": "19:28:28",
          "terminate": "false"
        },
        {
          "speaker": "speaker1",
          "personaID": "92274",
          "participantID": "20190",
          "utterance": "네. 시어머니는 한약이 쓰지 않다고 하는데, 저도 더 나이가 들면 한약이 안 쓰게 될지 모르겠네요.",
          "summary": "나는 내가 간 한의원이 마음에 든다. 나의 시어머니는 한약이 쓰지 않다고 말했다.",
          "date": "2022-11-20",
          "time": "19:28:50",
          "terminate": "false"
        },
        {
          "speaker": "speaker2",
          "personaID": "92870",
          "participantID": "21353",
          "utterance": "그래요? 진짜 신기하네요. 오늘도 한약 드셨나요?",
          "summary": "나는 신기하다.",
          "date": "2022-11-20",
          "time": "19:29:25",
          "terminate": "false"
        },
        {
          "speaker": "speaker1",
          "personaID": "92274",
          "participantID": "20190",
          "utterance": "네, 오늘도 한약을 먹었어요. 오늘도 썼어요.",
          "summary": "나는 오늘 한약을 먹었다. 나는 한약이 쓰다.",
          "date": "2022-11-20",
          "time": "19:29:39",
          "terminate": "false"
        },
        {
          "speaker": "speaker2",
          "personaID": "92870",
          "participantID": "21353",
          "utterance": "그럼 아직 멀었네요. 한약은 식후에 드시죠?",
          "summary": "",
          "date": "2022-11-20",
          "time": "19:30:24",
          "terminate": "false"
        },
        {
          "speaker": "speaker1",
          "personaID": "92274",
          "participantID": "20190",
          "utterance": "네. 아직 저녁을 안 먹었는데 저녁 먹고 한약 먹어야겠네요.",
          "summary": "나는 한약을 식후에 먹는다. 나는 저녁을 먹고 한약을 먹을 예정이다.",
          "date": "2022-11-20",
          "time": "19:30:43",
          "terminate": "false"
        },
        {
          "speaker": "speaker2",
          "personaID": "92870",
          "participantID": "21353",
          "utterance": "그거 좋네요. 전 저녁으로 짬뽕을 먹었어요.",
          "summary": "나는 저녁으로 짬뽕을 먹었다.",
          "date": "2022-11-20",
          "time": "19:31:14",
          "terminate": "false"
        },
        {
          "speaker": "speaker1",
          "personaID": "92274",
          "participantID": "20190",
          "utterance": "맛있었겠어요. 저는 이만 저녁 먹으러 가볼게요.",
          "summary": "",
          "date": "2022-11-20",
          "time": "19:31:58",
          "terminate": "false"
        },
        {
          "speaker": "speaker2",
          "personaID": "92870",
          "participantID": "21353",
          "utterance": "그럼 저도 이만 가볼게요. 다음에 봐요.",
          "summary": "",
          "date": "2022-11-20",
          "time": "19:32:02",
          "terminate": "true"
        }
      ],
      "sessionPersonaSummary": {
        "speaker1": [
          "나는 시어머니와 한의원에 갔다.",
          "나의 시어머니는 몸이 안 좋다. 나의 시어머니는 한약을 처방받았다.",
          "나는 내가 간 한의원이 마음에 든다. 나의 시어머니는 한약이 쓰지 않다고 말했다.",
          "나는 오늘 한약을 먹었다. 나는 한약이 쓰다.",
          "나는 한약을 식후에 먹는다. 나는 저녁을 먹고 한약을 먹을 예정이다."
        ],
        "speaker2": [
          "나는 신기하다.",
          "나는 저녁으로 짬뽕을 먹었다."
        ]
      },
      "prevAggregatedpersonaSummary": {
        "speaker1": [
          "나는 40대 여성이다.",
          "나의 생일은 12월이다.",
          "나는 가을을 싫어한다.",
          "나는 운동을 하지 않는다. 나는 바이올린 연주를 배우고 있다.",
          "나는 한의원에 갔다.",
          "나는 허리가 아프다. 나는 한약을 처방받았다.",
          "나는 한약이 맛없다."
        ],
        "speaker2": [
          "나는 40대 여성이다.",
          "나의 생일은 5월이다. 나는 혈액형이 B형이다.",
          "나는 새벽에 운동한다.",
          "나는 새벽에 조깅을 한다.",
          "나는 자기표현을 잘한다.",
          "나는 몇 달 전에 한약을 먹었다.",
          "나는 허리가 아파서 침 치료를 받았다."
        ]
      }
    },
    {
      "prevSessionID": "4-00594-3",
      "prevTimeInfo": {
        "timeNum": "2",
        "timeUnit": "일"
      },
      "nthSession": "4",
      "numberOfUtterances": "14",
      "numberOfTurns": "7",
      "sessionID": "4-00594-4",
      "dialog": [
        {
          "speaker": "speaker1",
          "personaID": "92274",
          "participantID": "20190",
          "utterance": "이틀만이네요. 전 오늘 바이올린 학원에 왔어요.",
          "summary": "나는 바이올린 학원에 왔다.",
          "date": "2022-11-20",
          "time": "19:32:22",
          "terminate": "false"
        },
        {
          "speaker": "speaker2",
          "personaID": "92870",
          "participantID": "21353",
          "utterance": "그러시구나. 바이올린 학원에서 하는 건 1대1 강습인가요?",
          "summary": "",
          "date": "2022-11-20",
          "time": "19:33:00",
          "terminate": "false"
        },
        {
          "speaker": "speaker1",
          "personaID": "92274",
          "participantID": "20190",
          "utterance": "네, 1대1이에요. 그래서 좀 비싸지만 만족해요.",
          "summary": "나는 1대 1 강습을 받는다. 나는 강습에 만족한다.",
          "date": "2022-11-20",
          "time": "19:33:44",
          "terminate": "false"
        },
        {
          "speaker": "speaker2",
          "personaID": "92870",
          "participantID": "21353",
          "utterance": "확실히 자세하게 알려줄 것 같고 좋네요.",
          "summary": "",
          "date": "2022-11-20",
          "time": "19:33:55",
          "terminate": "false"
        },
        {
          "speaker": "speaker1",
          "personaID": "92274",
          "participantID": "20190",
          "utterance": "맞아요. 선생님은 뭐하고 계셨어요?",
          "summary": "",
          "date": "2022-11-20",
          "time": "19:34:38",
          "terminate": "false"
        },
        {
          "speaker": "speaker2",
          "personaID": "92870",
          "participantID": "21353",
          "utterance": "저는 얼음물을 마시고 있었어요.",
          "summary": "나는 얼음물을 마신다.",
          "date": "2022-11-20",
          "time": "19:35:03",
          "terminate": "false"
        },
        {
          "speaker": "speaker1",
          "personaID": "92274",
          "participantID": "20190",
          "utterance": "어머. 겨울인데 차갑지 않아요?",
          "summary": "",
          "date": "2022-11-20",
          "time": "19:35:19",
          "terminate": "false"
        },
        {
          "speaker": "speaker2",
          "personaID": "92870",
          "participantID": "21353",
          "utterance": "네. 저는 물은 시원해야 제맛이더라구요.",
          "summary": "나는 시원한 물이 좋다.",
          "date": "2022-11-20",
          "time": "19:36:01",
          "terminate": "false"
        },
        {
          "speaker": "speaker1",
          "personaID": "92274",
          "participantID": "20190",
          "utterance": "그러시군요. 그래도 너무 차갑게 드시진 마세요. 미지근한 물이 건강에 좋대요.",
          "summary": "",
          "date": "2022-11-20",
          "time": "19:36:25",
          "terminate": "false"
        },
        {
          "speaker": "speaker2",
          "personaID": "92870",
          "participantID": "21353",
          "utterance": "알겠어요. 님은 그럼 미지근한 물을 주로 드시나요?",
          "summary": "",
          "date": "2022-11-20",
          "time": "19:36:56",
          "terminate": "false"
        },
        {
          "speaker": "speaker1",
          "personaID": "92274",
          "participantID": "20190",
          "utterance": "네. 저는 미지근한 물을 주로 마셔요.",
          "summary": "나는 미지근한 물을 주로 마신다.",
          "date": "2022-11-20",
          "time": "19:37:06",
          "terminate": "false"
        },
        {
          "speaker": "speaker2",
          "personaID": "92870",
          "participantID": "21353",
          "utterance": "그러시구나. 그럼 저도 본받아야겠네요.",
          "summary": "",
          "date": "2022-11-20",
          "time": "19:37:55",
          "terminate": "false"
        },
        {
          "speaker": "speaker1",
          "personaID": "92274",
          "participantID": "20190",
          "utterance": "좋아요ㅎㅎ. 그럼 저는 이만 가볼게요.",
          "summary": "",
          "date": "2022-11-20",
          "time": "19:38:06",
          "terminate": "false"
        },
        {
          "speaker": "speaker2",
          "personaID": "92870",
          "participantID": "21353",
          "utterance": "그럼 저도 이만 가볼게요. 다음에 봐요.",
          "summary": "",
          "date": "2022-11-20",
          "time": "19:38:15",
          "terminate": "true"
        }
      ],
      "sessionPersonaSummary": {
        "speaker1": [
          "나는 바이올린 학원에 왔다.",
          "나는 1대 1 강습을 받는다. 나는 강습에 만족한다.",
          "나는 미지근한 물을 주로 마신다."
        ],
        "speaker2": [
          "나는 얼음물을 마신다.",
          "나는 시원한 물이 좋다."
        ]
      },
      "prevAggregatedpersonaSummary": {
        "speaker1": [
          "나는 40대 여성이다.",
          "나의 생일은 12월이다.",
          "나는 가을을 싫어한다.",
          "나는 운동을 하지 않는다. 나는 바이올린 연주를 배우고 있다.",
          "나는 한의원에 갔다.",
          "나는 허리가 아프다. 나는 한약을 처방받았다.",
          "나는 한약이 맛없다.",
          "나는 시어머니와 한의원에 갔다.",
          "나의 시어머니는 몸이 안 좋다. 나의 시어머니는 한약을 처방받았다.",
          "나는 내가 간 한의원이 마음에 든다. 나의 시어머니는 한약이 쓰지 않다고 말했다.",
          "나는 오늘 한약을 먹었다. 나는 한약이 쓰다.",
          "나는 한약을 식후에 먹는다. 나는 저녁을 먹고 한약을 먹을 예정이다."
        ],
        "speaker2": [
          "나는 40대 여성이다.",
          "나의 생일은 5월이다. 나는 혈액형이 B형이다.",
          "나는 새벽에 운동한다.",
          "나는 새벽에 조깅을 한다.",
          "나는 자기표현을 잘한다.",
          "나는 몇 달 전에 한약을 먹었다.",
          "나는 허리가 아파서 침 치료를 받았다.",
          "나는 신기하다.",
          "나는 저녁으로 짬뽕을 먹었다."
        ]
      }
    }
  ]
}