{
  "FileInfo": {
    "filename": "K4-00177-CL93915-CP95749-07-11-S4.json",
    "sessionLevel": "4"
  },
  "participantsInfo": {
    "numberOfParticipants": "2",
    "speaker1": {
      "participantID": "31860",
      "gender": "남성",
      "age": "50대",
      "occupation": "기능직",
      "bPlace": "서울/경기/인천",
      "gPlace": "서울/경기/인천",
      "rPlace": "서울/경기/인천",
      "educationLevel": "대졸"
    },
    "speaker2": {
      "participantID": "30114",
      "gender": "여성",
      "age": "50대",
      "occupation": "주부",
      "bPlace": "서울/경기/인천",
      "gPlace": "서울/경기/인천",
      "rPlace": "서울/경기/인천",
      "educationLevel": "대졸"
    }
  },
  "multisessionInfo": {
    "multisessionID": "4-00177"
  },
  "personaInfo": {
    "clInfo": {
      "personaID": "93915",
      "personaFeatures": [
        "나는 남자이다.",
        "나는 50대이다.",
        "나는 눈 오는 날씨를 싫어한다.",
        "나의 생일은 11월이다.",
        "나는 수필을 가끔 읽는다.",
        "나는 된장찌개를 즐겨 먹는다.",
        "나는 혈액형이 AB형이다."
      ],
      "speakerType": "speaker1"
    },
    "cpInfo": {
      "personaID": "95749",
      "personaFeatures": [
        "나는 여자이다.",
        "나는 50대이다.",
        "나는 가을을 좋아한다.",
        "나는 맛집 여행을 자주 간다.",
        "나는 매우 부지런하다.",
        "나는 마라탕을 안 먹는다.",
        "나는 혈액형이 A형이다."
      ],
      "speakerType": "speaker2"
    }
  },
  "topicInfo": {
    "topicID": "07-11",
    "topicType": "개인 및 관계>가족",
    "topicTitle": "자녀"
  },
  "sessionInfo": [
    {
      "prevSessionID": null,
      "prevTimeInfo": {
        "timeNum": null,
        "timeUnit": null
      },
      "nthSession": "1",
      "numberOfUtterances": "14",
      "numberOfTurns": "7",
      "sessionID": "4-00177-1",
      "dialog": [
        {
          "speaker": "speaker1",
          "personaID": "93915",
          "participantID": "31860",
          "utterance": "저는 50대 남성입니다. 만나서 반가워요.",
          "summary": "나는 50대 남성이다.",
          "date": "2022-11-23",
          "time": "17:33:10",
          "terminate": "false"
        },
        {
          "speaker": "speaker2",
          "personaID": "95749",
          "participantID": "30114",
          "utterance": "저도 50대 여성입니다. 나이가 비슷하네요~",
          "summary": "나는 50대 여성이다.",
          "date": "2022-11-23",
          "time": "17:33:16",
          "terminate": "false"
        },
        {
          "speaker": "speaker1",
          "personaID": "93915",
          "participantID": "31860",
          "utterance": "오늘 눈이 오네요~ 추운데 뭐 하실 건가요?",
          "summary": "",
          "date": "2022-11-23",
          "time": "17:33:24",
          "terminate": "false"
        },
        {
          "speaker": "speaker2",
          "personaID": "95749",
          "participantID": "30114",
          "utterance": "저는 맛집을 여행을 자주 가서 오늘도 찾아보고 있었어요.",
          "summary": "나는 맛집 여행을 자주 간다.",
          "date": "2022-11-23",
          "time": "17:33:32",
          "terminate": "false"
        },
        {
          "speaker": "speaker1",
          "personaID": "93915",
          "participantID": "31860",
          "utterance": "맛집여행 좋죠~ 저는 눈오는 날씨를 싫어해서 나갈까 말까 고민중이에요.",
          "summary": "나는 눈 오는 날씨를 싫어한다. 나는 나갈지 고민 중이다.",
          "date": "2022-11-23",
          "time": "17:33:45",
          "terminate": "false"
        },
        {
          "speaker": "speaker2",
          "personaID": "95749",
          "participantID": "30114",
          "utterance": "그렇구나. 저도 가을을 좋아하고 겨울은 별로 안좋아해요.",
          "summary": "나는 가을을 좋아한다. 나는 겨울을 안 좋아한다.",
          "date": "2022-11-23",
          "time": "17:33:52",
          "terminate": "false"
        },
        {
          "speaker": "speaker1",
          "personaID": "93915",
          "participantID": "31860",
          "utterance": "그렇죠? 저는 11월생인데도 겨울을 싫어하거든요~ 아 님은 여가시간에 뭐하세요?",
          "summary": "나의 생일은 11월이다. 나는 겨울을 싫어한다.",
          "date": "2022-11-23",
          "time": "17:34:13",
          "terminate": "false"
        },
        {
          "speaker": "speaker2",
          "personaID": "95749",
          "participantID": "30114",
          "utterance": "제가 매우 부지런해서 여러가지를 하는 편이에요! 님은 여가시간에 보통 뭐해요?",
          "summary": "나는 매우 부지런하다.",
          "date": "2022-11-23",
          "time": "17:34:20",
          "terminate": "false"
        },
        {
          "speaker": "speaker1",
          "personaID": "93915",
          "participantID": "31860",
          "utterance": "저는 수필을 가끔 읽어요. 제가 AB형이라그런지 조용한 것을 좋아합니다.",
          "summary": "나는 수필을 가끔 읽는다. 나는 혈액형이 AB형이다. 나는 조용한 것을 좋아한다.",
          "date": "2022-11-23",
          "time": "17:34:36",
          "terminate": "false"
        },
        {
          "speaker": "speaker2",
          "personaID": "95749",
          "participantID": "30114",
          "utterance": "저랑 비슷하네요! 저도 혈액형이 A형이여서 혼자 있는걸 좋아해요!",
          "summary": "나는 혈액형이 A형이다. 나는 혼자 있는 것을 좋아한다.",
          "date": "2022-11-23",
          "time": "17:34:42",
          "terminate": "false"
        },
        {
          "speaker": "speaker1",
          "personaID": "93915",
          "participantID": "31860",
          "utterance": "그러게요 비슷하네요~ 그러면 친구는 잘 안만나세요?",
          "summary": "",
          "date": "2022-11-23",
          "time": "17:35:06",
          "terminate": "false"
        },
        {
          "speaker": "speaker2",
          "personaID": "95749",
          "participantID": "30114",
          "utterance": "네 친구를 가끔 만나긴 하는데 혼자있는 시간을 더 선호해요. 님은요?",
          "summary": "나는 친구를 가끔 만난다. 나는 혼자 있는 시간을 더 선호한다.",
          "date": "2022-11-23",
          "time": "17:35:10",
          "terminate": "false"
        },
        {
          "speaker": "speaker1",
          "personaID": "93915",
          "participantID": "31860",
          "utterance": "저는 요새는 친구 만나는게 좋더라구요~ 아 저는 그냥 집에서 쉬어야겠어요.",
          "summary": "나는 요즘 친구 만나는 것이 좋다.",
          "date": "2022-11-23",
          "time": "17:35:25",
          "terminate": "false"
        },
        {
          "speaker": "speaker2",
          "personaID": "95749",
          "participantID": "30114",
          "utterance": "하하 그런가요? 그럼 저는 마저 여행을 찾아보고 오겠습니다~",
          "summary": "나는 여행을 찾아볼 것이다.",
          "date": "2022-11-23",
          "time": "17:35:31",
          "terminate": "true"
        }
      ],
      "sessionPersonaSummary": {
        "speaker1": [
          "나는 50대 남성이다.",
          "나는 눈 오는 날씨를 싫어한다. 나는 나갈지 고민 중이다.",
          "나의 생일은 11월이다. 나는 겨울을 싫어한다.",
          "나는 수필을 가끔 읽는다. 나는 혈액형이 AB형이다. 나는 조용한 것을 좋아한다.",
          "나는 요즘 친구 만나는 것이 좋다."
        ],
        "speaker2": [
          "나는 50대 여성이다.",
          "나는 맛집 여행을 자주 간다.",
          "나는 가을을 좋아한다. 나는 겨울을 안 좋아한다.",
          "나는 매우 부지런하다.",
          "나는 혈액형이 A형이다. 나는 혼자 있는 것을 좋아한다.",
          "나는 친구를 가끔 만난다. 나는 혼자 있는 시간을 더 선호한다.",
          "나는 여행을 찾아볼 것이다."
        ]
      },
      "prevAggregatedpersonaSummary": {
        "speaker1": [],
        "speaker2": []
      }
    },
    {
      "prevSessionID": "4-00177-1",
      "prevTimeInfo": {
        "timeNum": "1",
        "timeUnit": "일"
      },
      "nthSession": "2",
      "numberOfUtterances": "14",
      "numberOfTurns": "7",
      "sessionID": "4-00177-2",
      "dialog": [
        {
          "speaker": "speaker1",
          "personaID": "93915",
          "participantID": "31860",
          "utterance": "어제는 여행지 잘 찾아보셨어요?",
          "summary": "",
          "date": "2022-11-23",
          "time": "17:35:46",
          "terminate": "false"
        },
        {
          "speaker": "speaker2",
          "personaID": "95749",
          "participantID": "30114",
          "utterance": "네! 어디로 갈지 계획을 세우고 있었어요.",
          "summary": "나는 여행 계획을 세우고 있었다.",
          "date": "2022-11-23",
          "time": "17:35:51",
          "terminate": "false"
        },
        {
          "speaker": "speaker1",
          "personaID": "93915",
          "participantID": "31860",
          "utterance": "누구랑 여행 가실 건데요? 궁금하네요~",
          "summary": "",
          "date": "2022-11-23",
          "time": "17:35:54",
          "terminate": "false"
        },
        {
          "speaker": "speaker2",
          "personaID": "95749",
          "participantID": "30114",
          "utterance": "제가 딸이 한명있는데 딸이랑 둘이 가려고요.",
          "summary": "나는 딸이 한 명 있다. 나는 딸과 여행을 갈 것이다.",
          "date": "2022-11-23",
          "time": "17:36:04",
          "terminate": "false"
        },
        {
          "speaker": "speaker1",
          "personaID": "93915",
          "participantID": "31860",
          "utterance": "오 남편분은 떼어놓고 가시는 거예요?",
          "summary": "",
          "date": "2022-11-23",
          "time": "17:36:12",
          "terminate": "false"
        },
        {
          "speaker": "speaker2",
          "personaID": "95749",
          "participantID": "30114",
          "utterance": "네 ㅎㅎ 남편이 휴가를 못낸다고 하더라고요ㅠ.",
          "summary": "나의 남편은 휴가를 내지 못했다.",
          "date": "2022-11-23",
          "time": "17:36:22",
          "terminate": "false"
        },
        {
          "speaker": "speaker1",
          "personaID": "93915",
          "participantID": "31860",
          "utterance": "아이고 아쉬우시겠어요. 저도 자녀가 둘있는데, 요새 사이가 어색해서 고민이네요.",
          "summary": "나는 자녀가 둘 있다. 나는 자녀와 사이가 어색하다.",
          "date": "2022-11-23",
          "time": "17:36:36",
          "terminate": "false"
        },
        {
          "speaker": "speaker2",
          "personaID": "95749",
          "participantID": "30114",
          "utterance": "아 정말요? 자녀분이랑은 왜 사이가 어색한거에요?",
          "summary": "",
          "date": "2022-11-23",
          "time": "17:36:40",
          "terminate": "false"
        },
        {
          "speaker": "speaker1",
          "personaID": "93915",
          "participantID": "31860",
          "utterance": "자녀 둘다 지금 사춘기라서요. 님네 딸은 사춘기 안왔어요?",
          "summary": "나의 자녀들은 사춘기이다.",
          "date": "2022-11-23",
          "time": "17:36:55",
          "terminate": "false"
        },
        {
          "speaker": "speaker2",
          "personaID": "95749",
          "participantID": "30114",
          "utterance": "저희 딸은 아직 사춘기가 안왔어요. 그래서 지금 많이 놀아두려고요.",
          "summary": "나의 딸은 사춘기가 오지 않았다.",
          "date": "2022-11-23",
          "time": "17:37:02",
          "terminate": "false"
        },
        {
          "speaker": "speaker1",
          "personaID": "93915",
          "participantID": "31860",
          "utterance": "정말 저도 애들이 어릴땐 많이 놀러 다녔는데.. 그 시절이 그립네요.",
          "summary": "나는 자녀들과 놀러 다니던 때가 그립다.",
          "date": "2022-11-23",
          "time": "17:37:16",
          "terminate": "false"
        },
        {
          "speaker": "speaker2",
          "personaID": "95749",
          "participantID": "30114",
          "utterance": "그렇죠. 아 님네 자녀들은 서로 친해요?",
          "summary": "",
          "date": "2022-11-23",
          "time": "17:37:22",
          "terminate": "false"
        },
        {
          "speaker": "speaker1",
          "personaID": "93915",
          "participantID": "31860",
          "utterance": "말도마세요. 지금도 싸우고 있습니다. 어휴.",
          "summary": "나의 자녀들은 싸우고 있다.",
          "date": "2022-11-23",
          "time": "17:37:36",
          "terminate": "false"
        },
        {
          "speaker": "speaker2",
          "personaID": "95749",
          "participantID": "30114",
          "utterance": "얼른 중재하로 가셔야겠네요~ 그럼 다음에 또 연락해요!",
          "summary": "",
          "date": "2022-11-23",
          "time": "17:37:47",
          "terminate": "true"
        }
      ],
      "sessionPersonaSummary": {
        "speaker1": [
          "나는 자녀가 둘 있다. 나는 자녀와 사이가 어색하다.",
          "나의 자녀들은 사춘기이다.",
          "나는 자녀들과 놀러 다니던 때가 그립다.",
          "나의 자녀들은 싸우고 있다."
        ],
        "speaker2": [
          "나는 여행 계획을 세우고 있었다.",
          "나는 딸이 한 명 있다. 나는 딸과 여행을 갈 것이다.",
          "나의 남편은 휴가를 내지 못했다.",
          "나의 딸은 사춘기가 오지 않았다."
        ]
      },
      "prevAggregatedpersonaSummary": {
        "speaker1": [
          "나는 50대 남성이다.",
          "나는 눈 오는 날씨를 싫어한다. 나는 나갈지 고민 중이다.",
          "나의 생일은 11월이다. 나는 겨울을 싫어한다.",
          "나는 수필을 가끔 읽는다. 나는 혈액형이 AB형이다. 나는 조용한 것을 좋아한다.",
          "나는 요즘 친구 만나는 것이 좋다."
        ],
        "speaker2": [
          "나는 50대 여성이다.",
          "나는 맛집 여행을 자주 간다.",
          "나는 가을을 좋아한다. 나는 겨울을 안 좋아한다.",
          "나는 매우 부지런하다.",
          "나는 혈액형이 A형이다. 나는 혼자 있는 것을 좋아한다.",
          "나는 친구를 가끔 만난다. 나는 혼자 있는 시간을 더 선호한다.",
          "나는 여행을 찾아볼 것이다."
        ]
      }
    },
    {
      "prevSessionID": "4-00177-2",
      "prevTimeInfo": {
        "timeNum": "3",
        "timeUnit": "시간"
      },
      "nthSession": "3",
      "numberOfUtterances": "14",
      "numberOfTurns": "7",
      "sessionID": "4-00177-3",
      "dialog": [
        {
          "speaker": "speaker1",
          "personaID": "93915",
          "participantID": "31860",
          "utterance": "애들 싸우는거 중재했더니 3시간이나 지났네요.",
          "summary": "나는 자녀들 싸움을 중재했다.",
          "date": "2022-11-23",
          "time": "17:37:53",
          "terminate": "false"
        },
        {
          "speaker": "speaker2",
          "personaID": "95749",
          "participantID": "30114",
          "utterance": "하하 님네 @이름1@은 서로 화해했나요?",
          "summary": "",
          "date": "2022-11-23",
          "time": "17:37:59",
          "terminate": "false"
        },
        {
          "speaker": "speaker1",
          "personaID": "93915",
          "participantID": "31860",
          "utterance": "정말 겨우겨우 화해시켰습니다. 저는 화해시킬때 항상 포옹을 시켜요.",
          "summary": "나는 자녀들 화해를 시킬 때 포옹을 시킨다.",
          "date": "2022-11-23",
          "time": "17:38:15",
          "terminate": "false"
        },
        {
          "speaker": "speaker2",
          "personaID": "95749",
          "participantID": "30114",
          "utterance": "아 정말요? 저는 아이가 외동이여서 자녀들끼리 싸울일은 없네요.",
          "summary": "나의 자녀는 외동이다.",
          "date": "2022-11-23",
          "time": "17:38:23",
          "terminate": "false"
        },
        {
          "speaker": "speaker1",
          "personaID": "93915",
          "participantID": "31860",
          "utterance": "저희 애들은 연년생이라 죽어라 싸워요.",
          "summary": "나의 자녀들은 연년생이다.",
          "date": "2022-11-23",
          "time": "17:38:32",
          "terminate": "false"
        },
        {
          "speaker": "speaker2",
          "personaID": "95749",
          "participantID": "30114",
          "utterance": "연년생은 엄청 싸운다는 소문만 들었는데 그게 사실이였나봐요~",
          "summary": "",
          "date": "2022-11-23",
          "time": "17:38:37",
          "terminate": "false"
        },
        {
          "speaker": "speaker1",
          "personaID": "93915",
          "participantID": "31860",
          "utterance": "정말 하루도 빠짐없이 소리를 질러대서 죽을것같아요.",
          "summary": "",
          "date": "2022-11-23",
          "time": "17:38:47",
          "terminate": "false"
        },
        {
          "speaker": "speaker2",
          "personaID": "95749",
          "participantID": "30114",
          "utterance": "많이 괴로우시겠어요. 아 님네 자녀들은 공부 잘하나요?",
          "summary": "",
          "date": "2022-11-23",
          "time": "17:38:56",
          "terminate": "false"
        },
        {
          "speaker": "speaker1",
          "personaID": "93915",
          "participantID": "31860",
          "utterance": "둘다 지지리 공부를 못합니다.. 님네 딸은 공부 잘 하나요?",
          "summary": "나의 자녀들은 공부를 못 한다.",
          "date": "2022-11-23",
          "time": "17:39:19",
          "terminate": "false"
        },
        {
          "speaker": "speaker2",
          "personaID": "95749",
          "participantID": "30114",
          "utterance": "저희 딸은 잘하는 편이긴해요! 저를 닮았나봐요~",
          "summary": "나의 딸은 공부를 잘한다.",
          "date": "2022-11-23",
          "time": "17:39:25",
          "terminate": "false"
        },
        {
          "speaker": "speaker1",
          "personaID": "93915",
          "participantID": "31860",
          "utterance": "저희 애들은 누굴 닮았는지.. 아내를 많이 닮은것 같기도하구..",
          "summary": "",
          "date": "2022-11-23",
          "time": "17:39:42",
          "terminate": "false"
        },
        {
          "speaker": "speaker2",
          "personaID": "95749",
          "participantID": "30114",
          "utterance": "그런가봐요ㅎㅎ 아 님은 오늘 저녁은 드셨어요?",
          "summary": "",
          "date": "2022-11-23",
          "time": "17:39:47",
          "terminate": "false"
        },
        {
          "speaker": "speaker1",
          "personaID": "93915",
          "participantID": "31860",
          "utterance": "아뇨 아직 애들때문에 안 먹었네요. 이제 먹으려고요.",
          "summary": "나는 저녁을 안 먹었다.",
          "date": "2022-11-23",
          "time": "17:39:55",
          "terminate": "false"
        },
        {
          "speaker": "speaker2",
          "personaID": "95749",
          "participantID": "30114",
          "utterance": "저도 이제 저녁을 먹어야겠네요. 그럼 식사맛있게 하세요~",
          "summary": "나는 저녁을 먹을 것이다.",
          "date": "2022-11-23",
          "time": "17:40:01",
          "terminate": "true"
        }
      ],
      "sessionPersonaSummary": {
        "speaker1": [
          "나는 자녀들 싸움을 중재했다.",
          "나는 자녀들 화해를 시킬 때 포옹을 시킨다.",
          "나의 자녀들은 연년생이다.",
          "나의 자녀들은 공부를 못 한다.",
          "나는 저녁을 안 먹었다."
        ],
        "speaker2": [
          "나의 자녀는 외동이다.",
          "나의 딸은 공부를 잘한다.",
          "나는 저녁을 먹을 것이다."
        ]
      },
      "prevAggregatedpersonaSummary": {
        "speaker1": [
          "나는 50대 남성이다.",
          "나는 눈 오는 날씨를 싫어한다. 나는 나갈지 고민 중이다.",
          "나의 생일은 11월이다. 나는 겨울을 싫어한다.",
          "나는 수필을 가끔 읽는다. 나는 혈액형이 AB형이다. 나는 조용한 것을 좋아한다.",
          "나는 요즘 친구 만나는 것이 좋다.",
          "나는 자녀가 둘 있다. 나는 자녀와 사이가 어색하다.",
          "나의 자녀들은 사춘기이다.",
          "나는 자녀들과 놀러 다니던 때가 그립다.",
          "나의 자녀들은 싸우고 있다."
        ],
        "speaker2": [
          "나는 50대 여성이다.",
          "나는 맛집 여행을 자주 간다.",
          "나는 가을을 좋아한다. 나는 겨울을 안 좋아한다.",
          "나는 매우 부지런하다.",
          "나는 혈액형이 A형이다. 나는 혼자 있는 것을 좋아한다.",
          "나는 친구를 가끔 만난다. 나는 혼자 있는 시간을 더 선호한다.",
          "나는 여행을 찾아볼 것이다.",
          "나는 여행 계획을 세우고 있었다.",
          "나는 딸이 한 명 있다. 나는 딸과 여행을 갈 것이다.",
          "나의 남편은 휴가를 내지 못했다.",
          "나의 딸은 사춘기가 오지 않았다."
        ]
      }
    },
    {
      "prevSessionID": "4-00177-3",
      "prevTimeInfo": {
        "timeNum": "2",
        "timeUnit": "시간"
      },
      "nthSession": "4",
      "numberOfUtterances": "14",
      "numberOfTurns": "7",
      "sessionID": "4-00177-4",
      "dialog": [
        {
          "speaker": "speaker1",
          "personaID": "93915",
          "participantID": "31860",
          "utterance": "아이고 간만에 편하게 저녁을 먹었네요.",
          "summary": "나는 저녁을 먹었다.",
          "date": "2022-11-23",
          "time": "17:40:15",
          "terminate": "false"
        },
        {
          "speaker": "speaker2",
          "personaID": "95749",
          "participantID": "30114",
          "utterance": "그러게요~ 저는 마파두부 덮밥 먹었어요. 님은 저녁뭐먹었어요?",
          "summary": "나는 마파두부 덮밥을 먹었다.",
          "date": "2022-11-23",
          "time": "17:40:17",
          "terminate": "false"
        },
        {
          "speaker": "speaker1",
          "personaID": "93915",
          "participantID": "31860",
          "utterance": "저는 갈비찜 먹었어요. 님은 두부 좋아하시나봐요?",
          "summary": "나는 갈비찜을 먹었다.",
          "date": "2022-11-23",
          "time": "17:40:28",
          "terminate": "false"
        },
        {
          "speaker": "speaker2",
          "personaID": "95749",
          "participantID": "30114",
          "utterance": "네 제가 두부를 좋아해요! 님은 두부 안좋아해요?",
          "summary": "나는 두부를 좋아한다.",
          "date": "2022-11-23",
          "time": "17:40:37",
          "terminate": "false"
        },
        {
          "speaker": "speaker1",
          "personaID": "93915",
          "participantID": "31860",
          "utterance": "저는 두부를 안 좋아해요. 그럼 푸주도 좋아하세요?",
          "summary": "나는 두부를 안 좋아한다.",
          "date": "2022-11-23",
          "time": "17:40:42",
          "terminate": "false"
        },
        {
          "speaker": "speaker2",
          "personaID": "95749",
          "participantID": "30114",
          "utterance": "푸주 최근에 먹어봤는데 괜찮더라고요~",
          "summary": "나는 푸주를 최근에 먹어봤다.",
          "date": "2022-11-23",
          "time": "17:40:54",
          "terminate": "false"
        },
        {
          "speaker": "speaker1",
          "personaID": "93915",
          "participantID": "31860",
          "utterance": "저는 편식이 심해서요 ㅎ 님은 음식 안 가리세요?",
          "summary": "나는 편식이 심하다.",
          "date": "2022-11-23",
          "time": "17:41:01",
          "terminate": "false"
        },
        {
          "speaker": "speaker2",
          "personaID": "95749",
          "participantID": "30114",
          "utterance": "저는 비린음식을 잘 못먹어요. 특히 조개류요.",
          "summary": "나는 비린 음식을 잘 못 먹는다. 나는 조개류를 못 먹는다.",
          "date": "2022-11-23",
          "time": "17:41:05",
          "terminate": "false"
        },
        {
          "speaker": "speaker1",
          "personaID": "93915",
          "participantID": "31860",
          "utterance": "아 조개 정말 맛있는데.. 구워먹으면 안비린데 조개구이도 안좋아하세요?",
          "summary": "",
          "date": "2022-11-23",
          "time": "17:41:22",
          "terminate": "false"
        },
        {
          "speaker": "speaker2",
          "personaID": "95749",
          "participantID": "30114",
          "utterance": "정말요? 조개구이는 안먹어봤네요. 님은 조개구이 즐겨드세요?",
          "summary": "나는 조개구이를 먹어본 적 없다.",
          "date": "2022-11-23",
          "time": "17:41:29",
          "terminate": "false"
        },
        {
          "speaker": "speaker1",
          "personaID": "93915",
          "participantID": "31860",
          "utterance": "네 저는 조개구이 정말 좋아합니다. 부산에 조개구이 맛있는 곳 많던데요?",
          "summary": "나는 조개구이를 매우 좋아한다.",
          "date": "2022-11-23",
          "time": "17:41:43",
          "terminate": "false"
        },
        {
          "speaker": "speaker2",
          "personaID": "95749",
          "participantID": "30114",
          "utterance": "부산에 가본적이 없어서 조개구이 맛집은 모르네요..",
          "summary": "나는 부산에 가본 적 없다.",
          "date": "2022-11-23",
          "time": "17:41:55",
          "terminate": "false"
        },
        {
          "speaker": "speaker1",
          "personaID": "93915",
          "participantID": "31860",
          "utterance": "아 진짜요? 다음에 부산에 한 번 가보세요~ 부산여행 추천합니다!",
          "summary": "나는 부산 여행을 추천한다.",
          "date": "2022-11-23",
          "time": "17:42:01",
          "terminate": "false"
        },
        {
          "speaker": "speaker2",
          "personaID": "95749",
          "participantID": "30114",
          "utterance": "네. 다음에 부사여행가면 다시 연락드릴께요!",
          "summary": "",
          "date": "2022-11-23",
          "time": "17:42:07",
          "terminate": "true"
        }
      ],
      "sessionPersonaSummary": {
        "speaker1": [
          "나는 저녁을 먹었다.",
          "나는 갈비찜을 먹었다.",
          "나는 두부를 안 좋아한다.",
          "나는 편식이 심하다.",
          "나는 조개구이를 매우 좋아한다.",
          "나는 부산 여행을 추천한다."
        ],
        "speaker2": [
          "나는 마파두부 덮밥을 먹었다.",
          "나는 두부를 좋아한다.",
          "나는 푸주를 최근에 먹어봤다.",
          "나는 비린 음식을 잘 못 먹는다. 나는 조개류를 못 먹는다.",
          "나는 조개구이를 먹어본 적 없다.",
          "나는 부산에 가본 적 없다."
        ]
      },
      "prevAggregatedpersonaSummary": {
        "speaker1": [
          "나는 50대 남성이다.",
          "나는 눈 오는 날씨를 싫어한다. 나는 나갈지 고민 중이다.",
          "나의 생일은 11월이다. 나는 겨울을 싫어한다.",
          "나는 수필을 가끔 읽는다. 나는 혈액형이 AB형이다. 나는 조용한 것을 좋아한다.",
          "나는 요즘 친구 만나는 것이 좋다.",
          "나는 자녀가 둘 있다. 나는 자녀와 사이가 어색하다.",
          "나의 자녀들은 사춘기이다.",
          "나는 자녀들과 놀러 다니던 때가 그립다.",
          "나의 자녀들은 싸우고 있다.",
          "나는 자녀들 싸움을 중재했다.",
          "나는 자녀들 화해를 시킬 때 포옹을 시킨다.",
          "나의 자녀들은 연년생이다.",
          "나의 자녀들은 공부를 못 한다.",
          "나는 저녁을 안 먹었다."
        ],
        "speaker2": [
          "나는 50대 여성이다.",
          "나는 맛집 여행을 자주 간다.",
          "나는 가을을 좋아한다. 나는 겨울을 안 좋아한다.",
          "나는 매우 부지런하다.",
          "나는 혈액형이 A형이다. 나는 혼자 있는 것을 좋아한다.",
          "나는 친구를 가끔 만난다. 나는 혼자 있는 시간을 더 선호한다.",
          "나는 여행을 찾아볼 것이다.",
          "나는 여행 계획을 세우고 있었다.",
          "나는 딸이 한 명 있다. 나는 딸과 여행을 갈 것이다.",
          "나의 남편은 휴가를 내지 못했다.",
          "나의 딸은 사춘기가 오지 않았다.",
          "나의 자녀는 외동이다.",
          "나의 딸은 공부를 잘한다.",
          "나는 저녁을 먹을 것이다."
        ]
      }
    }
  ]
}