{
  "FileInfo": {
    "filename": "K4-00533-CL68730-CP68238-06-14-S4.json",
    "sessionLevel": "4"
  },
  "participantsInfo": {
    "numberOfParticipants": "2",
    "speaker1": {
      "participantID": "30616",
      "gender": "남성",
      "age": "30대",
      "occupation": "사무직",
      "bPlace": "서울/경기/인천",
      "gPlace": "서울/경기/인천",
      "rPlace": "서울/경기/인천",
      "educationLevel": "고졸"
    },
    "speaker2": {
      "participantID": "31980",
      "gender": "여성",
      "age": "20대",
      "occupation": "주부",
      "bPlace": "대전/세종/충청/강원",
      "gPlace": "대전/세종/충청/강원",
      "rPlace": "대전/세종/충청/강원",
      "educationLevel": "대졸"
    }
  },
  "multisessionInfo": {
    "multisessionID": "4-00533"
  },
  "personaInfo": {
    "clInfo": {
      "personaID": "68730",
      "personaFeatures": [
        "나는 남자이다.",
        "나는 30대이다.",
        "나는 일본어에 관심 있지만 배울 시간이 없다.",
        "나의 생일은 10월이다.",
        "나는 EDM 음악을 싫어한다.",
        "나는 복숭아를 안 먹는다."
      ],
      "speakerType": "speaker1"
    },
    "cpInfo": {
      "personaID": "68238",
      "personaFeatures": [
        "나는 여자이다.",
        "나는 20대이다.",
        "나는 SF 영화를 자주 본다.",
        "나의 생일은 4월이다.",
        "나는 다소 유머러스하다.",
        "나는 초밥을 안 먹는다.",
        "나는 혈액형이 AB형이다."
      ],
      "speakerType": "speaker2"
    }
  },
  "topicInfo": {
    "topicID": "06-14",
    "topicType": "교육",
    "topicTitle": "중학교"
  },
  "sessionInfo": [
    {
      "prevSessionID": null,
      "prevTimeInfo": {
        "timeNum": null,
        "timeUnit": null
      },
      "nthSession": "1",
      "numberOfUtterances": "14",
      "numberOfTurns": "7",
      "sessionID": "4-00533-1",
      "dialog": [
        {
          "speaker": "speaker1",
          "personaID": "68730",
          "participantID": "30616",
          "utterance": "헬로헬로~ 저는 30대 남성입니다.",
          "summary": "나는 30대 남성이다.",
          "date": "2022-11-20",
          "time": "20:49:21",
          "terminate": "false"
        },
        {
          "speaker": "speaker2",
          "personaID": "68238",
          "participantID": "31980",
          "utterance": "안녕하세요~ 저는 20대 여성입니다.",
          "summary": "나는 20대 여성이다.",
          "date": "2022-11-20",
          "time": "20:49:25",
          "terminate": "false"
        },
        {
          "speaker": "speaker1",
          "personaID": "68730",
          "participantID": "30616",
          "utterance": "반가워요. 그쪽은 혹시 일본어 같은거 좋아하시나요?",
          "summary": "",
          "date": "2022-11-20",
          "time": "20:49:36",
          "terminate": "false"
        },
        {
          "speaker": "speaker2",
          "personaID": "68238",
          "participantID": "31980",
          "utterance": "일본어 좋아하죠 ㅎㅎ 제가 다소 유머러스해서 일본어로 장난 자주 치거든요.",
          "summary": "나는 일본어를 좋아한다. 나는 다소 유머러스하다.",
          "date": "2022-11-20",
          "time": "20:50:04",
          "terminate": "false"
        },
        {
          "speaker": "speaker1",
          "personaID": "68730",
          "participantID": "30616",
          "utterance": "아 그렇군요. 저도 일본어에 관심이 있어서 좀 전문적으로 배우고 싶은데 배울시간이 없네요.",
          "summary": "나는 일본어에 관심 있지만 배울 시간이 없다.",
          "date": "2022-11-20",
          "time": "20:50:18",
          "terminate": "false"
        },
        {
          "speaker": "speaker2",
          "personaID": "68238",
          "participantID": "31980",
          "utterance": "시간이 없으시군요.. 아무래도 20대인 저 보다는 확실히 시간이 없으실거 같긴 합니다.",
          "summary": "",
          "date": "2022-11-20",
          "time": "20:50:34",
          "terminate": "false"
        },
        {
          "speaker": "speaker1",
          "personaID": "68730",
          "participantID": "30616",
          "utterance": "네.. 아무래도 일을 하는 입장이다 보니까요. 그쪽은 그럼 취미는 뭐에요?",
          "summary": "",
          "date": "2022-11-20",
          "time": "20:50:38",
          "terminate": "false"
        },
        {
          "speaker": "speaker2",
          "personaID": "68238",
          "participantID": "31980",
          "utterance": "저는 SF 영화를 자주 보는게 취미입니다 ㅎㅎㅎ.",
          "summary": "나는 SF 영화를 자주 본다.",
          "date": "2022-11-20",
          "time": "20:51:39",
          "terminate": "false"
        },
        {
          "speaker": "speaker1",
          "personaID": "68730",
          "participantID": "30616",
          "utterance": "아 SF 영화 자주 보시는구나. 그럼 스타워즈 같은거 보셨겠네요.",
          "summary": "",
          "date": "2022-11-20",
          "time": "20:51:50",
          "terminate": "false"
        },
        {
          "speaker": "speaker2",
          "personaID": "68238",
          "participantID": "31980",
          "utterance": "스타워즈는 옛날옛적에 다 봤었죠. 너무 근본 영화라서요.",
          "summary": "",
          "date": "2022-11-20",
          "time": "20:52:12",
          "terminate": "false"
        },
        {
          "speaker": "speaker1",
          "personaID": "68730",
          "participantID": "30616",
          "utterance": "ㅎㅎ 그럤군요! 저는 음악 감상이 취미에요! 잔잔한 음악이요. EDM 같은 음악은 좀 싫더라고요.",
          "summary": "나는 EDM 음악을 싫어한다. 나는 잔잔한 음악을 좋아한다.;.",
          "date": "2022-11-20",
          "time": "20:52:15",
          "terminate": "false"
        },
        {
          "speaker": "speaker2",
          "personaID": "68238",
          "participantID": "31980",
          "utterance": "음악감상이 취미시구나 ㅎㅎ 잔잔한 음악이 또 감동이 있고 좋죠.",
          "summary": "",
          "date": "2022-11-20",
          "time": "20:52:32",
          "terminate": "false"
        },
        {
          "speaker": "speaker1",
          "personaID": "68730",
          "participantID": "30616",
          "utterance": "맞아요! 아 슬슬 가봐야겠네요. 담에 또 연락 드릴수있으면 좋겠어요.",
          "summary": "",
          "date": "2022-11-20",
          "time": "20:52:39",
          "terminate": "false"
        },
        {
          "speaker": "speaker2",
          "personaID": "68238",
          "participantID": "31980",
          "utterance": "취미 이야기 재밌었습니다. 다음에 또 연락합시다!",
          "summary": "",
          "date": "2022-11-20",
          "time": "20:52:43",
          "terminate": "true"
        }
      ],
      "sessionPersonaSummary": {
        "speaker1": [
          "나는 30대 남성이다.",
          "나는 일본어에 관심 있지만 배울 시간이 없다.",
          "나는 EDM 음악을 싫어한다. 나는 잔잔한 음악을 좋아한다.;."
        ],
        "speaker2": [
          "나는 20대 여성이다.",
          "나는 일본어를 좋아한다. 나는 다소 유머러스하다.",
          "나는 SF 영화를 자주 본다."
        ]
      },
      "prevAggregatedpersonaSummary": {
        "speaker1": [],
        "speaker2": []
      }
    },
    {
      "prevSessionID": "4-00533-1",
      "prevTimeInfo": {
        "timeNum": "27",
        "timeUnit": "시간"
      },
      "nthSession": "2",
      "numberOfUtterances": "14",
      "numberOfTurns": "7",
      "sessionID": "4-00533-2",
      "dialog": [
        {
          "speaker": "speaker1",
          "personaID": "68730",
          "participantID": "30616",
          "utterance": "27시간 정도 지났죠? 안녕하세요~?",
          "summary": "",
          "date": "2022-11-20",
          "time": "20:52:52",
          "terminate": "false"
        },
        {
          "speaker": "speaker2",
          "personaID": "68238",
          "participantID": "31980",
          "utterance": "하루하고 3시간 더 지났군요. 반가워요~",
          "summary": "",
          "date": "2022-11-20",
          "time": "20:52:56",
          "terminate": "false"
        },
        {
          "speaker": "speaker1",
          "personaID": "68730",
          "participantID": "30616",
          "utterance": "예 반가워요. 그러고보니 20대면 지금 대학생이에요?",
          "summary": "",
          "date": "2022-11-20",
          "time": "20:53:14",
          "terminate": "false"
        },
        {
          "speaker": "speaker2",
          "personaID": "68238",
          "participantID": "31980",
          "utterance": "대학교는 졸업하고 대학원생으로 들어와있습니다 ㅎㅎ.",
          "summary": "나는 대학원생이다.",
          "date": "2022-11-20",
          "time": "20:53:30",
          "terminate": "false"
        },
        {
          "speaker": "speaker1",
          "personaID": "68730",
          "participantID": "30616",
          "utterance": "아 대학원생이시구나. 이번에 저희 조카가 중학교 들어간다고 하던데 세월이 참 빠른것 같아요.",
          "summary": "",
          "date": "2022-11-20",
          "time": "20:53:53",
          "terminate": "false"
        },
        {
          "speaker": "speaker2",
          "personaID": "68238",
          "participantID": "31980",
          "utterance": "오오.. 조카가 중학교 들어가시는구나. 그럼요 세월은 참 빠른거 같아요 ㅎㅎ.",
          "summary": "",
          "date": "2022-11-20",
          "time": "20:54:26",
          "terminate": "false"
        },
        {
          "speaker": "speaker1",
          "personaID": "68730",
          "participantID": "30616",
          "utterance": "그러니까요. 제가 생일이 10월인데 벌써 11월 말이 다되가기도 하고요.",
          "summary": "나의 생일은 10월이다.",
          "date": "2022-11-20",
          "time": "20:54:45",
          "terminate": "false"
        },
        {
          "speaker": "speaker2",
          "personaID": "68238",
          "participantID": "31980",
          "utterance": "저는 생일 4월이였어서 이미 진작에 지난지가 조금 됐습니다 ㅎㅎ.",
          "summary": "나의 생일은 4월이다.",
          "date": "2022-11-20",
          "time": "20:55:07",
          "terminate": "false"
        },
        {
          "speaker": "speaker1",
          "personaID": "68730",
          "participantID": "30616",
          "utterance": "아 그렇군요. 그래도 되게 금방 같지 않나요?",
          "summary": "",
          "date": "2022-11-20",
          "time": "20:55:22",
          "terminate": "false"
        },
        {
          "speaker": "speaker2",
          "personaID": "68238",
          "participantID": "31980",
          "utterance": "맞아요 ㅎㅎ 제 생일도 엊그제 였던거 같은데 말이죠.",
          "summary": "",
          "date": "2022-11-20",
          "time": "20:55:34",
          "terminate": "false"
        },
        {
          "speaker": "speaker1",
          "personaID": "68730",
          "participantID": "30616",
          "utterance": "벌써 2022년도 끝나간다는게 신기해요.",
          "summary": "",
          "date": "2022-11-20",
          "time": "20:55:48",
          "terminate": "false"
        },
        {
          "speaker": "speaker2",
          "personaID": "68238",
          "participantID": "31980",
          "utterance": "그러게 말입니다.. 제가 감정이 약간 메마른 AB형인데도 불구하고 조금 슬프기도 하네요.",
          "summary": "나는 AB형이다.",
          "date": "2022-11-20",
          "time": "20:56:20",
          "terminate": "false"
        },
        {
          "speaker": "speaker1",
          "personaID": "68730",
          "participantID": "30616",
          "utterance": "그럼 저는 이만 가볼게요. 담에 또 연락할게요. 슬슬 근무 시간이라서요.",
          "summary": "",
          "date": "2022-11-20",
          "time": "20:56:23",
          "terminate": "false"
        },
        {
          "speaker": "speaker2",
          "personaID": "68238",
          "participantID": "31980",
          "utterance": "앗 그러시는군요. 그럼 저도 이만 가보겠습니다. 수고하세요.",
          "summary": "",
          "date": "2022-11-20",
          "time": "20:56:36",
          "terminate": "true"
        }
      ],
      "sessionPersonaSummary": {
        "speaker1": [
          "나의 생일은 10월이다."
        ],
        "speaker2": [
          "나는 대학원생이다.",
          "나의 생일은 4월이다.",
          "나는 AB형이다."
        ]
      },
      "prevAggregatedpersonaSummary": {
        "speaker1": [
          "나는 30대 남성이다.",
          "나는 일본어에 관심 있지만 배울 시간이 없다.",
          "나는 EDM 음악을 싫어한다. 나는 잔잔한 음악을 좋아한다.;."
        ],
        "speaker2": [
          "나는 20대 여성이다.",
          "나는 일본어를 좋아한다. 나는 다소 유머러스하다.",
          "나는 SF 영화를 자주 본다."
        ]
      }
    },
    {
      "prevSessionID": "4-00533-2",
      "prevTimeInfo": {
        "timeNum": "34",
        "timeUnit": "시간"
      },
      "nthSession": "3",
      "numberOfUtterances": "14",
      "numberOfTurns": "7",
      "sessionID": "4-00533-3",
      "dialog": [
        {
          "speaker": "speaker1",
          "personaID": "68730",
          "participantID": "30616",
          "utterance": "아 34시간만에 또 연락을 드리네요. 안녕하세요~?",
          "summary": "",
          "date": "2022-11-20",
          "time": "20:56:38",
          "terminate": "false"
        },
        {
          "speaker": "speaker2",
          "personaID": "68238",
          "participantID": "31980",
          "utterance": "벌써 34시간이나 지났어요? 저도 반가워요 ㅎㅎ.",
          "summary": "",
          "date": "2022-11-20",
          "time": "20:56:51",
          "terminate": "false"
        },
        {
          "speaker": "speaker1",
          "personaID": "68730",
          "participantID": "30616",
          "utterance": "지난 번에는 좀 세월에 대한 이야기만 했었던것 같네요.",
          "summary": "",
          "date": "2022-11-20",
          "time": "20:56:52",
          "terminate": "false"
        },
        {
          "speaker": "speaker2",
          "personaID": "68238",
          "participantID": "31980",
          "utterance": "그러게 말이에요 ㅎㅎ 누가보면 50, 60대 인줄 알겠어요.",
          "summary": "",
          "date": "2022-11-20",
          "time": "20:57:26",
          "terminate": "false"
        },
        {
          "speaker": "speaker1",
          "personaID": "68730",
          "participantID": "30616",
          "utterance": "뭐 근데 사실 고등학생때도 초등학생 시절 생각하고 그런거잖아요.",
          "summary": "",
          "date": "2022-11-20",
          "time": "20:57:41",
          "terminate": "false"
        },
        {
          "speaker": "speaker2",
          "personaID": "68238",
          "participantID": "31980",
          "utterance": "그렇네요. 그때는 도대체 시간이 뭐 그렇게 안갔던지..",
          "summary": "",
          "date": "2022-11-20",
          "time": "20:58:07",
          "terminate": "false"
        },
        {
          "speaker": "speaker1",
          "personaID": "68730",
          "participantID": "30616",
          "utterance": "ㅎㅎ 그러니까요. 그쪽은 수능 잘 보신 편이에요?",
          "summary": "",
          "date": "2022-11-20",
          "time": "20:58:22",
          "terminate": "false"
        },
        {
          "speaker": "speaker2",
          "personaID": "68238",
          "participantID": "31980",
          "utterance": "저는 수능은 나름 괜찮게 봤었습니다 ㅎㅎ.",
          "summary": "",
          "date": "2022-11-20",
          "time": "20:58:48",
          "terminate": "false"
        },
        {
          "speaker": "speaker1",
          "personaID": "68730",
          "participantID": "30616",
          "utterance": "아 그랬군요. 저는 사실 수능을 망친편인데 망치고 나서는 정말 진짜 힘들었는데 말이죠.",
          "summary": "나는 과거에 정말 힘들었다.",
          "date": "2022-11-20",
          "time": "20:59:04",
          "terminate": "false"
        },
        {
          "speaker": "speaker2",
          "personaID": "68238",
          "participantID": "31980",
          "utterance": "수능을 저도 망쳤던 친구들 봤는데.. 정말 너무 힘들어 하더라고요ㅠ..",
          "summary": "",
          "date": "2022-11-20",
          "time": "20:59:32",
          "terminate": "false"
        },
        {
          "speaker": "speaker1",
          "personaID": "68730",
          "participantID": "30616",
          "utterance": "그래요? 30대 되니까 다 부질없게 느껴지긴 하더라고요. ㅎㅎ.",
          "summary": "",
          "date": "2022-11-20",
          "time": "20:59:46",
          "terminate": "false"
        },
        {
          "speaker": "speaker2",
          "personaID": "68238",
          "participantID": "31980",
          "utterance": "20대인 제가 생각해도 약간 그런데.. 30대가 느끼는 감정은 더 다를거 같군요.",
          "summary": "",
          "date": "2022-11-20",
          "time": "21:00:05",
          "terminate": "false"
        },
        {
          "speaker": "speaker1",
          "personaID": "68730",
          "participantID": "30616",
          "utterance": "네 맞아요. ㅎㅎ 아 슬슬 저는 이만 가봐야 겠네요. 근시일내에 연락드릴게요.",
          "summary": "",
          "date": "2022-11-20",
          "time": "21:00:19",
          "terminate": "false"
        },
        {
          "speaker": "speaker2",
          "personaID": "68238",
          "participantID": "31980",
          "utterance": "저도 이만 그럼 가보겠습니다. 연락 또 기다리겠습니다 ㅎㅎㅎ.",
          "summary": "",
          "date": "2022-11-20",
          "time": "21:00:25",
          "terminate": "true"
        }
      ],
      "sessionPersonaSummary": {
        "speaker1": [
          "나는 과거에 정말 힘들었다."
        ],
        "speaker2": []
      },
      "prevAggregatedpersonaSummary": {
        "speaker1": [
          "나는 30대 남성이다.",
          "나는 일본어에 관심 있지만 배울 시간이 없다.",
          "나는 EDM 음악을 싫어한다. 나는 잔잔한 음악을 좋아한다.;.",
          "나의 생일은 10월이다."
        ],
        "speaker2": [
          "나는 20대 여성이다.",
          "나는 일본어를 좋아한다. 나는 다소 유머러스하다.",
          "나는 SF 영화를 자주 본다.",
          "나는 대학원생이다.",
          "나의 생일은 4월이다.",
          "나는 AB형이다."
        ]
      }
    },
    {
      "prevSessionID": "4-00533-3",
      "prevTimeInfo": {
        "timeNum": "21",
        "timeUnit": "시간"
      },
      "nthSession": "4",
      "numberOfUtterances": "14",
      "numberOfTurns": "7",
      "sessionID": "4-00533-4",
      "dialog": [
        {
          "speaker": "speaker1",
          "personaID": "68730",
          "participantID": "30616",
          "utterance": "21 시간 만에 연락드립니다. 잘 지내셨나요?",
          "summary": "",
          "date": "2022-11-20",
          "time": "21:00:27",
          "terminate": "false"
        },
        {
          "speaker": "speaker2",
          "personaID": "68238",
          "participantID": "31980",
          "utterance": "생각보다 빠르게 연락 주셨군요. 21시간이라니 ㅎㅎ 반갑습니다.",
          "summary": "",
          "date": "2022-11-20",
          "time": "21:00:43",
          "terminate": "false"
        },
        {
          "speaker": "speaker1",
          "personaID": "68730",
          "participantID": "30616",
          "utterance": "맞아요. ㅎㅎ 제가 최대한 빨리 연락드린다고 해가지고요.",
          "summary": "",
          "date": "2022-11-20",
          "time": "21:01:15",
          "terminate": "false"
        },
        {
          "speaker": "speaker2",
          "personaID": "68238",
          "participantID": "31980",
          "utterance": "이렇게 빨리 주실 줄은 몰랐습니다 ㅎㅎ 조금 놀랐네요.",
          "summary": "나는 조금 놀랐다.",
          "date": "2022-11-20",
          "time": "21:01:35",
          "terminate": "false"
        },
        {
          "speaker": "speaker1",
          "personaID": "68730",
          "participantID": "30616",
          "utterance": "아 그래요? 그냥 직장 쉬는시간이었어요.",
          "summary": "",
          "date": "2022-11-20",
          "time": "21:01:48",
          "terminate": "false"
        },
        {
          "speaker": "speaker2",
          "personaID": "68238",
          "participantID": "31980",
          "utterance": "쉬는시간 이셨군요 ㅎㅎ 직장 업무는 할만하세요?",
          "summary": "",
          "date": "2022-11-20",
          "time": "21:02:05",
          "terminate": "false"
        },
        {
          "speaker": "speaker1",
          "personaID": "68730",
          "participantID": "30616",
          "utterance": "나름대로 할만하다고 생각해요. 나름 이제 10년차 다되거든요.",
          "summary": "나는 사회생활 10년 차이다.",
          "date": "2022-11-20",
          "time": "21:02:20",
          "terminate": "false"
        },
        {
          "speaker": "speaker2",
          "personaID": "68238",
          "participantID": "31980",
          "utterance": "벌써 사회생활 하신지 10년이 넘으셨다니.. 대단하십니다.",
          "summary": "",
          "date": "2022-11-20",
          "time": "21:02:39",
          "terminate": "false"
        },
        {
          "speaker": "speaker1",
          "personaID": "68730",
          "participantID": "30616",
          "utterance": "이제 30대 후반 다되가니까요. 그정도 된것같긴하네요. ㅎㅎ.",
          "summary": "",
          "date": "2022-11-20",
          "time": "21:02:58",
          "terminate": "false"
        },
        {
          "speaker": "speaker2",
          "personaID": "68238",
          "participantID": "31980",
          "utterance": "저도 머지않아 30대가 되겠군요.. 걱정반 기대반 입니다 ㅎㅎ.",
          "summary": "",
          "date": "2022-11-20",
          "time": "21:03:25",
          "terminate": "false"
        },
        {
          "speaker": "speaker1",
          "personaID": "68730",
          "participantID": "30616",
          "utterance": "그렇군요. 아 그쪽 20대 후반이신가봐요.",
          "summary": "",
          "date": "2022-11-20",
          "time": "21:03:38",
          "terminate": "false"
        },
        {
          "speaker": "speaker2",
          "personaID": "68238",
          "participantID": "31980",
          "utterance": "20대 중후반이라고 생각하시면 될 것 같습니다 ㅎㅎ.",
          "summary": "",
          "date": "2022-11-20",
          "time": "21:03:53",
          "terminate": "false"
        },
        {
          "speaker": "speaker1",
          "personaID": "68730",
          "participantID": "30616",
          "utterance": "아 그렇군요. 아 슬슬 저 들어가봐야겠네요. 담에 또 연락드리죠.",
          "summary": "",
          "date": "2022-11-20",
          "time": "21:04:02",
          "terminate": "false"
        },
        {
          "speaker": "speaker2",
          "personaID": "68238",
          "participantID": "31980",
          "utterance": "오늘도 이야기 재밌었습니다. 다음에 또 이야기 합시다!",
          "summary": "",
          "date": "2022-11-20",
          "time": "21:04:07",
          "terminate": "true"
        }
      ],
      "sessionPersonaSummary": {
        "speaker1": [
          "나는 사회생활 10년 차이다."
        ],
        "speaker2": [
          "나는 조금 놀랐다."
        ]
      },
      "prevAggregatedpersonaSummary": {
        "speaker1": [
          "나는 30대 남성이다.",
          "나는 일본어에 관심 있지만 배울 시간이 없다.",
          "나는 EDM 음악을 싫어한다. 나는 잔잔한 음악을 좋아한다.;.",
          "나의 생일은 10월이다.",
          "나는 과거에 정말 힘들었다."
        ],
        "speaker2": [
          "나는 20대 여성이다.",
          "나는 일본어를 좋아한다. 나는 다소 유머러스하다.",
          "나는 SF 영화를 자주 본다.",
          "나는 대학원생이다.",
          "나의 생일은 4월이다.",
          "나는 AB형이다."
        ]
      }
    }
  ]
}