{
  "FileInfo": {
    "filename": "K4-00129-CL67257-CP66630-10-05-S4.json",
    "sessionLevel": "4"
  },
  "participantsInfo": {
    "numberOfParticipants": "2",
    "speaker1": {
      "participantID": "31806",
      "gender": "여성",
      "age": "20대",
      "occupation": "서비스직",
      "bPlace": "대전/세종/충청/강원",
      "gPlace": "대전/세종/충청/강원",
      "rPlace": "대전/세종/충청/강원",
      "educationLevel": "고졸"
    },
    "speaker2": {
      "participantID": "31858",
      "gender": "남성",
      "age": "20대",
      "occupation": "사무직",
      "bPlace": "서울/경기/인천",
      "gPlace": "서울/경기/인천",
      "rPlace": "서울/경기/인천",
      "educationLevel": "대졸"
    }
  },
  "multisessionInfo": {
    "multisessionID": "4-00129"
  },
  "personaInfo": {
    "clInfo": {
      "personaID": "67257",
      "personaFeatures": [
        "나는 여자이다.",
        "나는 20대이다.",
        "나는 탁구를 싫어한다.",
        "나는 혈액형이 B형이다.",
        "나는 TV 음악 프로그램을 좋아한다.",
        "나는 동물을 좋아한다."
      ],
      "speakerType": "speaker1"
    },
    "cpInfo": {
      "personaID": "66630",
      "personaFeatures": [
        "나는 남자이다.",
        "나는 20대이다.",
        "나는 스포츠 영화를 자주 본다.",
        "나는 몽골에 가봤다.",
        "나는 1년 전에 빵 만들기를 배웠다.",
        "나는 앵무새를 키우고 싶다.",
        "나는 혈액형이 B형이다."
      ],
      "speakerType": "speaker2"
    }
  },
  "topicInfo": {
    "topicID": "10-05",
    "topicType": "여가와 오락>스포츠/레져",
    "topicTitle": "올림픽"
  },
  "sessionInfo": [
    {
      "prevSessionID": null,
      "prevTimeInfo": {
        "timeNum": null,
        "timeUnit": null
      },
      "nthSession": "1",
      "numberOfUtterances": "14",
      "numberOfTurns": "7",
      "sessionID": "4-00129-1",
      "dialog": [
        {
          "speaker": "speaker1",
          "personaID": "67257",
          "participantID": "31806",
          "utterance": "반갑습니다. 저는 20대 여자에요. 처음 뵙겠습니다.",
          "summary": "나는 20대 여자이다.",
          "date": "2022-11-17",
          "time": "15:11:08",
          "terminate": "false"
        },
        {
          "speaker": "speaker2",
          "personaID": "66630",
          "participantID": "31858",
          "utterance": "반가워요. 저는 20대 남자인데. 잘 부탁해요.",
          "summary": "나는 20대 남자이다.",
          "date": "2022-11-17",
          "time": "15:11:16",
          "terminate": "false"
        },
        {
          "speaker": "speaker1",
          "personaID": "67257",
          "participantID": "31806",
          "utterance": "오~ 같은 20대구낭 ㅎㅎ. 그러면 자기소개해요! 좋아하시는거 있으세요?",
          "summary": "",
          "date": "2022-11-17",
          "time": "15:11:20",
          "terminate": "false"
        },
        {
          "speaker": "speaker2",
          "personaID": "66630",
          "participantID": "31858",
          "utterance": "그러네요.ㅎ 저는 여행 좋아해요. 최근엔 몽골에 갔다 왔어요.",
          "summary": "나는 몽골에 가봤다.",
          "date": "2022-11-17",
          "time": "15:11:37",
          "terminate": "false"
        },
        {
          "speaker": "speaker1",
          "personaID": "67257",
          "participantID": "31806",
          "utterance": "쩐다~ 여행 부럽네요! 저는 요즘은 집에서 좋아하는 TV 음악프로보는데 ㅋㅋ...",
          "summary": "나는 TV 음악 프로그램을 좋아한다.",
          "date": "2022-11-17",
          "time": "15:11:42",
          "terminate": "false"
        },
        {
          "speaker": "speaker2",
          "personaID": "66630",
          "participantID": "31858",
          "utterance": "오~ 괜찮네요.ㅎ 저는 tv로 스포츠 영화만 보는데.",
          "summary": "나는 스포츠 영화를 자주 본다.",
          "date": "2022-11-17",
          "time": "15:11:59",
          "terminate": "false"
        },
        {
          "speaker": "speaker1",
          "personaID": "67257",
          "participantID": "31806",
          "utterance": "아 그래요? 저는 운동 좋아하는데 이상하게 탁구는 별로더라구요 ㅋㅋ.",
          "summary": "나는 탁구를 싫어한다. 나는 운동을 좋아한다.",
          "date": "2022-11-17",
          "time": "15:12:02",
          "terminate": "false"
        },
        {
          "speaker": "speaker2",
          "personaID": "66630",
          "participantID": "31858",
          "utterance": "너무 땀내나는거 같긴 했는데.ㅎ 다행히 같은 운동이 취미였군요. 혹시 혈액형이 뭐에요?",
          "summary": "",
          "date": "2022-11-17",
          "time": "15:12:19",
          "terminate": "false"
        },
        {
          "speaker": "speaker1",
          "personaID": "67257",
          "participantID": "31806",
          "utterance": "아~ 저는 B형인데! 그래서 좀 제가 활동적인가 ㅋㅋ.",
          "summary": "나는 혈액형이 B형이다.",
          "date": "2022-11-17",
          "time": "15:12:23",
          "terminate": "false"
        },
        {
          "speaker": "speaker2",
          "personaID": "66630",
          "participantID": "31858",
          "utterance": "오.ㅋㅋ 저도 B형인데 그럴거 같았아요. 저도 그렇거든요.",
          "summary": "나는 혈액형이 B형이다.",
          "date": "2022-11-17",
          "time": "15:12:36",
          "terminate": "false"
        },
        {
          "speaker": "speaker1",
          "personaID": "67257",
          "participantID": "31806",
          "utterance": "아 진짜요? 완전 잘 맞는다~ 그러면 다른거 뭐하시는데요?",
          "summary": "",
          "date": "2022-11-17",
          "time": "15:12:38",
          "terminate": "false"
        },
        {
          "speaker": "speaker2",
          "personaID": "66630",
          "participantID": "31858",
          "utterance": "저는 제빵 좀 해요! 1년전부터 배우고 있거든요.",
          "summary": "나는 1년 전에 빵 만들기를 배웠다.",
          "date": "2022-11-17",
          "time": "15:12:53",
          "terminate": "false"
        },
        {
          "speaker": "speaker1",
          "personaID": "67257",
          "participantID": "31806",
          "utterance": "오~ 반전매력! 그러면 저는 오늘은 일이 있어서요 ㅠㅠ.",
          "summary": "",
          "date": "2022-11-17",
          "time": "15:12:56",
          "terminate": "false"
        },
        {
          "speaker": "speaker2",
          "personaID": "66630",
          "participantID": "31858",
          "utterance": "ㅋㅋ. 제가 좀 그런 매력이 있죠~ 일 보시고 그럼 다음에 또 연락 주세요!",
          "summary": "",
          "date": "2022-11-17",
          "time": "15:13:06",
          "terminate": "true"
        }
      ],
      "sessionPersonaSummary": {
        "speaker1": [
          "나는 20대 여자이다.",
          "나는 TV 음악 프로그램을 좋아한다.",
          "나는 탁구를 싫어한다. 나는 운동을 좋아한다.",
          "나는 혈액형이 B형이다."
        ],
        "speaker2": [
          "나는 20대 남자이다.",
          "나는 몽골에 가봤다.",
          "나는 스포츠 영화를 자주 본다.",
          "나는 혈액형이 B형이다.",
          "나는 1년 전에 빵 만들기를 배웠다."
        ]
      },
      "prevAggregatedpersonaSummary": {
        "speaker1": [],
        "speaker2": []
      }
    },
    {
      "prevSessionID": "4-00129-1",
      "prevTimeInfo": {
        "timeNum": "3",
        "timeUnit": "일"
      },
      "nthSession": "2",
      "numberOfUtterances": "14",
      "numberOfTurns": "7",
      "sessionID": "4-00129-2",
      "dialog": [
        {
          "speaker": "speaker1",
          "personaID": "67257",
          "participantID": "31806",
          "utterance": "삼일만인가요~ 제빵하는분! 뭐 하고 있어요?",
          "summary": "",
          "date": "2022-11-17",
          "time": "15:13:14",
          "terminate": "false"
        },
        {
          "speaker": "speaker2",
          "personaID": "66630",
          "participantID": "31858",
          "utterance": "반가워요~ㅎㅎ. 저는 tv보고 있었어요.",
          "summary": "나는 tv를 본다.",
          "date": "2022-11-17",
          "time": "15:13:26",
          "terminate": "false"
        },
        {
          "speaker": "speaker1",
          "personaID": "67257",
          "participantID": "31806",
          "utterance": "아 진짜요? ㅎㅎ. 저도 그러고 있었는데 딱 잘맞는다~",
          "summary": "나는 tv를 본다.",
          "date": "2022-11-17",
          "time": "15:13:30",
          "terminate": "false"
        },
        {
          "speaker": "speaker2",
          "personaID": "66630",
          "participantID": "31858",
          "utterance": "스포츠 좋아한다 하셨죠? 요새 올림픽 하네요.",
          "summary": "",
          "date": "2022-11-17",
          "time": "15:13:45",
          "terminate": "false"
        },
        {
          "speaker": "speaker1",
          "personaID": "67257",
          "participantID": "31806",
          "utterance": "맞아요 ㅋㅋ. 오늘은 그래서 올림픽에서 달리기 봤어요!",
          "summary": "나는 올림픽 달리기를 봤다.",
          "date": "2022-11-17",
          "time": "15:13:48",
          "terminate": "false"
        },
        {
          "speaker": "speaker2",
          "personaID": "66630",
          "participantID": "31858",
          "utterance": "달리기 종목 좋아하세요?ㅎㅎ 보기에 좀 쫄깃하죠.",
          "summary": "",
          "date": "2022-11-17",
          "time": "15:14:01",
          "terminate": "false"
        },
        {
          "speaker": "speaker1",
          "personaID": "67257",
          "participantID": "31806",
          "utterance": "네~ 제가 달리는것도 좋아해서요 ㅎㅎ. 넘 재밌어요!",
          "summary": "나는 달리기를 좋아한다.",
          "date": "2022-11-17",
          "time": "15:14:05",
          "terminate": "false"
        },
        {
          "speaker": "speaker2",
          "personaID": "66630",
          "participantID": "31858",
          "utterance": "와 그래요? 그러면 100m 몇초대에요?",
          "summary": "",
          "date": "2022-11-17",
          "time": "15:14:17",
          "terminate": "false"
        },
        {
          "speaker": "speaker1",
          "personaID": "67257",
          "participantID": "31806",
          "utterance": "저는 빨리 달리는건 잘 못하구 ㅠㅠ. 그냥 마라톤 같이해요!",
          "summary": "",
          "date": "2022-11-17",
          "time": "15:14:21",
          "terminate": "false"
        },
        {
          "speaker": "speaker2",
          "personaID": "66630",
          "participantID": "31858",
          "utterance": "아~ 그러시구나.ㅎㅎ 저는 빨리는 달리는데 지구력이 없어요.",
          "summary": "나는 지구력이 없다.",
          "date": "2022-11-17",
          "time": "15:14:35",
          "terminate": "false"
        },
        {
          "speaker": "speaker1",
          "personaID": "67257",
          "participantID": "31806",
          "utterance": "단거리 달리기 하면 그런 분은 근육 엄청나던데 ㅎㅎ.",
          "summary": "",
          "date": "2022-11-17",
          "time": "15:14:38",
          "terminate": "false"
        },
        {
          "speaker": "speaker2",
          "personaID": "66630",
          "participantID": "31858",
          "utterance": "ㅎㅎ. 조금 있죠. 제빵하는데에 힘도 엄청 필요하거든요.",
          "summary": "나는 근육이 있다.",
          "date": "2022-11-17",
          "time": "15:14:56",
          "terminate": "false"
        },
        {
          "speaker": "speaker1",
          "personaID": "67257",
          "participantID": "31806",
          "utterance": "나중에 그러면 몸자랑 좀 해주세요 ㅋㅋ. 저는 이제 좀 밥 좀 먹을게요!",
          "summary": "",
          "date": "2022-11-17",
          "time": "15:15:03",
          "terminate": "false"
        },
        {
          "speaker": "speaker2",
          "personaID": "66630",
          "participantID": "31858",
          "utterance": "그래요.ㅎ 그럼 식사 맛있게 하세요~ 다음에 봐요.",
          "summary": "",
          "date": "2022-11-17",
          "time": "15:15:19",
          "terminate": "true"
        }
      ],
      "sessionPersonaSummary": {
        "speaker1": [
          "나는 tv를 본다.",
          "나는 올림픽 달리기를 봤다.",
          "나는 달리기를 좋아한다."
        ],
        "speaker2": [
          "나는 tv를 본다.",
          "나는 지구력이 없다.",
          "나는 근육이 있다."
        ]
      },
      "prevAggregatedpersonaSummary": {
        "speaker1": [
          "나는 20대 여자이다.",
          "나는 TV 음악 프로그램을 좋아한다.",
          "나는 탁구를 싫어한다. 나는 운동을 좋아한다.",
          "나는 혈액형이 B형이다."
        ],
        "speaker2": [
          "나는 20대 남자이다.",
          "나는 몽골에 가봤다.",
          "나는 스포츠 영화를 자주 본다.",
          "나는 혈액형이 B형이다.",
          "나는 1년 전에 빵 만들기를 배웠다."
        ]
      }
    },
    {
      "prevSessionID": "4-00129-2",
      "prevTimeInfo": {
        "timeNum": "1",
        "timeUnit": "일"
      },
      "nthSession": "3",
      "numberOfUtterances": "14",
      "numberOfTurns": "7",
      "sessionID": "4-00129-3",
      "dialog": [
        {
          "speaker": "speaker1",
          "personaID": "67257",
          "participantID": "31806",
          "utterance": "하루만입니다~ 오늘은 빵 좀 만들고 계시려나?",
          "summary": "",
          "date": "2022-11-17",
          "time": "15:15:22",
          "terminate": "false"
        },
        {
          "speaker": "speaker2",
          "personaID": "66630",
          "participantID": "31858",
          "utterance": "반가워요~ 오늘은 좀 쉬고있었어요.ㅋㅋ.",
          "summary": "",
          "date": "2022-11-17",
          "time": "15:15:33",
          "terminate": "false"
        },
        {
          "speaker": "speaker1",
          "personaID": "67257",
          "participantID": "31806",
          "utterance": "요즘 동영상 보는데 제빵 하는 동영상 채널에 완전 빠져 있거든요 ㅎㅎㅎ.",
          "summary": "나는 제빵 동영상을 본다.",
          "date": "2022-11-17",
          "time": "15:15:38",
          "terminate": "false"
        },
        {
          "speaker": "speaker2",
          "personaID": "66630",
          "participantID": "31858",
          "utterance": "아 그래요?ㅋㅋ 어떤거 보시는데요? 저도 꽤 보는데.",
          "summary": "",
          "date": "2022-11-17",
          "time": "15:15:45",
          "terminate": "false"
        },
        {
          "speaker": "speaker1",
          "personaID": "67257",
          "participantID": "31806",
          "utterance": "멋진 남자분이 막 제빵 하는데 찰싹찰싹 떄리는데 중독성 있어요 ㅋㅋ.",
          "summary": "",
          "date": "2022-11-17",
          "time": "15:15:47",
          "terminate": "false"
        },
        {
          "speaker": "speaker2",
          "personaID": "66630",
          "participantID": "31858",
          "utterance": "아~ 밀가루 반죽하는게 아니라 남자 보는거 아니에요?ㅋㅋ.",
          "summary": "",
          "date": "2022-11-17",
          "time": "15:16:00",
          "terminate": "false"
        },
        {
          "speaker": "speaker1",
          "personaID": "67257",
          "participantID": "31806",
          "utterance": "ㅋㅋㅋ. 아니에요~ 굳이 말하면 둘다 보는거죠 ㅎ...",
          "summary": "",
          "date": "2022-11-17",
          "time": "15:16:03",
          "terminate": "false"
        },
        {
          "speaker": "speaker2",
          "personaID": "66630",
          "participantID": "31858",
          "utterance": "그러고보니 @이름@님 게임 하세요? 롤이라고 아시나.",
          "summary": "",
          "date": "2022-11-17",
          "time": "15:16:13",
          "terminate": "false"
        },
        {
          "speaker": "speaker1",
          "personaID": "67257",
          "participantID": "31806",
          "utterance": "약간 하긴 게임 좀 하긴하죠 ㅋㅋ. 근데 왜요?",
          "summary": "나는 게임을 한다.",
          "date": "2022-11-17",
          "time": "15:16:28",
          "terminate": "false"
        },
        {
          "speaker": "speaker2",
          "personaID": "66630",
          "participantID": "31858",
          "utterance": "거기 캐릭터랑 저랑 닮았대요.ㅋㅋ 제빵 스킨이 있어서.ㅋㅋ.",
          "summary": "",
          "date": "2022-11-17",
          "time": "15:16:41",
          "terminate": "false"
        },
        {
          "speaker": "speaker1",
          "personaID": "67257",
          "participantID": "31806",
          "utterance": "아 그런게 있구나. 저는 그정도는 잘 몰라요 ㅎㅎ. 어떤 캐릭터길래 궁금하다~",
          "summary": "",
          "date": "2022-11-17",
          "time": "15:16:48",
          "terminate": "false"
        },
        {
          "speaker": "speaker2",
          "personaID": "66630",
          "participantID": "31858",
          "utterance": "그러시구나.ㅋㅋ 여자분들도 가끔 롤 하던데.",
          "summary": "",
          "date": "2022-11-17",
          "time": "15:17:03",
          "terminate": "false"
        },
        {
          "speaker": "speaker1",
          "personaID": "67257",
          "participantID": "31806",
          "utterance": "그러면 다음에 찾아볼게요! 저는 이만 가봐야해서요.",
          "summary": "",
          "date": "2022-11-17",
          "time": "15:17:07",
          "terminate": "false"
        },
        {
          "speaker": "speaker2",
          "personaID": "66630",
          "participantID": "31858",
          "utterance": "그래요.ㅎ 그럼 다음에 또 봐요~ 연락 기다릴게요.",
          "summary": "",
          "date": "2022-11-17",
          "time": "15:17:15",
          "terminate": "true"
        }
      ],
      "sessionPersonaSummary": {
        "speaker1": [
          "나는 제빵 동영상을 본다.",
          "나는 게임을 한다."
        ],
        "speaker2": []
      },
      "prevAggregatedpersonaSummary": {
        "speaker1": [
          "나는 20대 여자이다.",
          "나는 TV 음악 프로그램을 좋아한다.",
          "나는 탁구를 싫어한다. 나는 운동을 좋아한다.",
          "나는 혈액형이 B형이다.",
          "나는 tv를 본다.",
          "나는 올림픽 달리기를 봤다.",
          "나는 달리기를 좋아한다."
        ],
        "speaker2": [
          "나는 20대 남자이다.",
          "나는 몽골에 가봤다.",
          "나는 스포츠 영화를 자주 본다.",
          "나는 혈액형이 B형이다.",
          "나는 1년 전에 빵 만들기를 배웠다.",
          "나는 tv를 본다.",
          "나는 지구력이 없다.",
          "나는 근육이 있다."
        ]
      }
    },
    {
      "prevSessionID": "4-00129-3",
      "prevTimeInfo": {
        "timeNum": "5",
        "timeUnit": "일"
      },
      "nthSession": "4",
      "numberOfUtterances": "14",
      "numberOfTurns": "7",
      "sessionID": "4-00129-4",
      "dialog": [
        {
          "speaker": "speaker1",
          "personaID": "67257",
          "participantID": "31806",
          "utterance": "5일만이에요! 그러면 오늘은 뭐하고 있어요?",
          "summary": "",
          "date": "2022-11-17",
          "time": "15:17:23",
          "terminate": "false"
        },
        {
          "speaker": "speaker2",
          "personaID": "66630",
          "participantID": "31858",
          "utterance": "오늘은 빵 만들고 있어요.ㅎㅎ 구워지는거 기다려요.",
          "summary": "나는 빵을 만들고 있다.",
          "date": "2022-11-17",
          "time": "15:17:39",
          "terminate": "false"
        },
        {
          "speaker": "speaker1",
          "personaID": "67257",
          "participantID": "31806",
          "utterance": "저는 오늘은 TV 음악프로가 올림픽땜에 취소해서 짱나요 ㅠㅠ.",
          "summary": "나는 좋아하는 프로가 취소되어서 짜증이 난다.",
          "date": "2022-11-17",
          "time": "15:17:42",
          "terminate": "false"
        },
        {
          "speaker": "speaker2",
          "personaID": "66630",
          "participantID": "31858",
          "utterance": "아 그랬구나.ㅋㅋ 아무래도 스포츠는 그런거때문에 미움을 좀 받죠.",
          "summary": "",
          "date": "2022-11-17",
          "time": "15:17:58",
          "terminate": "false"
        },
        {
          "speaker": "speaker1",
          "personaID": "67257",
          "participantID": "31806",
          "utterance": "맞아요. 아무리 그래도 이런건 좀 싫죠? 아 ㅠㅠ. 최애돌 봐야하는데....",
          "summary": "나는 아이돌을 좋아한다.",
          "date": "2022-11-17",
          "time": "15:18:02",
          "terminate": "false"
        },
        {
          "speaker": "speaker2",
          "personaID": "66630",
          "participantID": "31858",
          "utterance": "특히 올림픽은 전부 재밌는것도 아니니까요.ㅋㅋ.",
          "summary": "",
          "date": "2022-11-17",
          "time": "15:18:20",
          "terminate": "false"
        },
        {
          "speaker": "speaker1",
          "personaID": "67257",
          "participantID": "31806",
          "utterance": "그쵸! 막 재미없는거보다는 우리 오빠들 보는게 나은뎅 ㅎㅎ.",
          "summary": "",
          "date": "2022-11-17",
          "time": "15:18:25",
          "terminate": "false"
        },
        {
          "speaker": "speaker2",
          "personaID": "66630",
          "participantID": "31858",
          "utterance": "올림픽보단 저도 월드컵이 좋아요. 축구 좋아해서요.",
          "summary": "나는 축구를 좋아한다.",
          "date": "2022-11-17",
          "time": "15:18:36",
          "terminate": "false"
        },
        {
          "speaker": "speaker1",
          "personaID": "67257",
          "participantID": "31806",
          "utterance": "아 그래요? 저는 아이돌 육상 프로그램 좋아하는데. 축구 좋아하시는구나.",
          "summary": "",
          "date": "2022-11-17",
          "time": "15:18:42",
          "terminate": "false"
        },
        {
          "speaker": "speaker2",
          "personaID": "66630",
          "participantID": "31858",
          "utterance": "네 맞아요.ㅎㅎ 그런데 아아돌육상프로그램이 뭐에요?",
          "summary": "",
          "date": "2022-11-17",
          "time": "15:18:55",
          "terminate": "false"
        },
        {
          "speaker": "speaker1",
          "personaID": "67257",
          "participantID": "31806",
          "utterance": "아이돌들 나와서 육상 대회 하는거요 ㅋㅋ. 명절에 하는데 모르시는구나.",
          "summary": "",
          "date": "2022-11-17",
          "time": "15:19:01",
          "terminate": "false"
        },
        {
          "speaker": "speaker2",
          "personaID": "66630",
          "participantID": "31858",
          "utterance": "아 그렇구나.ㅋㅋ 그런 프로그램도 있군요. 아이돌 좋아하시나보다.",
          "summary": "",
          "date": "2022-11-17",
          "time": "15:19:12",
          "terminate": "false"
        },
        {
          "speaker": "speaker1",
          "personaID": "67257",
          "participantID": "31806",
          "utterance": "맞아요. 오늘은 그러면 스밍 좀 하고 올게요! 다음에 봐요~",
          "summary": "",
          "date": "2022-11-17",
          "time": "15:19:16",
          "terminate": "false"
        },
        {
          "speaker": "speaker2",
          "personaID": "66630",
          "participantID": "31858",
          "utterance": "그래요~ 그럼 다음에 또 봐요. 저는 밥 먹으러 가야겠어요.",
          "summary": "",
          "date": "2022-11-17",
          "time": "15:19:20",
          "terminate": "true"
        }
      ],
      "sessionPersonaSummary": {
        "speaker1": [
          "나는 좋아하는 프로가 취소되어서 짜증이 난다.",
          "나는 아이돌을 좋아한다."
        ],
        "speaker2": [
          "나는 빵을 만들고 있다.",
          "나는 축구를 좋아한다."
        ]
      },
      "prevAggregatedpersonaSummary": {
        "speaker1": [
          "나는 20대 여자이다.",
          "나는 TV 음악 프로그램을 좋아한다.",
          "나는 탁구를 싫어한다. 나는 운동을 좋아한다.",
          "나는 혈액형이 B형이다.",
          "나는 tv를 본다.",
          "나는 올림픽 달리기를 봤다.",
          "나는 달리기를 좋아한다.",
          "나는 제빵 동영상을 본다.",
          "나는 게임을 한다."
        ],
        "speaker2": [
          "나는 20대 남자이다.",
          "나는 몽골에 가봤다.",
          "나는 스포츠 영화를 자주 본다.",
          "나는 혈액형이 B형이다.",
          "나는 1년 전에 빵 만들기를 배웠다.",
          "나는 tv를 본다.",
          "나는 지구력이 없다.",
          "나는 근육이 있다."
        ]
      }
    }
  ]
}