{
  "FileInfo": {
    "filename": "K4-00210-CL20539-CP21102-18-06-S4.json",
    "sessionLevel": "4"
  },
  "participantsInfo": {
    "numberOfParticipants": "2",
    "speaker1": {
      "participantID": "1000",
      "gender": "남성",
      "age": "20대",
      "occupation": "무직",
      "bPlace": "서울/경기/인천",
      "gPlace": "서울/경기/인천",
      "rPlace": "서울/경기/인천",
      "educationLevel": "대졸"
    },
    "speaker2": {
      "participantID": "1087",
      "gender": "남성",
      "age": "20대",
      "occupation": "사무직",
      "bPlace": "서울/경기/인천",
      "gPlace": "서울/경기/인천",
      "rPlace": "서울/경기/인천",
      "educationLevel": "대졸"
    }
  },
  "multisessionInfo": {
    "multisessionID": "4-00210"
  },
  "personaInfo": {
    "clInfo": {
      "personaID": "20539",
      "personaFeatures": [
        "나는 남자이다.",
        "나는 20대이다.",
        "나는 자기주장이 강하다.",
        "나는 만화부 동아리에 관심이 없다.",
        "나는 팝 음악을 자주 듣는다."
      ],
      "speakerType": "speaker1"
    },
    "cpInfo": {
      "personaID": "21102",
      "personaFeatures": [
        "나는 남자이다.",
        "나는 20대이다.",
        "나의 어머니는 영양사이다.",
        "나는 설거지하는 것을 싫어한다.",
        "나는 전자책을 리뷰하는 것을 좋아한다."
      ],
      "speakerType": "speaker2"
    }
  },
  "topicInfo": {
    "topicID": "18-06",
    "topicType": "상거래 전반",
    "topicTitle": "결제방법"
  },
  "sessionInfo": [
    {
      "prevSessionID": null,
      "prevTimeInfo": {
        "timeNum": null,
        "timeUnit": null
      },
      "nthSession": "1",
      "numberOfUtterances": "20",
      "numberOfTurns": "10",
      "sessionID": "4-00210-1",
      "dialog": [
        {
          "speaker": "speaker1",
          "personaID": "20539",
          "participantID": "1000",
          "utterance": "반가워요~ 저는 20대 남자입니다!",
          "summary": "나는 20대 남자다.",
          "date": "2022-10-26",
          "time": "01:21:27",
          "terminate": "false"
        },
        {
          "speaker": "speaker2",
          "personaID": "21102",
          "participantID": "1087",
          "utterance": "안녕하십니까 저는 20대 남자입니다.",
          "summary": "나는 20대 남자이다.",
          "date": "2022-10-26",
          "time": "01:21:30",
          "terminate": "false"
        },
        {
          "speaker": "speaker1",
          "personaID": "20539",
          "participantID": "1000",
          "utterance": "저는 만화부 동아리에 관심이 없지만 친구따라 왔네요 뭐하고 계시나요?",
          "summary": "나는 만화부 동아리에 관심이 없다.",
          "date": "2022-10-26",
          "time": "01:21:54",
          "terminate": "false"
        },
        {
          "speaker": "speaker2",
          "personaID": "21102",
          "participantID": "1087",
          "utterance": "저는 전자책을 리뷰하는 것을 좋아해 하는 중이였어요~",
          "summary": "나는 전자책을 리뷰하는 것을 좋아한다.",
          "date": "2022-10-26",
          "time": "01:22:00",
          "terminate": "false"
        },
        {
          "speaker": "speaker1",
          "personaID": "20539",
          "participantID": "1000",
          "utterance": "전자책이요? 책 읽는 것을 좋아하시나보네요!",
          "summary": "",
          "date": "2022-10-26",
          "time": "01:22:01",
          "terminate": "false"
        },
        {
          "speaker": "speaker2",
          "personaID": "21102",
          "participantID": "1087",
          "utterance": "맞아요 ㅎㅎ 책에는 많은 정보와 신기한 정보들이 많잖아요 !",
          "summary": "",
          "date": "2022-10-26",
          "time": "01:22:06",
          "terminate": "false"
        },
        {
          "speaker": "speaker1",
          "personaID": "20539",
          "participantID": "1000",
          "utterance": "대단하시네요! 그럼 책을 어릴 때부터 좋아하셨나요?",
          "summary": "",
          "date": "2022-10-26",
          "time": "01:22:08",
          "terminate": "false"
        },
        {
          "speaker": "speaker2",
          "personaID": "21102",
          "participantID": "1087",
          "utterance": "네~ 어릴때부터 책을 읽는 습관이 있어서 그렇네요.",
          "summary": "나는 어릴 때부터 책 읽는 습관을 가졌다.",
          "date": "2022-10-26",
          "time": "01:22:20",
          "terminate": "false"
        },
        {
          "speaker": "speaker1",
          "personaID": "20539",
          "participantID": "1000",
          "utterance": "그렇군요 평소에 어떤 책을 자주 읽으시나요?",
          "summary": "",
          "date": "2022-10-26",
          "time": "01:22:30",
          "terminate": "false"
        },
        {
          "speaker": "speaker2",
          "personaID": "21102",
          "participantID": "1087",
          "utterance": "평소에는 소설을 많이 읽는 편이에요! 하지만 다양하게 읽죠.",
          "summary": "나는 소설을 많이 읽는 편이다.",
          "date": "2022-10-26",
          "time": "01:22:36",
          "terminate": "false"
        },
        {
          "speaker": "speaker1",
          "personaID": "20539",
          "participantID": "1000",
          "utterance": "소설을 좋아하시군요! 그럼 철학적인 책도 읽으시나요?",
          "summary": "",
          "date": "2022-10-26",
          "time": "01:22:40",
          "terminate": "false"
        },
        {
          "speaker": "speaker2",
          "personaID": "21102",
          "participantID": "1087",
          "utterance": "네~ 철학적인 책도 가끔 읽어요~ 자주는 안보는 편이네요 ㅎㅎ.",
          "summary": "",
          "date": "2022-10-26",
          "time": "01:22:50",
          "terminate": "false"
        },
        {
          "speaker": "speaker1",
          "personaID": "20539",
          "participantID": "1000",
          "utterance": "대단하시군요! 오늘도 책을 읽으실건가요?",
          "summary": "",
          "date": "2022-10-26",
          "time": "01:22:55",
          "terminate": "false"
        },
        {
          "speaker": "speaker2",
          "personaID": "21102",
          "participantID": "1087",
          "utterance": "네~ 오늘도 리뷰가 끝나고 책을 읽을 예정이에요!",
          "summary": "나는 책을 읽을 예정이다.",
          "date": "2022-10-26",
          "time": "01:23:00",
          "terminate": "false"
        },
        {
          "speaker": "speaker1",
          "personaID": "20539",
          "participantID": "1000",
          "utterance": "그렇군요 오늘은 어떤 책을 읽으실건가요? ㅎㅎ.",
          "summary": "",
          "date": "2022-10-26",
          "time": "01:23:06",
          "terminate": "false"
        },
        {
          "speaker": "speaker2",
          "personaID": "21102",
          "participantID": "1087",
          "utterance": "오늘은 소설을 읽을려 해요! 제목은 달빛조각사이죠.",
          "summary": "",
          "date": "2022-10-26",
          "time": "01:23:10",
          "terminate": "false"
        },
        {
          "speaker": "speaker1",
          "personaID": "20539",
          "participantID": "1000",
          "utterance": "달빛조각사라는 소설을 읽으시군요 어떤 소설인가요?",
          "summary": "",
          "date": "2022-10-26",
          "time": "01:23:20",
          "terminate": "false"
        },
        {
          "speaker": "speaker2",
          "personaID": "21102",
          "participantID": "1087",
          "utterance": "판타지 소설인데 굉장히 재미있답니다! ㅎㅎ.",
          "summary": "",
          "date": "2022-10-26",
          "time": "01:23:23",
          "terminate": "false"
        },
        {
          "speaker": "speaker1",
          "personaID": "20539",
          "participantID": "1000",
          "utterance": "그렇군요 저는 이만 동아리 활동하러 가볼게요.",
          "summary": "나는 동아리 활동하러 간다.",
          "date": "2022-10-26",
          "time": "01:23:25",
          "terminate": "false"
        },
        {
          "speaker": "speaker2",
          "personaID": "21102",
          "participantID": "1087",
          "utterance": "저도 이만 전자책을 리뷰하러 가보겠습니다~^^",
          "summary": "나는 전자책을 리뷰하러 간다.",
          "date": "2022-10-26",
          "time": "01:23:40",
          "terminate": "true"
        }
      ],
      "sessionPersonaSummary": {
        "speaker1": [
          "나는 20대 남자다.",
          "나는 만화부 동아리에 관심이 없다.",
          "나는 동아리 활동하러 간다."
        ],
        "speaker2": [
          "나는 20대 남자이다.",
          "나는 전자책을 리뷰하는 것을 좋아한다.",
          "나는 어릴 때부터 책 읽는 습관을 가졌다.",
          "나는 소설을 많이 읽는 편이다.",
          "나는 책을 읽을 예정이다.",
          "나는 전자책을 리뷰하러 간다."
        ]
      },
      "prevAggregatedpersonaSummary": {
        "speaker1": [],
        "speaker2": []
      }
    },
    {
      "prevSessionID": "4-00210-1",
      "prevTimeInfo": {
        "timeNum": "4",
        "timeUnit": "일"
      },
      "nthSession": "2",
      "numberOfUtterances": "20",
      "numberOfTurns": "10",
      "sessionID": "4-00210-2",
      "dialog": [
        {
          "speaker": "speaker1",
          "personaID": "20539",
          "participantID": "1000",
          "utterance": "4일이 지나 주말이 왔네요 오늘은 어떤 일정이 있으신가요?",
          "summary": "",
          "date": "2022-10-26",
          "time": "01:23:44",
          "terminate": "false"
        },
        {
          "speaker": "speaker2",
          "personaID": "21102",
          "participantID": "1087",
          "utterance": "오늘은 저희 어머니가 영양사인데 반찬을 보내주셔서 정리할려고 해요 ㅎㅎ.",
          "summary": "나의 어머니는 영양사이다.",
          "date": "2022-10-26",
          "time": "01:23:46",
          "terminate": "false"
        },
        {
          "speaker": "speaker1",
          "personaID": "20539",
          "participantID": "1000",
          "utterance": "반찬을 받으셨군요 평소에 자주 받아 드시나요?",
          "summary": "",
          "date": "2022-10-26",
          "time": "01:23:49",
          "terminate": "false"
        },
        {
          "speaker": "speaker2",
          "personaID": "21102",
          "participantID": "1087",
          "utterance": "네~ 반찬이 맛있어 제가 달라고 하는 편이네요 ㅎㅎ.",
          "summary": "",
          "date": "2022-10-26",
          "time": "01:23:50",
          "terminate": "false"
        },
        {
          "speaker": "speaker1",
          "personaID": "20539",
          "participantID": "1000",
          "utterance": "좋으시겠어요! 그럼 혹시 직접 요리는 안하시나요?",
          "summary": "",
          "date": "2022-10-26",
          "time": "01:23:55",
          "terminate": "false"
        },
        {
          "speaker": "speaker2",
          "personaID": "21102",
          "participantID": "1087",
          "utterance": "저는 요리를 잘 안하는 편이여서 주로 사먹어요!",
          "summary": "나는 주로 사 먹는다.",
          "date": "2022-10-26",
          "time": "01:23:58",
          "terminate": "false"
        },
        {
          "speaker": "speaker1",
          "personaID": "20539",
          "participantID": "1000",
          "utterance": "그렇군요 그럼 배달을 자주 시켜드시나요? ㅎㅎ.",
          "summary": "",
          "date": "2022-10-26",
          "time": "01:24:00",
          "terminate": "false"
        },
        {
          "speaker": "speaker2",
          "personaID": "21102",
          "participantID": "1087",
          "utterance": "배달은 자주 안먹어요! 배달비가 비싸 제가 직접 포장을 해오네요 ㅎㅎ.",
          "summary": "나는 배달을 자주 안 먹는다.",
          "date": "2022-10-26",
          "time": "01:24:40",
          "terminate": "false"
        },
        {
          "speaker": "speaker1",
          "personaID": "20539",
          "participantID": "1000",
          "utterance": "그렇군요 그럼 보통 카드로 결제하시나요?",
          "summary": "",
          "date": "2022-10-26",
          "time": "01:24:42",
          "terminate": "false"
        },
        {
          "speaker": "speaker2",
          "personaID": "21102",
          "participantID": "1087",
          "utterance": "네~ 요즘은 결제방법이 다양해져서 결제를 하고 포장을 하러 가는경우도 있답니다!",
          "summary": "요즘은 결제방법이 다양하다.",
          "date": "2022-10-26",
          "time": "01:24:49",
          "terminate": "false"
        },
        {
          "speaker": "speaker1",
          "personaID": "20539",
          "participantID": "1000",
          "utterance": "그렇군요! 기프티콘같은 걸로도 결제 되고 하죠?",
          "summary": "",
          "date": "2022-10-26",
          "time": "01:24:50",
          "terminate": "false"
        },
        {
          "speaker": "speaker2",
          "personaID": "21102",
          "participantID": "1087",
          "utterance": "맞아요! 그래서 휴대폰을 항상 들고 다녀야죠 ㅎㅎ.",
          "summary": "",
          "date": "2022-10-26",
          "time": "01:25:00",
          "terminate": "false"
        },
        {
          "speaker": "speaker1",
          "personaID": "20539",
          "participantID": "1000",
          "utterance": "요즘은 결제방법이 정말 다양해지고 할인해택도 많아지지 않았나요? ㅎㅎ.",
          "summary": "",
          "date": "2022-10-26",
          "time": "01:25:20",
          "terminate": "false"
        },
        {
          "speaker": "speaker2",
          "personaID": "21102",
          "participantID": "1087",
          "utterance": "네~ 할인혜택도 받을 수 있고 결제도 다양한 방법이 많아 좋은 것 같아요.",
          "summary": "",
          "date": "2022-10-26",
          "time": "01:25:24",
          "terminate": "false"
        },
        {
          "speaker": "speaker1",
          "personaID": "20539",
          "participantID": "1000",
          "utterance": "맞아요 혹시 오늘은 외식을 안하실건가요?",
          "summary": "",
          "date": "2022-10-26",
          "time": "01:25:40",
          "terminate": "false"
        },
        {
          "speaker": "speaker2",
          "personaID": "21102",
          "participantID": "1087",
          "utterance": "오늘은 반찬이랑 먹을려구요! 따끈따끈한 반찬이거든요 ㅎㅎ.",
          "summary": "오늘은 반찬이랑 먹으려 한다.",
          "date": "2022-10-26",
          "time": "01:25:48",
          "terminate": "false"
        },
        {
          "speaker": "speaker1",
          "personaID": "20539",
          "participantID": "1000",
          "utterance": "그렇군요 어머니께서 어떤 반찬을 해주셨나요?",
          "summary": "",
          "date": "2022-10-26",
          "time": "01:25:50",
          "terminate": "false"
        },
        {
          "speaker": "speaker2",
          "personaID": "21102",
          "participantID": "1087",
          "utterance": "소고기 장조림이랑 이것저것 해주셨어요! 아주 맛있죠.",
          "summary": "",
          "date": "2022-10-26",
          "time": "01:25:59",
          "terminate": "false"
        },
        {
          "speaker": "speaker1",
          "personaID": "20539",
          "participantID": "1000",
          "utterance": "소고기 장조림 맛있겠네요 저는 이만 공부하러 가볼게요.",
          "summary": "나는 공부하러 간다.",
          "date": "2022-10-26",
          "time": "01:26:05",
          "terminate": "false"
        },
        {
          "speaker": "speaker2",
          "personaID": "21102",
          "participantID": "1087",
          "utterance": "저도 이만 반찬을 정리하러 가보겠습니다~^^",
          "summary": "나는 반찬을 정리하러 간다.",
          "date": "2022-10-26",
          "time": "01:26:20",
          "terminate": "true"
        }
      ],
      "sessionPersonaSummary": {
        "speaker1": [
          "나는 공부하러 간다."
        ],
        "speaker2": [
          "나의 어머니는 영양사이다.",
          "나는 주로 사 먹는다.",
          "나는 배달을 자주 안 먹는다.",
          "요즘은 결제방법이 다양하다.",
          "오늘은 반찬이랑 먹으려 한다.",
          "나는 반찬을 정리하러 간다."
        ]
      },
      "prevAggregatedpersonaSummary": {
        "speaker1": [
          "나는 20대 남자다.",
          "나는 만화부 동아리에 관심이 없다.",
          "나는 동아리 활동하러 간다."
        ],
        "speaker2": [
          "나는 20대 남자이다.",
          "나는 전자책을 리뷰하는 것을 좋아한다.",
          "나는 어릴 때부터 책 읽는 습관을 가졌다.",
          "나는 소설을 많이 읽는 편이다.",
          "나는 책을 읽을 예정이다.",
          "나는 전자책을 리뷰하러 간다."
        ]
      }
    },
    {
      "prevSessionID": "4-00210-2",
      "prevTimeInfo": {
        "timeNum": "2",
        "timeUnit": "일"
      },
      "nthSession": "3",
      "numberOfUtterances": "20",
      "numberOfTurns": "10",
      "sessionID": "4-00210-3",
      "dialog": [
        {
          "speaker": "speaker1",
          "personaID": "20539",
          "participantID": "1000",
          "utterance": "이틀이 지났네요 저는 팝 음악을 자주 들어서 지금 듣고 있는데 뭐하고 계시나요?",
          "summary": "나는 팝 음악을 자주 듣는다.",
          "date": "2022-10-26",
          "time": "01:33:50",
          "terminate": "false"
        },
        {
          "speaker": "speaker2",
          "personaID": "21102",
          "participantID": "1087",
          "utterance": "저는 설거지하는 것을 싫어해서 식기세척기를 온라인으로 알아보고 있네요.",
          "summary": "나는 설거지하는 것을 싫어한다.",
          "date": "2022-10-26",
          "time": "01:34:45",
          "terminate": "false"
        },
        {
          "speaker": "speaker1",
          "personaID": "20539",
          "participantID": "1000",
          "utterance": "식기세척기요? 그거 사용하면 설거지 안해도 되나요?",
          "summary": "",
          "date": "2022-10-26",
          "time": "01:34:56",
          "terminate": "false"
        },
        {
          "speaker": "speaker2",
          "personaID": "21102",
          "participantID": "1087",
          "utterance": "그렇죠~ 그래서 열심히 알아보고 있는 중이랍니다!",
          "summary": "",
          "date": "2022-10-26",
          "time": "01:35:18",
          "terminate": "false"
        },
        {
          "speaker": "speaker1",
          "personaID": "20539",
          "participantID": "1000",
          "utterance": "그렇군요 식기세척기같은 경우는 가격이 어떻게 되나요?",
          "summary": "",
          "date": "2022-10-26",
          "time": "01:35:44",
          "terminate": "false"
        },
        {
          "speaker": "speaker2",
          "personaID": "21102",
          "participantID": "1087",
          "utterance": "50만원이 넘는 편이에요! 저는 해외사이트에서 알아보고 있거든요!",
          "summary": "식기세척기는 50만 원이 넘는다.",
          "date": "2022-10-26",
          "time": "01:35:59",
          "terminate": "false"
        },
        {
          "speaker": "speaker1",
          "personaID": "20539",
          "participantID": "1000",
          "utterance": "비싸네요.. 해외사이트에서는 더 비싼가요?",
          "summary": "",
          "date": "2022-10-26",
          "time": "01:36:11",
          "terminate": "false"
        },
        {
          "speaker": "speaker2",
          "personaID": "21102",
          "participantID": "1087",
          "utterance": "아무래도 해외브랜드라 비싼 것 같네요 하지만 좋답니다 ㅎㅎ.",
          "summary": "",
          "date": "2022-10-26",
          "time": "01:36:25",
          "terminate": "false"
        },
        {
          "speaker": "speaker1",
          "personaID": "20539",
          "participantID": "1000",
          "utterance": "그렇군요 해외사이트로 구매하면 결제는 어떻게 하나요?",
          "summary": "",
          "date": "2022-10-26",
          "time": "01:36:41",
          "terminate": "false"
        },
        {
          "speaker": "speaker2",
          "personaID": "21102",
          "participantID": "1087",
          "utterance": "결제를 할 수 있는 방법이 다양하더라구요! @브랜드명1@로도 결제가 가능해요!",
          "summary": "결제방법이 다양하다.",
          "date": "2022-10-26",
          "time": "01:36:58",
          "terminate": "false"
        },
        {
          "speaker": "speaker1",
          "personaID": "20539",
          "participantID": "1000",
          "utterance": "정말요? 편리하네요! 그런데 해외로 사면 오래 기다려야하지 않나요?",
          "summary": "",
          "date": "2022-10-26",
          "time": "01:37:11",
          "terminate": "false"
        },
        {
          "speaker": "speaker2",
          "personaID": "21102",
          "participantID": "1087",
          "utterance": "요즘은 일주일이면 온답니다! 생각보다 오래는 안걸리네요 ㅎㅎ.",
          "summary": "",
          "date": "2022-10-26",
          "time": "01:37:33",
          "terminate": "false"
        },
        {
          "speaker": "speaker1",
          "personaID": "20539",
          "participantID": "1000",
          "utterance": "그렇군요 한국제품은 해외제품에 비해 안좋은가보네요!",
          "summary": "",
          "date": "2022-10-26",
          "time": "01:38:03",
          "terminate": "false"
        },
        {
          "speaker": "speaker2",
          "personaID": "21102",
          "participantID": "1087",
          "utterance": "한국제품도 좋은데 저는 해외제품을 더 선호해요! ^^",
          "summary": "나는 해외 제품을 선호한다.",
          "date": "2022-10-26",
          "time": "01:38:26",
          "terminate": "false"
        },
        {
          "speaker": "speaker1",
          "personaID": "20539",
          "participantID": "1000",
          "utterance": "해외제품을 더 선호하시군요! 평소에 해외사이트에서 많이 구매하시나요?",
          "summary": "",
          "date": "2022-10-26",
          "time": "01:38:49",
          "terminate": "false"
        },
        {
          "speaker": "speaker2",
          "personaID": "21102",
          "participantID": "1087",
          "utterance": "네~ 아무래도 해외사이트에서는 세일을 많이 하기 때문이죠.",
          "summary": "",
          "date": "2022-10-26",
          "time": "01:39:04",
          "terminate": "false"
        },
        {
          "speaker": "speaker1",
          "personaID": "20539",
          "participantID": "1000",
          "utterance": "그렇군요 해외사이트로 구매안해봤는데 저도 해봐야겠네요!",
          "summary": "나는 해외사이트에서 구매 안 해봤다.",
          "date": "2022-10-26",
          "time": "01:39:30",
          "terminate": "false"
        },
        {
          "speaker": "speaker2",
          "personaID": "21102",
          "participantID": "1087",
          "utterance": "한번 해보세요~ 요즘은 결제방법도 쉬워서 금방 한답니다~",
          "summary": "",
          "date": "2022-10-26",
          "time": "01:39:50",
          "terminate": "false"
        },
        {
          "speaker": "speaker1",
          "personaID": "20539",
          "participantID": "1000",
          "utterance": "네 저도 이만 팝 음악 들으러 가볼게요.",
          "summary": "나는 팝 음악 들으러 간다.",
          "date": "2022-10-26",
          "time": "01:39:53",
          "terminate": "false"
        },
        {
          "speaker": "speaker2",
          "personaID": "21102",
          "participantID": "1087",
          "utterance": "저도 쇼핑을 하러 가보겠습니다~ ^^",
          "summary": "나는 쇼핑을 하러 간다.",
          "date": "2022-10-26",
          "time": "01:40:04",
          "terminate": "true"
        }
      ],
      "sessionPersonaSummary": {
        "speaker1": [
          "나는 팝 음악을 자주 듣는다.",
          "나는 해외사이트에서 구매 안 해봤다.",
          "나는 팝 음악 들으러 간다."
        ],
        "speaker2": [
          "나는 설거지하는 것을 싫어한다.",
          "식기세척기는 50만 원이 넘는다.",
          "결제방법이 다양하다.",
          "나는 해외 제품을 선호한다.",
          "나는 쇼핑을 하러 간다."
        ]
      },
      "prevAggregatedpersonaSummary": {
        "speaker1": [
          "나는 20대 남자다.",
          "나는 만화부 동아리에 관심이 없다.",
          "나는 동아리 활동하러 간다.",
          "나는 공부하러 간다."
        ],
        "speaker2": [
          "나는 20대 남자이다.",
          "나는 전자책을 리뷰하는 것을 좋아한다.",
          "나는 어릴 때부터 책 읽는 습관을 가졌다.",
          "나는 소설을 많이 읽는 편이다.",
          "나는 책을 읽을 예정이다.",
          "나는 전자책을 리뷰하러 간다.",
          "나의 어머니는 영양사이다.",
          "나는 주로 사 먹는다.",
          "나는 배달을 자주 안 먹는다.",
          "요즘은 결제방법이 다양하다.",
          "오늘은 반찬이랑 먹으려 한다.",
          "나는 반찬을 정리하러 간다."
        ]
      }
    },
    {
      "prevSessionID": "4-00210-3",
      "prevTimeInfo": {
        "timeNum": "1",
        "timeUnit": "주"
      },
      "nthSession": "4",
      "numberOfUtterances": "20",
      "numberOfTurns": "10",
      "sessionID": "4-00210-4",
      "dialog": [
        {
          "speaker": "speaker1",
          "personaID": "20539",
          "participantID": "1000",
          "utterance": "저는 자기 주장이 강해서 친구와 갈등이 생겼네요.. 뭐하고 계시나요?",
          "summary": "나는 자기주장이 강하다.",
          "date": "2022-10-26",
          "time": "01:40:33",
          "terminate": "false"
        },
        {
          "speaker": "speaker2",
          "personaID": "21102",
          "participantID": "1087",
          "utterance": "저는 오랜만에 집에서 영화를 볼려해요! ㅎㅎ.",
          "summary": "나는 집에서 영화를 볼 예정이다.",
          "date": "2022-10-26",
          "time": "01:40:41",
          "terminate": "false"
        },
        {
          "speaker": "speaker1",
          "personaID": "20539",
          "participantID": "1000",
          "utterance": "영화 좋죠! 집에서 영화는 어떻게 보시나요?",
          "summary": "",
          "date": "2022-10-26",
          "time": "01:41:01",
          "terminate": "false"
        },
        {
          "speaker": "speaker2",
          "personaID": "21102",
          "participantID": "1087",
          "utterance": "@브랜드명2@를 이용해요! 아주 좋은 사이트죠 ㅎㅎ.",
          "summary": "나는 @브랜드명2@를 이용한다.",
          "date": "2022-10-26",
          "time": "01:41:19",
          "terminate": "false"
        },
        {
          "speaker": "speaker1",
          "personaID": "20539",
          "participantID": "1000",
          "utterance": "@브랜드명2@ 이용하시군요! @브랜드명2@는 어떻게 사용하는건가요?",
          "summary": "",
          "date": "2022-10-26",
          "time": "01:41:39",
          "terminate": "false"
        },
        {
          "speaker": "speaker2",
          "personaID": "21102",
          "participantID": "1087",
          "utterance": "인터넷으로 들어가면 사용할 수 있어요! 아주 간편하죠.",
          "summary": "",
          "date": "2022-10-26",
          "time": "01:41:56",
          "terminate": "false"
        },
        {
          "speaker": "speaker1",
          "personaID": "20539",
          "participantID": "1000",
          "utterance": "그렇군요 그럼 결제는 어떻게 하는건가요?",
          "summary": "",
          "date": "2022-10-26",
          "time": "01:42:10",
          "terminate": "false"
        },
        {
          "speaker": "speaker2",
          "personaID": "21102",
          "participantID": "1087",
          "utterance": "결제는 신용카드로 정기결제를 했어요! 아마 결제방법도 다양할거에요~",
          "summary": "나는 신용카드로 결제를 했다.",
          "date": "2022-10-26",
          "time": "01:42:24",
          "terminate": "false"
        },
        {
          "speaker": "speaker1",
          "personaID": "20539",
          "participantID": "1000",
          "utterance": "그렇군요! 영화는 어떤 장르의 영화를 보실건가요?",
          "summary": "",
          "date": "2022-10-26",
          "time": "01:42:45",
          "terminate": "false"
        },
        {
          "speaker": "speaker2",
          "personaID": "21102",
          "participantID": "1087",
          "utterance": "저는 액션영화를 볼려고 해요! 이번에 새로운 영화가 나왔다네요.",
          "summary": "",
          "date": "2022-10-26",
          "time": "01:42:59",
          "terminate": "false"
        },
        {
          "speaker": "speaker1",
          "personaID": "20539",
          "participantID": "1000",
          "utterance": "액션영화 좋죠~!! 무슨 영화가 나왔나요? ㅎㅎ.",
          "summary": "",
          "date": "2022-10-26",
          "time": "01:43:20",
          "terminate": "false"
        },
        {
          "speaker": "speaker2",
          "personaID": "21102",
          "participantID": "1087",
          "utterance": "마블에서 새로운 영화가 나왔다네요! 저도 제목은 잘 모르네요 ㅎㅎ.",
          "summary": "마블에서 새로운 영화가 나왔다.",
          "date": "2022-10-26",
          "time": "01:43:33",
          "terminate": "false"
        },
        {
          "speaker": "speaker1",
          "personaID": "20539",
          "participantID": "1000",
          "utterance": "그렇군요 @브랜드명2@에서 볼 수 있는 영화인가요?",
          "summary": "",
          "date": "2022-10-26",
          "time": "01:43:48",
          "terminate": "false"
        },
        {
          "speaker": "speaker2",
          "personaID": "21102",
          "participantID": "1087",
          "utterance": "네~ @브랜드명2@는 항상 영화를 빨리 올리더라구요!",
          "summary": "",
          "date": "2022-10-26",
          "time": "01:44:11",
          "terminate": "false"
        },
        {
          "speaker": "speaker1",
          "personaID": "20539",
          "participantID": "1000",
          "utterance": "좋네요! 영화는 누구랑 같이 보실건가요?",
          "summary": "",
          "date": "2022-10-26",
          "time": "01:44:27",
          "terminate": "false"
        },
        {
          "speaker": "speaker2",
          "personaID": "21102",
          "participantID": "1087",
          "utterance": "혼자볼려해요~ 집에서 보는 거라 혼자봐야죠 !",
          "summary": "나는 혼자 영화를 보려 한다.",
          "date": "2022-10-26",
          "time": "01:44:43",
          "terminate": "false"
        },
        {
          "speaker": "speaker1",
          "personaID": "20539",
          "participantID": "1000",
          "utterance": "혼자 보시는군요! 혹시 평소에 영화관은 자주 가시나요?",
          "summary": "",
          "date": "2022-10-26",
          "time": "01:45:03",
          "terminate": "false"
        },
        {
          "speaker": "speaker2",
          "personaID": "21102",
          "participantID": "1087",
          "utterance": "영화관은 자주 안가요! 왜냐하면 @브랜드명2@가 있기 때문이죠.",
          "summary": "나는 영화관에 자주 안 간다.",
          "date": "2022-10-26",
          "time": "01:45:17",
          "terminate": "false"
        },
        {
          "speaker": "speaker1",
          "personaID": "20539",
          "participantID": "1000",
          "utterance": "@브랜드명2@가 좋긴 한가보네요 저는 이만 친구랑 갈등 해결하러 가볼게요.",
          "summary": "나는 친구랑 갈등 해결하러 간다.",
          "date": "2022-10-26",
          "time": "01:45:32",
          "terminate": "false"
        },
        {
          "speaker": "speaker2",
          "personaID": "21102",
          "participantID": "1087",
          "utterance": "저도 이만 영화를 보러 가보겠습니다~ :)",
          "summary": "나는 영화를 보러 간다.",
          "date": "2022-10-26",
          "time": "01:45:34",
          "terminate": "true"
        }
      ],
      "sessionPersonaSummary": {
        "speaker1": [
          "나는 자기주장이 강하다.",
          "나는 친구랑 갈등 해결하러 간다."
        ],
        "speaker2": [
          "나는 집에서 영화를 볼 예정이다.",
          "나는 @브랜드명2@를 이용한다.",
          "나는 신용카드로 결제를 했다.",
          "마블에서 새로운 영화가 나왔다.",
          "나는 혼자 영화를 보려 한다.",
          "나는 영화관에 자주 안 간다.",
          "나는 영화를 보러 간다."
        ]
      },
      "prevAggregatedpersonaSummary": {
        "speaker1": [
          "나는 20대 남자다.",
          "나는 만화부 동아리에 관심이 없다.",
          "나는 동아리 활동하러 간다.",
          "나는 공부하러 간다.",
          "나는 팝 음악을 자주 듣는다.",
          "나는 해외사이트에서 구매 안 해봤다.",
          "나는 팝 음악 들으러 간다."
        ],
        "speaker2": [
          "나는 20대 남자이다.",
          "나는 전자책을 리뷰하는 것을 좋아한다.",
          "나는 어릴 때부터 책 읽는 습관을 가졌다.",
          "나는 소설을 많이 읽는 편이다.",
          "나는 책을 읽을 예정이다.",
          "나는 전자책을 리뷰하러 간다.",
          "나의 어머니는 영양사이다.",
          "나는 주로 사 먹는다.",
          "나는 배달을 자주 안 먹는다.",
          "요즘은 결제방법이 다양하다.",
          "오늘은 반찬이랑 먹으려 한다.",
          "나는 반찬을 정리하러 간다.",
          "나는 설거지하는 것을 싫어한다.",
          "식기세척기는 50만 원이 넘는다.",
          "결제방법이 다양하다.",
          "나는 해외 제품을 선호한다.",
          "나는 쇼핑을 하러 간다."
        ]
      }
    }
  ]
}