{
  "FileInfo": {
    "filename": "K4-00532-CL68660-CP90555-06-21-S4.json",
    "sessionLevel": "4"
  },
  "participantsInfo": {
    "numberOfParticipants": "2",
    "speaker1": {
      "participantID": "31883",
      "gender": "남성",
      "age": "30대",
      "occupation": "기능직",
      "bPlace": "서울/경기/인천",
      "gPlace": "서울/경기/인천",
      "rPlace": "서울/경기/인천",
      "educationLevel": "고졸"
    },
    "speaker2": {
      "participantID": "30254",
      "gender": "여성",
      "age": "30대",
      "occupation": "주부",
      "bPlace": "부산/대구/울산/경상",
      "gPlace": "부산/대구/울산/경상",
      "rPlace": "부산/대구/울산/경상",
      "educationLevel": "고졸"
    }
  },
  "multisessionInfo": {
    "multisessionID": "4-00532"
  },
  "personaInfo": {
    "clInfo": {
      "personaID": "68660",
      "personaFeatures": [
        "나는 남자이다.",
        "나는 30대이다.",
        "나는 중국어 공부를 좋아한다.",
        "나의 생일은 4월이다.",
        "나는 요즘, 자주 괴롭다.",
        "나는 식물 키우는 것을 좋아한다."
      ],
      "speakerType": "speaker1"
    },
    "cpInfo": {
      "personaID": "90555",
      "personaFeatures": [
        "나는 여자이다.",
        "나는 30대이다.",
        "나는 저녁에 청소를 한다.",
        "나의 생일은 3월이다.",
        "나는 가끔 초조하다.",
        "나는 스테이크를 좋아한다.",
        "나는 혈액형이 B형이다."
      ],
      "speakerType": "speaker2"
    }
  },
  "topicInfo": {
    "topicID": "06-21",
    "topicType": "교육",
    "topicTitle": "동아리"
  },
  "sessionInfo": [
    {
      "prevSessionID": null,
      "prevTimeInfo": {
        "timeNum": null,
        "timeUnit": null
      },
      "nthSession": "1",
      "numberOfUtterances": "14",
      "numberOfTurns": "7",
      "sessionID": "4-00532-1",
      "dialog": [
        {
          "speaker": "speaker1",
          "personaID": "68660",
          "participantID": "31883",
          "utterance": "안녕하세요. 저는 30대 남성이에요~ 오늘 날이 좋네요!",
          "summary": "나는 남자이다. 나는 30대이다.",
          "date": "2022-11-24",
          "time": "15:43:04",
          "terminate": "false"
        },
        {
          "speaker": "speaker2",
          "personaID": "90555",
          "participantID": "30254",
          "utterance": "반가워요~~ 저는 30대인 여성입니다^^ ㅎㅎ.",
          "summary": "나는 여자이다. 나는 30대이다.",
          "date": "2022-11-24",
          "time": "15:43:09",
          "terminate": "false"
        },
        {
          "speaker": "speaker1",
          "personaID": "68660",
          "participantID": "31883",
          "utterance": "반갑습니다~~ 요즘 같이 날 좋은 날 뭐하시면서 보내시나요?",
          "summary": "",
          "date": "2022-11-24",
          "time": "15:43:27",
          "terminate": "false"
        },
        {
          "speaker": "speaker2",
          "personaID": "90555",
          "participantID": "30254",
          "utterance": "저는 요즘 명상을 하고 있어요 ㅠㅠ 가끔 초조한 기분이 들어서요~~",
          "summary": "나는 가끔 초조하다.",
          "date": "2022-11-24",
          "time": "15:43:40",
          "terminate": "false"
        },
        {
          "speaker": "speaker1",
          "personaID": "68660",
          "participantID": "31883",
          "utterance": "앗! 어떤 것 때문에 초조하실까요?ㅠㅠ 공유하고 나눠요~",
          "summary": "",
          "date": "2022-11-24",
          "time": "15:43:51",
          "terminate": "false"
        },
        {
          "speaker": "speaker2",
          "personaID": "90555",
          "participantID": "30254",
          "utterance": "부쩍 다리도 떨게되고 손톱까지 뜯으려고 하더라구요 ㅠㅠ 조급한 마음이 들어요 괜히~~",
          "summary": "나는 조급한 마음이 든다.",
          "date": "2022-11-24",
          "time": "15:44:03",
          "terminate": "false"
        },
        {
          "speaker": "speaker1",
          "personaID": "68660",
          "participantID": "31883",
          "utterance": "아... 그럴때 혹시 무언가 하나에 집중해보는거 어떠세요? 저는 요즘 좋아하는 중국어 공부를 집중해서 하거든요!",
          "summary": "나는 중국어 공부를 좋아한다.",
          "date": "2022-11-24",
          "time": "15:44:20",
          "terminate": "false"
        },
        {
          "speaker": "speaker2",
          "personaID": "90555",
          "participantID": "30254",
          "utterance": "그럴까요? 공부에 집중하면 좋아질거 같긴해요 ㅎㅎ 중국에 관심 많으세요?",
          "summary": "",
          "date": "2022-11-24",
          "time": "15:44:35",
          "terminate": "false"
        },
        {
          "speaker": "speaker1",
          "personaID": "68660",
          "participantID": "31883",
          "utterance": "네! 그런데 자격증 시험에선 매일 떨어져서 요즘 자주 괴롭네요...ㅎㅎ.",
          "summary": "나는 요즘, 자주 괴롭다.",
          "date": "2022-11-24",
          "time": "15:44:52",
          "terminate": "false"
        },
        {
          "speaker": "speaker2",
          "personaID": "90555",
          "participantID": "30254",
          "utterance": "운이 안 좋았을거에요~~ 다음에는 꼭 붙을겁니다^^ 화이팅하세요!",
          "summary": "",
          "date": "2022-11-24",
          "time": "15:45:07",
          "terminate": "false"
        },
        {
          "speaker": "speaker1",
          "personaID": "68660",
          "participantID": "31883",
          "utterance": "하하 감사합니다! 선생님은 혹시 직장인이세요?",
          "summary": "",
          "date": "2022-11-24",
          "time": "15:45:17",
          "terminate": "false"
        },
        {
          "speaker": "speaker2",
          "personaID": "90555",
          "participantID": "30254",
          "utterance": "네네 전 직장인이에요 ㅎㅎ 오늘은 연차라 저녁에 청소를 할 예정입니다~~",
          "summary": "나는 저녁에 청소를 한다. 나는 직장인이다.",
          "date": "2022-11-24",
          "time": "15:45:31",
          "terminate": "false"
        },
        {
          "speaker": "speaker1",
          "personaID": "68660",
          "participantID": "31883",
          "utterance": "오 저랑 같네요! 저는 갑자기 업무에 차질이 생겨서 급하게 가봐야할 것 같아요! 다음에 연락드릴께요!",
          "summary": "",
          "date": "2022-11-24",
          "time": "15:45:39",
          "terminate": "false"
        },
        {
          "speaker": "speaker2",
          "personaID": "90555",
          "participantID": "30254",
          "utterance": "아 네네~~~ 큰 문제 없길 바랄게요 ㅠㅠ.",
          "summary": "",
          "date": "2022-11-24",
          "time": "15:45:47",
          "terminate": "true"
        }
      ],
      "sessionPersonaSummary": {
        "speaker1": [
          "나는 남자이다. 나는 30대이다.",
          "나는 중국어 공부를 좋아한다.",
          "나는 요즘, 자주 괴롭다."
        ],
        "speaker2": [
          "나는 여자이다. 나는 30대이다.",
          "나는 가끔 초조하다.",
          "나는 조급한 마음이 든다.",
          "나는 저녁에 청소를 한다. 나는 직장인이다."
        ]
      },
      "prevAggregatedpersonaSummary": {
        "speaker1": [],
        "speaker2": []
      }
    },
    {
      "prevSessionID": "4-00532-1",
      "prevTimeInfo": {
        "timeNum": "3",
        "timeUnit": "일"
      },
      "nthSession": "2",
      "numberOfUtterances": "14",
      "numberOfTurns": "7",
      "sessionID": "4-00532-2",
      "dialog": [
        {
          "speaker": "speaker1",
          "personaID": "68660",
          "participantID": "31883",
          "utterance": "회사에 큰 문제가 생겨서 집중해서 일 처리하느라 3일동안 연락을 못드렸네욧~",
          "summary": "",
          "date": "2022-11-24",
          "time": "15:45:58",
          "terminate": "false"
        },
        {
          "speaker": "speaker2",
          "personaID": "90555",
          "participantID": "30254",
          "utterance": "고생많으셨어요^^ 다행히 잘 처리 되었나요?",
          "summary": "",
          "date": "2022-11-24",
          "time": "15:46:08",
          "terminate": "false"
        },
        {
          "speaker": "speaker1",
          "personaID": "68660",
          "participantID": "31883",
          "utterance": "네! 다행이도요! 저 사실 4월인 다음달에 생일인데 친구가 원하는 선물 말하라는데 뭐가 좋을까요?",
          "summary": "나의 생일은 4월이다.",
          "date": "2022-11-24",
          "time": "15:46:25",
          "terminate": "false"
        },
        {
          "speaker": "speaker2",
          "personaID": "90555",
          "participantID": "30254",
          "utterance": "음 ㅎㅎ 그동안 갖고싶었던거 있으세요? 전 3월에 생일이라 남편에게 @브랜드명1@을 사달라고해서 선물 받았거든요.",
          "summary": "나의 생일은 3월이다.",
          "date": "2022-11-24",
          "time": "15:46:46",
          "terminate": "false"
        },
        {
          "speaker": "speaker1",
          "personaID": "68660",
          "participantID": "31883",
          "utterance": "우와~ @브랜드명1@ 너무 좋겠네요! 남자도 @브랜드명1@ 쓰면 좋을까요?",
          "summary": "",
          "date": "2022-11-24",
          "time": "15:47:00",
          "terminate": "false"
        },
        {
          "speaker": "speaker2",
          "personaID": "90555",
          "participantID": "30254",
          "utterance": "음..머리가 너무 짧으시면 많이 쓰시기는 어려우실 수 있겠어요~~ 전동면도기는 어떠세요?",
          "summary": "",
          "date": "2022-11-24",
          "time": "15:47:17",
          "terminate": "false"
        },
        {
          "speaker": "speaker1",
          "personaID": "68660",
          "participantID": "31883",
          "utterance": "오오! 안그래도 저 전동면도기 없는데 고민해봐야겠네요~ 그런데 결혼은 언제하셨어요?",
          "summary": "나는 전동 면도기가 없다.",
          "date": "2022-11-24",
          "time": "15:47:32",
          "terminate": "false"
        },
        {
          "speaker": "speaker2",
          "personaID": "90555",
          "participantID": "30254",
          "utterance": "ㅎㅎ 저는 작년에 했답니다~~ 달달한 신혼이에요^^",
          "summary": "나는 작년에 결혼했다.",
          "date": "2022-11-24",
          "time": "15:47:40",
          "terminate": "false"
        },
        {
          "speaker": "speaker1",
          "personaID": "68660",
          "participantID": "31883",
          "utterance": "우와~ 부럽네요! 하 저는 언제 결혼하죠? 오히려 제가 초조해야할 것 같네요!",
          "summary": "나는 미혼이다.",
          "date": "2022-11-24",
          "time": "15:47:55",
          "terminate": "false"
        },
        {
          "speaker": "speaker2",
          "personaID": "90555",
          "participantID": "30254",
          "utterance": "ㅎㅎ 아직 젊으시니까 금방 하실수 있으실거에요~~ 혹시 혈액형이 어떻게 되시나요?",
          "summary": "",
          "date": "2022-11-24",
          "time": "15:48:10",
          "terminate": "false"
        },
        {
          "speaker": "speaker1",
          "personaID": "68660",
          "participantID": "31883",
          "utterance": "앗 저는 에이형입니다! 선생님은요?",
          "summary": "나는 혈액형이 A형이다.",
          "date": "2022-11-24",
          "time": "15:48:20",
          "terminate": "false"
        },
        {
          "speaker": "speaker2",
          "personaID": "90555",
          "participantID": "30254",
          "utterance": "저는 B형입니다~~ 저도 결혼전에 많이 초조했었거든요 ㅎㅎ 그래서 저랑 같은 줄 알았어요^^",
          "summary": "나는 혈액형이 B형이다.",
          "date": "2022-11-24",
          "time": "15:48:30",
          "terminate": "false"
        },
        {
          "speaker": "speaker1",
          "personaID": "68660",
          "participantID": "31883",
          "utterance": "우와 제 여자친구랑 혈액형이 같네요! 신기해요~ㅎㅎ.",
          "summary": "",
          "date": "2022-11-24",
          "time": "15:48:41",
          "terminate": "false"
        },
        {
          "speaker": "speaker2",
          "personaID": "90555",
          "participantID": "30254",
          "utterance": "ㅎㅎ 아 정말요~~~? 저는 배고파서 밥 좀 먹고 다시 연락드릴게요^^",
          "summary": "",
          "date": "2022-11-24",
          "time": "15:48:56",
          "terminate": "true"
        }
      ],
      "sessionPersonaSummary": {
        "speaker1": [
          "나의 생일은 4월이다.",
          "나는 전동 면도기가 없다.",
          "나는 미혼이다.",
          "나는 혈액형이 A형이다."
        ],
        "speaker2": [
          "나의 생일은 3월이다.",
          "나는 작년에 결혼했다.",
          "나는 혈액형이 B형이다."
        ]
      },
      "prevAggregatedpersonaSummary": {
        "speaker1": [
          "나는 남자이다. 나는 30대이다.",
          "나는 중국어 공부를 좋아한다.",
          "나는 요즘, 자주 괴롭다."
        ],
        "speaker2": [
          "나는 여자이다. 나는 30대이다.",
          "나는 가끔 초조하다.",
          "나는 조급한 마음이 든다.",
          "나는 저녁에 청소를 한다. 나는 직장인이다."
        ]
      }
    },
    {
      "prevSessionID": "4-00532-2",
      "prevTimeInfo": {
        "timeNum": "3",
        "timeUnit": "주"
      },
      "nthSession": "3",
      "numberOfUtterances": "14",
      "numberOfTurns": "7",
      "sessionID": "4-00532-3",
      "dialog": [
        {
          "speaker": "speaker1",
          "personaID": "68660",
          "participantID": "31883",
          "utterance": "선생님~ 벌써 3주가 흘러 4월 말이네요! 올해는 시간이 참 빠르지 않나요?",
          "summary": "",
          "date": "2022-11-24",
          "time": "15:49:26",
          "terminate": "false"
        },
        {
          "speaker": "speaker2",
          "personaID": "90555",
          "participantID": "30254",
          "utterance": "그러게요 ㅠㅠ 자꾸 나이만 먹는거 같아요 ㅠㅠ 저는 이번달에 동호회에서 정모가 있어요^^",
          "summary": "나는 동아리 활동을 하고 있다.",
          "date": "2022-11-24",
          "time": "15:49:40",
          "terminate": "false"
        },
        {
          "speaker": "speaker1",
          "personaID": "68660",
          "participantID": "31883",
          "utterance": "오~ 그렇군요! 저도 요즘 심심해서 동아리 하나 가입할까하는데 뭐가 좋을까요?",
          "summary": "",
          "date": "2022-11-24",
          "time": "15:49:52",
          "terminate": "false"
        },
        {
          "speaker": "speaker2",
          "personaID": "90555",
          "participantID": "30254",
          "utterance": "음 뭘 좋아하실지 잘 모르겠네요 ㅎㅎ 저는 배드민턴 동아리를 하고 있는데 어떠세요?",
          "summary": "",
          "date": "2022-11-24",
          "time": "15:50:24",
          "terminate": "false"
        },
        {
          "speaker": "speaker1",
          "personaID": "68660",
          "participantID": "31883",
          "utterance": "앗 배드민턴 한번도 쳐본적없는데 동아리에 가입되나요?",
          "summary": "나는 배드민턴을 한 번도 쳐 본 적 없다.",
          "date": "2022-11-24",
          "time": "15:50:36",
          "terminate": "false"
        },
        {
          "speaker": "speaker2",
          "personaID": "90555",
          "participantID": "30254",
          "utterance": "아마 레슨이랑 같이 하셔야 할거에요~~~ 아예 초보시면 게임에 안 껴주거든요 ㅠㅠ.",
          "summary": "",
          "date": "2022-11-24",
          "time": "15:50:52",
          "terminate": "false"
        },
        {
          "speaker": "speaker1",
          "personaID": "68660",
          "participantID": "31883",
          "utterance": "아~ 그러니까요! 언제 배우고 언제 동아리에 가입할까요... 다른 동아리는 없을까요?",
          "summary": "",
          "date": "2022-11-24",
          "time": "15:51:04",
          "terminate": "false"
        },
        {
          "speaker": "speaker2",
          "personaID": "90555",
          "participantID": "30254",
          "utterance": "음~~ 공부 좋아하시면 스터디 모임도 좋구요~~ 등산 동아리는 어떠세요?",
          "summary": "",
          "date": "2022-11-24",
          "time": "15:51:21",
          "terminate": "false"
        },
        {
          "speaker": "speaker1",
          "personaID": "68660",
          "participantID": "31883",
          "utterance": "오! 등산 동아리 좋네요! 그런데 그런 동아리는 술 모임도 많지 않을까요?ㅠ.",
          "summary": "나는 등산 동아리가 좋다.",
          "date": "2022-11-24",
          "time": "15:51:32",
          "terminate": "false"
        },
        {
          "speaker": "speaker2",
          "personaID": "90555",
          "participantID": "30254",
          "utterance": "ㅎㅎ 어느 모임이든 성인 동아리면 술은 빠질수가 없는거 같아요 ㅎㅎ 요리조리 잘 피하셔야죠^^",
          "summary": "",
          "date": "2022-11-24",
          "time": "15:51:48",
          "terminate": "false"
        },
        {
          "speaker": "speaker1",
          "personaID": "68660",
          "participantID": "31883",
          "utterance": "그러니까요! 저는 사실 술을 안좋아하거든요~ 술 잘 드세요?",
          "summary": "나는 사실 술을 안 좋아한다.",
          "date": "2022-11-24",
          "time": "15:52:01",
          "terminate": "false"
        },
        {
          "speaker": "speaker2",
          "personaID": "90555",
          "participantID": "30254",
          "utterance": "저는 그래도 즐기는 편이에요~~~ 과음은 하지 않구요 ㅎㅎ 주로 맥주를 먹는답니다^^",
          "summary": "나는 과음을 하지 않는다. 나는 술을 즐기는 편이다.",
          "date": "2022-11-24",
          "time": "15:52:13",
          "terminate": "false"
        },
        {
          "speaker": "speaker1",
          "personaID": "68660",
          "participantID": "31883",
          "utterance": "과음 안하시고 좋네요^^! 앗 저 잠시 화장실 좀 다녀올께요!",
          "summary": "",
          "date": "2022-11-24",
          "time": "15:52:24",
          "terminate": "false"
        },
        {
          "speaker": "speaker2",
          "personaID": "90555",
          "participantID": "30254",
          "utterance": "전 이제 또 초조해 지기 시작해서 명상을 하러갈게요 ㅎㅎ 좀 있다 연락드릴게요^^",
          "summary": "",
          "date": "2022-11-24",
          "time": "15:52:31",
          "terminate": "true"
        }
      ],
      "sessionPersonaSummary": {
        "speaker1": [
          "나는 배드민턴을 한 번도 쳐 본 적 없다.",
          "나는 등산 동아리가 좋다.",
          "나는 사실 술을 안 좋아한다."
        ],
        "speaker2": [
          "나는 동아리 활동을 하고 있다.",
          "나는 과음을 하지 않는다. 나는 술을 즐기는 편이다."
        ]
      },
      "prevAggregatedpersonaSummary": {
        "speaker1": [
          "나는 남자이다. 나는 30대이다.",
          "나는 중국어 공부를 좋아한다.",
          "나는 요즘, 자주 괴롭다.",
          "나의 생일은 4월이다.",
          "나는 전동 면도기가 없다.",
          "나는 미혼이다.",
          "나는 혈액형이 A형이다."
        ],
        "speaker2": [
          "나는 여자이다. 나는 30대이다.",
          "나는 가끔 초조하다.",
          "나는 조급한 마음이 든다.",
          "나는 저녁에 청소를 한다. 나는 직장인이다.",
          "나의 생일은 3월이다.",
          "나는 작년에 결혼했다.",
          "나는 혈액형이 B형이다."
        ]
      }
    },
    {
      "prevSessionID": "4-00532-3",
      "prevTimeInfo": {
        "timeNum": "1",
        "timeUnit": "시간"
      },
      "nthSession": "4",
      "numberOfUtterances": "14",
      "numberOfTurns": "7",
      "sessionID": "4-00532-4",
      "dialog": [
        {
          "speaker": "speaker1",
          "personaID": "68660",
          "participantID": "31883",
          "utterance": "저 화장실 다녀왔어요~ 생각보다 1시간이나 걸렸네요! 죄송해요~ 제가 요즘 변비가 생겼답니다..ㅠ.",
          "summary": "나는 요즘 변비가 생겼다.",
          "date": "2022-11-24",
          "time": "15:52:38",
          "terminate": "false"
        },
        {
          "speaker": "speaker2",
          "personaID": "90555",
          "participantID": "30254",
          "utterance": "아이구 ㅠㅠ 왜 변비에 걸리셨어요? 자극적인걸 많이 드셨나요?",
          "summary": "",
          "date": "2022-11-24",
          "time": "15:52:57",
          "terminate": "false"
        },
        {
          "speaker": "speaker1",
          "personaID": "68660",
          "participantID": "31883",
          "utterance": "운동을 안해서 그런가봐요! 당장 운동 동아리에 가입할까봐요! 운동량 부족이 변비에 영향있죠?",
          "summary": "나는 운동을 안 한다.",
          "date": "2022-11-24",
          "time": "15:53:16",
          "terminate": "false"
        },
        {
          "speaker": "speaker2",
          "personaID": "90555",
          "participantID": "30254",
          "utterance": "영향이 있을거에요 ㅎㅎ 물도 좀 많이 드시구요~~ 여자친구분이랑 동아리 같이 가입해보세요^^",
          "summary": "",
          "date": "2022-11-24",
          "time": "15:53:32",
          "terminate": "false"
        },
        {
          "speaker": "speaker1",
          "personaID": "68660",
          "participantID": "31883",
          "utterance": "여자친구는 완전 내성적이라 싫어할 것 같아요... 내성적이면 어울리기 힘들죠?",
          "summary": "나의 여자 친구는 내성적이다.",
          "date": "2022-11-24",
          "time": "15:53:48",
          "terminate": "false"
        },
        {
          "speaker": "speaker2",
          "personaID": "90555",
          "participantID": "30254",
          "utterance": "ㅎㅎ 다 적극적인분들만 계신건 아니니까요~~ 처음에만 적응 잘 하면 될거 같아요^^",
          "summary": "",
          "date": "2022-11-24",
          "time": "15:54:03",
          "terminate": "false"
        },
        {
          "speaker": "speaker1",
          "personaID": "68660",
          "participantID": "31883",
          "utterance": "하하 그렇군요! 사실 제가 좀 보수적이라 여자친구가 동아리 활동하는건 좀 신경쓰일 것 같아요...",
          "summary": "나는 보수적이다.",
          "date": "2022-11-24",
          "time": "15:54:25",
          "terminate": "false"
        },
        {
          "speaker": "speaker2",
          "personaID": "90555",
          "participantID": "30254",
          "utterance": "ㅎㅎ 그 부분은 서로 조율을 하시는게 좋을 거 같아요^^ 생일에는 여자친구분이랑 보내시나요?",
          "summary": "",
          "date": "2022-11-24",
          "time": "15:54:55",
          "terminate": "false"
        },
        {
          "speaker": "speaker1",
          "personaID": "68660",
          "participantID": "31883",
          "utterance": "네~ 그럴 것 같아요! 그런데 생일 날이 딱 중국어 자격증 시험 날이더라구요~ ㅜㅜ.",
          "summary": "나는 생일날에 자격증 시험을 본다.",
          "date": "2022-11-24",
          "time": "15:55:11",
          "terminate": "false"
        },
        {
          "speaker": "speaker2",
          "personaID": "90555",
          "participantID": "30254",
          "utterance": "그래도 자격증 시험 보시고 마음편히 생일을 보내시는게 좋을 거 같아요 ㅎㅎ.",
          "summary": "",
          "date": "2022-11-24",
          "time": "15:55:23",
          "terminate": "false"
        },
        {
          "speaker": "speaker1",
          "personaID": "68660",
          "participantID": "31883",
          "utterance": "네^^~ 이번엔 꼭 붙어서 그만 좀 괴롭고 싶네요! 요즘 초초한거는 어떠시나요?",
          "summary": "",
          "date": "2022-11-24",
          "time": "15:55:28",
          "terminate": "false"
        },
        {
          "speaker": "speaker2",
          "personaID": "90555",
          "participantID": "30254",
          "utterance": "명상으로 많이 좋아졌어요^^ 다행입니다~~~ 어서 공부 하셔야 하는거 아닌가요?ㅠㅠ.",
          "summary": "",
          "date": "2022-11-24",
          "time": "15:55:42",
          "terminate": "false"
        },
        {
          "speaker": "speaker1",
          "personaID": "68660",
          "participantID": "31883",
          "utterance": "네! 그래야죠!! 저 힘 좀 나게 응원해주시면 안되나요?ㅠㅠ.",
          "summary": "",
          "date": "2022-11-24",
          "time": "15:55:54",
          "terminate": "false"
        },
        {
          "speaker": "speaker2",
          "personaID": "90555",
          "participantID": "30254",
          "utterance": "자격증 시험 합격 응원 할게요^^ 또 연락할게요!!",
          "summary": "",
          "date": "2022-11-24",
          "time": "15:55:56",
          "terminate": "true"
        }
      ],
      "sessionPersonaSummary": {
        "speaker1": [
          "나는 요즘 변비가 생겼다.",
          "나는 운동을 안 한다.",
          "나의 여자 친구는 내성적이다.",
          "나는 보수적이다.",
          "나는 생일날에 자격증 시험을 본다."
        ],
        "speaker2": []
      },
      "prevAggregatedpersonaSummary": {
        "speaker1": [
          "나는 남자이다. 나는 30대이다.",
          "나는 중국어 공부를 좋아한다.",
          "나는 요즘, 자주 괴롭다.",
          "나의 생일은 4월이다.",
          "나는 전동 면도기가 없다.",
          "나는 미혼이다.",
          "나는 혈액형이 A형이다.",
          "나는 배드민턴을 한 번도 쳐 본 적 없다.",
          "나는 등산 동아리가 좋다.",
          "나는 사실 술을 안 좋아한다."
        ],
        "speaker2": [
          "나는 여자이다. 나는 30대이다.",
          "나는 가끔 초조하다.",
          "나는 조급한 마음이 든다.",
          "나는 저녁에 청소를 한다. 나는 직장인이다.",
          "나의 생일은 3월이다.",
          "나는 작년에 결혼했다.",
          "나는 혈액형이 B형이다.",
          "나는 동아리 활동을 하고 있다.",
          "나는 과음을 하지 않는다. 나는 술을 즐기는 편이다."
        ]
      }
    }
  ]
}