{
  "FileInfo": {
    "filename": "K4-00323-CL31559-CP22631-01-01-S4.json",
    "sessionLevel": "4"
  },
  "participantsInfo": {
    "numberOfParticipants": "2",
    "speaker1": {
      "participantID": "1016",
      "gender": "여성",
      "age": "30대",
      "occupation": "서비스직",
      "bPlace": "서울/경기/인천",
      "gPlace": "서울/경기/인천",
      "rPlace": "서울/경기/인천",
      "educationLevel": "고졸"
    },
    "speaker2": {
      "participantID": "1003",
      "gender": "여성",
      "age": "20대",
      "occupation": "기능직",
      "bPlace": "서울/경기/인천",
      "gPlace": "서울/경기/인천",
      "rPlace": "서울/경기/인천",
      "educationLevel": "고졸"
    }
  },
  "multisessionInfo": {
    "multisessionID": "4-00323"
  },
  "personaInfo": {
    "clInfo": {
      "personaID": "31559",
      "personaFeatures": [
        "나는 여자이다.",
        "나는 30대이다.",
        "나는 어린이집 교사이다.",
        "나는 작은 것까지 확인한다.",
        "나는 전쟁 영화를 가끔 본다."
      ],
      "speakerType": "speaker1"
    },
    "cpInfo": {
      "personaID": "22631",
      "personaFeatures": [
        "나는 여자이다.",
        "나는 20대이다.",
        "나는 역사/문화 여행을 좋아한다.",
        "나는 캐나다로 유학을 간다.",
        "나는 야구를 가끔 한다."
      ],
      "speakerType": "speaker2"
    }
  },
  "topicInfo": {
    "topicID": "01-01",
    "topicType": "식음료",
    "topicTitle": "식사"
  },
  "sessionInfo": [
    {
      "prevSessionID": null,
      "prevTimeInfo": {
        "timeNum": null,
        "timeUnit": null
      },
      "nthSession": "1",
      "numberOfUtterances": "18",
      "numberOfTurns": "9",
      "sessionID": "4-00323-1",
      "dialog": [
        {
          "speaker": "speaker1",
          "personaID": "31559",
          "participantID": "1016",
          "utterance": "반가워요. 저는 30대 여자입니다.",
          "summary": "나는 30대 여성이다.",
          "date": "2022-10-27",
          "time": "12:35:07",
          "terminate": "false"
        },
        {
          "speaker": "speaker2",
          "personaID": "22631",
          "participantID": "1003",
          "utterance": "안녕하세요. 저는 20대 여자입니다~",
          "summary": "나는 20대 여성이다.",
          "date": "2022-10-27",
          "time": "12:35:13",
          "terminate": "false"
        },
        {
          "speaker": "speaker1",
          "personaID": "31559",
          "participantID": "1016",
          "utterance": "저는 지금 전쟁영화를 보고있어요. 전쟁 영화 좋아하세요?",
          "summary": "나는 전쟁영화를 보고 있다.",
          "date": "2022-10-27",
          "time": "12:35:29",
          "terminate": "false"
        },
        {
          "speaker": "speaker2",
          "personaID": "22631",
          "participantID": "1003",
          "utterance": "네. 그리고 역사/문화 여행도 좋아해요.",
          "summary": "나는 역사/문화 여행을 좋아한다.",
          "date": "2022-10-27",
          "time": "12:35:35",
          "terminate": "false"
        },
        {
          "speaker": "speaker1",
          "personaID": "31559",
          "participantID": "1016",
          "utterance": "역사에 관심이 많으시군요. 여행 자주 가시나요?",
          "summary": "나는 상대방이 역사에 관심이 많은 것 같다.",
          "date": "2022-10-27",
          "time": "12:35:38",
          "terminate": "false"
        },
        {
          "speaker": "speaker2",
          "personaID": "22631",
          "participantID": "1003",
          "utterance": "네. 여행을 자주 떠나요. 그래서 이번에는 캐나다로 유학을 갈거에요.",
          "summary": "나는 캐나다로 유학을 갈 것이다.",
          "date": "2022-10-27",
          "time": "12:35:49",
          "terminate": "false"
        },
        {
          "speaker": "speaker1",
          "personaID": "31559",
          "participantID": "1016",
          "utterance": "멋지시네요! 부러워요. 유학은 언제 가세요?",
          "summary": "나는 상대방이 부럽다.",
          "date": "2022-10-27",
          "time": "12:35:54",
          "terminate": "false"
        },
        {
          "speaker": "speaker2",
          "personaID": "22631",
          "participantID": "1003",
          "utterance": "다음달에 가요. 역사/문화 여행을 좋아하시나요?",
          "summary": "나는 다음 달에 유학을 간다.",
          "date": "2022-10-27",
          "time": "12:36:02",
          "terminate": "false"
        },
        {
          "speaker": "speaker1",
          "personaID": "31559",
          "participantID": "1016",
          "utterance": "대단하시네요. 저는 여행을 별로 안좋아해요.",
          "summary": "나는 여행을 별로 좋아하지 않는다.",
          "date": "2022-10-27",
          "time": "12:36:05",
          "terminate": "false"
        },
        {
          "speaker": "speaker2",
          "personaID": "22631",
          "participantID": "1003",
          "utterance": "그렇군요. 그럼 혹시 야구를 좋아하시나요?",
          "summary": "",
          "date": "2022-10-27",
          "time": "12:36:11",
          "terminate": "false"
        },
        {
          "speaker": "speaker1",
          "personaID": "31559",
          "participantID": "1016",
          "utterance": "아니요. 저는 운동도 별로 안좋아한답니다.",
          "summary": "나는 운동을 좋아하지 않는다.",
          "date": "2022-10-27",
          "time": "12:36:17",
          "terminate": "false"
        },
        {
          "speaker": "speaker2",
          "personaID": "22631",
          "participantID": "1003",
          "utterance": "저는 야구를 좋아하는데 캐나다에서 야구도 많이 한다고 하더라고요.",
          "summary": "나는 야구를 좋아한다.",
          "date": "2022-10-27",
          "time": "12:36:28",
          "terminate": "false"
        },
        {
          "speaker": "speaker1",
          "personaID": "31559",
          "participantID": "1016",
          "utterance": "멋지네요. 캐나다에 여행으로는 가보신적이 있으신가요?",
          "summary": "",
          "date": "2022-10-27",
          "time": "12:36:32",
          "terminate": "false"
        },
        {
          "speaker": "speaker2",
          "personaID": "22631",
          "participantID": "1003",
          "utterance": "네. 여러번 가봤어요. 그래서 캐나다로 유학을 결심 했답니다.",
          "summary": "나는 캐나다 여행을 여러 번 가봤다.",
          "date": "2022-10-27",
          "time": "12:36:41",
          "terminate": "false"
        },
        {
          "speaker": "speaker1",
          "personaID": "31559",
          "participantID": "1016",
          "utterance": "캐나다는 자연 환경도 좋다던데 정말인가요?",
          "summary": "",
          "date": "2022-10-27",
          "time": "12:36:42",
          "terminate": "false"
        },
        {
          "speaker": "speaker2",
          "personaID": "22631",
          "participantID": "1003",
          "utterance": "맞아요. 정말 좋더라고요. 어서 가고 싶네요!",
          "summary": "나는 캐나다 자연환경이 좋았다.",
          "date": "2022-10-27",
          "time": "12:36:48",
          "terminate": "false"
        },
        {
          "speaker": "speaker1",
          "personaID": "31559",
          "participantID": "1016",
          "utterance": "부러워요. 그럼 저는 영화를 마저 보고 연락드릴게요.",
          "summary": "나는 영화를 마저 보고 올 것이다.",
          "date": "2022-10-27",
          "time": "12:36:52",
          "terminate": "false"
        },
        {
          "speaker": "speaker2",
          "personaID": "22631",
          "participantID": "1003",
          "utterance": "네. 그럼 영화 잘 보시고 오세요. 좋은 하루 되시기를 바래요!",
          "summary": "",
          "date": "2022-10-27",
          "time": "12:37:01",
          "terminate": "true"
        }
      ],
      "sessionPersonaSummary": {
        "speaker1": [
          "나는 30대 여성이다.",
          "나는 전쟁영화를 보고 있다.",
          "나는 상대방이 역사에 관심이 많은 것 같다.",
          "나는 상대방이 부럽다.",
          "나는 여행을 별로 좋아하지 않는다.",
          "나는 운동을 좋아하지 않는다.",
          "나는 영화를 마저 보고 올 것이다."
        ],
        "speaker2": [
          "나는 20대 여성이다.",
          "나는 역사/문화 여행을 좋아한다.",
          "나는 캐나다로 유학을 갈 것이다.",
          "나는 다음 달에 유학을 간다.",
          "나는 야구를 좋아한다.",
          "나는 캐나다 여행을 여러 번 가봤다.",
          "나는 캐나다 자연환경이 좋았다."
        ]
      },
      "prevAggregatedpersonaSummary": {
        "speaker1": [],
        "speaker2": []
      }
    },
    {
      "prevSessionID": "4-00323-1",
      "prevTimeInfo": {
        "timeNum": "4",
        "timeUnit": "시간"
      },
      "nthSession": "2",
      "numberOfUtterances": "18",
      "numberOfTurns": "9",
      "sessionID": "4-00323-2",
      "dialog": [
        {
          "speaker": "speaker1",
          "personaID": "31559",
          "participantID": "1016",
          "utterance": "영화를 다 보고 밥도 먹고왔어요. 식사 하셨나요?",
          "summary": "나는 영화를 다 보고 밥도 먹어 써다.",
          "date": "2022-10-27",
          "time": "12:37:03",
          "terminate": "false"
        },
        {
          "speaker": "speaker2",
          "personaID": "22631",
          "participantID": "1003",
          "utterance": "네. 저는 이제 식사를 하려고 해요. 배고파요.",
          "summary": "나는 식사를 할 것이다.",
          "date": "2022-10-27",
          "time": "12:37:11",
          "terminate": "false"
        },
        {
          "speaker": "speaker1",
          "personaID": "31559",
          "participantID": "1016",
          "utterance": "어떤걸 드실건가요? 저는 김치 볶음밥을 먹었어요.",
          "summary": "나는 김치볶음밥을 먹었다.",
          "date": "2022-10-27",
          "time": "12:37:15",
          "terminate": "false"
        },
        {
          "speaker": "speaker2",
          "personaID": "22631",
          "participantID": "1003",
          "utterance": "그러시군요. 저는 김치 볶음밥을 안먹지 오래 됐어요. 김밥을 먹어야겠어요.",
          "summary": "나는 김치볶음밥을 안 먹은 지 오래됐다.",
          "date": "2022-10-27",
          "time": "12:37:32",
          "terminate": "false"
        },
        {
          "speaker": "speaker1",
          "personaID": "31559",
          "participantID": "1016",
          "utterance": "김밥만 드실건가요? 라면이랑 같이 안드시나요?",
          "summary": "",
          "date": "2022-10-27",
          "time": "12:37:36",
          "terminate": "false"
        },
        {
          "speaker": "speaker2",
          "personaID": "22631",
          "participantID": "1003",
          "utterance": "저는 라면을 싫어해요. 몸에 좋지 않거든요.",
          "summary": "나는 라면이 몸에 좋지 않아서 싫어한다.",
          "date": "2022-10-27",
          "time": "12:37:40",
          "terminate": "false"
        },
        {
          "speaker": "speaker1",
          "personaID": "31559",
          "participantID": "1016",
          "utterance": "맞아요. 균형 잡힌 식사는 하기 참 힘들어요.",
          "summary": "나는 균형 잡힌 식사를 하기 힘들다고 생각한다.",
          "date": "2022-10-27",
          "time": "12:37:48",
          "terminate": "false"
        },
        {
          "speaker": "speaker2",
          "personaID": "22631",
          "participantID": "1003",
          "utterance": "맞아요. 솔직히 귀찮아서 안챙겨 먹는것 같아요.",
          "summary": "나는 귀찮아서 챙겨 먹지 않는다.",
          "date": "2022-10-27",
          "time": "12:37:55",
          "terminate": "false"
        },
        {
          "speaker": "speaker1",
          "personaID": "31559",
          "participantID": "1016",
          "utterance": "그렇긴해요. 평소에 식사는 거르지않고 하시는 편인가요?",
          "summary": "",
          "date": "2022-10-27",
          "time": "12:38:01",
          "terminate": "false"
        },
        {
          "speaker": "speaker2",
          "personaID": "22631",
          "participantID": "1003",
          "utterance": "아니요. 많이 걸러요. 불규칙한 식사 시간이 잦네요.",
          "summary": "나는 불규칙한 식사 시간이 잦다.",
          "date": "2022-10-27",
          "time": "12:38:13",
          "terminate": "false"
        },
        {
          "speaker": "speaker1",
          "personaID": "31559",
          "participantID": "1016",
          "utterance": "잘 챙겨 드셔야할텐데요. 저는 어린이집 교사라서 식단에 관심이 많아요.",
          "summary": "나는 어린이집 교사다. 나는 식단에 관심이 많다.",
          "date": "2022-10-27",
          "time": "12:38:23",
          "terminate": "false"
        },
        {
          "speaker": "speaker2",
          "personaID": "22631",
          "participantID": "1003",
          "utterance": "그렇군요. @이름1@ 식사를 직접 하시는 건가요?",
          "summary": "",
          "date": "2022-10-27",
          "time": "12:38:30",
          "terminate": "false"
        },
        {
          "speaker": "speaker1",
          "personaID": "31559",
          "participantID": "1016",
          "utterance": "영양사님과 같이 회의를 해서 정한답니다.",
          "summary": "나는 영양사와 회의를 해서 식사를 정한다.",
          "date": "2022-10-27",
          "time": "12:38:35",
          "terminate": "false"
        },
        {
          "speaker": "speaker2",
          "personaID": "22631",
          "participantID": "1003",
          "utterance": "그렇군요. 재미있겠네요~ 식사 시간이 즐겁나요?",
          "summary": "",
          "date": "2022-10-27",
          "time": "12:38:42",
          "terminate": "false"
        },
        {
          "speaker": "speaker1",
          "personaID": "31559",
          "participantID": "1016",
          "utterance": "작은것까지 확인해야해서 스트레스에요. 제 식사 시간만 즐겁네요.",
          "summary": "나는 작은 것까지 확인해야 해서 식사 시간이 스트레스다.",
          "date": "2022-10-27",
          "time": "12:38:49",
          "terminate": "false"
        },
        {
          "speaker": "speaker2",
          "personaID": "22631",
          "participantID": "1003",
          "utterance": "그렇군요. 저도 마찬가지에요. 이제 밥을 먹어야 겠어요.",
          "summary": "나는 밥을 먹을 것이다.",
          "date": "2022-10-27",
          "time": "12:38:54",
          "terminate": "false"
        },
        {
          "speaker": "speaker1",
          "personaID": "31559",
          "participantID": "1016",
          "utterance": "네. 그럼 식사 잘 하시고 오세요!",
          "summary": "",
          "date": "2022-10-27",
          "time": "12:38:55",
          "terminate": "false"
        },
        {
          "speaker": "speaker2",
          "personaID": "22631",
          "participantID": "1003",
          "utterance": "네. 또 연락해요~ 좋은 하루 되세요!",
          "summary": "",
          "date": "2022-10-27",
          "time": "12:38:59",
          "terminate": "true"
        }
      ],
      "sessionPersonaSummary": {
        "speaker1": [
          "나는 영화를 다 보고 밥도 먹어 써다.",
          "나는 김치볶음밥을 먹었다.",
          "나는 균형 잡힌 식사를 하기 힘들다고 생각한다.",
          "나는 어린이집 교사다. 나는 식단에 관심이 많다.",
          "나는 영양사와 회의를 해서 식사를 정한다.",
          "나는 작은 것까지 확인해야 해서 식사 시간이 스트레스다."
        ],
        "speaker2": [
          "나는 식사를 할 것이다.",
          "나는 김치볶음밥을 안 먹은 지 오래됐다.",
          "나는 라면이 몸에 좋지 않아서 싫어한다.",
          "나는 귀찮아서 챙겨 먹지 않는다.",
          "나는 불규칙한 식사 시간이 잦다.",
          "나는 밥을 먹을 것이다."
        ]
      },
      "prevAggregatedpersonaSummary": {
        "speaker1": [
          "나는 30대 여성이다.",
          "나는 전쟁영화를 보고 있다.",
          "나는 상대방이 역사에 관심이 많은 것 같다.",
          "나는 상대방이 부럽다.",
          "나는 여행을 별로 좋아하지 않는다.",
          "나는 운동을 좋아하지 않는다.",
          "나는 영화를 마저 보고 올 것이다."
        ],
        "speaker2": [
          "나는 20대 여성이다.",
          "나는 역사/문화 여행을 좋아한다.",
          "나는 캐나다로 유학을 갈 것이다.",
          "나는 다음 달에 유학을 간다.",
          "나는 야구를 좋아한다.",
          "나는 캐나다 여행을 여러 번 가봤다.",
          "나는 캐나다 자연환경이 좋았다."
        ]
      }
    },
    {
      "prevSessionID": "4-00323-2",
      "prevTimeInfo": {
        "timeNum": "5",
        "timeUnit": "일"
      },
      "nthSession": "3",
      "numberOfUtterances": "18",
      "numberOfTurns": "9",
      "sessionID": "4-00323-3",
      "dialog": [
        {
          "speaker": "speaker1",
          "personaID": "31559",
          "participantID": "1016",
          "utterance": "5일만에 연락드리네요. 저는 오늘도 전쟁영화를 보고있어요.",
          "summary": "나는 전쟁 영화를 보고 있다.",
          "date": "2022-10-27",
          "time": "12:39:04",
          "terminate": "false"
        },
        {
          "speaker": "speaker2",
          "personaID": "22631",
          "participantID": "1003",
          "utterance": "전쟁 영화를 정말 좋아하시는 것 같아요!",
          "summary": "",
          "date": "2022-10-27",
          "time": "12:39:09",
          "terminate": "false"
        },
        {
          "speaker": "speaker1",
          "personaID": "31559",
          "participantID": "1016",
          "utterance": "네. 맞아요. 캐나다 유학 준비는 잘 되어 가세요?",
          "summary": "나는 전쟁 영화를 좋아한다.",
          "date": "2022-10-27",
          "time": "12:39:17",
          "terminate": "false"
        },
        {
          "speaker": "speaker2",
          "personaID": "22631",
          "participantID": "1003",
          "utterance": "네. 잘되어 가고 있어요. 저는 오늘 야구를 할 거에요.",
          "summary": "나는 야구를 할 것이다.",
          "date": "2022-10-27",
          "time": "12:39:23",
          "terminate": "false"
        },
        {
          "speaker": "speaker1",
          "personaID": "31559",
          "participantID": "1016",
          "utterance": "야구요? 친구들이랑 같이 야구를 하시나요?",
          "summary": "",
          "date": "2022-10-27",
          "time": "12:39:26",
          "terminate": "false"
        },
        {
          "speaker": "speaker2",
          "personaID": "22631",
          "participantID": "1003",
          "utterance": "맞아요. 같이 유학가는 친구들과 야구를 할 거랍니다.",
          "summary": "나는 유학 가는 친구들과 야구를 할 거다.",
          "date": "2022-10-27",
          "time": "12:39:34",
          "terminate": "false"
        },
        {
          "speaker": "speaker1",
          "personaID": "31559",
          "participantID": "1016",
          "utterance": "친구랑 같이 유학을 간다니 너무 부럽네요.",
          "summary": "나는 상대방이 부럽다.",
          "date": "2022-10-27",
          "time": "12:39:36",
          "terminate": "false"
        },
        {
          "speaker": "speaker2",
          "personaID": "22631",
          "participantID": "1003",
          "utterance": "유학 가보신적 있으신가요? 궁금해요.",
          "summary": "",
          "date": "2022-10-27",
          "time": "12:39:47",
          "terminate": "false"
        },
        {
          "speaker": "speaker1",
          "personaID": "31559",
          "participantID": "1016",
          "utterance": "없어요. 혹시 이전에 직업은 어떻게 되셨나요?",
          "summary": "",
          "date": "2022-10-27",
          "time": "12:39:49",
          "terminate": "false"
        },
        {
          "speaker": "speaker2",
          "personaID": "22631",
          "participantID": "1003",
          "utterance": "저는 이제 막 졸업을 해서 일한 적이 없어요.",
          "summary": "나는 막 졸업을 했다.",
          "date": "2022-10-27",
          "time": "12:39:53",
          "terminate": "false"
        },
        {
          "speaker": "speaker1",
          "personaID": "31559",
          "participantID": "1016",
          "utterance": "아하 그렇군요. 유학은 몇년동안 가시나요?",
          "summary": "",
          "date": "2022-10-27",
          "time": "12:39:56",
          "terminate": "false"
        },
        {
          "speaker": "speaker2",
          "personaID": "22631",
          "participantID": "1003",
          "utterance": "4년정도 다녀올 것 같아요. 빨리 가고 싶어요.",
          "summary": "나는 4년 정도 유학을 갈 것 같다.",
          "date": "2022-10-27",
          "time": "12:40:04",
          "terminate": "false"
        },
        {
          "speaker": "speaker1",
          "personaID": "31559",
          "participantID": "1016",
          "utterance": "오래 가시는군요. 한국이 그리워지지는 않을까요?",
          "summary": "나는 상대방이 오래간다고 생각한다.",
          "date": "2022-10-27",
          "time": "12:40:08",
          "terminate": "false"
        },
        {
          "speaker": "speaker2",
          "personaID": "22631",
          "participantID": "1003",
          "utterance": "지금 상태로서는 별로 그리워하지 않을것 같아요.",
          "summary": "나는 한국이 그리울 것 같지 않다.",
          "date": "2022-10-27",
          "time": "12:40:13",
          "terminate": "false"
        },
        {
          "speaker": "speaker1",
          "personaID": "31559",
          "participantID": "1016",
          "utterance": "그렇군요. 캐나다 가시면 곰 스프레이는 항상 챙겨 다니세요!",
          "summary": "",
          "date": "2022-10-27",
          "time": "12:40:22",
          "terminate": "false"
        },
        {
          "speaker": "speaker2",
          "personaID": "22631",
          "participantID": "1003",
          "utterance": "저도 그 말을 들었어요. 챙겨가야 겠어요.",
          "summary": "나는 곰 스프레이를 챙겨갈 것이다.",
          "date": "2022-10-27",
          "time": "12:40:24",
          "terminate": "false"
        },
        {
          "speaker": "speaker1",
          "personaID": "31559",
          "participantID": "1016",
          "utterance": "네. 그럼 저는 이제 영화를 보고 올게요.",
          "summary": "나는 영화를 보러 갈 것이다.",
          "date": "2022-10-27",
          "time": "12:40:31",
          "terminate": "false"
        },
        {
          "speaker": "speaker2",
          "personaID": "22631",
          "participantID": "1003",
          "utterance": "또 연락해요. 그럼 좋은 하루 되시기를 바래요!",
          "summary": "",
          "date": "2022-10-27",
          "time": "12:40:33",
          "terminate": "true"
        }
      ],
      "sessionPersonaSummary": {
        "speaker1": [
          "나는 전쟁 영화를 보고 있다.",
          "나는 전쟁 영화를 좋아한다.",
          "나는 상대방이 부럽다.",
          "나는 상대방이 오래간다고 생각한다.",
          "나는 영화를 보러 갈 것이다."
        ],
        "speaker2": [
          "나는 야구를 할 것이다.",
          "나는 유학 가는 친구들과 야구를 할 거다.",
          "나는 막 졸업을 했다.",
          "나는 4년 정도 유학을 갈 것 같다.",
          "나는 한국이 그리울 것 같지 않다.",
          "나는 곰 스프레이를 챙겨갈 것이다."
        ]
      },
      "prevAggregatedpersonaSummary": {
        "speaker1": [
          "나는 30대 여성이다.",
          "나는 전쟁영화를 보고 있다.",
          "나는 상대방이 역사에 관심이 많은 것 같다.",
          "나는 상대방이 부럽다.",
          "나는 여행을 별로 좋아하지 않는다.",
          "나는 운동을 좋아하지 않는다.",
          "나는 영화를 마저 보고 올 것이다.",
          "나는 영화를 다 보고 밥도 먹어 써다.",
          "나는 김치볶음밥을 먹었다.",
          "나는 균형 잡힌 식사를 하기 힘들다고 생각한다.",
          "나는 어린이집 교사다. 나는 식단에 관심이 많다.",
          "나는 영양사와 회의를 해서 식사를 정한다.",
          "나는 작은 것까지 확인해야 해서 식사 시간이 스트레스다."
        ],
        "speaker2": [
          "나는 20대 여성이다.",
          "나는 역사/문화 여행을 좋아한다.",
          "나는 캐나다로 유학을 갈 것이다.",
          "나는 다음 달에 유학을 간다.",
          "나는 야구를 좋아한다.",
          "나는 캐나다 여행을 여러 번 가봤다.",
          "나는 캐나다 자연환경이 좋았다.",
          "나는 식사를 할 것이다.",
          "나는 김치볶음밥을 안 먹은 지 오래됐다.",
          "나는 라면이 몸에 좋지 않아서 싫어한다.",
          "나는 귀찮아서 챙겨 먹지 않는다.",
          "나는 불규칙한 식사 시간이 잦다.",
          "나는 밥을 먹을 것이다."
        ]
      }
    },
    {
      "prevSessionID": "4-00323-3",
      "prevTimeInfo": {
        "timeNum": "4",
        "timeUnit": "일"
      },
      "nthSession": "4",
      "numberOfUtterances": "18",
      "numberOfTurns": "9",
      "sessionID": "4-00323-4",
      "dialog": [
        {
          "speaker": "speaker1",
          "personaID": "31559",
          "participantID": "1016",
          "utterance": "4일만에 연락드리네요. 오늘 식사는 하셨나요? 궁금하네요.",
          "summary": "나는 상대방이 식사를 했는지 궁금하다.",
          "date": "2022-10-27",
          "time": "12:40:50",
          "terminate": "false"
        },
        {
          "speaker": "speaker2",
          "personaID": "22631",
          "participantID": "1003",
          "utterance": "네. 오늘은 참치 마요를 먹었답니다.",
          "summary": "나는 참치 마요를 먹었다.",
          "date": "2022-10-27",
          "time": "12:40:58",
          "terminate": "false"
        },
        {
          "speaker": "speaker1",
          "personaID": "31559",
          "participantID": "1016",
          "utterance": "그렇군요. 집에서 직접해서 드신건가요?",
          "summary": "",
          "date": "2022-10-27",
          "time": "12:41:04",
          "terminate": "false"
        },
        {
          "speaker": "speaker2",
          "personaID": "22631",
          "participantID": "1003",
          "utterance": "네. 집에서 먹고 있어요. 식사는 하셨나요?",
          "summary": "나는 집에서 먹었다.",
          "date": "2022-10-27",
          "time": "12:41:15",
          "terminate": "false"
        },
        {
          "speaker": "speaker1",
          "personaID": "31559",
          "participantID": "1016",
          "utterance": "네. 저는 유치원에서 @이름1@과 같이 먹었답니다.",
          "summary": "나는 유치원 @이름1@과 식사를 했다.",
          "date": "2022-10-27",
          "time": "12:41:24",
          "terminate": "false"
        },
        {
          "speaker": "speaker2",
          "personaID": "22631",
          "participantID": "1003",
          "utterance": "그렇군요. 어떤걸 만들어서 드셨나요?궁금해요.",
          "summary": "나는 어떤 걸 만들어 먹었는지 궁금하다.",
          "date": "2022-10-27",
          "time": "12:41:31",
          "terminate": "false"
        },
        {
          "speaker": "speaker1",
          "personaID": "31559",
          "participantID": "1016",
          "utterance": "미니 주먹밥을 해서 먹었어요. @이름1@의 건강을 위해서 비건요리를 했어요.",
          "summary": "나는 비건 미니 주먹밥을 먹었다.",
          "date": "2022-10-27",
          "time": "12:41:40",
          "terminate": "false"
        },
        {
          "speaker": "speaker2",
          "personaID": "22631",
          "participantID": "1003",
          "utterance": "@이름1@이 미니 주먹밥을 만드는 모습이 귀여울것 같아요.",
          "summary": "나는 @이름1@이 주먹밥을 만드는 모습이 귀여울 것 같다.",
          "date": "2022-10-27",
          "time": "12:41:41",
          "terminate": "false"
        },
        {
          "speaker": "speaker1",
          "personaID": "31559",
          "participantID": "1016",
          "utterance": "맞아요. @이름1@을 좋아하시나요?",
          "summary": "",
          "date": "2022-10-27",
          "time": "12:41:44",
          "terminate": "false"
        },
        {
          "speaker": "speaker2",
          "personaID": "22631",
          "participantID": "1003",
          "utterance": "아니요. 저는 사실 @이름1@을 질색하고 있어요.",
          "summary": "나는 @이름1@이 질색이다.",
          "date": "2022-10-27",
          "time": "12:41:52",
          "terminate": "false"
        },
        {
          "speaker": "speaker1",
          "personaID": "31559",
          "participantID": "1016",
          "utterance": "헉 그정도인가요? 정말 귀여운데 아쉽네요.",
          "summary": "나는 @이름1@이 귀엽다.",
          "date": "2022-10-27",
          "time": "12:41:55",
          "terminate": "false"
        },
        {
          "speaker": "speaker2",
          "personaID": "22631",
          "participantID": "1003",
          "utterance": "저도 제가 너무 매정한것 같지만 @이름1@이 싫은건 어쩔수가 없어요.",
          "summary": "나는 @이름1@이 싫은 것은 어쩔 수 없다.",
          "date": "2022-10-27",
          "time": "12:42:04",
          "terminate": "false"
        },
        {
          "speaker": "speaker1",
          "personaID": "31559",
          "participantID": "1016",
          "utterance": "그럴수도있죠. 저도 원래는 안좋아했는데 교사가 된 이후로 좋아졌어요.",
          "summary": "나는 교사가 된 이후로 @이름1@이 좋아졌다.",
          "date": "2022-10-27",
          "time": "12:42:19",
          "terminate": "false"
        },
        {
          "speaker": "speaker2",
          "personaID": "22631",
          "participantID": "1003",
          "utterance": "그렇군요. 저도 언젠가는 @이름1@이 좋아지는 날이 올까요?",
          "summary": "",
          "date": "2022-10-27",
          "time": "12:42:29",
          "terminate": "false"
        },
        {
          "speaker": "speaker1",
          "personaID": "31559",
          "participantID": "1016",
          "utterance": "그럴수도있고 아니여도 뭐 어쩌겠어요?",
          "summary": "",
          "date": "2022-10-27",
          "time": "12:42:36",
          "terminate": "false"
        },
        {
          "speaker": "speaker2",
          "personaID": "22631",
          "participantID": "1003",
          "utterance": "그랬으면 좋겠네요. 저는 이제 화장실을 다녀 와야 할 것 같아요.",
          "summary": "나는 @이름1@이 좋아졌으면 좋겠다.",
          "date": "2022-10-27",
          "time": "12:42:44",
          "terminate": "false"
        },
        {
          "speaker": "speaker1",
          "personaID": "31559",
          "participantID": "1016",
          "utterance": "네. 그럼 화장실 잘 다녀오세요. 다음에 봬요!",
          "summary": "",
          "date": "2022-10-27",
          "time": "12:42:45",
          "terminate": "false"
        },
        {
          "speaker": "speaker2",
          "personaID": "22631",
          "participantID": "1003",
          "utterance": "또 연락해요~ 즐거운 대화였어요! 좋은 하루 되세요!",
          "summary": "",
          "date": "2022-10-27",
          "time": "12:42:52",
          "terminate": "true"
        }
      ],
      "sessionPersonaSummary": {
        "speaker1": [
          "나는 상대방이 식사를 했는지 궁금하다.",
          "나는 유치원 @이름1@과 식사를 했다.",
          "나는 비건 미니 주먹밥을 먹었다.",
          "나는 @이름1@이 귀엽다.",
          "나는 교사가 된 이후로 @이름1@이 좋아졌다."
        ],
        "speaker2": [
          "나는 참치 마요를 먹었다.",
          "나는 집에서 먹었다.",
          "나는 어떤 걸 만들어 먹었는지 궁금하다.",
          "나는 @이름1@이 주먹밥을 만드는 모습이 귀여울 것 같다.",
          "나는 @이름1@이 질색이다.",
          "나는 @이름1@이 싫은 것은 어쩔 수 없다.",
          "나는 @이름1@이 좋아졌으면 좋겠다."
        ]
      },
      "prevAggregatedpersonaSummary": {
        "speaker1": [
          "나는 30대 여성이다.",
          "나는 전쟁영화를 보고 있다.",
          "나는 상대방이 역사에 관심이 많은 것 같다.",
          "나는 상대방이 부럽다.",
          "나는 여행을 별로 좋아하지 않는다.",
          "나는 운동을 좋아하지 않는다.",
          "나는 영화를 마저 보고 올 것이다.",
          "나는 영화를 다 보고 밥도 먹어 써다.",
          "나는 김치볶음밥을 먹었다.",
          "나는 균형 잡힌 식사를 하기 힘들다고 생각한다.",
          "나는 어린이집 교사다. 나는 식단에 관심이 많다.",
          "나는 영양사와 회의를 해서 식사를 정한다.",
          "나는 작은 것까지 확인해야 해서 식사 시간이 스트레스다.",
          "나는 전쟁 영화를 보고 있다.",
          "나는 전쟁 영화를 좋아한다.",
          "나는 상대방이 부럽다.",
          "나는 상대방이 오래간다고 생각한다.",
          "나는 영화를 보러 갈 것이다."
        ],
        "speaker2": [
          "나는 20대 여성이다.",
          "나는 역사/문화 여행을 좋아한다.",
          "나는 캐나다로 유학을 갈 것이다.",
          "나는 다음 달에 유학을 간다.",
          "나는 야구를 좋아한다.",
          "나는 캐나다 여행을 여러 번 가봤다.",
          "나는 캐나다 자연환경이 좋았다.",
          "나는 식사를 할 것이다.",
          "나는 김치볶음밥을 안 먹은 지 오래됐다.",
          "나는 라면이 몸에 좋지 않아서 싫어한다.",
          "나는 귀찮아서 챙겨 먹지 않는다.",
          "나는 불규칙한 식사 시간이 잦다.",
          "나는 밥을 먹을 것이다.",
          "나는 야구를 할 것이다.",
          "나는 유학 가는 친구들과 야구를 할 거다.",
          "나는 막 졸업을 했다.",
          "나는 4년 정도 유학을 갈 것 같다.",
          "나는 한국이 그리울 것 같지 않다.",
          "나는 곰 스프레이를 챙겨갈 것이다."
        ]
      }
    }
  ]
}