{
  "FileInfo": {
    "filename": "K4-00466-CL04999-CP05036-17-01-S4.json",
    "sessionLevel": "4"
  },
  "participantsInfo": {
    "numberOfParticipants": "2",
    "speaker1": {
      "participantID": "0193",
      "gender": "여성",
      "age": "50대",
      "occupation": "전문직",
      "bPlace": "광주/전라/제주",
      "gPlace": "광주/전라/제주",
      "rPlace": "광주/전라/제주",
      "educationLevel": "대학원졸"
    },
    "speaker2": {
      "participantID": "0215",
      "gender": "여성",
      "age": "50대",
      "occupation": "무직",
      "bPlace": "부산/대구/울산/경상",
      "gPlace": "부산/대구/울산/경상",
      "rPlace": "부산/대구/울산/경상",
      "educationLevel": "대졸"
    }
  },
  "multisessionInfo": {
    "multisessionID": "4-00466"
  },
  "personaInfo": {
    "clInfo": {
      "personaID": "04999",
      "personaFeatures": [
        "나는 여자이다.",
        "나는 50대이다.",
        "나의 거주지는 서울이다.",
        "나는 TV 뉴스를 싫어한다.",
        "나는 생선조림을 안 먹는다."
      ],
      "speakerType": "speaker1"
    },
    "cpInfo": {
      "personaID": "05036",
      "personaFeatures": [
        "나는 여자이다.",
        "나는 50대이다.",
        "나의 거주지는 서울이다.",
        "나는 위스키를 좋아한다.",
        "나는 컨트리 음악을 자주 듣는다."
      ],
      "speakerType": "speaker2"
    }
  },
  "topicInfo": {
    "topicID": "17-01",
    "topicType": "미용과 건강>건강",
    "topicTitle": "신체증상"
  },
  "sessionInfo": [
    {
      "prevSessionID": null,
      "prevTimeInfo": {
        "timeNum": null,
        "timeUnit": null
      },
      "nthSession": "1",
      "numberOfUtterances": "20",
      "numberOfTurns": "10",
      "sessionID": "4-00466-1",
      "dialog": [
        {
          "speaker": "speaker1",
          "personaID": "04999",
          "participantID": "0193",
          "utterance": "서울사는 여자~ 50대입니다~ 어서오세요~ㅎㅎ.",
          "summary": "나는 50대 여자이다. 나는 서울에 산다.",
          "date": "2022-09-19",
          "time": "14:22:13",
          "terminate": "false"
        },
        {
          "speaker": "speaker2",
          "personaID": "05036",
          "participantID": "0215",
          "utterance": "저도 서울 살고 있습니다~ 50대 여자에요~ 잘 부탁드립니다~",
          "summary": "나는 서울에 거주한다. 나는 50대 여자이다.",
          "date": "2022-09-19",
          "time": "14:22:13",
          "terminate": "false"
        },
        {
          "speaker": "speaker1",
          "personaID": "04999",
          "participantID": "0193",
          "utterance": "어휴 요즘 남편 때문에 스트레스에요~ㅠㅠ.",
          "summary": "",
          "date": "2022-09-19",
          "time": "14:22:13",
          "terminate": "false"
        },
        {
          "speaker": "speaker2",
          "personaID": "05036",
          "participantID": "0215",
          "utterance": "남편 분이랑 무슨 일이 있으신가요~?",
          "summary": "",
          "date": "2022-09-19",
          "time": "14:22:13",
          "terminate": "false"
        },
        {
          "speaker": "speaker1",
          "personaID": "04999",
          "participantID": "0193",
          "utterance": "매일 제가 싫어하는 TV뉴스나 보고~ 저는 먹지도 않는 생선조림이나 하라고 하고~",
          "summary": "나는 TV 뉴스가 싫다. 나는 생선조림을 안 먹는다.",
          "date": "2022-09-19",
          "time": "14:22:13",
          "terminate": "false"
        },
        {
          "speaker": "speaker2",
          "personaID": "05036",
          "participantID": "0215",
          "utterance": "그거는 고민이겠네요.. 싸우지는 않으세요~?",
          "summary": "",
          "date": "2022-09-19",
          "time": "14:22:13",
          "terminate": "false"
        },
        {
          "speaker": "speaker1",
          "personaID": "04999",
          "participantID": "0193",
          "utterance": "어떻게 그렇게 미운짓만 골라서하는지 진짜 뒷통수를 한대 치고 싶어요~ㅋㅋ.",
          "summary": "",
          "date": "2022-09-19",
          "time": "14:22:13",
          "terminate": "false"
        },
        {
          "speaker": "speaker2",
          "personaID": "05036",
          "participantID": "0215",
          "utterance": "그거는 저도 가끔 그럴 때가 있네요~ㅋㅋㅋ.",
          "summary": "",
          "date": "2022-09-19",
          "time": "14:22:13",
          "terminate": "false"
        },
        {
          "speaker": "speaker1",
          "personaID": "04999",
          "participantID": "0193",
          "utterance": "근데 정말 능구렁이 같은 인간이~ 화가 머리 끝까지 날 때쯤에 꽃같은거 사와서 아양을 떠네요...",
          "summary": "나의 남편은 능구렁이다.",
          "date": "2022-09-19",
          "time": "14:22:13",
          "terminate": "false"
        },
        {
          "speaker": "speaker2",
          "personaID": "05036",
          "participantID": "0215",
          "utterance": "그래도 애교 같은 거는 부릴 줄 아네요~ 저희 남편은 그런 것도 없어요~",
          "summary": "나의 남편은 애교가 없다.",
          "date": "2022-09-19",
          "time": "14:22:13",
          "terminate": "false"
        },
        {
          "speaker": "speaker1",
          "personaID": "04999",
          "participantID": "0193",
          "utterance": "그래놓고 또 자기 맘대로 하죠~ 정말 영악해요~ 남자인데 여우 같아요~",
          "summary": "",
          "date": "2022-09-19",
          "time": "14:22:13",
          "terminate": "false"
        },
        {
          "speaker": "speaker2",
          "personaID": "05036",
          "participantID": "0215",
          "utterance": "그래서 더 뭐라고 말도 못하겠군요~",
          "summary": "",
          "date": "2022-09-19",
          "time": "14:22:13",
          "terminate": "false"
        },
        {
          "speaker": "speaker1",
          "personaID": "04999",
          "participantID": "0193",
          "utterance": "그런 상황을 만들어 버려요~ 어쩔땐 화가 나다가고 귀엽기도 하고...여우에요 여우...",
          "summary": "",
          "date": "2022-09-19",
          "time": "14:22:13",
          "terminate": "false"
        },
        {
          "speaker": "speaker2",
          "personaID": "05036",
          "participantID": "0215",
          "utterance": "그래도 귀여운 구석이라도 있네요~",
          "summary": "",
          "date": "2022-09-19",
          "time": "14:22:13",
          "terminate": "false"
        },
        {
          "speaker": "speaker1",
          "personaID": "04999",
          "participantID": "0193",
          "utterance": "우리 아들도 자기 아빠 닯아서 능구렁이 처럼 자기가 원하는건 어떻게든 얻네요~",
          "summary": "",
          "date": "2022-09-19",
          "time": "14:22:13",
          "terminate": "false"
        },
        {
          "speaker": "speaker2",
          "personaID": "05036",
          "participantID": "0215",
          "utterance": "그런 건 잘 닮네요~ㅋㅋㅋ 저희 아들도 그런 이상한 것만 지아빠 닮고~",
          "summary": "나의 아들은 아빠를 닮았다.",
          "date": "2022-09-19",
          "time": "14:22:13",
          "terminate": "false"
        },
        {
          "speaker": "speaker1",
          "personaID": "04999",
          "participantID": "0193",
          "utterance": "아주 쏙 빼닮았죠~ 얼굴도 똑같이 생겨서는...",
          "summary": "나의 아들은 아빠를 닮았다.",
          "date": "2022-09-19",
          "time": "14:22:13",
          "terminate": "false"
        },
        {
          "speaker": "speaker2",
          "personaID": "05036",
          "participantID": "0215",
          "utterance": "그러게요~ 저도 아들 보면 가끔 애아빠가 비쳐지는 것 같아요~",
          "summary": "",
          "date": "2022-09-19",
          "time": "14:22:13",
          "terminate": "false"
        },
        {
          "speaker": "speaker1",
          "personaID": "04999",
          "participantID": "0193",
          "utterance": "맞아요~ 피는 어디 안가나봐요~ㅎㅎ 저는 약속이 있어서~ 다음에 이야기해요!",
          "summary": "나는 약속이 있다.",
          "date": "2022-09-19",
          "time": "14:22:13",
          "terminate": "false"
        },
        {
          "speaker": "speaker2",
          "personaID": "05036",
          "participantID": "0215",
          "utterance": "피는 못 속이죠~ 네~ 다음에 연락 주세요~",
          "summary": "",
          "date": "2022-09-19",
          "time": "14:22:13",
          "terminate": "true"
        }
      ],
      "sessionPersonaSummary": {
        "speaker1": [
          "나는 50대 여자이다. 나는 서울에 산다.",
          "나는 TV 뉴스가 싫다. 나는 생선조림을 안 먹는다.",
          "나의 남편은 능구렁이다.",
          "나의 아들은 아빠를 닮았다.",
          "나는 약속이 있다."
        ],
        "speaker2": [
          "나는 서울에 거주한다. 나는 50대 여자이다.",
          "나의 남편은 애교가 없다.",
          "나의 아들은 아빠를 닮았다."
        ]
      },
      "prevAggregatedpersonaSummary": {
        "speaker1": [],
        "speaker2": []
      }
    },
    {
      "prevSessionID": "4-00466-1",
      "prevTimeInfo": {
        "timeNum": "5",
        "timeUnit": "주"
      },
      "nthSession": "2",
      "numberOfUtterances": "20",
      "numberOfTurns": "10",
      "sessionID": "4-00466-2",
      "dialog": [
        {
          "speaker": "speaker1",
          "personaID": "04999",
          "participantID": "0193",
          "utterance": "정말 오랜만이네요~ 그 동안 잘 지냈나요?",
          "summary": "",
          "date": "2022-09-19",
          "time": "14:22:24",
          "terminate": "false"
        },
        {
          "speaker": "speaker2",
          "personaID": "05036",
          "participantID": "0215",
          "utterance": "네~ 정말 오랜만입니다~ 저는 잘 지냈어요~ 어떻게 지내셨나요?",
          "summary": "",
          "date": "2022-09-19",
          "time": "14:22:37",
          "terminate": "false"
        },
        {
          "speaker": "speaker1",
          "personaID": "04999",
          "participantID": "0193",
          "utterance": "저는 갑자기 가슴이 답답해져서~ 병원을 좀 다녔네요~",
          "summary": "나는 가슴이 답답하다. 나는 병원을 갔다.",
          "date": "2022-09-19",
          "time": "14:23:00",
          "terminate": "false"
        },
        {
          "speaker": "speaker2",
          "personaID": "05036",
          "participantID": "0215",
          "utterance": "아이고.. 괜찮으신가요? 병원에서는 뭐라고 하나요~?",
          "summary": "",
          "date": "2022-09-19",
          "time": "14:23:20",
          "terminate": "false"
        },
        {
          "speaker": "speaker1",
          "personaID": "04999",
          "participantID": "0193",
          "utterance": "작은병원에서는 별 진단이 안나와서 대학병원을 꾸준히 다녔는데~ 그냥 백신 부작용 같다고 하네요~",
          "summary": "나는 백신 부작용이 있다.",
          "date": "2022-09-19",
          "time": "14:23:41",
          "terminate": "false"
        },
        {
          "speaker": "speaker2",
          "personaID": "05036",
          "participantID": "0215",
          "utterance": "아.. 그렇구나~ 근데 그거 그대로 방치해둬도 되는 건가요?",
          "summary": "",
          "date": "2022-09-19",
          "time": "14:23:59",
          "terminate": "false"
        },
        {
          "speaker": "speaker1",
          "personaID": "04999",
          "participantID": "0193",
          "utterance": "딱히~ 지금 치료할 단계는 아니라고하고 매일 자가진단을 하라고 하네요~ 조금 이상 있으면 병원 오라고~",
          "summary": "나는 치료할 단계는 아니다. 나는 매일 자가진단을 한다.",
          "date": "2022-09-19",
          "time": "14:24:25",
          "terminate": "false"
        },
        {
          "speaker": "speaker2",
          "personaID": "05036",
          "participantID": "0215",
          "utterance": "아, 그러시구나~ 그래도 진작에 병원을 가보셔서 다행이네요~",
          "summary": "",
          "date": "2022-09-19",
          "time": "14:24:46",
          "terminate": "false"
        },
        {
          "speaker": "speaker1",
          "personaID": "04999",
          "participantID": "0193",
          "utterance": "보통의 경우에는 시간이 지나면~ 점차 나아진다고 하네요... 느낌이 이상했거든요~",
          "summary": "",
          "date": "2022-09-19",
          "time": "14:25:00",
          "terminate": "false"
        },
        {
          "speaker": "speaker2",
          "personaID": "05036",
          "participantID": "0215",
          "utterance": "그렇구나~ 많이 이상이 없다면 다행이네요~",
          "summary": "",
          "date": "2022-09-19",
          "time": "14:25:15",
          "terminate": "false"
        },
        {
          "speaker": "speaker1",
          "personaID": "04999",
          "participantID": "0193",
          "utterance": "코로나나 백신이 여자들한테 좀 더 안좋은 부작용이 많다고 하더라고요~",
          "summary": "",
          "date": "2022-09-19",
          "time": "14:25:35",
          "terminate": "false"
        },
        {
          "speaker": "speaker2",
          "personaID": "05036",
          "participantID": "0215",
          "utterance": "그거는 조금 억울하네요~ 근데 저는 그런 신체 증상이 없었네요~",
          "summary": "나는 부작용이 없었다.",
          "date": "2022-09-19",
          "time": "14:25:48",
          "terminate": "false"
        },
        {
          "speaker": "speaker1",
          "personaID": "04999",
          "participantID": "0193",
          "utterance": "젊은 여자들은 생리불순 같은게 생긴다고 해요~",
          "summary": "",
          "date": "2022-09-19",
          "time": "14:26:03",
          "terminate": "false"
        },
        {
          "speaker": "speaker2",
          "personaID": "05036",
          "participantID": "0215",
          "utterance": "아.. 그런가요? 그것만이라면 다행인데..",
          "summary": "",
          "date": "2022-09-19",
          "time": "14:26:22",
          "terminate": "false"
        },
        {
          "speaker": "speaker1",
          "personaID": "04999",
          "participantID": "0193",
          "utterance": "별의별 부작용이 있더라고요~ 없는사람은 또 하나도 없고~",
          "summary": "",
          "date": "2022-09-19",
          "time": "14:27:00",
          "terminate": "false"
        },
        {
          "speaker": "speaker2",
          "personaID": "05036",
          "participantID": "0215",
          "utterance": "없는 게 최고죠~ 애초에 코로나가 나온 게 잘못이죠~",
          "summary": "",
          "date": "2022-09-19",
          "time": "14:27:12",
          "terminate": "false"
        },
        {
          "speaker": "speaker1",
          "personaID": "04999",
          "participantID": "0193",
          "utterance": "그러니까요~ㅠㅠ 어디서 나왔는지~ 정말~ 그래도 이제는 치료제도 있고 어느정도 안심이예요~",
          "summary": "",
          "date": "2022-09-19",
          "time": "14:27:32",
          "terminate": "false"
        },
        {
          "speaker": "speaker2",
          "personaID": "05036",
          "participantID": "0215",
          "utterance": "정말 치료제도 없었을 때는 답답한 일상이었죠~",
          "summary": "",
          "date": "2022-09-19",
          "time": "14:27:45",
          "terminate": "false"
        },
        {
          "speaker": "speaker1",
          "personaID": "04999",
          "participantID": "0193",
          "utterance": "맞아요~ 답답했죠~ 지금도 답답하긴 하지만~ 저는 이만 반찬거리 사러 가볼게요~ 다음에 이야기 해요~",
          "summary": "나는 반찰 거리 사러 간다.",
          "date": "2022-09-19",
          "time": "14:28:18",
          "terminate": "false"
        },
        {
          "speaker": "speaker2",
          "personaID": "05036",
          "participantID": "0215",
          "utterance": "하긴요~ 지금도 많이 답답하죠~ 네~ 알겠습니다~ 조심히 다녀오세요~",
          "summary": "",
          "date": "2022-09-19",
          "time": "14:28:33",
          "terminate": "true"
        }
      ],
      "sessionPersonaSummary": {
        "speaker1": [
          "나는 가슴이 답답하다. 나는 병원을 갔다.",
          "나는 백신 부작용이 있다.",
          "나는 치료할 단계는 아니다. 나는 매일 자가진단을 한다.",
          "나는 반찰 거리 사러 간다."
        ],
        "speaker2": [
          "나는 부작용이 없었다."
        ]
      },
      "prevAggregatedpersonaSummary": {
        "speaker1": [
          "나는 50대 여자이다. 나는 서울에 산다.",
          "나는 TV 뉴스가 싫다. 나는 생선조림을 안 먹는다.",
          "나의 남편은 능구렁이다.",
          "나의 아들은 아빠를 닮았다.",
          "나는 약속이 있다."
        ],
        "speaker2": [
          "나는 서울에 거주한다. 나는 50대 여자이다.",
          "나의 남편은 애교가 없다.",
          "나의 아들은 아빠를 닮았다."
        ]
      }
    },
    {
      "prevSessionID": "4-00466-2",
      "prevTimeInfo": {
        "timeNum": "19",
        "timeUnit": "시간"
      },
      "nthSession": "3",
      "numberOfUtterances": "20",
      "numberOfTurns": "10",
      "sessionID": "4-00466-3",
      "dialog": [
        {
          "speaker": "speaker1",
          "personaID": "04999",
          "participantID": "0193",
          "utterance": "하루가 지났네요~ㅎㅎ 즐거운 주말입니다~",
          "summary": "",
          "date": "2022-09-19",
          "time": "14:28:50",
          "terminate": "false"
        },
        {
          "speaker": "speaker2",
          "personaID": "05036",
          "participantID": "0215",
          "utterance": "즐거운 주말이네요~ 오늘이 쉬는 날이라서 저는 어제 제가 자주 듣는 컨트리 음악을 들으면서 제가 좋아하는 위스키를 마셨네요~",
          "summary": "나는 컨트리 음악을 자주 듣는다. 나는 위스키를 좋아한다.",
          "date": "2022-09-19",
          "time": "14:28:58",
          "terminate": "false"
        },
        {
          "speaker": "speaker1",
          "personaID": "04999",
          "participantID": "0193",
          "utterance": "컨트리 음악을 좋아하시나바요? 조금 생소한 음악 이네요~",
          "summary": "",
          "date": "2022-09-19",
          "time": "14:29:41",
          "terminate": "false"
        },
        {
          "speaker": "speaker2",
          "personaID": "05036",
          "participantID": "0215",
          "utterance": "네~ 좋아해서 자주 들어요~ 생소하긴 하죠~ 조금 매니아적이기는 해요~",
          "summary": "나는 컨트리 음악을 좋아한다.",
          "date": "2022-09-19",
          "time": "14:29:56",
          "terminate": "false"
        },
        {
          "speaker": "speaker1",
          "personaID": "04999",
          "participantID": "0193",
          "utterance": "뭔가 70년대 미국에서 오픈카 타면서 들을것 같은 이미지네요~ㅎㅎ.",
          "summary": "",
          "date": "2022-09-19",
          "time": "14:30:45",
          "terminate": "false"
        },
        {
          "speaker": "speaker2",
          "personaID": "05036",
          "participantID": "0215",
          "utterance": "그런 이미지가 맞아요~ 그런 분위기를 좋아해서요~",
          "summary": "",
          "date": "2022-09-19",
          "time": "14:30:58",
          "terminate": "false"
        },
        {
          "speaker": "speaker1",
          "personaID": "04999",
          "participantID": "0193",
          "utterance": "그렇군요~ㅎㅎ 음악을 좀 좋아 하시나봐요~",
          "summary": "",
          "date": "2022-09-19",
          "time": "14:31:12",
          "terminate": "false"
        },
        {
          "speaker": "speaker2",
          "personaID": "05036",
          "participantID": "0215",
          "utterance": "네~ 분위기 있게 음악을 즐기는 편입니다~",
          "summary": "",
          "date": "2022-09-19",
          "time": "14:31:24",
          "terminate": "false"
        },
        {
          "speaker": "speaker1",
          "personaID": "04999",
          "participantID": "0193",
          "utterance": "저는 블루스 음악을 참 좋아 하는편입니다~",
          "summary": "나는 블루스 음악이 좋다.",
          "date": "2022-09-19",
          "time": "14:31:34",
          "terminate": "false"
        },
        {
          "speaker": "speaker2",
          "personaID": "05036",
          "participantID": "0215",
          "utterance": "블루스 음악도 매니아적인 것 같네요~",
          "summary": "",
          "date": "2022-09-19",
          "time": "14:31:45",
          "terminate": "false"
        },
        {
          "speaker": "speaker1",
          "personaID": "04999",
          "participantID": "0193",
          "utterance": "맞아요~ 옛날에나 유행했지 요즘에는 생소하죠~ㅎㅎ 특히나 기타 블루스 음악을 좋아해요~",
          "summary": "",
          "date": "2022-09-19",
          "time": "14:32:01",
          "terminate": "false"
        },
        {
          "speaker": "speaker2",
          "personaID": "05036",
          "participantID": "0215",
          "utterance": "확실히 요즘 취향은 아니죠~ 저랑도 잘 맞을 것 같네요~ㅎㅎ.",
          "summary": "",
          "date": "2022-09-19",
          "time": "14:32:16",
          "terminate": "false"
        },
        {
          "speaker": "speaker1",
          "personaID": "04999",
          "participantID": "0193",
          "utterance": "혹시 @이름1@ 클립톤이랑 스티비 레이본 아시나요?",
          "summary": "",
          "date": "2022-09-19",
          "time": "14:32:28",
          "terminate": "false"
        },
        {
          "speaker": "speaker2",
          "personaID": "05036",
          "participantID": "0215",
          "utterance": "모르겠네요~ 그게 뭔가요~?",
          "summary": "",
          "date": "2022-09-19",
          "time": "14:32:40",
          "terminate": "false"
        },
        {
          "speaker": "speaker1",
          "personaID": "04999",
          "participantID": "0193",
          "utterance": "유명한 블루스 기타리스트들인데~ 제가 참 좋아해요~ 근데 스티비레이본은 지금 이 세상 사람이 아니네요~",
          "summary": "나는 @이름1@클립톤과 스티비 레이본을 좋아한다.",
          "date": "2022-09-19",
          "time": "14:32:55",
          "terminate": "false"
        },
        {
          "speaker": "speaker2",
          "personaID": "05036",
          "participantID": "0215",
          "utterance": "아~ 기타리스트였구나~ 옛날 사람들이었군요!",
          "summary": "",
          "date": "2022-09-19",
          "time": "14:33:14",
          "terminate": "false"
        },
        {
          "speaker": "speaker1",
          "personaID": "04999",
          "participantID": "0193",
          "utterance": "네~ 근데 애석하게도 한참 잘나가던 27살때 헬기 폭파사고로 사망 했어요...ㅠㅠ.",
          "summary": "",
          "date": "2022-09-19",
          "time": "14:33:30",
          "terminate": "false"
        },
        {
          "speaker": "speaker2",
          "personaID": "05036",
          "participantID": "0215",
          "utterance": "아이고.. 젊은 나이에 죽었구나.. 안타깝네요 ㅠㅠ.",
          "summary": "나는 젊은 나이에 죽은 기타 천재가 안타깝다.",
          "date": "2022-09-19",
          "time": "14:33:42",
          "terminate": "false"
        },
        {
          "speaker": "speaker1",
          "personaID": "04999",
          "participantID": "0193",
          "utterance": "그러니까요~ 천재적인 사람이였는데... 잠시만요~ 누가 온것 같네요~",
          "summary": "",
          "date": "2022-09-19",
          "time": "14:34:01",
          "terminate": "false"
        },
        {
          "speaker": "speaker2",
          "personaID": "05036",
          "participantID": "0215",
          "utterance": "아쉬운 부분이네요 ㅠㅠ 네~ 일 보시고 오세요~",
          "summary": "",
          "date": "2022-09-19",
          "time": "14:34:17",
          "terminate": "true"
        }
      ],
      "sessionPersonaSummary": {
        "speaker1": [
          "나는 블루스 음악이 좋다.",
          "나는 @이름1@클립톤과 스티비 레이본을 좋아한다."
        ],
        "speaker2": [
          "나는 컨트리 음악을 자주 듣는다. 나는 위스키를 좋아한다.",
          "나는 컨트리 음악을 좋아한다.",
          "나는 젊은 나이에 죽은 기타 천재가 안타깝다."
        ]
      },
      "prevAggregatedpersonaSummary": {
        "speaker1": [
          "나는 50대 여자이다. 나는 서울에 산다.",
          "나는 TV 뉴스가 싫다. 나는 생선조림을 안 먹는다.",
          "나의 남편은 능구렁이다.",
          "나의 아들은 아빠를 닮았다.",
          "나는 약속이 있다.",
          "나는 가슴이 답답하다. 나는 병원을 갔다.",
          "나는 백신 부작용이 있다.",
          "나는 치료할 단계는 아니다. 나는 매일 자가진단을 한다.",
          "나는 반찰 거리 사러 간다."
        ],
        "speaker2": [
          "나는 서울에 거주한다. 나는 50대 여자이다.",
          "나의 남편은 애교가 없다.",
          "나의 아들은 아빠를 닮았다.",
          "나는 부작용이 없었다."
        ]
      }
    },
    {
      "prevSessionID": "4-00466-3",
      "prevTimeInfo": {
        "timeNum": "2",
        "timeUnit": "시간"
      },
      "nthSession": "4",
      "numberOfUtterances": "20",
      "numberOfTurns": "10",
      "sessionID": "4-00466-4",
      "dialog": [
        {
          "speaker": "speaker1",
          "personaID": "04999",
          "participantID": "0193",
          "utterance": "아까 친구가 잠깐와서~ 이야기 좀 했네요~ 당시에 몇몇 천재들이 27살에 죽어서 괴담이 돌았죠~",
          "summary": "나는 친구와 이야기를 했다.",
          "date": "2022-09-19",
          "time": "14:34:33",
          "terminate": "false"
        },
        {
          "speaker": "speaker2",
          "personaID": "05036",
          "participantID": "0215",
          "utterance": "오래 이야기하셨네요~ 무슨 괴담이던가요?",
          "summary": "",
          "date": "2022-09-19",
          "time": "14:34:45",
          "terminate": "false"
        },
        {
          "speaker": "speaker1",
          "personaID": "04999",
          "participantID": "0193",
          "utterance": "진짜 천재는 27에 죽는 다느니~ 공연을 할때 에너지를 너무 많이써서 죽는다느니~ 그런 이야기요~",
          "summary": "",
          "date": "2022-09-19",
          "time": "14:35:10",
          "terminate": "false"
        },
        {
          "speaker": "speaker2",
          "personaID": "05036",
          "participantID": "0215",
          "utterance": "아~ 그거는 진짜 괴담이네요~",
          "summary": "",
          "date": "2022-09-19",
          "time": "14:35:19",
          "terminate": "false"
        },
        {
          "speaker": "speaker1",
          "personaID": "04999",
          "participantID": "0193",
          "utterance": "그렇죠~ 당시 에립클립톤이랑 스티비레이본이 라이벌 같은 구도였는데~ 클립톤 공연 게스트로 갔다 오는길에 죽어서...ㅠㅠ.",
          "summary": "",
          "date": "2022-09-19",
          "time": "14:35:54",
          "terminate": "false"
        },
        {
          "speaker": "speaker2",
          "personaID": "05036",
          "participantID": "0215",
          "utterance": "그렇구나~ 공연 게스트로 갔다가 그런 일이 발생한 거군요..",
          "summary": "",
          "date": "2022-09-19",
          "time": "14:36:22",
          "terminate": "false"
        },
        {
          "speaker": "speaker1",
          "personaID": "04999",
          "participantID": "0193",
          "utterance": "의문점이 많았죠~ 당시에는 기술이 없어서 어떻게 된건지도 잘 모르고~",
          "summary": "",
          "date": "2022-09-19",
          "time": "14:36:35",
          "terminate": "false"
        },
        {
          "speaker": "speaker2",
          "personaID": "05036",
          "participantID": "0215",
          "utterance": "확실히 옛날에는 기술이 없어서 잘 몰랐겠네요~",
          "summary": "",
          "date": "2022-09-19",
          "time": "14:36:54",
          "terminate": "false"
        },
        {
          "speaker": "speaker1",
          "personaID": "04999",
          "participantID": "0193",
          "utterance": "가만 보면 음악계에 뭔가 천재성 있는 사람들은 이상하게 죽더라고요~",
          "summary": "",
          "date": "2022-09-19",
          "time": "14:37:12",
          "terminate": "false"
        },
        {
          "speaker": "speaker2",
          "personaID": "05036",
          "participantID": "0215",
          "utterance": "음.. 그런가요~? 그거는 잘 모르겠네요~",
          "summary": "",
          "date": "2022-09-19",
          "time": "14:37:26",
          "terminate": "false"
        },
        {
          "speaker": "speaker1",
          "personaID": "04999",
          "participantID": "0193",
          "utterance": "마약을 많이해서 그런가~? 말도 안되게 죽는 사람들이 있어요~ X-JAPN 아시나요?",
          "summary": "",
          "date": "2022-09-19",
          "time": "14:37:52",
          "terminate": "false"
        },
        {
          "speaker": "speaker2",
          "personaID": "05036",
          "participantID": "0215",
          "utterance": "엑스재팬 알고 있습니다~ 일본의 전설적인 밴드잖아요~",
          "summary": "나는 엑스재팬을 알고 있다.",
          "date": "2022-09-19",
          "time": "14:38:08",
          "terminate": "false"
        },
        {
          "speaker": "speaker1",
          "personaID": "04999",
          "participantID": "0193",
          "utterance": "거기 기타치는 사람도 혼자 수건으로 목메서 죽었잖아요~",
          "summary": "",
          "date": "2022-09-19",
          "time": "14:38:18",
          "terminate": "false"
        },
        {
          "speaker": "speaker2",
          "personaID": "05036",
          "participantID": "0215",
          "utterance": "그렇긴 하죠~ 뭔가 예술을 하는 사람들은 스트레스가 남다른가..",
          "summary": "",
          "date": "2022-09-19",
          "time": "14:38:43",
          "terminate": "false"
        },
        {
          "speaker": "speaker1",
          "personaID": "04999",
          "participantID": "0193",
          "utterance": "그게 경동맥이 눌리면~ 묘하게 쾌락이 온다고 하네요~ 그 사람이 평소에도 그걸 즐겼다고 해요~",
          "summary": "",
          "date": "2022-09-19",
          "time": "14:38:55",
          "terminate": "false"
        },
        {
          "speaker": "speaker2",
          "personaID": "05036",
          "participantID": "0215",
          "utterance": "아~ 엔돌핀이 분비되면서 그렇게 된다고는 들었네요~ 그거는 이해가 안 가네요~",
          "summary": "",
          "date": "2022-09-19",
          "time": "14:39:13",
          "terminate": "false"
        },
        {
          "speaker": "speaker1",
          "personaID": "04999",
          "participantID": "0193",
          "utterance": "술에 만취해서 그 짓을 하다가... 사고가 났다고 하더라고요~",
          "summary": "",
          "date": "2022-09-19",
          "time": "14:39:27",
          "terminate": "false"
        },
        {
          "speaker": "speaker2",
          "personaID": "05036",
          "participantID": "0215",
          "utterance": "에휴.. 술이 문제네요.. 그런 행동을 하는 것도 문제긴 하지만..",
          "summary": "",
          "date": "2022-09-19",
          "time": "14:39:40",
          "terminate": "false"
        },
        {
          "speaker": "speaker1",
          "personaID": "04999",
          "participantID": "0193",
          "utterance": "애초에 이상한걸 해서 그런것 같아요~ㅠㅠ 저는 이만 빨래를 해야되서요~ 잠시만요~",
          "summary": "나는 빨래를 한다.",
          "date": "2022-09-19",
          "time": "14:40:02",
          "terminate": "false"
        },
        {
          "speaker": "speaker2",
          "personaID": "05036",
          "participantID": "0215",
          "utterance": "확실히 그렇네요~ 네~ 알겠습니다~ 빨래하시고 오세요~",
          "summary": "",
          "date": "2022-09-19",
          "time": "14:40:16",
          "terminate": "true"
        }
      ],
      "sessionPersonaSummary": {
        "speaker1": [
          "나는 친구와 이야기를 했다.",
          "나는 빨래를 한다."
        ],
        "speaker2": [
          "나는 엑스재팬을 알고 있다."
        ]
      },
      "prevAggregatedpersonaSummary": {
        "speaker1": [
          "나는 50대 여자이다. 나는 서울에 산다.",
          "나는 TV 뉴스가 싫다. 나는 생선조림을 안 먹는다.",
          "나의 남편은 능구렁이다.",
          "나의 아들은 아빠를 닮았다.",
          "나는 약속이 있다.",
          "나는 가슴이 답답하다. 나는 병원을 갔다.",
          "나는 백신 부작용이 있다.",
          "나는 치료할 단계는 아니다. 나는 매일 자가진단을 한다.",
          "나는 반찰 거리 사러 간다.",
          "나는 블루스 음악이 좋다.",
          "나는 @이름1@클립톤과 스티비 레이본을 좋아한다."
        ],
        "speaker2": [
          "나는 서울에 거주한다. 나는 50대 여자이다.",
          "나의 남편은 애교가 없다.",
          "나의 아들은 아빠를 닮았다.",
          "나는 부작용이 없었다.",
          "나는 컨트리 음악을 자주 듣는다. 나는 위스키를 좋아한다.",
          "나는 컨트리 음악을 좋아한다.",
          "나는 젊은 나이에 죽은 기타 천재가 안타깝다."
        ]
      }
    }
  ]
}