{
  "FileInfo": {
    "filename": "K4-00356-CL21801-CP20983-16-01-S4.json",
    "sessionLevel": "4"
  },
  "participantsInfo": {
    "numberOfParticipants": "2",
    "speaker1": {
      "participantID": "3350",
      "gender": "여성",
      "age": "20대",
      "occupation": "무직",
      "bPlace": "서울/경기/인천",
      "gPlace": "서울/경기/인천",
      "rPlace": "서울/경기/인천",
      "educationLevel": "대졸"
    },
    "speaker2": {
      "participantID": "3361",
      "gender": "남성",
      "age": "10대",
      "occupation": "학생",
      "bPlace": "부산/대구/울산/경상",
      "gPlace": "부산/대구/울산/경상",
      "rPlace": "부산/대구/울산/경상",
      "educationLevel": "중졸"
    }
  },
  "multisessionInfo": {
    "multisessionID": "4-00356"
  },
  "personaInfo": {
    "clInfo": {
      "personaID": "21801",
      "personaFeatures": [
        "나는 여자이다.",
        "나는 20대이다.",
        "나는 요즘, 매일 슬프다",
        "나는 봉사단 동아리에 관심이 없다",
        "나는 야구를 싫어한다"
      ],
      "speakerType": "speaker1"
    },
    "cpInfo": {
      "personaID": "20983",
      "personaFeatures": [
        "나는 남자이다.",
        "나는 20대이다.",
        "나의 거주지는 제주도이다",
        "나는 영어영문학이 부전공이다",
        "나는 단감을 싫어한다"
      ],
      "speakerType": "speaker2"
    }
  },
  "topicInfo": {
    "topicID": "16-01",
    "topicType": "미용과 건강>미용",
    "topicTitle": "미용"
  },
  "sessionInfo": [
    {
      "prevSessionID": null,
      "prevTimeInfo": {
        "timeNum": null,
        "timeUnit": null
      },
      "nthSession": "1",
      "numberOfUtterances": "14",
      "numberOfTurns": "7",
      "sessionID": "4-00356-1",
      "dialog": [
        {
          "speaker": "speaker1",
          "personaID": "21801",
          "participantID": "3350",
          "utterance": "안녕하세요. 저는 20대 여성입니다.",
          "summary": "나는 20대 여성이다.",
          "date": "2022-10-08",
          "time": "11:44:09",
          "terminate": "false"
        },
        {
          "speaker": "speaker2",
          "personaID": "20983",
          "participantID": "3361",
          "utterance": "안녕하세요, 저는 20대 남성입니다.",
          "summary": "나는 20대 남성이다.",
          "date": "2022-10-08",
          "time": "12:55:48",
          "terminate": "false"
        },
        {
          "speaker": "speaker1",
          "personaID": "21801",
          "participantID": "3350",
          "utterance": "반갑습니다. 직업이 무엇인가요?",
          "summary": "",
          "date": "2022-10-08",
          "time": "16:29:39",
          "terminate": "false"
        },
        {
          "speaker": "speaker2",
          "personaID": "20983",
          "participantID": "3361",
          "utterance": "저는 영어영문학을 부전공으로 하고 있어요.",
          "summary": "나는 영어영문학을 부전공으로 하고 있다.",
          "date": "2022-10-08",
          "time": "19:27:32",
          "terminate": "false"
        },
        {
          "speaker": "speaker1",
          "personaID": "21801",
          "participantID": "3350",
          "utterance": "오 그렇군요. 저는 회계경영과를 전공하고 있습니다. 영어영문학 멋있어요. 저도 영어를 잘하고싶어요.",
          "summary": "나는 회계 경영과를 전공하고 있다.",
          "date": "2022-10-08",
          "time": "22:38:53",
          "terminate": "false"
        },
        {
          "speaker": "speaker2",
          "personaID": "20983",
          "participantID": "3361",
          "utterance": "제주도로 오시죠. 제주도에 살고 있는데 제주도에 있다보면 영어는 자연스럽게 늘더라구요.",
          "summary": "나는 제주도에 살고 있다.",
          "date": "2022-10-08",
          "time": "22:44:43",
          "terminate": "false"
        },
        {
          "speaker": "speaker1",
          "personaID": "21801",
          "participantID": "3350",
          "utterance": "오 그렇군요? 제주도에서 영어 실력이 늘었다니 대단합니다. 요새 취미가 있나요?",
          "summary": "",
          "date": "2022-10-08",
          "time": "22:48:03",
          "terminate": "false"
        },
        {
          "speaker": "speaker2",
          "personaID": "20983",
          "participantID": "3361",
          "utterance": "음 딱히 취미는 없는것 같아요.",
          "summary": "나는 취미가 없다.",
          "date": "2022-10-08",
          "time": "22:51:04",
          "terminate": "false"
        },
        {
          "speaker": "speaker1",
          "personaID": "21801",
          "participantID": "3350",
          "utterance": "그렇군요. 제 취미는 스포츠경기 시청이나 관람을 하는거에요. 스포츠를 대부분 좋아하지만 그중에 야구는 싫더라구요.",
          "summary": "나는 스포츠 관람을 좋아한다.",
          "date": "2022-10-08",
          "time": "22:52:04",
          "terminate": "false"
        },
        {
          "speaker": "speaker2",
          "personaID": "20983",
          "participantID": "3361",
          "utterance": "그렇군요. 저는 야구를 가장 좋아하는데..반대네요.",
          "summary": "나는 야구를 좋아한다.",
          "date": "2022-10-08",
          "time": "22:53:47",
          "terminate": "false"
        },
        {
          "speaker": "speaker1",
          "personaID": "21801",
          "participantID": "3350",
          "utterance": "그렇군요. 제 동생도 야구를 정말 좋아해요. 그래서 꼭 야구시즌에는 경기장으로 관람하러 간답니다.",
          "summary": "나의 동생은 야구 시즌에 경기장으로 관람을 간다.",
          "date": "2022-10-08",
          "time": "23:01:04",
          "terminate": "false"
        },
        {
          "speaker": "speaker2",
          "personaID": "20983",
          "participantID": "3361",
          "utterance": "경기장에서 야구 관람 너무 좋죠. 아 저는 단감을 싫어하는데 혹시 싫어하시는 과일 있으신가요?",
          "summary": " 나는 단감을 싫어한다.",
          "date": "2022-10-08",
          "time": "23:07:44",
          "terminate": "false"
        },
        {
          "speaker": "speaker1",
          "personaID": "21801",
          "participantID": "3350",
          "utterance": "저는 사과를 싫어합니다. 사과말고는 딱히 싫어하는 과일은 없어요.",
          "summary": "나는 사과를 싫어한다.",
          "date": "2022-10-08",
          "time": "23:09:08",
          "terminate": "false"
        },
        {
          "speaker": "speaker2",
          "personaID": "20983",
          "participantID": "3361",
          "utterance": "그렇군요. 오늘은 이만 여기까지 해요.",
          "summary": "",
          "date": "2022-10-08",
          "time": "23:09:49",
          "terminate": "true"
        }
      ],
      "sessionPersonaSummary": {
        "speaker1": [
          "나는 20대 여성이다.",
          "나는 회계 경영과를 전공하고 있다.",
          "나는 스포츠 관람을 좋아한다.",
          "나의 동생은 야구 시즌에 경기장으로 관람을 간다.",
          "나는 사과를 싫어한다."
        ],
        "speaker2": [
          "나는 20대 남성이다.",
          "나는 영어영문학을 부전공으로 하고 있다.",
          "나는 제주도에 살고 있다.",
          "나는 취미가 없다.",
          "나는 야구를 좋아한다.",
          "나는 단감을 싫어한다."
        ]
      },
      "prevAggregatedpersonaSummary": {
        "speaker1": [],
        "speaker2": []
      }
    },
    {
      "prevSessionID": "4-00356-1",
      "prevTimeInfo": {
        "timeNum": "8",
        "timeUnit": "일"
      },
      "nthSession": "2",
      "numberOfUtterances": "14",
      "numberOfTurns": "7",
      "sessionID": "4-00356-2",
      "dialog": [
        {
          "speaker": "speaker1",
          "personaID": "21801",
          "participantID": "3350",
          "utterance": "벌써 8일이나 지났군요. 그동안 뭐하면서 지내셨어요?",
          "summary": "",
          "date": "2022-10-09",
          "time": "00:18:23",
          "terminate": "false"
        },
        {
          "speaker": "speaker2",
          "personaID": "20983",
          "participantID": "3361",
          "utterance": "저는 오랜만에 집에서 휴식을 취했어요.",
          "summary": "나는 오랜만에 집에서 휴식을 취했다.",
          "date": "2022-10-09",
          "time": "00:18:52",
          "terminate": "false"
        },
        {
          "speaker": "speaker1",
          "personaID": "21801",
          "participantID": "3350",
          "utterance": "그렇군요. 저는 요즘 미용에 관심이 생겼어요.",
          "summary": "나는 요즘 미용에 관심이 생겼다",
          "date": "2022-10-09",
          "time": "00:23:09",
          "terminate": "false"
        },
        {
          "speaker": "speaker2",
          "personaID": "20983",
          "participantID": "3361",
          "utterance": "오 그렇군요. 미용 힘들지 않으신가요?",
          "summary": "",
          "date": "2022-10-09",
          "time": "01:45:11",
          "terminate": "false"
        },
        {
          "speaker": "speaker1",
          "personaID": "21801",
          "participantID": "3350",
          "utterance": "힘들긴하지만, 흥미가 있어서 그 힘든것을 견딜수있어요.",
          "summary": "",
          "date": "2022-10-09",
          "time": "21:59:56",
          "terminate": "false"
        },
        {
          "speaker": "speaker2",
          "personaID": "20983",
          "participantID": "3361",
          "utterance": "그렇군요, 자격증을 따려고 하는건가요?",
          "summary": "",
          "date": "2022-10-09",
          "time": "22:16:03",
          "terminate": "false"
        },
        {
          "speaker": "speaker1",
          "personaID": "21801",
          "participantID": "3350",
          "utterance": "네 맞아요. 자격증을 따려고 공부중이에요.",
          "summary": "나는 미용 자격증을 따기 위해 공부 중이다",
          "date": "2022-10-10",
          "time": "20:30:35",
          "terminate": "false"
        },
        {
          "speaker": "speaker2",
          "personaID": "20983",
          "participantID": "3361",
          "utterance": "그렇군요, 저도 미용은 한 번 해보고 싶은데 엄두가 안나네요",
          "summary": "나는 미용은 한 번해보고 싶지만, 엄두가 안 난다.",
          "date": "2022-10-10",
          "time": "21:31:21",
          "terminate": "false"
        },
        {
          "speaker": "speaker1",
          "personaID": "21801",
          "participantID": "3350",
          "utterance": "나중에 기회가 된다면 한 번 배워보세요. 생각보다 별거 아니랍니다.",
          "summary": "",
          "date": "2022-10-11",
          "time": "20:38:31",
          "terminate": "false"
        },
        {
          "speaker": "speaker2",
          "personaID": "20983",
          "participantID": "3361",
          "utterance": "그런가요, 시간이 된다면 해봐야겠어요",
          "summary": "",
          "date": "2022-10-11",
          "time": "21:14:52",
          "terminate": "false"
        },
        {
          "speaker": "speaker1",
          "personaID": "21801",
          "participantID": "3350",
          "utterance": "요즘은 여러가지 미용종류가 다양해졌더라구요",
          "summary": "나는 미용 종류가 다양해졌다고 생각한다",
          "date": "2022-10-11",
          "time": "21:17:40",
          "terminate": "false"
        },
        {
          "speaker": "speaker2",
          "personaID": "20983",
          "participantID": "3361",
          "utterance": "아 그렇군요, 저도 미용하는 친구를 통해 대충 들어본거 같아요",
          "summary": "",
          "date": "2022-10-11",
          "time": "21:25:37",
          "terminate": "false"
        },
        {
          "speaker": "speaker1",
          "personaID": "21801",
          "participantID": "3350",
          "utterance": "네 엄청 다양해지고, 그 미용을 즐기는 사람들도 많아지구요.",
          "summary": "",
          "date": "2022-10-11",
          "time": "21:27:43",
          "terminate": "false"
        },
        {
          "speaker": "speaker2",
          "personaID": "20983",
          "participantID": "3361",
          "utterance": "네 맞아요, 아 오늘은 이만 여기까지 해요",
          "summary": "",
          "date": "2022-10-11",
          "time": "23:02:50",
          "terminate": "true"
        }
      ],
      "sessionPersonaSummary": {
        "speaker1": [
          "나는 요즘 미용에 관심이 생겼다",
          "나는 미용 자격증을 따기 위해 공부 중이다",
          "나는 미용 종류가 다양해졌다고 생각한다"
        ],
        "speaker2": [
          "나는 오랜만에 집에서 휴식을 취했다.",
          "나는 미용은 한 번해보고 싶지만, 엄두가 안 난다."
        ]
      },
      "prevAggregatedpersonaSummary": {
        "speaker1": [
          "나는 20대 여성이다.",
          "나는 회계 경영과를 전공하고 있다.",
          "나는 스포츠 관람을 좋아한다.",
          "나의 동생은 야구 시즌에 경기장으로 관람을 간다.",
          "나는 사과를 싫어한다."
        ],
        "speaker2": [
          "나는 20대 남성이다.",
          "나는 영어영문학을 부전공으로 하고 있다.",
          "나는 제주도에 살고 있다.",
          "나는 취미가 없다.",
          "나는 야구를 좋아한다.",
          "나는 단감을 싫어한다."
        ]
      }
    },
    {
      "prevSessionID": "4-00356-2",
      "prevTimeInfo": {
        "timeNum": "3",
        "timeUnit": "주"
      },
      "nthSession": "3",
      "numberOfUtterances": "14",
      "numberOfTurns": "7",
      "sessionID": "4-00356-3",
      "dialog": [
        {
          "speaker": "speaker1",
          "personaID": "21801",
          "participantID": "3350",
          "utterance": "벌써 3주만이군요. 그동안 잘지내셨어요?",
          "summary": "",
          "date": "2022-10-12",
          "time": "18:18:07",
          "terminate": "false"
        },
        {
          "speaker": "speaker2",
          "personaID": "20983",
          "participantID": "3361",
          "utterance": "네, 그럭저럭 잘 지낸 것 같아요. 잘 지내셨죠?",
          "summary": "",
          "date": "2022-10-12",
          "time": "18:20:36",
          "terminate": "false"
        },
        {
          "speaker": "speaker1",
          "personaID": "21801",
          "participantID": "3350",
          "utterance": "그럼요. 저는 네일아트를 오랜만에 하고 왔어요.",
          "summary": "나는 오랜만에 네일아트를 했다",
          "date": "2022-10-12",
          "time": "20:23:16",
          "terminate": "false"
        },
        {
          "speaker": "speaker2",
          "personaID": "20983",
          "participantID": "3361",
          "utterance": "아 그렇군요, 네일아트 힘드시지 않으신가요?",
          "summary": "",
          "date": "2022-10-12",
          "time": "20:56:37",
          "terminate": "false"
        },
        {
          "speaker": "speaker1",
          "personaID": "21801",
          "participantID": "3350",
          "utterance": "가만히 앉아있는게 너무 힘들어요. 그래도 완성된거 보면 예뻐서 좋아요.",
          "summary": "",
          "date": "2022-10-12",
          "time": "21:03:38",
          "terminate": "false"
        },
        {
          "speaker": "speaker2",
          "personaID": "20983",
          "participantID": "3361",
          "utterance": "미용이라는게 그런 기분 때문에 하는거 어닐까요?",
          "summary": "나는 미용이란 게 하고 나면 예쁜 것 때문에 하는 거라 생각한다.",
          "date": "2022-10-12",
          "time": "21:13:13",
          "terminate": "false"
        },
        {
          "speaker": "speaker1",
          "personaID": "21801",
          "participantID": "3350",
          "utterance": "그렇죠. 이제 염색하러 갈때가 되긴 했는데, 요즘 바빠서 그런지 시간내기가 힘드네요.",
          "summary": "나는 요즘 바빠서 미용실을 갈 시간이 없다",
          "date": "2022-10-12",
          "time": "21:19:17",
          "terminate": "false"
        },
        {
          "speaker": "speaker2",
          "personaID": "20983",
          "participantID": "3361",
          "utterance": "그렇군요, 저도 미용실을 한 번 가야하는데 시간이 없네요",
          "summary": "나는 미용실을 한 번가야 하는데 시간이 없다.",
          "date": "2022-10-12",
          "time": "22:31:05",
          "terminate": "false"
        },
        {
          "speaker": "speaker1",
          "personaID": "21801",
          "participantID": "3350",
          "utterance": "그쵸. 시간내기가 쉽지가 않아요. 뿌리염색이라 자주 가야하는데 자주 못가서 뿌리가 많이 자랐더라구요.",
          "summary": "",
          "date": "2022-10-12",
          "time": "22:33:36",
          "terminate": "false"
        },
        {
          "speaker": "speaker2",
          "personaID": "20983",
          "participantID": "3361",
          "utterance": "아 저는 커트만 해야하는데도 가기 힘드네요",
          "summary": "나는 머리카락을 잘라야 한다.",
          "date": "2022-10-12",
          "time": "22:37:04",
          "terminate": "false"
        },
        {
          "speaker": "speaker1",
          "personaID": "21801",
          "participantID": "3350",
          "utterance": "저도 그렇게 버티고 버티다가 도저히 버틸수없을때 미용실을 가긴해요. 아니면 이제 뿌리염색 정도는 셀프로 염색할까 생각중이기도해요.",
          "summary": " 나는 뿌리 염색을 셀프로 할까 생각하고 있다",
          "date": "2022-10-12",
          "time": "22:40:22",
          "terminate": "false"
        },
        {
          "speaker": "speaker2",
          "personaID": "20983",
          "participantID": "3361",
          "utterance": "오 셀프로 하는것도 좋죠. 부모님도 셀프로 하시더라구요",
          "summary": "",
          "date": "2022-10-12",
          "time": "22:50:28",
          "terminate": "false"
        },
        {
          "speaker": "speaker1",
          "personaID": "21801",
          "participantID": "3350",
          "utterance": "아무래도 뿌리는 금방 자라서, 미용실 가기도 귀찮고, 돈도 아까우니 많이들 그렇게 하시는것같더라구요.",
          "summary": "",
          "date": "2022-10-13",
          "time": "00:25:08",
          "terminate": "false"
        },
        {
          "speaker": "speaker2",
          "personaID": "20983",
          "participantID": "3361",
          "utterance": "네 그렇더라구요. 오늘은 이만 여기까지 해야겠어요",
          "summary": "",
          "date": "2022-10-13",
          "time": "00:25:52",
          "terminate": "true"
        }
      ],
      "sessionPersonaSummary": {
        "speaker1": [
          "나는 오랜만에 네일아트를 했다",
          "나는 요즘 바빠서 미용실을 갈 시간이 없다",
          "나는 뿌리 염색을 셀프로 할까 생각하고 있다"
        ],
        "speaker2": [
          "나는 미용이란 게 하고 나면 예쁜 것 때문에 하는 거라 생각한다.",
          "나는 미용실을 한 번가야 하는데 시간이 없다.",
          "나는 머리카락을 잘라야 한다."
        ]
      },
      "prevAggregatedpersonaSummary": {
        "speaker1": [
          "나는 20대 여성이다.",
          "나는 회계 경영과를 전공하고 있다.",
          "나는 스포츠 관람을 좋아한다.",
          "나의 동생은 야구 시즌에 경기장으로 관람을 간다.",
          "나는 사과를 싫어한다.",
          "나는 요즘 미용에 관심이 생겼다",
          "나는 미용 자격증을 따기 위해 공부 중이다",
          "나는 미용 종류가 다양해졌다고 생각한다"
        ],
        "speaker2": [
          "나는 20대 남성이다.",
          "나는 영어영문학을 부전공으로 하고 있다.",
          "나는 제주도에 살고 있다.",
          "나는 취미가 없다.",
          "나는 야구를 좋아한다.",
          "나는 단감을 싫어한다.",
          "나는 오랜만에 집에서 휴식을 취했다.",
          "나는 미용은 한 번해보고 싶지만, 엄두가 안 난다."
        ]
      }
    },
    {
      "prevSessionID": "4-00356-3",
      "prevTimeInfo": {
        "timeNum": "21",
        "timeUnit": "시간"
      },
      "nthSession": "4",
      "numberOfUtterances": "14",
      "numberOfTurns": "7",
      "sessionID": "4-00356-4",
      "dialog": [
        {
          "speaker": "speaker1",
          "personaID": "21801",
          "participantID": "3350",
          "utterance": "벌써 21시간이나 지났군요. 오늘 하루 뭐하셨어요?",
          "summary": "",
          "date": "2022-10-13",
          "time": "13:26:40",
          "terminate": "false"
        },
        {
          "speaker": "speaker2",
          "personaID": "20983",
          "participantID": "3361",
          "utterance": "오늘은 드디어 미용실을 다녀왔어요",
          "summary": "나는 오늘 미용실을 다녀왔다.",
          "date": "2022-10-13",
          "time": "13:58:25",
          "terminate": "false"
        },
        {
          "speaker": "speaker1",
          "personaID": "21801",
          "participantID": "3350",
          "utterance": "그러셨군요. 커트하고 오셨나요?",
          "summary": "",
          "date": "2022-10-13",
          "time": "14:18:07",
          "terminate": "false"
        },
        {
          "speaker": "speaker2",
          "personaID": "20983",
          "participantID": "3361",
          "utterance": "네 드디어 짧게 자르고 왔습니다",
          "summary": "나는 머리카락을 짧게 자르고 왔다.",
          "date": "2022-10-13",
          "time": "14:37:41",
          "terminate": "false"
        },
        {
          "speaker": "speaker1",
          "personaID": "21801",
          "participantID": "3350",
          "utterance": "깔끔하게 하고 오셨군요. 저는 친구가 부탁을해서 친구네 강아지 미용 시키고 왔어요.",
          "summary": "나는 친구 강아지를 미용시켰다",
          "date": "2022-10-13",
          "time": "14:49:35",
          "terminate": "false"
        },
        {
          "speaker": "speaker2",
          "personaID": "20983",
          "participantID": "3361",
          "utterance": "오 강아지 미용을 할 줄 아시나보네요",
          "summary": "",
          "date": "2022-10-13",
          "time": "14:50:19",
          "terminate": "false"
        },
        {
          "speaker": "speaker1",
          "personaID": "21801",
          "participantID": "3350",
          "utterance": "제가 한건 아니고, 미용샵을 다녀왔어요. 생각보다 사람들이 많더라구요.",
          "summary": "",
          "date": "2022-10-13",
          "time": "14:52:10",
          "terminate": "false"
        },
        {
          "speaker": "speaker2",
          "personaID": "20983",
          "participantID": "3361",
          "utterance": "아 그렇군요, 애견미용샵 엄청 비싸던데",
          "summary": "",
          "date": "2022-10-13",
          "time": "15:30:08",
          "terminate": "false"
        },
        {
          "speaker": "speaker1",
          "personaID": "21801",
          "participantID": "3350",
          "utterance": "네 진짜 비싸더라구요. 저는 강아지를 안키워서 그런거까지는 잘 몰랐는데, 생각한것보다 비싸서 놀랐어요.",
          "summary": "나는 미용샵 비용이 비싸서 놀랐다",
          "date": "2022-10-13",
          "time": "17:06:29",
          "terminate": "false"
        },
        {
          "speaker": "speaker2",
          "personaID": "20983",
          "participantID": "3361",
          "utterance": "네 맞아요, 전에 한 번 가봤다가 엄청 놀랐어요",
          "summary": "나는 애견미용실을 전에 한 번 가봤다가 엄청 놀랐다.",
          "date": "2022-10-13",
          "time": "17:21:12",
          "terminate": "false"
        },
        {
          "speaker": "speaker1",
          "personaID": "21801",
          "participantID": "3350",
          "utterance": "이젠 사람을 넘어서 반려동물도 미용을 하는 시대가 온거같아요.",
          "summary": "나는 반려동물도 미용을 하는 시대가 왔다고 생각한다",
          "date": "2022-10-13",
          "time": "17:56:09",
          "terminate": "false"
        },
        {
          "speaker": "speaker2",
          "personaID": "20983",
          "participantID": "3361",
          "utterance": "그쵸. 반려동물 미용사는 정말 대단한거 같아요",
          "summary": "난 반려동물 미용사는 정말 대단하다고 생각한다.",
          "date": "2022-10-13",
          "time": "17:59:59",
          "terminate": "false"
        },
        {
          "speaker": "speaker1",
          "personaID": "21801",
          "participantID": "3350",
          "utterance": "그러니까요. 더 섬세하게 다뤄야하니깐요.",
          "summary": "",
          "date": "2022-10-14",
          "time": "15:55:44",
          "terminate": "false"
        },
        {
          "speaker": "speaker2",
          "personaID": "20983",
          "participantID": "3361",
          "utterance": "그러게요. 아 오늘은 이만 여기까지 해야겠어요",
          "summary": "",
          "date": "2022-10-14",
          "time": "16:11:11",
          "terminate": "true"
        }
      ],
      "sessionPersonaSummary": {
        "speaker1": [
          "나는 친구 강아지를 미용시켰다",
          "나는 미용샵 비용이 비싸서 놀랐다",
          "나는 반려동물도 미용을 하는 시대가 왔다고 생각한다"
        ],
        "speaker2": [
          "나는 오늘 미용실을 다녀왔다.",
          "나는 머리카락을 짧게 자르고 왔다.",
          "나는 애견미용실을 전에 한 번 가봤다가 엄청 놀랐다.",
          "난 반려동물 미용사는 정말 대단하다고 생각한다."
        ]
      },
      "prevAggregatedpersonaSummary": {
        "speaker1": [
          "나는 20대 여성이다.",
          "나는 회계 경영과를 전공하고 있다.",
          "나는 스포츠 관람을 좋아한다.",
          "나의 동생은 야구 시즌에 경기장으로 관람을 간다.",
          "나는 사과를 싫어한다.",
          "나는 요즘 미용에 관심이 생겼다",
          "나는 미용 자격증을 따기 위해 공부 중이다",
          "나는 미용 종류가 다양해졌다고 생각한다",
          "나는 오랜만에 네일아트를 했다",
          "나는 요즘 바빠서 미용실을 갈 시간이 없다",
          "나는 뿌리 염색을 셀프로 할까 생각하고 있다"
        ],
        "speaker2": [
          "나는 20대 남성이다.",
          "나는 영어영문학을 부전공으로 하고 있다.",
          "나는 제주도에 살고 있다.",
          "나는 취미가 없다.",
          "나는 야구를 좋아한다.",
          "나는 단감을 싫어한다.",
          "나는 오랜만에 집에서 휴식을 취했다.",
          "나는 미용은 한 번해보고 싶지만, 엄두가 안 난다.",
          "나는 미용이란 게 하고 나면 예쁜 것 때문에 하는 거라 생각한다.",
          "나는 미용실을 한 번가야 하는데 시간이 없다.",
          "나는 머리카락을 잘라야 한다."
        ]
      }
    }
  ]
}