{
  "FileInfo": {
    "filename": "K4-00201-CL00591-CP05174-04-05-S4.json",
    "sessionLevel": "4"
  },
  "participantsInfo": {
    "numberOfParticipants": "2",
    "speaker1": {
      "participantID": "0048",
      "gender": "남성",
      "age": "50대",
      "occupation": "서비스직",
      "bPlace": "부산/대구/울산/경상",
      "gPlace": "부산/대구/울산/경상",
      "rPlace": "부산/대구/울산/경상",
      "educationLevel": "고졸"
    },
    "speaker2": {
      "participantID": "0067",
      "gender": "여성",
      "age": "50대",
      "occupation": "자영업",
      "bPlace": "서울/경기/인천",
      "gPlace": "서울/경기/인천",
      "rPlace": "서울/경기/인천",
      "educationLevel": "대졸"
    }
  },
  "multisessionInfo": {
    "multisessionID": "4-00201"
  },
  "personaInfo": {
    "clInfo": {
      "personaID": "00591",
      "personaFeatures": [
        "나는 남자이다.",
        "나는 50대이다.",
        "나는 물고기 두 마리를 키운다.",
        "나는 맛집 여행에 관심 없다.",
        "나는 크림 스파게티를 싫어한다."
      ],
      "speakerType": "speaker1"
    },
    "cpInfo": {
      "personaID": "05174",
      "personaFeatures": [
        "나는 여자이다.",
        "나는 50대이다.",
        "나의 종교는 개신교이다.",
        "나는 아파트 관리소장이다.",
        "나는 동남아 음식을 싫어한다."
      ],
      "speakerType": "speaker2"
    }
  },
  "topicInfo": {
    "topicID": "04-05",
    "topicType": "일과 직업>회사/아르바이트",
    "topicTitle": "직장 생활"
  },
  "sessionInfo": [
    {
      "prevSessionID": null,
      "prevTimeInfo": {
        "timeNum": null,
        "timeUnit": null
      },
      "nthSession": "1",
      "numberOfUtterances": "16",
      "numberOfTurns": "8",
      "sessionID": "4-00201-1",
      "dialog": [
        {
          "speaker": "speaker1",
          "personaID": "00591",
          "participantID": "0048",
          "utterance": "안녕하세요. 50대 아저씨네요~ 반가워요~",
          "summary": "나는 50대 남자이다.",
          "date": "2022-09-06",
          "time": "17:40:16",
          "terminate": "false"
        },
        {
          "speaker": "speaker2",
          "personaID": "05174",
          "participantID": "0067",
          "utterance": "안녕하세요. 저도 50대인데 여자네요~ 아파트 관리 소장으로 일하고 있어요~",
          "summary": "나는 50대 여자이다. 나는 아파트 관리소장이다.",
          "date": "2022-09-06",
          "time": "17:40:33",
          "terminate": "false"
        },
        {
          "speaker": "speaker1",
          "personaID": "00591",
          "participantID": "0048",
          "utterance": "숙녀분이네요~ 반가워요~ 저는 회사원이에요~ 어디 살아요?",
          "summary": "나는 회사원이다.",
          "date": "2022-09-06",
          "time": "17:40:49",
          "terminate": "false"
        },
        {
          "speaker": "speaker2",
          "personaID": "05174",
          "participantID": "0067",
          "utterance": "반갑습니다 ㅎㅎ 저는 서울에 살고 있어요~ 어디 사시나요?",
          "summary": "나는 서울에 거주한다.",
          "date": "2022-09-06",
          "time": "17:41:00",
          "terminate": "false"
        },
        {
          "speaker": "speaker1",
          "personaID": "00591",
          "participantID": "0048",
          "utterance": "저도 서울에 살고 있네요~ 제가 요즘 물고기를 두마리 키우는데~ 물고기 좋아해요?",
          "summary": "나는 물고기 두 마리를 키운다.",
          "date": "2022-09-06",
          "time": "17:41:14",
          "terminate": "false"
        },
        {
          "speaker": "speaker2",
          "personaID": "05174",
          "participantID": "0067",
          "utterance": "키우는 건 관심이 없는데 먹는 건 좋아하네요~",
          "summary": "나는 물고기 키우는 것에 관심이 없다. 나는 생선을 좋아한다.",
          "date": "2022-09-06",
          "time": "17:41:24",
          "terminate": "false"
        },
        {
          "speaker": "speaker1",
          "personaID": "00591",
          "participantID": "0048",
          "utterance": "그렇군요~ 저도 먹는것도 좋아하는데~ 관상용 물고기도 좋네요~ 어떤 생선 좋아해요?",
          "summary": "나는 식용, 관상용 다 좋다.",
          "date": "2022-09-06",
          "time": "17:41:39",
          "terminate": "false"
        },
        {
          "speaker": "speaker2",
          "personaID": "05174",
          "participantID": "0067",
          "utterance": "힐링이 되신다면 다행이네요~ 저는 구워먹는 건 조기를 좋아하고 회로 먹는 건 우럭을 좋아하네요~",
          "summary": "",
          "date": "2022-09-06",
          "time": "17:42:09",
          "terminate": "false"
        },
        {
          "speaker": "speaker1",
          "personaID": "00591",
          "participantID": "0048",
          "utterance": "우럭이 맛이 좋죠~ㅎㅎ 조기도 정말 맛있는 생선이네요~ 저는 고등어를 제일 좋아하네요~",
          "summary": "나는 고등어가 제일 좋다.",
          "date": "2022-09-06",
          "time": "17:42:33",
          "terminate": "false"
        },
        {
          "speaker": "speaker2",
          "personaID": "05174",
          "participantID": "0067",
          "utterance": "맞아요 ㅎㅎ 고등어도 맛있죠~ 고등어회도 좋아합니다~",
          "summary": "나는 고등어회를 좋아한다.",
          "date": "2022-09-06",
          "time": "17:42:47",
          "terminate": "false"
        },
        {
          "speaker": "speaker1",
          "personaID": "00591",
          "participantID": "0048",
          "utterance": "고등회 맛있죠~ 먹을수 있는곳이 흔하지는 않지만~",
          "summary": "",
          "date": "2022-09-06",
          "time": "17:43:02",
          "terminate": "false"
        },
        {
          "speaker": "speaker2",
          "personaID": "05174",
          "participantID": "0067",
          "utterance": "확실히 그렇죠~ 저도 저번에 제주도 갔을 때 처음 먹어봤네요~",
          "summary": "",
          "date": "2022-09-06",
          "time": "17:43:13",
          "terminate": "false"
        },
        {
          "speaker": "speaker1",
          "personaID": "00591",
          "participantID": "0048",
          "utterance": "맞아요~ 제주도도 괜찮고~ 오마카세가면 가끔 주더군요~",
          "summary": "",
          "date": "2022-09-06",
          "time": "17:43:29",
          "terminate": "false"
        },
        {
          "speaker": "speaker2",
          "personaID": "05174",
          "participantID": "0067",
          "utterance": "오마카세는 한 번도 안 가봤네요~ 다음에 고등어회 땡기면 가봐야겠어요~",
          "summary": "",
          "date": "2022-09-06",
          "time": "17:43:43",
          "terminate": "false"
        },
        {
          "speaker": "speaker1",
          "personaID": "00591",
          "participantID": "0048",
          "utterance": "네~ 한번 가보세요~ 너무 비싼곳은 안가봐서 모르겠고~ㅎㅎ 갈만해요! 일하러 가볼게요~ 담에 봐요!",
          "summary": "",
          "date": "2022-09-06",
          "time": "17:44:13",
          "terminate": "false"
        },
        {
          "speaker": "speaker2",
          "personaID": "05174",
          "participantID": "0067",
          "utterance": "네~ 참고하겠습니다~ 다음에 이야기해요~",
          "summary": "",
          "date": "2022-09-06",
          "time": "17:44:29",
          "terminate": "true"
        }
      ],
      "sessionPersonaSummary": {
        "speaker1": [
          "나는 50대 남자이다.",
          "나는 회사원이다.",
          "나는 물고기 두 마리를 키운다.",
          "나는 식용, 관상용 다 좋다.",
          "나는 고등어가 제일 좋다."
        ],
        "speaker2": [
          "나는 50대 여자이다. 나는 아파트 관리소장이다.",
          "나는 서울에 거주한다.",
          "나는 물고기 키우는 것에 관심이 없다. 나는 생선을 좋아한다.",
          "나는 고등어회를 좋아한다."
        ]
      },
      "prevAggregatedpersonaSummary": {
        "speaker1": [],
        "speaker2": []
      }
    },
    {
      "prevSessionID": "4-00201-1",
      "prevTimeInfo": {
        "timeNum": "3",
        "timeUnit": "일"
      },
      "nthSession": "2",
      "numberOfUtterances": "16",
      "numberOfTurns": "8",
      "sessionID": "4-00201-2",
      "dialog": [
        {
          "speaker": "speaker1",
          "personaID": "00591",
          "participantID": "0048",
          "utterance": "3일이 지나서 주말이에요~ 뭐 하시나요?",
          "summary": "",
          "date": "2022-09-06",
          "time": "17:44:36",
          "terminate": "false"
        },
        {
          "speaker": "speaker2",
          "personaID": "05174",
          "participantID": "0067",
          "utterance": "교회 갈 준비하고 있었어요~ 제가 개신교거든요~",
          "summary": "나는 개신교이다.",
          "date": "2022-09-06",
          "time": "17:44:45",
          "terminate": "false"
        },
        {
          "speaker": "speaker1",
          "personaID": "00591",
          "participantID": "0048",
          "utterance": "그러시군요~ 이 나이쯤 되서 은퇴할때 되니까 지금까지 했던 직장생활이 허무하네요~",
          "summary": "나는 직장생활이 허무하다.",
          "date": "2022-09-06",
          "time": "17:45:05",
          "terminate": "false"
        },
        {
          "speaker": "speaker2",
          "personaID": "05174",
          "participantID": "0067",
          "utterance": "아~ 곧 은퇴할 시기이긴 하네요~ 원래 시원섭섭한 거죠~",
          "summary": "",
          "date": "2022-09-06",
          "time": "17:45:30",
          "terminate": "false"
        },
        {
          "speaker": "speaker1",
          "personaID": "00591",
          "participantID": "0048",
          "utterance": "무엇때문에 그렇게 치열하게 직장생활을 했는지... 가족들에게 소홀했는지 후회가 되요~ㅠㅠ.",
          "summary": "",
          "date": "2022-09-06",
          "time": "17:45:49",
          "terminate": "false"
        },
        {
          "speaker": "speaker2",
          "personaID": "05174",
          "participantID": "0067",
          "utterance": "그렇게 생각하지 마세요~ 그래도 가족들 먹여 살리려고 열심히 힘내셨잖아요~",
          "summary": "",
          "date": "2022-09-06",
          "time": "17:46:07",
          "terminate": "false"
        },
        {
          "speaker": "speaker1",
          "personaID": "00591",
          "participantID": "0048",
          "utterance": "그런걸 누가 알아주나요~ㅠㅠ @이름1@에게는 저는 그냥 가족에 무심한 아빠 일뿐인걸요...",
          "summary": "나는 무심한 아빠다.",
          "date": "2022-09-06",
          "time": "17:46:22",
          "terminate": "false"
        },
        {
          "speaker": "speaker2",
          "personaID": "05174",
          "participantID": "0067",
          "utterance": "아이고.. 바깥 일을 못 봐서 그렇긴 하네요.. 안쓰럽네요 ㅠㅠ.",
          "summary": "",
          "date": "2022-09-06",
          "time": "17:46:38",
          "terminate": "false"
        },
        {
          "speaker": "speaker1",
          "personaID": "00591",
          "participantID": "0048",
          "utterance": "와이프도 무심한 남편이라고 생각할거고... 이대로 은퇴하면 돈도 못 벌어오는데 제가 있을 자리가 있을까요?",
          "summary": "나는 무심한 남편이다.",
          "date": "2022-09-06",
          "time": "17:47:04",
          "terminate": "false"
        },
        {
          "speaker": "speaker2",
          "personaID": "05174",
          "participantID": "0067",
          "utterance": "조만간 가족들이랑 시간 내서 식사라도 한 번 하면서 이야기해봐요~ 일이야 많죠~",
          "summary": "",
          "date": "2022-09-06",
          "time": "17:47:24",
          "terminate": "false"
        },
        {
          "speaker": "speaker1",
          "personaID": "00591",
          "participantID": "0048",
          "utterance": "일만 하다보니~ 취미도 없고~ 관심사도 없고~ 정말 멍청하게 살았어요~ 한번 생각 해봐야죠~",
          "summary": "",
          "date": "2022-09-06",
          "time": "17:47:38",
          "terminate": "false"
        },
        {
          "speaker": "speaker2",
          "personaID": "05174",
          "participantID": "0067",
          "utterance": "은퇴하고 천천히 찾으셔도 돼요~ 너무 성급하게 생각하지 말아요~",
          "summary": "",
          "date": "2022-09-06",
          "time": "17:47:57",
          "terminate": "false"
        },
        {
          "speaker": "speaker1",
          "personaID": "00591",
          "participantID": "0048",
          "utterance": "그런가요? 조금있다가 아내가 마트에서 돌아오면 이야기 좀 해봐야 겠네요~",
          "summary": "",
          "date": "2022-09-06",
          "time": "17:48:20",
          "terminate": "false"
        },
        {
          "speaker": "speaker2",
          "personaID": "05174",
          "participantID": "0067",
          "utterance": "네~ 이럴 때일 수록 아내가 좋은 거죠~ 진심으로 얘기하면 닿을 거예요~",
          "summary": "",
          "date": "2022-09-06",
          "time": "17:48:38",
          "terminate": "false"
        },
        {
          "speaker": "speaker1",
          "personaID": "00591",
          "participantID": "0048",
          "utterance": "마침 아내가 오네요~ 이야기 좀 해봐야겠어요~ 나중에 이야기해요!",
          "summary": "",
          "date": "2022-09-06",
          "time": "17:48:52",
          "terminate": "false"
        },
        {
          "speaker": "speaker2",
          "personaID": "05174",
          "participantID": "0067",
          "utterance": "네~ 알겠습니다! 부디 좋은 이야기 나누시길 바랄게요~ 다음에 이야기해요~",
          "summary": "",
          "date": "2022-09-06",
          "time": "17:49:06",
          "terminate": "true"
        }
      ],
      "sessionPersonaSummary": {
        "speaker1": [
          "나는 직장생활이 허무하다.",
          "나는 무심한 아빠다.",
          "나는 무심한 남편이다."
        ],
        "speaker2": [
          "나는 개신교이다."
        ]
      },
      "prevAggregatedpersonaSummary": {
        "speaker1": [
          "나는 50대 남자이다.",
          "나는 회사원이다.",
          "나는 물고기 두 마리를 키운다.",
          "나는 식용, 관상용 다 좋다.",
          "나는 고등어가 제일 좋다."
        ],
        "speaker2": [
          "나는 50대 여자이다. 나는 아파트 관리소장이다.",
          "나는 서울에 거주한다.",
          "나는 물고기 키우는 것에 관심이 없다. 나는 생선을 좋아한다.",
          "나는 고등어회를 좋아한다."
        ]
      }
    },
    {
      "prevSessionID": "4-00201-2",
      "prevTimeInfo": {
        "timeNum": "8",
        "timeUnit": "시간"
      },
      "nthSession": "3",
      "numberOfUtterances": "16",
      "numberOfTurns": "8",
      "sessionID": "4-00201-3",
      "dialog": [
        {
          "speaker": "speaker1",
          "personaID": "00591",
          "participantID": "0048",
          "utterance": "아까전에 이야기 하던거 아내한테 이야기 해봤네요~ 주무시나요?",
          "summary": "",
          "date": "2022-09-06",
          "time": "17:49:15",
          "terminate": "false"
        },
        {
          "speaker": "speaker2",
          "personaID": "05174",
          "participantID": "0067",
          "utterance": "아직 안 자고 있습니다! 오~ 이야기 잘 하셨어요?",
          "summary": "",
          "date": "2022-09-06",
          "time": "17:49:25",
          "terminate": "false"
        },
        {
          "speaker": "speaker1",
          "personaID": "00591",
          "participantID": "0048",
          "utterance": "그냥 제 진심을 가감없이 이야기 했더니 이해 한다고 당시에는 누구나 그렇다고 하더군요...ㅠㅠ.",
          "summary": "내 아내는 나의 진심을 알아준다.",
          "date": "2022-09-06",
          "time": "17:49:44",
          "terminate": "false"
        },
        {
          "speaker": "speaker2",
          "personaID": "05174",
          "participantID": "0067",
          "utterance": "아이고~ 그래도 아내분이 이해해 주셔서 다행이네요~ 거봐요~",
          "summary": "",
          "date": "2022-09-06",
          "time": "17:50:02",
          "terminate": "false"
        },
        {
          "speaker": "speaker1",
          "personaID": "00591",
          "participantID": "0048",
          "utterance": "부끄럽지만 아내 앞에서 조금 울었습니다...ㅠㅠ.",
          "summary": "",
          "date": "2022-09-06",
          "time": "17:50:10",
          "terminate": "false"
        },
        {
          "speaker": "speaker2",
          "personaID": "05174",
          "participantID": "0067",
          "utterance": "울어도 돼요~ 눈물이 나면 울으라고 하잖아요~ 남자라고 참지 말고~",
          "summary": "",
          "date": "2022-09-06",
          "time": "17:50:28",
          "terminate": "false"
        },
        {
          "speaker": "speaker1",
          "personaID": "00591",
          "participantID": "0048",
          "utterance": "그래서 오랜만에 가족끼리 외식 다녀 왔네요~ 파스타집가서 이것 저것 먹었어요~",
          "summary": "나는 가족과 외식했다.",
          "date": "2022-09-06",
          "time": "17:50:44",
          "terminate": "false"
        },
        {
          "speaker": "speaker2",
          "personaID": "05174",
          "participantID": "0067",
          "utterance": "좋은 시간되셨겠네요~ 이야기도 잘 됐고 더 맛있게 드셨겠어요 ㅎㅎ.",
          "summary": "",
          "date": "2022-09-06",
          "time": "17:51:00",
          "terminate": "false"
        },
        {
          "speaker": "speaker1",
          "personaID": "00591",
          "participantID": "0048",
          "utterance": "저는 크림 스파게티는 싫어서 명란 파스타? 그거 맛있더군요~",
          "summary": "나는 크림 스파게티가 싫다. 나는 명란 파스타가 좋다.",
          "date": "2022-09-06",
          "time": "17:51:09",
          "terminate": "false"
        },
        {
          "speaker": "speaker2",
          "personaID": "05174",
          "participantID": "0067",
          "utterance": "아~ 크림 파스타를 싫어하시는구나 ㅎㅎ 저는 파스타는 다 잘 먹는데 동남아 음식을 싫어하네요~",
          "summary": "나는 파스타를 좋아한다. 나는 동남아 음식을 싫어한다.",
          "date": "2022-09-06",
          "time": "17:51:26",
          "terminate": "false"
        },
        {
          "speaker": "speaker1",
          "personaID": "00591",
          "participantID": "0048",
          "utterance": "저는 오히려 동남아 음식이 좋더군요~ㅎㅎ 맛집 여행가자고 모녀들끼리 떠드는데~ 가자고 했어요~ㅎㅎ.",
          "summary": "나는 가족과 맛집 여행을 갈 거다.",
          "date": "2022-09-06",
          "time": "17:51:50",
          "terminate": "false"
        },
        {
          "speaker": "speaker2",
          "personaID": "05174",
          "participantID": "0067",
          "utterance": "그러시구나~ 저는 동남아 음식은 입에 맞지 않네요.. 맛집 여행 좋네요!",
          "summary": "",
          "date": "2022-09-06",
          "time": "17:52:09",
          "terminate": "false"
        },
        {
          "speaker": "speaker1",
          "personaID": "00591",
          "participantID": "0048",
          "utterance": "사실은 맛집 여행같은건 관심도 없는데~ 일단은 가야죠~!",
          "summary": "나는 맛집 여행은 관심이 없다.",
          "date": "2022-09-06",
          "time": "17:52:18",
          "terminate": "false"
        },
        {
          "speaker": "speaker2",
          "personaID": "05174",
          "participantID": "0067",
          "utterance": "그래야죠~ 가족끼리 가는 건데요~ 힘내 보셔야죠~",
          "summary": "",
          "date": "2022-09-06",
          "time": "17:52:26",
          "terminate": "false"
        },
        {
          "speaker": "speaker1",
          "personaID": "00591",
          "participantID": "0048",
          "utterance": "맞아요~ 은퇴하고 물고기랑만 지낼거 아니면 지금부터라도 노력해야죠~ 먼저 잘게요~ 다음에 이야기해요!",
          "summary": "",
          "date": "2022-09-06",
          "time": "17:52:48",
          "terminate": "false"
        },
        {
          "speaker": "speaker2",
          "personaID": "05174",
          "participantID": "0067",
          "utterance": "맞습니다! 노력의 결실은 맺을 거예요~ 다음에 이야기해요~ 안녕히 주무세요~",
          "summary": "",
          "date": "2022-09-06",
          "time": "17:53:02",
          "terminate": "true"
        }
      ],
      "sessionPersonaSummary": {
        "speaker1": [
          "내 아내는 나의 진심을 알아준다.",
          "나는 가족과 외식했다.",
          "나는 크림 스파게티가 싫다. 나는 명란 파스타가 좋다.",
          "나는 가족과 맛집 여행을 갈 거다.",
          "나는 맛집 여행은 관심이 없다."
        ],
        "speaker2": [
          "나는 파스타를 좋아한다. 나는 동남아 음식을 싫어한다."
        ]
      },
      "prevAggregatedpersonaSummary": {
        "speaker1": [
          "나는 50대 남자이다.",
          "나는 회사원이다.",
          "나는 물고기 두 마리를 키운다.",
          "나는 식용, 관상용 다 좋다.",
          "나는 고등어가 제일 좋다.",
          "나는 직장생활이 허무하다.",
          "나는 무심한 아빠다.",
          "나는 무심한 남편이다."
        ],
        "speaker2": [
          "나는 50대 여자이다. 나는 아파트 관리소장이다.",
          "나는 서울에 거주한다.",
          "나는 물고기 키우는 것에 관심이 없다. 나는 생선을 좋아한다.",
          "나는 고등어회를 좋아한다.",
          "나는 개신교이다."
        ]
      }
    },
    {
      "prevSessionID": "4-00201-3",
      "prevTimeInfo": {
        "timeNum": "7",
        "timeUnit": "일"
      },
      "nthSession": "4",
      "numberOfUtterances": "16",
      "numberOfTurns": "8",
      "sessionID": "4-00201-4",
      "dialog": [
        {
          "speaker": "speaker1",
          "personaID": "00591",
          "participantID": "0048",
          "utterance": "일주일이 지났어요~ㅎㅎ @이름1@ 학원에서 돌아오면 맛집 여행으로 전라도 탐방 가네요~ㅎㅎ.",
          "summary": "나는 전라도 여행을 갈 거다.",
          "date": "2022-09-06",
          "time": "17:53:14",
          "terminate": "false"
        },
        {
          "speaker": "speaker2",
          "personaID": "05174",
          "participantID": "0067",
          "utterance": "오랜만입니다~ 아~ 오늘 맛집 여행을 떠나시는 건가요?",
          "summary": "",
          "date": "2022-09-06",
          "time": "17:53:29",
          "terminate": "false"
        },
        {
          "speaker": "speaker1",
          "personaID": "00591",
          "participantID": "0048",
          "utterance": "네! 전라도가 아무래도 음식이 유명하니까~ 가보려고요~ 요즘 여수가 유명하다고 하네요~?",
          "summary": "나는 여수로 갈 거다.",
          "date": "2022-09-06",
          "time": "17:53:53",
          "terminate": "false"
        },
        {
          "speaker": "speaker2",
          "personaID": "05174",
          "participantID": "0067",
          "utterance": "전라도 음식 맛있죠 ㅎㅎ 여수에 뭐가 유명한가요?",
          "summary": "",
          "date": "2022-09-06",
          "time": "17:54:09",
          "terminate": "false"
        },
        {
          "speaker": "speaker1",
          "personaID": "00591",
          "participantID": "0048",
          "utterance": "사실 저도 잘 몰라요~ㅋㅋ 아내랑 @이름1@이랑 이야기 하길래 알았다고 했을 뿐이네요~",
          "summary": "",
          "date": "2022-09-06",
          "time": "17:54:23",
          "terminate": "false"
        },
        {
          "speaker": "speaker2",
          "personaID": "05174",
          "participantID": "0067",
          "utterance": "그러시구나 ㅎㅎ 저도 여수에 뭐가 유명한지 모르겠네요~ 멀기만 하고~",
          "summary": "",
          "date": "2022-09-06",
          "time": "17:54:37",
          "terminate": "false"
        },
        {
          "speaker": "speaker1",
          "personaID": "00591",
          "participantID": "0048",
          "utterance": "뭐~ 전라도면 한정식 아닐까요? 여수면 바닷가니까 어폐류나 낙지 같은거 있으려나~",
          "summary": "",
          "date": "2022-09-06",
          "time": "17:55:01",
          "terminate": "false"
        },
        {
          "speaker": "speaker2",
          "personaID": "05174",
          "participantID": "0067",
          "utterance": "아~ 한정식이 유명하죠~ 해산물도 많을 것 같은데요?",
          "summary": "",
          "date": "2022-09-06",
          "time": "17:55:20",
          "terminate": "false"
        },
        {
          "speaker": "speaker1",
          "personaID": "00591",
          "participantID": "0048",
          "utterance": "아무래도 싱싱한거 많을것 같아요~ 서해니까 조개구워먹고 하면 될것 같네요~",
          "summary": "",
          "date": "2022-09-06",
          "time": "17:55:35",
          "terminate": "false"
        },
        {
          "speaker": "speaker2",
          "personaID": "05174",
          "participantID": "0067",
          "utterance": "네. 바닷가 근처니까 싱싱한 게 많겠네요~ 나도 조개구이 먹고 싶다~",
          "summary": "나는 조개구이가 먹고 싶다.",
          "date": "2022-09-06",
          "time": "17:55:52",
          "terminate": "false"
        },
        {
          "speaker": "speaker1",
          "personaID": "00591",
          "participantID": "0048",
          "utterance": "조개구이는 안먹은지 정말 오래됬네요~ㅎㅎ 오랜만에 굴구이도 많이 먹고 와야죠~",
          "summary": "",
          "date": "2022-09-06",
          "time": "17:56:13",
          "terminate": "false"
        },
        {
          "speaker": "speaker2",
          "personaID": "05174",
          "participantID": "0067",
          "utterance": "저도 오래 됐어요~ 오! 석굴도 좋죠~ 저는 키조개도 구워먹고 싶네요~",
          "summary": "",
          "date": "2022-09-06",
          "time": "17:56:24",
          "terminate": "false"
        },
        {
          "speaker": "speaker1",
          "personaID": "00591",
          "participantID": "0048",
          "utterance": "키조개도 맛좋죠! 생각해보니~ 가족여행 자체가 오랜만이군요~",
          "summary": "",
          "date": "2022-09-06",
          "time": "17:56:49",
          "terminate": "false"
        },
        {
          "speaker": "speaker2",
          "personaID": "05174",
          "participantID": "0067",
          "utterance": "그러시구나~ 오랜만이라서 조금 설레시겠어요~?",
          "summary": "",
          "date": "2022-09-06",
          "time": "17:57:00",
          "terminate": "false"
        },
        {
          "speaker": "speaker1",
          "personaID": "00591",
          "participantID": "0048",
          "utterance": "가족들이 좋아하니 저도 좋네요~ 마침 딸들이 오네요~ 준비해서 나가야지요~ 다음에 이야기해요!",
          "summary": "",
          "date": "2022-09-06",
          "time": "17:57:21",
          "terminate": "false"
        },
        {
          "speaker": "speaker2",
          "personaID": "05174",
          "participantID": "0067",
          "utterance": "네~ 좋은 여행 되시길 바라겠습니다~ 다음에 이야기해요~",
          "summary": "",
          "date": "2022-09-06",
          "time": "17:57:38",
          "terminate": "true"
        }
      ],
      "sessionPersonaSummary": {
        "speaker1": [
          "나는 전라도 여행을 갈 거다.",
          "나는 여수로 갈 거다."
        ],
        "speaker2": [
          "나는 조개구이가 먹고 싶다."
        ]
      },
      "prevAggregatedpersonaSummary": {
        "speaker1": [
          "나는 50대 남자이다.",
          "나는 회사원이다.",
          "나는 물고기 두 마리를 키운다.",
          "나는 식용, 관상용 다 좋다.",
          "나는 고등어가 제일 좋다.",
          "나는 직장생활이 허무하다.",
          "나는 무심한 아빠다.",
          "나는 무심한 남편이다.",
          "내 아내는 나의 진심을 알아준다.",
          "나는 가족과 외식했다.",
          "나는 크림 스파게티가 싫다. 나는 명란 파스타가 좋다.",
          "나는 가족과 맛집 여행을 갈 거다.",
          "나는 맛집 여행은 관심이 없다."
        ],
        "speaker2": [
          "나는 50대 여자이다. 나는 아파트 관리소장이다.",
          "나는 서울에 거주한다.",
          "나는 물고기 키우는 것에 관심이 없다. 나는 생선을 좋아한다.",
          "나는 고등어회를 좋아한다.",
          "나는 개신교이다.",
          "나는 파스타를 좋아한다. 나는 동남아 음식을 싫어한다."
        ]
      }
    }
  ]
}