{
  "FileInfo": {
    "filename": "K4-00393-CL97507-CP98133-06-15-S4.json",
    "sessionLevel": "4"
  },
  "participantsInfo": {
    "numberOfParticipants": "2",
    "speaker1": {
      "participantID": "20035",
      "gender": "여성",
      "age": "60대 이상",
      "occupation": "주부",
      "bPlace": "부산/대구/울산/경상",
      "gPlace": "서울/경기/인천",
      "rPlace": "서울/경기/인천",
      "educationLevel": "대졸"
    },
    "speaker2": {
      "participantID": "20287",
      "gender": "여성",
      "age": "60대 이상",
      "occupation": "주부",
      "bPlace": "서울/경기/인천",
      "gPlace": "서울/경기/인천",
      "rPlace": "서울/경기/인천",
      "educationLevel": "고졸"
    }
  },
  "multisessionInfo": {
    "multisessionID": "4-00393"
  },
  "personaInfo": {
    "clInfo": {
      "personaID": "97507",
      "personaFeatures": [
        "나는 여자이다.",
        "나는 60대 이상이다.",
        "나는 늘 주가에 관심을 갖고 있다.",
        "나는 방과후 교사이다.",
        "나는 뭐든지 열심히 한다.",
        "나는 단 음식을 좋아한다.",
        "나는 혈액형이 O형이다."
      ],
      "speakerType": "speaker1"
    },
    "cpInfo": {
      "personaID": "98133",
      "personaFeatures": [
        "나는 여자이다.",
        "나는 60대 이상이다.",
        "나는 시원한 날씨를 좋아한다.",
        "나의 생일은 4월이다.",
        "나는 매우 활발하다.",
        "나는 연인이 없지만 신경 쓰지 않는다.",
        "나는 혈액형이 O형이다."
      ],
      "speakerType": "speaker2"
    }
  },
  "topicInfo": {
    "topicID": "06-15",
    "topicType": "교육",
    "topicTitle": "고등학교"
  },
  "sessionInfo": [
    {
      "prevSessionID": null,
      "prevTimeInfo": {
        "timeNum": null,
        "timeUnit": null
      },
      "nthSession": "1",
      "numberOfUtterances": "14",
      "numberOfTurns": "7",
      "sessionID": "4-00393-1",
      "dialog": [
        {
          "speaker": "speaker1",
          "personaID": "97507",
          "participantID": "20035",
          "utterance": "방가방가~~ 반가워요! 전 60대 여자입니다!!",
          "summary": "나는 60대 여자다.",
          "date": "2022-11-29",
          "time": "11:14:35",
          "terminate": "false"
        },
        {
          "speaker": "speaker2",
          "personaID": "98133",
          "participantID": "20287",
          "utterance": "안녕하세요~~저도 방가방가입니다 ㅎㅎ 저도 여자구요 60대에요~~~",
          "summary": "나는 여자이다. 나는 60대 이상이다.",
          "date": "2022-11-29",
          "time": "11:14:48",
          "terminate": "false"
        },
        {
          "speaker": "speaker1",
          "personaID": "97507",
          "participantID": "20035",
          "utterance": "혹시 무슨 일 하시는 분인가요? 간단히 소개시간 가져요!",
          "summary": "",
          "date": "2022-11-29",
          "time": "11:15:00",
          "terminate": "false"
        },
        {
          "speaker": "speaker2",
          "personaID": "98133",
          "participantID": "20287",
          "utterance": "ㅎㅎ 저는 O형이구요 ㅎㅎ 매우 활발한 성격이랍니다^^",
          "summary": "나는 혈액형이 O형이다. 나는 매우 활발하다.",
          "date": "2022-11-29",
          "time": "11:15:26",
          "terminate": "false"
        },
        {
          "speaker": "speaker1",
          "personaID": "97507",
          "participantID": "20035",
          "utterance": "오! 저랑 혈액형이 같으시네요! 일은 무슨 일 하세요? 전 방과후 교사예요~~",
          "summary": "나는 혈액형이 O형이다. 나는 방과 후 교사이다.",
          "date": "2022-11-29",
          "time": "11:15:48",
          "terminate": "false"
        },
        {
          "speaker": "speaker2",
          "personaID": "98133",
          "participantID": "20287",
          "utterance": "오 선생님이시군요^^ 저는 회사에서 인사총무팀 일을 하고 있답니다 ㅎㅎ 뭐하고 계신가요?",
          "summary": "",
          "date": "2022-11-29",
          "time": "11:16:14",
          "terminate": "false"
        },
        {
          "speaker": "speaker1",
          "personaID": "97507",
          "participantID": "20035",
          "utterance": "저는 지금 방과 후 놀이활동할 거를 만들고 있어요! 뭐든지 열심히 하는 성격이라 그런지 좀 피곤하네요.......",
          "summary": "나는 뭐든지 열심히 한다.",
          "date": "2022-11-29",
          "time": "11:16:34",
          "terminate": "false"
        },
        {
          "speaker": "speaker2",
          "personaID": "98133",
          "participantID": "20287",
          "utterance": "ㅎㅎ 좋은 성격이네요~~ @이름1@도 좋아하겠어요^^ 저는 이번달인 4월에 생일이라 여행 계획 중이에요^^",
          "summary": "나의 생일은 4월이다.",
          "date": "2022-11-29",
          "time": "11:16:53",
          "terminate": "false"
        },
        {
          "speaker": "speaker1",
          "personaID": "97507",
          "participantID": "20035",
          "utterance": "우와~~ 어디로 가실 건가요??ㅎㅎ 부럽네요!",
          "summary": "",
          "date": "2022-11-29",
          "time": "11:17:01",
          "terminate": "false"
        },
        {
          "speaker": "speaker2",
          "personaID": "98133",
          "participantID": "20287",
          "utterance": "제주도로 가 볼까봐요~~ 저는 따스하면서도 시원한 날씨를 좋아해서 바다바람 쐬고 싶어요 ㅎㅎ.",
          "summary": "나는 시원한 날씨를 좋아한다.",
          "date": "2022-11-29",
          "time": "11:17:16",
          "terminate": "false"
        },
        {
          "speaker": "speaker1",
          "personaID": "97507",
          "participantID": "20035",
          "utterance": "저도 시원한 날씨 좋아하는데 부러워요~ 누구랑 가시게요?",
          "summary": "나는 시원한 날씨를 좋아한다.",
          "date": "2022-11-29",
          "time": "11:17:29",
          "terminate": "false"
        },
        {
          "speaker": "speaker2",
          "personaID": "98133",
          "participantID": "20287",
          "utterance": "가족들이랑 가려구요^^선생님 결혼하셨나요~~?",
          "summary": "나는 가족들이랑 여행을 갈 계획이다.",
          "date": "2022-11-29",
          "time": "11:17:42",
          "terminate": "false"
        },
        {
          "speaker": "speaker1",
          "personaID": "97507",
          "participantID": "20035",
          "utterance": "네! 결혼했죠! 주식쟁이 남편이 있답니다!ㅎㅎ 하하 남편 밥 차려주러 가볼게요!",
          "summary": "나는 주식을 좋아하는 남편이 있다.",
          "date": "2022-11-29",
          "time": "11:18:05",
          "terminate": "false"
        },
        {
          "speaker": "speaker2",
          "personaID": "98133",
          "participantID": "20287",
          "utterance": "ㅎㅎ 아 그렇군요 ㅎㅎ 네 천천히 다녀오세요~~",
          "summary": "",
          "date": "2022-11-29",
          "time": "11:18:17",
          "terminate": "true"
        }
      ],
      "sessionPersonaSummary": {
        "speaker1": [
          "나는 60대 여자다.",
          "나는 혈액형이 O형이다. 나는 방과 후 교사이다.",
          "나는 뭐든지 열심히 한다.",
          "나는 시원한 날씨를 좋아한다.",
          "나는 주식을 좋아하는 남편이 있다."
        ],
        "speaker2": [
          "나는 여자이다. 나는 60대 이상이다.",
          "나는 혈액형이 O형이다. 나는 매우 활발하다.",
          "나의 생일은 4월이다.",
          "나는 시원한 날씨를 좋아한다.",
          "나는 가족들이랑 여행을 갈 계획이다."
        ]
      },
      "prevAggregatedpersonaSummary": {
        "speaker1": [],
        "speaker2": []
      }
    },
    {
      "prevSessionID": "4-00393-1",
      "prevTimeInfo": {
        "timeNum": "2",
        "timeUnit": "시간"
      },
      "nthSession": "2",
      "numberOfUtterances": "14",
      "numberOfTurns": "7",
      "sessionID": "4-00393-2",
      "dialog": [
        {
          "speaker": "speaker1",
          "personaID": "97507",
          "participantID": "20035",
          "utterance": "남편이랑 같이 밥먹고 설거지 좀 하고 온다고 2시간이나 흘렀네요~~ 혹시 주식하세요?",
          "summary": "",
          "date": "2022-11-29",
          "time": "11:18:21",
          "terminate": "false"
        },
        {
          "speaker": "speaker2",
          "personaID": "98133",
          "participantID": "20287",
          "utterance": "ㅎㅎ 저는 겁쟁이라 주식을 안 해봤어요 ㅎㅎ 어떤가요?",
          "summary": "",
          "date": "2022-11-29",
          "time": "11:18:30",
          "terminate": "false"
        },
        {
          "speaker": "speaker1",
          "personaID": "97507",
          "participantID": "20035",
          "utterance": "저는 남편때문인지 늘 주가에 관심을 갖고 있어서 자주 보는데 요즘 장 안좋으니 시작하지마세요 ㅜ.",
          "summary": "나는 늘 주가에 관심을 갖고 있다.",
          "date": "2022-11-29",
          "time": "11:18:52",
          "terminate": "false"
        },
        {
          "speaker": "speaker2",
          "personaID": "98133",
          "participantID": "20287",
          "utterance": "ㅠㅠ 뉴스보니 그렇더라구요~~~ 저는 요즘 아들때문에 골치가 아프네요 ㅠㅠ.",
          "summary": "나는 아들이 있다. 나는 요즘 아들 때문에 골치가 아프다.",
          "date": "2022-11-29",
          "time": "11:19:11",
          "terminate": "false"
        },
        {
          "speaker": "speaker1",
          "personaID": "97507",
          "participantID": "20035",
          "utterance": "어떤 일인가요? 아드님이 왜요!!!!!!!ㅠㅠ.",
          "summary": "",
          "date": "2022-11-29",
          "time": "11:19:21",
          "terminate": "false"
        },
        {
          "speaker": "speaker2",
          "personaID": "98133",
          "participantID": "20287",
          "utterance": "제 아들이 고2인데 공부도 안하고 매일 게임만해서 너무 속상해요...",
          "summary": "나의 아들은 고등학교 2학년이다.",
          "date": "2022-11-29",
          "time": "11:19:23",
          "terminate": "false"
        },
        {
          "speaker": "speaker1",
          "personaID": "97507",
          "participantID": "20035",
          "utterance": "아... 속상하시겠네요! 그런데 늦둥이를 낳으셨네요? 아직도 고등학교 다니는 자녀가 있으시군요!",
          "summary": "",
          "date": "2022-11-29",
          "time": "11:19:36",
          "terminate": "false"
        },
        {
          "speaker": "speaker2",
          "personaID": "98133",
          "participantID": "20287",
          "utterance": "네네 첫째랑 터울이 꽤 있어요...ㅠㅠ 얼마전엔 고등학교 담임선생님이 전화왔었어요...",
          "summary": "",
          "date": "2022-11-29",
          "time": "11:19:59",
          "terminate": "false"
        },
        {
          "speaker": "speaker1",
          "personaID": "97507",
          "participantID": "20035",
          "utterance": "애지중지 더 이뻐하며 키우셨을텐데 속상하시겠어요.... 전화와서 뭐라고 하시던가요?",
          "summary": "",
          "date": "2022-11-29",
          "time": "11:20:09",
          "terminate": "false"
        },
        {
          "speaker": "speaker2",
          "personaID": "98133",
          "participantID": "20287",
          "utterance": "자꾸 고등학교 야간자율학습을 빠지나봐요...물어봤더니 PC방에 갔다고 하던데..너무 화가나네요~",
          "summary": "",
          "date": "2022-11-29",
          "time": "11:20:23",
          "terminate": "false"
        },
        {
          "speaker": "speaker1",
          "personaID": "97507",
          "participantID": "20035",
          "utterance": "아이고...ㅜㅜ 화가 나시겠어요! 그래도 아직 고등학교로 호출까지 가보신 적은 없으시죠?",
          "summary": "",
          "date": "2022-11-29",
          "time": "11:20:36",
          "terminate": "false"
        },
        {
          "speaker": "speaker2",
          "personaID": "98133",
          "participantID": "20287",
          "utterance": "아직 그정도까지는 없었어요...방과후 교사인 선생님께서 보실 땐 어떤가요..?",
          "summary": "",
          "date": "2022-11-29",
          "time": "11:20:51",
          "terminate": "false"
        },
        {
          "speaker": "speaker1",
          "personaID": "97507",
          "participantID": "20035",
          "utterance": "좀 문제네요.. 휴 제 친한친구는 자녀때문에 고등학교에 불려갔었거든요~~ 그 친구 잘지내는지 오랜만에 안부 전화해야겠네요!",
          "summary": "",
          "date": "2022-11-29",
          "time": "11:21:04",
          "terminate": "false"
        },
        {
          "speaker": "speaker2",
          "personaID": "98133",
          "participantID": "20287",
          "utterance": "정말요?? 무슨 사고를 쳤었나봐요 ㅠㅠ 에구..다녀오세요~",
          "summary": "",
          "date": "2022-11-29",
          "time": "11:21:19",
          "terminate": "true"
        }
      ],
      "sessionPersonaSummary": {
        "speaker1": [
          "나는 늘 주가에 관심을 갖고 있다."
        ],
        "speaker2": [
          "나는 아들이 있다. 나는 요즘 아들 때문에 골치가 아프다.",
          "나의 아들은 고등학교 2학년이다."
        ]
      },
      "prevAggregatedpersonaSummary": {
        "speaker1": [
          "나는 60대 여자다.",
          "나는 혈액형이 O형이다. 나는 방과 후 교사이다.",
          "나는 뭐든지 열심히 한다.",
          "나는 시원한 날씨를 좋아한다.",
          "나는 주식을 좋아하는 남편이 있다."
        ],
        "speaker2": [
          "나는 여자이다. 나는 60대 이상이다.",
          "나는 혈액형이 O형이다. 나는 매우 활발하다.",
          "나의 생일은 4월이다.",
          "나는 시원한 날씨를 좋아한다.",
          "나는 가족들이랑 여행을 갈 계획이다."
        ]
      }
    },
    {
      "prevSessionID": "4-00393-2",
      "prevTimeInfo": {
        "timeNum": "7",
        "timeUnit": "주"
      },
      "nthSession": "3",
      "numberOfUtterances": "14",
      "numberOfTurns": "7",
      "sessionID": "4-00393-3",
      "dialog": [
        {
          "speaker": "speaker1",
          "personaID": "97507",
          "participantID": "20035",
          "utterance": "저번 대화 후로 7주나 흘렀고, 벌써 늦여름이네요~~ 요즘 무더위에 건강 괜찮으세요?",
          "summary": "",
          "date": "2022-11-29",
          "time": "11:21:34",
          "terminate": "false"
        },
        {
          "speaker": "speaker2",
          "personaID": "98133",
          "participantID": "20287",
          "utterance": "네네 저는 제주도에 와있답니다~~ 그동안 잘 지내셨나요?",
          "summary": "",
          "date": "2022-11-29",
          "time": "11:21:46",
          "terminate": "false"
        },
        {
          "speaker": "speaker1",
          "personaID": "97507",
          "participantID": "20035",
          "utterance": "오! 제주도에 또 가신 건가요? 전 잘지냈답니다~~",
          "summary": "",
          "date": "2022-11-29",
          "time": "11:21:56",
          "terminate": "false"
        },
        {
          "speaker": "speaker2",
          "personaID": "98133",
          "participantID": "20287",
          "utterance": "ㅎㅎ 어머니댁이 이쪽에 있어서 잠깐 왔어요~~ 아들이랑도 잘 해결 했구요^^",
          "summary": "나의 어머니댁은 제주도에 있다.",
          "date": "2022-11-29",
          "time": "11:22:18",
          "terminate": "false"
        },
        {
          "speaker": "speaker1",
          "personaID": "97507",
          "participantID": "20035",
          "utterance": "오!! 그러시군요! 그러면 지금 고등학교 아들이랑 같이 가신 건가요?",
          "summary": "",
          "date": "2022-11-29",
          "time": "11:22:28",
          "terminate": "false"
        },
        {
          "speaker": "speaker2",
          "personaID": "98133",
          "participantID": "20287",
          "utterance": "네 맞아요~~ 대신 내일 다시 올라가야해요 ㅎㅎ 이제 고등학교 야간자율학습도 열심히 하기로 했답니다^^",
          "summary": "",
          "date": "2022-11-29",
          "time": "11:22:51",
          "terminate": "false"
        },
        {
          "speaker": "speaker1",
          "personaID": "97507",
          "participantID": "20035",
          "utterance": "아아!! 다행이네요~~ 어쩌다 정신을 차리게 된건가요? 비법이 궁금하네요!",
          "summary": "",
          "date": "2022-11-29",
          "time": "11:23:03",
          "terminate": "false"
        },
        {
          "speaker": "speaker2",
          "personaID": "98133",
          "participantID": "20287",
          "utterance": "고등학교 수업만 열심히 참석해도 제가 주말에는 게임을 할 수 있게 해준다고 합의 봤어요 ㅎㅎ.",
          "summary": "",
          "date": "2022-11-29",
          "time": "11:23:35",
          "terminate": "false"
        },
        {
          "speaker": "speaker1",
          "personaID": "97507",
          "participantID": "20035",
          "utterance": "오~ 역시 주고 받는게 있어야한다니까요? 그렇지 않나요? 호호호.",
          "summary": "",
          "date": "2022-11-29",
          "time": "11:23:45",
          "terminate": "false"
        },
        {
          "speaker": "speaker2",
          "personaID": "98133",
          "participantID": "20287",
          "utterance": "ㅎㅎ 맞아요~~~ 요즘 주식은 통 어떠세요? 조금 나아졌다고 하던데요.",
          "summary": "",
          "date": "2022-11-29",
          "time": "11:24:00",
          "terminate": "false"
        },
        {
          "speaker": "speaker1",
          "personaID": "97507",
          "participantID": "20035",
          "utterance": "요즘 꽤 괜찮아요! 왜요? 시작하시게요?ㅎㅎ.",
          "summary": "",
          "date": "2022-11-29",
          "time": "11:24:12",
          "terminate": "false"
        },
        {
          "speaker": "speaker2",
          "personaID": "98133",
          "participantID": "20287",
          "utterance": "ㅎㅎ 요즘 좀 알아보고 있긴해요~~~ 돈 좀 많이 벌고싶어요~~",
          "summary": "나는 요즘 주식을 알아보고 있다.",
          "date": "2022-11-29",
          "time": "11:24:33",
          "terminate": "false"
        },
        {
          "speaker": "speaker1",
          "personaID": "97507",
          "participantID": "20035",
          "utterance": "오!! 다음에 제가 알려드릴께요! 전 다시 주식 장 좀 보러갈께요!",
          "summary": "",
          "date": "2022-11-29",
          "time": "11:24:41",
          "terminate": "false"
        },
        {
          "speaker": "speaker2",
          "personaID": "98133",
          "participantID": "20287",
          "utterance": "정말요??? ㅎㅎ감사합니다~ 네네 다녀오세요 ㅎㅎㅎ.",
          "summary": "",
          "date": "2022-11-29",
          "time": "11:24:50",
          "terminate": "true"
        }
      ],
      "sessionPersonaSummary": {
        "speaker1": [],
        "speaker2": [
          "나의 어머니댁은 제주도에 있다.",
          "나는 요즘 주식을 알아보고 있다."
        ]
      },
      "prevAggregatedpersonaSummary": {
        "speaker1": [
          "나는 60대 여자다.",
          "나는 혈액형이 O형이다. 나는 방과 후 교사이다.",
          "나는 뭐든지 열심히 한다.",
          "나는 시원한 날씨를 좋아한다.",
          "나는 주식을 좋아하는 남편이 있다.",
          "나는 늘 주가에 관심을 갖고 있다."
        ],
        "speaker2": [
          "나는 여자이다. 나는 60대 이상이다.",
          "나는 혈액형이 O형이다. 나는 매우 활발하다.",
          "나의 생일은 4월이다.",
          "나는 시원한 날씨를 좋아한다.",
          "나는 가족들이랑 여행을 갈 계획이다.",
          "나는 아들이 있다. 나는 요즘 아들 때문에 골치가 아프다.",
          "나의 아들은 고등학교 2학년이다."
        ]
      }
    },
    {
      "prevSessionID": "4-00393-3",
      "prevTimeInfo": {
        "timeNum": "3",
        "timeUnit": "일"
      },
      "nthSession": "4",
      "numberOfUtterances": "14",
      "numberOfTurns": "7",
      "sessionID": "4-00393-4",
      "dialog": [
        {
          "speaker": "speaker1",
          "personaID": "97507",
          "participantID": "20035",
          "utterance": "3일만인가요? 제가 그간 바쁜 일이 생겨서 연락을 못드렸어요!",
          "summary": "",
          "date": "2022-11-29",
          "time": "11:25:07",
          "terminate": "false"
        },
        {
          "speaker": "speaker2",
          "personaID": "98133",
          "participantID": "20287",
          "utterance": "괜찮아요^^ 무슨 일 있으셨던건 아니시죠~?",
          "summary": "",
          "date": "2022-11-29",
          "time": "11:25:16",
          "terminate": "false"
        },
        {
          "speaker": "speaker1",
          "personaID": "97507",
          "participantID": "20035",
          "utterance": "초등학생 방과 후 수업을 가르치다가 고등학교 방과 후 감독 교사로 이직하게 되었거든요!",
          "summary": "나는 고등학교 방과 후 감독 교사로 이직하게 되었다.",
          "date": "2022-11-29",
          "time": "11:25:32",
          "terminate": "false"
        },
        {
          "speaker": "speaker2",
          "personaID": "98133",
          "participantID": "20287",
          "utterance": "아 정말요~~~~? ㅎㅎ 너무 축하드려요^^ 많이 바쁘셨겠어요~",
          "summary": "",
          "date": "2022-11-29",
          "time": "11:25:46",
          "terminate": "false"
        },
        {
          "speaker": "speaker1",
          "personaID": "97507",
          "participantID": "20035",
          "utterance": "네! 이제 3일차라 아직 정신 없네요~~ 선생님은 별일 없으셨죠?",
          "summary": "",
          "date": "2022-11-29",
          "time": "11:26:03",
          "terminate": "false"
        },
        {
          "speaker": "speaker2",
          "personaID": "98133",
          "participantID": "20287",
          "utterance": "네 ㅎㅎ 저는 활발한 성격이다보니 회사에서 동아리 회장을 시작했어요^^",
          "summary": "나는 회사에서 동아리 회장을 시작했다.",
          "date": "2022-11-29",
          "time": "11:26:20",
          "terminate": "false"
        },
        {
          "speaker": "speaker1",
          "personaID": "97507",
          "participantID": "20035",
          "utterance": "오!! 동아리는 무슨 동아리인가요?ㅎㅎㅎㅎ.",
          "summary": "",
          "date": "2022-11-29",
          "time": "11:26:27",
          "terminate": "false"
        },
        {
          "speaker": "speaker2",
          "personaID": "98133",
          "participantID": "20287",
          "utterance": "볼링동아리 입니다~~ 어릴때부터 볼링을 좋아했거든요^^",
          "summary": "나는 어릴 때부터 볼링을 좋아했다.",
          "date": "2022-11-29",
          "time": "11:26:39",
          "terminate": "false"
        },
        {
          "speaker": "speaker1",
          "personaID": "97507",
          "participantID": "20035",
          "utterance": "와~~ 그러면 볼링 몇점이나 치세요?",
          "summary": "",
          "date": "2022-11-29",
          "time": "11:26:46",
          "terminate": "false"
        },
        {
          "speaker": "speaker2",
          "personaID": "98133",
          "participantID": "20287",
          "utterance": "평균 150까지는 나오는거 같아요 ㅎㅎ 잘하는편인가요?",
          "summary": "",
          "date": "2022-11-29",
          "time": "11:27:01",
          "terminate": "false"
        },
        {
          "speaker": "speaker1",
          "personaID": "97507",
          "participantID": "20035",
          "utterance": "네....정말 대단하세요! 저는 40점대거든요!! 뭐든 열심히 하는 성격이니 지금부터 연습하면 잘해질까요?",
          "summary": "",
          "date": "2022-11-29",
          "time": "11:27:18",
          "terminate": "false"
        },
        {
          "speaker": "speaker2",
          "personaID": "98133",
          "participantID": "20287",
          "utterance": "ㅎㅎ 그럼요~~~ 뭐든 열심히하면 다 잘하게 되더라구요^^",
          "summary": "",
          "date": "2022-11-29",
          "time": "11:27:29",
          "terminate": "false"
        },
        {
          "speaker": "speaker1",
          "personaID": "97507",
          "participantID": "20035",
          "utterance": "이번 대화에서 자극 받고 가네요! 대화 즐거웠습니다 ! ㅎㅎ 감사해요!",
          "summary": "",
          "date": "2022-11-29",
          "time": "11:27:37",
          "terminate": "false"
        },
        {
          "speaker": "speaker2",
          "personaID": "98133",
          "participantID": "20287",
          "utterance": "저는 이제 일 마무리 하러 가 볼게요^^ 또 연락해요.",
          "summary": "",
          "date": "2022-11-29",
          "time": "11:27:42",
          "terminate": "true"
        }
      ],
      "sessionPersonaSummary": {
        "speaker1": [
          "나는 고등학교 방과 후 감독 교사로 이직하게 되었다."
        ],
        "speaker2": [
          "나는 회사에서 동아리 회장을 시작했다.",
          "나는 어릴 때부터 볼링을 좋아했다."
        ]
      },
      "prevAggregatedpersonaSummary": {
        "speaker1": [
          "나는 60대 여자다.",
          "나는 혈액형이 O형이다. 나는 방과 후 교사이다.",
          "나는 뭐든지 열심히 한다.",
          "나는 시원한 날씨를 좋아한다.",
          "나는 주식을 좋아하는 남편이 있다.",
          "나는 늘 주가에 관심을 갖고 있다."
        ],
        "speaker2": [
          "나는 여자이다. 나는 60대 이상이다.",
          "나는 혈액형이 O형이다. 나는 매우 활발하다.",
          "나의 생일은 4월이다.",
          "나는 시원한 날씨를 좋아한다.",
          "나는 가족들이랑 여행을 갈 계획이다.",
          "나는 아들이 있다. 나는 요즘 아들 때문에 골치가 아프다.",
          "나의 아들은 고등학교 2학년이다.",
          "나의 어머니댁은 제주도에 있다.",
          "나는 요즘 주식을 알아보고 있다."
        ]
      }
    }
  ]
}