{
  "FileInfo": {
    "filename": "K4-00367-CL31630-CP32298-09-01-S4.json",
    "sessionLevel": "4"
  },
  "participantsInfo": {
    "numberOfParticipants": "2",
    "speaker1": {
      "participantID": "1093",
      "gender": "여성",
      "age": "30대",
      "occupation": "무직",
      "bPlace": "서울/경기/인천",
      "gPlace": "서울/경기/인천",
      "rPlace": "서울/경기/인천",
      "educationLevel": "대졸"
    },
    "speaker2": {
      "participantID": "0114",
      "gender": "여성",
      "age": "20대",
      "occupation": "사무직",
      "bPlace": "광주/전라/제주",
      "gPlace": "광주/전라/제주",
      "rPlace": "광주/전라/제주",
      "educationLevel": "대졸"
    }
  },
  "multisessionInfo": {
    "multisessionID": "4-00367"
  },
  "personaInfo": {
    "clInfo": {
      "personaID": "31630",
      "personaFeatures": [
        "나는 여자이다.",
        "나는 30대이다.",
        "나는 미술품 감정사이다.",
        "나는 사진을 찍는 것을 싫어한다.",
        "나는 닭볶음탕을 즐겨 먹는다."
      ],
      "speakerType": "speaker1"
    },
    "cpInfo": {
      "personaID": "32298",
      "personaFeatures": [
        "나는 여자이다.",
        "나는 30대이다.",
        "나는 자영업을 한다.",
        "나는 실외에서 래프팅 하는 것을 좋아한다.",
        "나는 곱창을 안 먹는다."
      ],
      "speakerType": "speaker2"
    }
  },
  "topicInfo": {
    "topicID": "09-01",
    "topicType": "개인 및 관계>반려동물",
    "topicTitle": "강아지"
  },
  "sessionInfo": [
    {
      "prevSessionID": null,
      "prevTimeInfo": {
        "timeNum": null,
        "timeUnit": null
      },
      "nthSession": "1",
      "numberOfUtterances": "18",
      "numberOfTurns": "9",
      "sessionID": "4-00367-1",
      "dialog": [
        {
          "speaker": "speaker1",
          "personaID": "31630",
          "participantID": "1093",
          "utterance": "안녕하세요! 저는 30대 여자입니다 잘부탁해요^^",
          "summary": "나는 30대 여자이다.",
          "date": "2022-11-01",
          "time": "22:18:20",
          "terminate": "false"
        },
        {
          "speaker": "speaker2",
          "personaID": "32298",
          "participantID": "0114",
          "utterance": "안녕하세요 저는 30대 여자입니다 반가워요^^",
          "summary": "나는 30대 여자이다.",
          "date": "2022-11-01",
          "time": "22:20:28",
          "terminate": "false"
        },
        {
          "speaker": "speaker1",
          "personaID": "31630",
          "participantID": "1093",
          "utterance": "오 같은 여성과 매칭이 되니 정말 다행이네요^^",
          "summary": "",
          "date": "2022-11-01",
          "time": "22:21:06",
          "terminate": "false"
        },
        {
          "speaker": "speaker2",
          "personaID": "32298",
          "participantID": "0114",
          "utterance": "저도 그래요~ 비슷한또래인데 친하게 지내고싶네요^^",
          "summary": "",
          "date": "2022-11-01",
          "time": "22:21:28",
          "terminate": "false"
        },
        {
          "speaker": "speaker1",
          "personaID": "31630",
          "participantID": "1093",
          "utterance": "그러니까요~ 그럼 우리 편하게 말놓고 시작할까요?",
          "summary": "",
          "date": "2022-11-01",
          "time": "22:21:42",
          "terminate": "false"
        },
        {
          "speaker": "speaker2",
          "personaID": "32298",
          "participantID": "0114",
          "utterance": "오 좋은데요? 호칭은 어떻게 하는게 좋을까요?",
          "summary": "",
          "date": "2022-11-01",
          "time": "22:21:55",
          "terminate": "false"
        },
        {
          "speaker": "speaker1",
          "personaID": "31630",
          "participantID": "1093",
          "utterance": "너는 별칭이 따로있어? 나는 짱아라고 불러줄래?^^",
          "summary": "나의 별칭은 짱아이다.",
          "date": "2022-11-01",
          "time": "22:22:10",
          "terminate": "false"
        },
        {
          "speaker": "speaker2",
          "personaID": "32298",
          "participantID": "0114",
          "utterance": "나는 별명이 유방군데.... 유방구라고 불러줘~",
          "summary": "나의 별명은 유방 구이다.",
          "date": "2022-11-01",
          "time": "22:22:29",
          "terminate": "false"
        },
        {
          "speaker": "speaker1",
          "personaID": "31630",
          "participantID": "1093",
          "utterance": "유방? 가슴? 하하 유방아~ 너는 무슨일을 하고있어?",
          "summary": "",
          "date": "2022-11-01",
          "time": "22:22:43",
          "terminate": "false"
        },
        {
          "speaker": "speaker2",
          "personaID": "32298",
          "participantID": "0114",
          "utterance": "유방구라구........방구야 나는 자영업을 해 짱아는 무슨일해?",
          "summary": "나는 자영업을 한다.",
          "date": "2022-11-01",
          "time": "22:23:11",
          "terminate": "false"
        },
        {
          "speaker": "speaker1",
          "personaID": "31630",
          "participantID": "1093",
          "utterance": "알겠어 그거나 그거나~ 와 자영업 대단한데? 무슨가게를하는데?",
          "summary": "",
          "date": "2022-11-01",
          "time": "22:23:20",
          "terminate": "false"
        },
        {
          "speaker": "speaker2",
          "personaID": "32298",
          "participantID": "0114",
          "utterance": "나는 곱창가게해~ 짱아는 곱창좋아해?",
          "summary": "나는 곱창가게를 한다.",
          "date": "2022-11-01",
          "time": "22:23:33",
          "terminate": "false"
        },
        {
          "speaker": "speaker1",
          "personaID": "31630",
          "participantID": "1093",
          "utterance": "와 멋있다~ 나 완좋! 진짜 완좋! 어디에 있어 가게는?",
          "summary": "나는 곱창을 좋아한다.",
          "date": "2022-11-01",
          "time": "22:23:49",
          "terminate": "false"
        },
        {
          "speaker": "speaker2",
          "personaID": "32298",
          "participantID": "0114",
          "utterance": "나는 서울에서 가게하고있어 곱창냄새를 맨날 맡아서 나는 곱창을 안먹어!",
          "summary": "나는 곱창을 안 먹는다. 나의 가게는 서울에 있다.",
          "date": "2022-11-01",
          "time": "22:24:04",
          "terminate": "false"
        },
        {
          "speaker": "speaker1",
          "personaID": "31630",
          "participantID": "1093",
          "utterance": "아그래? 질려서 그런가보다.. 내가 나중에 찾아갈게^^",
          "summary": "",
          "date": "2022-11-01",
          "time": "22:24:10",
          "terminate": "false"
        },
        {
          "speaker": "speaker2",
          "personaID": "32298",
          "participantID": "0114",
          "utterance": "알겠어 짱아는 어디살아? 근처 살았으면 좋겠는걸?",
          "summary": "",
          "date": "2022-11-01",
          "time": "22:24:23",
          "terminate": "false"
        },
        {
          "speaker": "speaker1",
          "personaID": "31630",
          "participantID": "1093",
          "utterance": "나는 미술품감정사야~ 서울미술관에서 일해^^ 일하는 곳이랑 가깝지?",
          "summary": "나는 미술품 감정사이다.",
          "date": "2022-11-01",
          "time": "22:24:33",
          "terminate": "false"
        },
        {
          "speaker": "speaker2",
          "personaID": "32298",
          "participantID": "0114",
          "utterance": "오 정말? 멋지다~ 그럼 예술가인가? 그럼 나 오픈준비좀 하고 올게^^",
          "summary": "",
          "date": "2022-11-01",
          "time": "22:25:05",
          "terminate": "true"
        }
      ],
      "sessionPersonaSummary": {
        "speaker1": [
          "나는 30대 여자이다.",
          "나의 별칭은 짱아이다.",
          "나는 곱창을 좋아한다.",
          "나는 미술품 감정사이다."
        ],
        "speaker2": [
          "나는 30대 여자이다.",
          "나의 별명은 유방 구이다.",
          "나는 자영업을 한다.",
          "나는 곱창가게를 한다.",
          "나는 곱창을 안 먹는다. 나의 가게는 서울에 있다."
        ]
      },
      "prevAggregatedpersonaSummary": {
        "speaker1": [],
        "speaker2": []
      }
    },
    {
      "prevSessionID": "4-00367-1",
      "prevTimeInfo": {
        "timeNum": "4",
        "timeUnit": "시간"
      },
      "nthSession": "2",
      "numberOfUtterances": "18",
      "numberOfTurns": "9",
      "sessionID": "4-00367-2",
      "dialog": [
        {
          "speaker": "speaker1",
          "personaID": "31630",
          "participantID": "1093",
          "utterance": "방구야~ 일하느라 바빴어 4시간이나 지나버렸네.",
          "summary": "",
          "date": "2022-11-01",
          "time": "22:25:08",
          "terminate": "false"
        },
        {
          "speaker": "speaker2",
          "personaID": "32298",
          "participantID": "0114",
          "utterance": "그러게 나는 오픈 준비끝났어! 뭐하고있어?",
          "summary": "",
          "date": "2022-11-01",
          "time": "22:25:25",
          "terminate": "false"
        },
        {
          "speaker": "speaker1",
          "personaID": "31630",
          "participantID": "1093",
          "utterance": "나는 이제 퇴근준비중이야~하하 고생하네 친구두!",
          "summary": "",
          "date": "2022-11-01",
          "time": "22:25:34",
          "terminate": "false"
        },
        {
          "speaker": "speaker2",
          "personaID": "32298",
          "participantID": "0114",
          "utterance": "앗정말? 퇴근하고 일정있어? 나는 지금 강아지 산책하러 나왔어~",
          "summary": "나는 강아지 산책을 할 것이다.",
          "date": "2022-11-01",
          "time": "22:25:45",
          "terminate": "false"
        },
        {
          "speaker": "speaker1",
          "personaID": "31630",
          "participantID": "1093",
          "utterance": "아그래? 강아지를 키우는구나! 부럽다 ㅠㅠ 어떤종류를 키워?",
          "summary": "",
          "date": "2022-11-01",
          "time": "22:26:02",
          "terminate": "false"
        },
        {
          "speaker": "speaker2",
          "personaID": "32298",
          "participantID": "0114",
          "utterance": "웅 포메라니안 두마리 키워 짱아도 강아지 좋아하니?",
          "summary": "나는 포메라니안 두 마리를 키운다.",
          "date": "2022-11-01",
          "time": "22:26:18",
          "terminate": "false"
        },
        {
          "speaker": "speaker1",
          "personaID": "31630",
          "participantID": "1093",
          "utterance": "와 상상만해도 너무 귀여울거같아... 나는 좋아하긴하는데 못키워..",
          "summary": "나는 강아지를 키우고 싶다.",
          "date": "2022-11-01",
          "time": "22:26:29",
          "terminate": "false"
        },
        {
          "speaker": "speaker2",
          "personaID": "32298",
          "participantID": "0114",
          "utterance": "그래 ㅠ 키울때 생각많이하고 키워야해~ 보통일이 아니거든!",
          "summary": "",
          "date": "2022-11-01",
          "time": "22:26:51",
          "terminate": "false"
        },
        {
          "speaker": "speaker1",
          "personaID": "31630",
          "participantID": "1093",
          "utterance": "내가 집에 비우는 시간이 많아서~ 그런 주인이 강아지한테는 최악이라던데 그치?",
          "summary": "",
          "date": "2022-11-01",
          "time": "22:26:53",
          "terminate": "false"
        },
        {
          "speaker": "speaker2",
          "personaID": "32298",
          "participantID": "0114",
          "utterance": "맞아!산책도 매일 시켜줘야해~ 교육도 시켜야하구~",
          "summary": "",
          "date": "2022-11-01",
          "time": "22:27:09",
          "terminate": "false"
        },
        {
          "speaker": "speaker1",
          "personaID": "31630",
          "participantID": "1093",
          "utterance": "아그래? 산책은 대체 얼마나 시켜야행? 시간이 많이걸리나?",
          "summary": "",
          "date": "2022-11-01",
          "time": "22:27:18",
          "terminate": "false"
        },
        {
          "speaker": "speaker2",
          "personaID": "32298",
          "participantID": "0114",
          "utterance": "나는 산책 매일시키려고하는데 한번나가면 최소 한시간은 하는거같아!",
          "summary": "나는 강아지 산책을 최소 한 시간은 시킨다.",
          "date": "2022-11-01",
          "time": "22:27:44",
          "terminate": "false"
        },
        {
          "speaker": "speaker1",
          "personaID": "31630",
          "participantID": "1093",
          "utterance": "아진짜? 너는 가게도 운영하고 강아지도 산책시키고 대단한거같아.",
          "summary": "",
          "date": "2022-11-01",
          "time": "22:28:02",
          "terminate": "false"
        },
        {
          "speaker": "speaker2",
          "personaID": "32298",
          "participantID": "0114",
          "utterance": "엄청 바쁘게 살고있지? 친구는 강아지 키우면 뭘로 키우고싶어?",
          "summary": "",
          "date": "2022-11-01",
          "time": "22:28:20",
          "terminate": "false"
        },
        {
          "speaker": "speaker1",
          "personaID": "31630",
          "participantID": "1093",
          "utterance": "나는 리트리버키우고싶어~ 댕청하고 귀여울거같아.",
          "summary": "나는 골드 레트리버를 키우고 싶다.",
          "date": "2022-11-01",
          "time": "22:28:29",
          "terminate": "false"
        },
        {
          "speaker": "speaker2",
          "personaID": "32298",
          "participantID": "0114",
          "utterance": "앗 대형견? 나는 대형견은 진짜 힘들거같아~ 대형견은 아파트에서 못키워~",
          "summary": "",
          "date": "2022-11-01",
          "time": "22:28:54",
          "terminate": "false"
        },
        {
          "speaker": "speaker1",
          "personaID": "31630",
          "participantID": "1093",
          "utterance": "그래 ? 그럼 취소.. 하하 나 이제 집에 도착해서 이따가연락줄게.",
          "summary": "",
          "date": "2022-11-01",
          "time": "22:29:05",
          "terminate": "false"
        },
        {
          "speaker": "speaker2",
          "personaID": "32298",
          "participantID": "0114",
          "utterance": "아마 배변이 사람 똥만할걸? 하하 그럼 나중에 연락줘^^",
          "summary": "",
          "date": "2022-11-01",
          "time": "22:29:22",
          "terminate": "true"
        }
      ],
      "sessionPersonaSummary": {
        "speaker1": [
          "나는 강아지를 키우고 싶다.",
          "나는 골드 레트리버를 키우고 싶다."
        ],
        "speaker2": [
          "나는 강아지 산책을 할 것이다.",
          "나는 포메라니안 두 마리를 키운다.",
          "나는 강아지 산책을 최소 한 시간은 시킨다."
        ]
      },
      "prevAggregatedpersonaSummary": {
        "speaker1": [
          "나는 30대 여자이다.",
          "나의 별칭은 짱아이다.",
          "나는 곱창을 좋아한다.",
          "나는 미술품 감정사이다."
        ],
        "speaker2": [
          "나는 30대 여자이다.",
          "나의 별명은 유방 구이다.",
          "나는 자영업을 한다.",
          "나는 곱창가게를 한다.",
          "나는 곱창을 안 먹는다. 나의 가게는 서울에 있다."
        ]
      }
    },
    {
      "prevSessionID": "4-00367-2",
      "prevTimeInfo": {
        "timeNum": "1",
        "timeUnit": "일"
      },
      "nthSession": "3",
      "numberOfUtterances": "18",
      "numberOfTurns": "9",
      "sessionID": "4-00367-3",
      "dialog": [
        {
          "speaker": "speaker1",
          "personaID": "31630",
          "participantID": "1093",
          "utterance": "친구야 어제는 피곤했나봐~ 이제야 연락을 주네.",
          "summary": "",
          "date": "2022-11-01",
          "time": "22:29:28",
          "terminate": "false"
        },
        {
          "speaker": "speaker2",
          "personaID": "32298",
          "participantID": "0114",
          "utterance": "나도 어제 뒤늦게 손님이 많이와서 정신이없었다!",
          "summary": "",
          "date": "2022-11-01",
          "time": "22:29:44",
          "terminate": "false"
        },
        {
          "speaker": "speaker1",
          "personaID": "31630",
          "participantID": "1093",
          "utterance": "아그래? 고생많았다~ 그런데 너네가게는 곱창만 팔아?",
          "summary": "",
          "date": "2022-11-01",
          "time": "22:29:59",
          "terminate": "false"
        },
        {
          "speaker": "speaker2",
          "personaID": "32298",
          "participantID": "0114",
          "utterance": "웅! 나중에 곱창한번 먹으러와~ 우리가게 방송에도 몇번나왔어!",
          "summary": "나의 가게는 방송도 출연한 적이 있다.",
          "date": "2022-11-01",
          "time": "22:30:20",
          "terminate": "false"
        },
        {
          "speaker": "speaker1",
          "personaID": "31630",
          "participantID": "1093",
          "utterance": "사실 내가 닭볶음탕을 좋아하거든~ 혹시나해서 그것도 파나 물어봤어^^",
          "summary": "나는 닭볶음탕을 즐겨 먹는다.",
          "date": "2022-11-01",
          "time": "22:30:30",
          "terminate": "false"
        },
        {
          "speaker": "speaker2",
          "personaID": "32298",
          "participantID": "0114",
          "utterance": "아정말? 닭볶음탕은 안팔아! 매운음식 좋아하는구나?",
          "summary": "나의 가게는 닭볶음탕을 팔지 않는다.",
          "date": "2022-11-01",
          "time": "22:30:51",
          "terminate": "false"
        },
        {
          "speaker": "speaker1",
          "personaID": "31630",
          "participantID": "1093",
          "utterance": "맞아! 너는 그럼 곱창말고 좋아하는 음식있어?",
          "summary": "",
          "date": "2022-11-01",
          "time": "22:31:07",
          "terminate": "false"
        },
        {
          "speaker": "speaker2",
          "personaID": "32298",
          "participantID": "0114",
          "utterance": "나는 삽겹살을 제일좋아해! 고기지 고기 좋아하지?",
          "summary": "나는 삽결살을 제일 좋아한다.",
          "date": "2022-11-01",
          "time": "22:31:30",
          "terminate": "false"
        },
        {
          "speaker": "speaker1",
          "personaID": "31630",
          "participantID": "1093",
          "utterance": "당연히 좋아하지! 근데 매일 바쁘면 힘들지않아? 쉬는날은 있어?",
          "summary": "나는 고기를 좋아한다.",
          "date": "2022-11-01",
          "time": "22:31:43",
          "terminate": "false"
        },
        {
          "speaker": "speaker2",
          "personaID": "32298",
          "participantID": "0114",
          "utterance": "맞아 너무 힘들어 ㅠㅠ 그래서 직원도 구했는데도 똑같이 바빠 ~",
          "summary": "나는 일이 많아서 직원도 구했지만 바쁘다.",
          "date": "2022-11-01",
          "time": "22:32:09",
          "terminate": "false"
        },
        {
          "speaker": "speaker1",
          "personaID": "31630",
          "participantID": "1093",
          "utterance": "그래? 그럼 쉬는날이라도 편히 쉬워줘야지 그러다 쓰러져.",
          "summary": "",
          "date": "2022-11-01",
          "time": "22:32:23",
          "terminate": "false"
        },
        {
          "speaker": "speaker2",
          "personaID": "32298",
          "participantID": "0114",
          "utterance": "쉬는날에는 또 여행간다? 나 진짜 부지런하지?",
          "summary": "나는 쉬는 날 여행을 간다.",
          "date": "2022-11-01",
          "time": "22:32:33",
          "terminate": "false"
        },
        {
          "speaker": "speaker1",
          "personaID": "31630",
          "participantID": "1093",
          "utterance": "오 그래? 어디로가려고? 잘했다! 놀러라도가야지!",
          "summary": "",
          "date": "2022-11-01",
          "time": "22:32:41",
          "terminate": "false"
        },
        {
          "speaker": "speaker2",
          "personaID": "32298",
          "participantID": "0114",
          "utterance": "내가 실외에서 래프팅하는것을 좋아해서~ 래프팅하러가~",
          "summary": "나는 실외에서 래프팅 하는 것을 좋아한다.",
          "date": "2022-11-01",
          "time": "22:32:58",
          "terminate": "false"
        },
        {
          "speaker": "speaker1",
          "personaID": "31630",
          "participantID": "1093",
          "utterance": "진짜? 너무 재밌는걸? 너도 설마가서 사진찍고 그러는거 아니지?",
          "summary": "",
          "date": "2022-11-01",
          "time": "22:33:11",
          "terminate": "false"
        },
        {
          "speaker": "speaker2",
          "personaID": "32298",
          "participantID": "0114",
          "utterance": "남는건 사진뿐이잖아~ 당연히 사진찍어야하는거아니야?",
          "summary": "",
          "date": "2022-11-01",
          "time": "22:33:26",
          "terminate": "false"
        },
        {
          "speaker": "speaker1",
          "personaID": "31630",
          "participantID": "1093",
          "utterance": "내가 사진찍는걸 딱 질색이라 그냥 노는게 좋지!",
          "summary": "나는 사진을 찍는 것을 싫어한다.",
          "date": "2022-11-01",
          "time": "22:33:28",
          "terminate": "false"
        },
        {
          "speaker": "speaker2",
          "personaID": "32298",
          "participantID": "0114",
          "utterance": "앗정말? 그럼 너 sns안해? 나 배터리가 없어서 충전좀 해야할거같아!",
          "summary": "",
          "date": "2022-11-01",
          "time": "22:33:52",
          "terminate": "true"
        }
      ],
      "sessionPersonaSummary": {
        "speaker1": [
          "나는 닭볶음탕을 즐겨 먹는다.",
          "나는 고기를 좋아한다.",
          "나는 사진을 찍는 것을 싫어한다."
        ],
        "speaker2": [
          "나의 가게는 방송도 출연한 적이 있다.",
          "나의 가게는 닭볶음탕을 팔지 않는다.",
          "나는 삽결살을 제일 좋아한다.",
          "나는 일이 많아서 직원도 구했지만 바쁘다.",
          "나는 쉬는 날 여행을 간다.",
          "나는 실외에서 래프팅 하는 것을 좋아한다."
        ]
      },
      "prevAggregatedpersonaSummary": {
        "speaker1": [
          "나는 30대 여자이다.",
          "나의 별칭은 짱아이다.",
          "나는 곱창을 좋아한다.",
          "나는 미술품 감정사이다.",
          "나는 강아지를 키우고 싶다.",
          "나는 골드 레트리버를 키우고 싶다."
        ],
        "speaker2": [
          "나는 30대 여자이다.",
          "나의 별명은 유방 구이다.",
          "나는 자영업을 한다.",
          "나는 곱창가게를 한다.",
          "나는 곱창을 안 먹는다. 나의 가게는 서울에 있다.",
          "나는 강아지 산책을 할 것이다.",
          "나는 포메라니안 두 마리를 키운다.",
          "나는 강아지 산책을 최소 한 시간은 시킨다."
        ]
      }
    },
    {
      "prevSessionID": "4-00367-3",
      "prevTimeInfo": {
        "timeNum": "1",
        "timeUnit": "주"
      },
      "nthSession": "4",
      "numberOfUtterances": "18",
      "numberOfTurns": "9",
      "sessionID": "4-00367-4",
      "dialog": [
        {
          "speaker": "speaker1",
          "personaID": "31630",
          "participantID": "1093",
          "utterance": "방구야~ 유방구~ 여행은 재밌게 다녀왔나?",
          "summary": "",
          "date": "2022-11-01",
          "time": "22:33:54",
          "terminate": "false"
        },
        {
          "speaker": "speaker2",
          "personaID": "32298",
          "participantID": "0114",
          "utterance": "그럼^^ 후 맨날 이렇게 놀러다니고싶다~",
          "summary": "",
          "date": "2022-11-01",
          "time": "22:34:08",
          "terminate": "false"
        },
        {
          "speaker": "speaker1",
          "personaID": "31630",
          "participantID": "1093",
          "utterance": "어땠어~ 재밌게 놀다온거야? 사진찍은것좀 보여줘봐.",
          "summary": "",
          "date": "2022-11-01",
          "time": "22:34:31",
          "terminate": "false"
        },
        {
          "speaker": "speaker2",
          "personaID": "32298",
          "participantID": "0114",
          "utterance": "내 sns 팔로우 해줘! 피드 구경하러와~",
          "summary": "",
          "date": "2022-11-01",
          "time": "22:34:45",
          "terminate": "false"
        },
        {
          "speaker": "speaker1",
          "personaID": "31630",
          "participantID": "1093",
          "utterance": "뭐야 @브랜드명1@아이디 알려줘봐~ 한번 보자^^",
          "summary": "",
          "date": "2022-11-01",
          "time": "22:35:08",
          "terminate": "false"
        },
        {
          "speaker": "speaker2",
          "personaID": "32298",
          "participantID": "0114",
          "utterance": "쏘햐 검색하면 나와^^ 여행피드 짱많거든!",
          "summary": "나는 여행 피드가 많다.",
          "date": "2022-11-01",
          "time": "22:35:30",
          "terminate": "false"
        },
        {
          "speaker": "speaker1",
          "personaID": "31630",
          "participantID": "1093",
          "utterance": "야 .. 잠시만 이게 너라고? 진짜로? 나 지금 피드보고있거든?",
          "summary": "",
          "date": "2022-11-01",
          "time": "22:35:38",
          "terminate": "false"
        },
        {
          "speaker": "speaker2",
          "personaID": "32298",
          "participantID": "0114",
          "utterance": "앗정말? 부끄럽네~ 내가 가게계정이랑 두개쓰고있거든~",
          "summary": "나는 가게 계정이랑 두 개를 쓰고 있다,.",
          "date": "2022-11-01",
          "time": "22:36:22",
          "terminate": "false"
        },
        {
          "speaker": "speaker1",
          "personaID": "31630",
          "participantID": "1093",
          "utterance": "무슨 중국미녀같이 생겼는데...? 야 뒤에 벽이 울어~ 어플을 얼마나 쓰는거야.",
          "summary": "",
          "date": "2022-11-01",
          "time": "22:36:46",
          "terminate": "false"
        },
        {
          "speaker": "speaker2",
          "personaID": "32298",
          "participantID": "0114",
          "utterance": "앗 티나? 어떤피드야 당장내려야겠는데?",
          "summary": "",
          "date": "2022-11-01",
          "time": "22:37:13",
          "terminate": "false"
        },
        {
          "speaker": "speaker1",
          "personaID": "31630",
          "participantID": "1093",
          "utterance": "와 진짜~ 이거말고 너네집 강아지 계정은 없어? 강아지 보고싶다.",
          "summary": "",
          "date": "2022-11-01",
          "time": "22:37:29",
          "terminate": "false"
        },
        {
          "speaker": "speaker2",
          "personaID": "32298",
          "participantID": "0114",
          "utterance": "강아지도 있어~ 맨날 올리는데 스토리에^^",
          "summary": "나는 강아지 사진을 매일 업로드한다.",
          "date": "2022-11-01",
          "time": "22:37:49",
          "terminate": "false"
        },
        {
          "speaker": "speaker1",
          "personaID": "31630",
          "participantID": "1093",
          "utterance": "오 강아지 계정은 따로있는거야? 피드에는 니사진밖에 없던데?",
          "summary": "",
          "date": "2022-11-01",
          "time": "22:38:10",
          "terminate": "false"
        },
        {
          "speaker": "speaker2",
          "personaID": "32298",
          "participantID": "0114",
          "utterance": "그거 그럼 나아닌거같은데? 나는 내피드보다 우리 강아지 피드가 더 많을텐데?",
          "summary": "나는 내 피드보다 강아지 피드가 더 많다.",
          "date": "2022-11-01",
          "time": "22:38:37",
          "terminate": "false"
        },
        {
          "speaker": "speaker1",
          "personaID": "31630",
          "participantID": "1093",
          "utterance": "아그래 .. 미안 잘 못쳤나보다~ 하하 나중에 제대로 검색해볼게.",
          "summary": "",
          "date": "2022-11-01",
          "time": "22:38:49",
          "terminate": "false"
        },
        {
          "speaker": "speaker2",
          "personaID": "32298",
          "participantID": "0114",
          "utterance": "알겠어^^ 맞팔하자구 내꺼 좋아요 많이 눌러줘야된다?",
          "summary": "",
          "date": "2022-11-01",
          "time": "22:39:14",
          "terminate": "false"
        },
        {
          "speaker": "speaker1",
          "personaID": "31630",
          "participantID": "1093",
          "utterance": "당연하지^^ 그럼 나중에 연락해서 아이디 알려줘~!",
          "summary": "",
          "date": "2022-11-01",
          "time": "22:39:32",
          "terminate": "false"
        },
        {
          "speaker": "speaker2",
          "personaID": "32298",
          "participantID": "0114",
          "utterance": "sohya_ 이거 검색해봐 그럼 나중에 또 연락하자^^",
          "summary": "",
          "date": "2022-11-01",
          "time": "22:40:08",
          "terminate": "true"
        }
      ],
      "sessionPersonaSummary": {
        "speaker1": [],
        "speaker2": [
          "나는 여행 피드가 많다.",
          "나는 가게 계정이랑 두 개를 쓰고 있다,.",
          "나는 강아지 사진을 매일 업로드한다.",
          "나는 내 피드보다 강아지 피드가 더 많다."
        ]
      },
      "prevAggregatedpersonaSummary": {
        "speaker1": [
          "나는 30대 여자이다.",
          "나의 별칭은 짱아이다.",
          "나는 곱창을 좋아한다.",
          "나는 미술품 감정사이다.",
          "나는 강아지를 키우고 싶다.",
          "나는 골드 레트리버를 키우고 싶다.",
          "나는 닭볶음탕을 즐겨 먹는다.",
          "나는 고기를 좋아한다.",
          "나는 사진을 찍는 것을 싫어한다."
        ],
        "speaker2": [
          "나는 30대 여자이다.",
          "나의 별명은 유방 구이다.",
          "나는 자영업을 한다.",
          "나는 곱창가게를 한다.",
          "나는 곱창을 안 먹는다. 나의 가게는 서울에 있다.",
          "나는 강아지 산책을 할 것이다.",
          "나는 포메라니안 두 마리를 키운다.",
          "나는 강아지 산책을 최소 한 시간은 시킨다.",
          "나의 가게는 방송도 출연한 적이 있다.",
          "나의 가게는 닭볶음탕을 팔지 않는다.",
          "나는 삽결살을 제일 좋아한다.",
          "나는 일이 많아서 직원도 구했지만 바쁘다.",
          "나는 쉬는 날 여행을 간다.",
          "나는 실외에서 래프팅 하는 것을 좋아한다."
        ]
      }
    }
  ]
}