{
  "FileInfo": {
    "filename": "K4-00054-CL94871-CP96645-09-03-S4.json",
    "sessionLevel": "4"
  },
  "participantsInfo": {
    "numberOfParticipants": "2",
    "speaker1": {
      "participantID": "31670",
      "gender": "여성",
      "age": "50대",
      "occupation": "사무직",
      "bPlace": "서울/경기/인천",
      "gPlace": "서울/경기/인천",
      "rPlace": "서울/경기/인천",
      "educationLevel": "고졸"
    },
    "speaker2": {
      "participantID": "30121",
      "gender": "남성",
      "age": "60대 이상",
      "occupation": "퇴직/연금생활자",
      "bPlace": "서울/경기/인천",
      "gPlace": "서울/경기/인천",
      "rPlace": "서울/경기/인천",
      "educationLevel": "대졸"
    }
  },
  "multisessionInfo": {
    "multisessionID": "4-00054"
  },
  "personaInfo": {
    "clInfo": {
      "personaID": "94871",
      "personaFeatures": [
        "나는 여자이다.",
        "나는 50대이다.",
        "나는 더운 날씨를 좋아한다.",
        "나의 생일은 3월이다.",
        "나는 다소 부지런하다.",
        "나는 바나나를 싫어한다."
      ],
      "speakerType": "speaker1"
    },
    "cpInfo": {
      "personaID": "96645",
      "personaFeatures": [
        "나는 남자이다.",
        "나는 60대 이상이다.",
        "나는 CCM 음악을 자주 듣는다.",
        "나의 생일은 3월이다.",
        "나는 매일 걱정스럽다.",
        "나는 냉면을 안 먹는다.",
        "나는 혈액형이 AB형이다."
      ],
      "speakerType": "speaker2"
    }
  },
  "topicInfo": {
    "topicID": "09-03",
    "topicType": "개인 및 관계>반려동물",
    "topicTitle": "반려동물"
  },
  "sessionInfo": [
    {
      "prevSessionID": null,
      "prevTimeInfo": {
        "timeNum": null,
        "timeUnit": null
      },
      "nthSession": "1",
      "numberOfUtterances": "14",
      "numberOfTurns": "7",
      "sessionID": "4-00054-1",
      "dialog": [
        {
          "speaker": "speaker1",
          "personaID": "94871",
          "participantID": "31670",
          "utterance": "반갑습니다. 저는 50대 여자입니다!!",
          "summary": "나는 50대 여성이다.",
          "date": "2022-11-25",
          "time": "21:27:23",
          "terminate": "false"
        },
        {
          "speaker": "speaker2",
          "personaID": "96645",
          "participantID": "30121",
          "utterance": "안녕하세요. 반갑습니다~ 저는 60대 남자입니다.",
          "summary": "나는 60대 남성이다.",
          "date": "2022-11-25",
          "time": "21:27:25",
          "terminate": "false"
        },
        {
          "speaker": "speaker1",
          "personaID": "94871",
          "participantID": "31670",
          "utterance": "와우! 반가워요! 처음이라 어색한데 혹시 혈액형이 뭔지 알려주시겠어요?",
          "summary": "",
          "date": "2022-11-25",
          "time": "21:27:30",
          "terminate": "false"
        },
        {
          "speaker": "speaker2",
          "personaID": "96645",
          "participantID": "30121",
          "utterance": "이야기해서좋네요~ 저는 AB형이랍니다. 그쪽은요?",
          "summary": "나는 혈액형이 AB형이다.",
          "date": "2022-11-25",
          "time": "21:27:32",
          "terminate": "false"
        },
        {
          "speaker": "speaker1",
          "personaID": "94871",
          "participantID": "31670",
          "utterance": "와우! 저도 AB형인데 뭔가 우리 통하는게 있을거 같아요 ㅎㅎ.",
          "summary": "나는 혈액형이 AB형이다.",
          "date": "2022-11-25",
          "time": "21:27:40",
          "terminate": "false"
        },
        {
          "speaker": "speaker2",
          "personaID": "96645",
          "participantID": "30121",
          "utterance": "저는 3월생이랍니다~ 언제 생일이신지 궁금하네요~ 여쭤봐도 될까요?",
          "summary": "나의 생일은 3월이다.",
          "date": "2022-11-25",
          "time": "21:28:10",
          "terminate": "false"
        },
        {
          "speaker": "speaker1",
          "personaID": "94871",
          "participantID": "31670",
          "utterance": "저도 생일이 3월인데 너무 반가워요!! 같은 월에 태어났네요!",
          "summary": "나의 생일은 3월이다.",
          "date": "2022-11-25",
          "time": "21:28:10",
          "terminate": "false"
        },
        {
          "speaker": "speaker2",
          "personaID": "96645",
          "participantID": "30121",
          "utterance": "그러시군요~ 저는 CCM 음악 자주듣는데 성스럽고 좋더라구요!",
          "summary": "나는 CCM 음악을 자주 듣는다.",
          "date": "2022-11-25",
          "time": "21:28:18",
          "terminate": "false"
        },
        {
          "speaker": "speaker1",
          "personaID": "94871",
          "participantID": "31670",
          "utterance": "저는 더운 날이 좋아서 산책을 자주하는데 당신은요?",
          "summary": "나는 더운 날씨를 좋아한다.",
          "date": "2022-11-25",
          "time": "21:28:21",
          "terminate": "false"
        },
        {
          "speaker": "speaker2",
          "personaID": "96645",
          "participantID": "30121",
          "utterance": "더운날씨는 버티기 힘든데 말이죠~ 요즘 매일 걱정스러워요.",
          "summary": "나는 매일 걱정스럽다.",
          "date": "2022-11-25",
          "time": "21:28:28",
          "terminate": "false"
        },
        {
          "speaker": "speaker1",
          "personaID": "94871",
          "participantID": "31670",
          "utterance": "그러시구나. 저는 부지런한 성격이라 매일 아침에 기상하려고 노력하거든요.",
          "summary": "나는 다소 부지런하다.",
          "date": "2022-11-25",
          "time": "21:28:35",
          "terminate": "false"
        },
        {
          "speaker": "speaker2",
          "personaID": "96645",
          "participantID": "30121",
          "utterance": "부지런하신 편이라니 대박이네요~ 이런귀인을 보니 재밌네요.",
          "summary": "",
          "date": "2022-11-25",
          "time": "21:28:37",
          "terminate": "false"
        },
        {
          "speaker": "speaker1",
          "personaID": "94871",
          "participantID": "31670",
          "utterance": "유익한 대화였네요. 다음에 또 만나요. 들어가세요!",
          "summary": "",
          "date": "2022-11-25",
          "time": "21:28:40",
          "terminate": "false"
        },
        {
          "speaker": "speaker2",
          "personaID": "96645",
          "participantID": "30121",
          "utterance": "저는 이만 들어가볼게요! 다음에 연락해요.",
          "summary": "",
          "date": "2022-11-25",
          "time": "21:28:41",
          "terminate": "true"
        }
      ],
      "sessionPersonaSummary": {
        "speaker1": [
          "나는 50대 여성이다.",
          "나는 혈액형이 AB형이다.",
          "나의 생일은 3월이다.",
          "나는 더운 날씨를 좋아한다.",
          "나는 다소 부지런하다."
        ],
        "speaker2": [
          "나는 60대 남성이다.",
          "나는 혈액형이 AB형이다.",
          "나의 생일은 3월이다.",
          "나는 CCM 음악을 자주 듣는다.",
          "나는 매일 걱정스럽다."
        ]
      },
      "prevAggregatedpersonaSummary": {
        "speaker1": [],
        "speaker2": []
      }
    },
    {
      "prevSessionID": "4-00054-1",
      "prevTimeInfo": {
        "timeNum": "8",
        "timeUnit": "일"
      },
      "nthSession": "2",
      "numberOfUtterances": "14",
      "numberOfTurns": "7",
      "sessionID": "4-00054-2",
      "dialog": [
        {
          "speaker": "speaker1",
          "personaID": "94871",
          "participantID": "31670",
          "utterance": "벌써~ 8일만에 보네요. 지난 밤은 따뜻하게 잘보내셨나요?",
          "summary": "",
          "date": "2022-11-25",
          "time": "21:28:47",
          "terminate": "false"
        },
        {
          "speaker": "speaker2",
          "personaID": "96645",
          "participantID": "30121",
          "utterance": "요즘에 CCM 음악 들으면서 지냈네요~ 잘 지내셨나요?",
          "summary": "",
          "date": "2022-11-25",
          "time": "21:28:58",
          "terminate": "false"
        },
        {
          "speaker": "speaker1",
          "personaID": "94871",
          "participantID": "31670",
          "utterance": "네 저도 지난 밤 따뜻하게 잘보낸거 같아요 ㅎㅎ.",
          "summary": "",
          "date": "2022-11-25",
          "time": "21:29:00",
          "terminate": "false"
        },
        {
          "speaker": "speaker2",
          "personaID": "96645",
          "participantID": "30121",
          "utterance": "그렇군요~ 따뜻한 밤이 요즘에는 중요한법이죠 ㅎㅎ.",
          "summary": "",
          "date": "2022-11-25",
          "time": "21:29:12",
          "terminate": "false"
        },
        {
          "speaker": "speaker1",
          "personaID": "94871",
          "participantID": "31670",
          "utterance": "더운날씨를 좋아하는데 이제 벌써 겨울이네요. 저는 슬퍼요.",
          "summary": "나는 겨울이 싫다.",
          "date": "2022-11-25",
          "time": "21:29:15",
          "terminate": "false"
        },
        {
          "speaker": "speaker2",
          "personaID": "96645",
          "participantID": "30121",
          "utterance": "그렇네요~ 겨울이라 그런지 산책가고싶어지네요~",
          "summary": "나는 산책을 가고 싶다.",
          "date": "2022-11-25",
          "time": "21:29:25",
          "terminate": "false"
        },
        {
          "speaker": "speaker1",
          "personaID": "94871",
          "participantID": "31670",
          "utterance": "제가 키우는 강아지도 산책을 가고싶어하는데 날이 추워서 조금 그렇네요.",
          "summary": "나는 강아지를 키운다.",
          "date": "2022-11-25",
          "time": "21:29:32",
          "terminate": "false"
        },
        {
          "speaker": "speaker2",
          "personaID": "96645",
          "participantID": "30121",
          "utterance": "그러시군요~ 저는 페럿을 키우는데 정말 귀엽답니다.",
          "summary": "나는 페럿을 키운다.",
          "date": "2022-11-25",
          "time": "21:29:44",
          "terminate": "false"
        },
        {
          "speaker": "speaker1",
          "personaID": "94871",
          "participantID": "31670",
          "utterance": "네 페럿이요!? 멋지네요. 그래도 강아지도 옷입혀서 가야겠어요.",
          "summary": "",
          "date": "2022-11-25",
          "time": "21:29:47",
          "terminate": "false"
        },
        {
          "speaker": "speaker2",
          "personaID": "96645",
          "participantID": "30121",
          "utterance": "강아지 옷입히면 귀엽겠네요~ 저희 페럿은 옷을 안입거든요.",
          "summary": "나의 페럿은 옷을 안 입는다.",
          "date": "2022-11-25",
          "time": "21:30:05",
          "terminate": "false"
        },
        {
          "speaker": "speaker1",
          "personaID": "94871",
          "participantID": "31670",
          "utterance": "다음에 페럿 사진찍으면 보내주세요. 너무 귀여울거같아요.",
          "summary": "나는 사진을 원한다.",
          "date": "2022-11-25",
          "time": "21:30:12",
          "terminate": "false"
        },
        {
          "speaker": "speaker2",
          "personaID": "96645",
          "participantID": "30121",
          "utterance": "나중에 사진보내드릴게요 ㅎㅎ. 기대하셔도 좋습니다.",
          "summary": "",
          "date": "2022-11-25",
          "time": "21:30:22",
          "terminate": "false"
        },
        {
          "speaker": "speaker1",
          "personaID": "94871",
          "participantID": "31670",
          "utterance": "그럼 저는 반려동물 먹이주러 가봐야겠어요. 다음에 봐요!",
          "summary": "",
          "date": "2022-11-25",
          "time": "21:30:29",
          "terminate": "false"
        },
        {
          "speaker": "speaker2",
          "personaID": "96645",
          "participantID": "30121",
          "utterance": "저는 이만 들어가볼게요! 나중에 시간되면 연락하도록해요.",
          "summary": "",
          "date": "2022-11-25",
          "time": "21:30:31",
          "terminate": "true"
        }
      ],
      "sessionPersonaSummary": {
        "speaker1": [
          "나는 겨울이 싫다.",
          "나는 강아지를 키운다.",
          "나는 사진을 원한다."
        ],
        "speaker2": [
          "나는 산책을 가고 싶다.",
          "나는 페럿을 키운다.",
          "나의 페럿은 옷을 안 입는다."
        ]
      },
      "prevAggregatedpersonaSummary": {
        "speaker1": [
          "나는 50대 여성이다.",
          "나는 혈액형이 AB형이다.",
          "나의 생일은 3월이다.",
          "나는 더운 날씨를 좋아한다.",
          "나는 다소 부지런하다."
        ],
        "speaker2": [
          "나는 60대 남성이다.",
          "나는 혈액형이 AB형이다.",
          "나의 생일은 3월이다.",
          "나는 CCM 음악을 자주 듣는다.",
          "나는 매일 걱정스럽다."
        ]
      }
    },
    {
      "prevSessionID": "4-00054-2",
      "prevTimeInfo": {
        "timeNum": "10",
        "timeUnit": "일"
      },
      "nthSession": "3",
      "numberOfUtterances": "14",
      "numberOfTurns": "7",
      "sessionID": "4-00054-3",
      "dialog": [
        {
          "speaker": "speaker1",
          "personaID": "94871",
          "participantID": "31670",
          "utterance": "10일만인가요? 정말 요즘 정신이 없네요!",
          "summary": "",
          "date": "2022-11-25",
          "time": "21:30:36",
          "terminate": "false"
        },
        {
          "speaker": "speaker2",
          "personaID": "96645",
          "participantID": "30121",
          "utterance": "잘 지냈답니다. 요즘에 정신이 없는 연말이라서 바쁘네요~",
          "summary": "나는 연말이라 일이 바쁘다.",
          "date": "2022-11-25",
          "time": "21:30:44",
          "terminate": "false"
        },
        {
          "speaker": "speaker1",
          "personaID": "94871",
          "participantID": "31670",
          "utterance": "저희 집 반려동물 강아지도 연말인걸 아는거 같아요~.",
          "summary": "나는 연말을 맞이할 준비 한다.",
          "date": "2022-11-25",
          "time": "21:30:52",
          "terminate": "false"
        },
        {
          "speaker": "speaker2",
          "personaID": "96645",
          "participantID": "30121",
          "utterance": "반려동물에 관심이 많으시군요~ 강아지 뭐키우세요?",
          "summary": "",
          "date": "2022-11-25",
          "time": "21:31:04",
          "terminate": "false"
        },
        {
          "speaker": "speaker1",
          "personaID": "94871",
          "participantID": "31670",
          "utterance": "저는 웰시코기 키우는데 펠럿키우신다고 하셨나요?",
          "summary": "나는 웰시코기 키운다.",
          "date": "2022-11-25",
          "time": "21:31:15",
          "terminate": "false"
        },
        {
          "speaker": "speaker2",
          "personaID": "96645",
          "participantID": "30121",
          "utterance": "맞아요~ 웰시코기 엉덩이가 매력적인데 귀엽겠어요.",
          "summary": "나는 웰시코기 엉덩이가 매력적이다.",
          "date": "2022-11-25",
          "time": "21:31:26",
          "terminate": "false"
        },
        {
          "speaker": "speaker1",
          "personaID": "94871",
          "participantID": "31670",
          "utterance": "네 맞아요. 하루에 한번 아침에 엉덩이를 찰싹 때려주는게 취미에요.",
          "summary": "나는 아침마다 강아지 엉덩이를 친다.",
          "date": "2022-11-25",
          "time": "21:31:38",
          "terminate": "false"
        },
        {
          "speaker": "speaker2",
          "personaID": "96645",
          "participantID": "30121",
          "utterance": "그렇군요~ 궁디팡팡해주면 정말 기뻐할거같네요 ㅎㅎ.",
          "summary": "",
          "date": "2022-11-25",
          "time": "21:31:48",
          "terminate": "false"
        },
        {
          "speaker": "speaker1",
          "personaID": "94871",
          "participantID": "31670",
          "utterance": "네 맞아요. 한번 맞으니까. 교육되서 엉덩이를 들이 대서라구요.",
          "summary": "나는 강아지 조련을 잘한다.",
          "date": "2022-11-25",
          "time": "21:32:01",
          "terminate": "false"
        },
        {
          "speaker": "speaker2",
          "personaID": "96645",
          "participantID": "30121",
          "utterance": "나중에 웰시코기 사진도 보여주세요~ 한번 보고싶네요 ㅎㅎ.",
          "summary": "나는 웰시코기 사진을 보고 싶다.",
          "date": "2022-11-25",
          "time": "21:32:04",
          "terminate": "false"
        },
        {
          "speaker": "speaker1",
          "personaID": "94871",
          "participantID": "31670",
          "utterance": "네 알겠습니다. 꼭 다음에 멋진 사진으로 보내드릴게요 ㅎㅎ.",
          "summary": "",
          "date": "2022-11-25",
          "time": "21:32:17",
          "terminate": "false"
        },
        {
          "speaker": "speaker2",
          "personaID": "96645",
          "participantID": "30121",
          "utterance": "그럼 다음에 연락해요~ 저는 약속이 있어서 먼저가봐야겠습니다.",
          "summary": "",
          "date": "2022-11-25",
          "time": "21:32:20",
          "terminate": "false"
        },
        {
          "speaker": "speaker1",
          "personaID": "94871",
          "participantID": "31670",
          "utterance": "ㅎㅎ 그럴 것 같았어요! 급하게 가봐야 할 것 같아요. 또 연락드릴겠습니다.",
          "summary": "",
          "date": "2022-11-25",
          "time": "21:32:20",
          "terminate": "false"
        },
        {
          "speaker": "speaker2",
          "personaID": "96645",
          "participantID": "30121",
          "utterance": "잘 지내시면 좋겠네요~ 이야기해서 즐거웠어요.",
          "summary": "",
          "date": "2022-11-25",
          "time": "21:32:26",
          "terminate": "true"
        }
      ],
      "sessionPersonaSummary": {
        "speaker1": [
          "나는 연말을 맞이할 준비 한다.",
          "나는 웰시코기 키운다.",
          "나는 아침마다 강아지 엉덩이를 친다.",
          "나는 강아지 조련을 잘한다."
        ],
        "speaker2": [
          "나는 연말이라 일이 바쁘다.",
          "나는 웰시코기 엉덩이가 매력적이다.",
          "나는 웰시코기 사진을 보고 싶다."
        ]
      },
      "prevAggregatedpersonaSummary": {
        "speaker1": [
          "나는 50대 여성이다.",
          "나는 혈액형이 AB형이다.",
          "나의 생일은 3월이다.",
          "나는 더운 날씨를 좋아한다.",
          "나는 다소 부지런하다.",
          "나는 겨울이 싫다.",
          "나는 강아지를 키운다.",
          "나는 사진을 원한다."
        ],
        "speaker2": [
          "나는 60대 남성이다.",
          "나는 혈액형이 AB형이다.",
          "나의 생일은 3월이다.",
          "나는 CCM 음악을 자주 듣는다.",
          "나는 매일 걱정스럽다.",
          "나는 산책을 가고 싶다.",
          "나는 페럿을 키운다.",
          "나의 페럿은 옷을 안 입는다."
        ]
      }
    },
    {
      "prevSessionID": "4-00054-3",
      "prevTimeInfo": {
        "timeNum": "1",
        "timeUnit": "일"
      },
      "nthSession": "4",
      "numberOfUtterances": "14",
      "numberOfTurns": "7",
      "sessionID": "4-00054-4",
      "dialog": [
        {
          "speaker": "speaker1",
          "personaID": "94871",
          "participantID": "31670",
          "utterance": "벌써 1일만이네요. 오늘 날씨 너무 좋죠? ㅎㅎ.",
          "summary": "",
          "date": "2022-11-25",
          "time": "21:32:30",
          "terminate": "false"
        },
        {
          "speaker": "speaker2",
          "personaID": "96645",
          "participantID": "30121",
          "utterance": "날씨좋네요~ 저번에 웰시코기 사진 보내주신거 잘봤습니다 ㅎㅎ.",
          "summary": "나는 웰시코기 사진을 봤다.",
          "date": "2022-11-25",
          "time": "21:32:40",
          "terminate": "false"
        },
        {
          "speaker": "speaker1",
          "personaID": "94871",
          "participantID": "31670",
          "utterance": "네 저도 오늘 웰시코기 반려동물 데리고 산책갈려구요 ㅎㅎ.",
          "summary": "나는 산책을 갈 예정이다.",
          "date": "2022-11-25",
          "time": "21:32:45",
          "terminate": "false"
        },
        {
          "speaker": "speaker2",
          "personaID": "96645",
          "participantID": "30121",
          "utterance": "오~ 산책이라니 좋네요~ 어디에 나가실 예정이세요?",
          "summary": "",
          "date": "2022-11-25",
          "time": "21:32:54",
          "terminate": "false"
        },
        {
          "speaker": "speaker1",
          "personaID": "94871",
          "participantID": "31670",
          "utterance": "저는 근처 공원에 갈려고 해요. 반려동물들이 많이 모이거든요.",
          "summary": "",
          "date": "2022-11-25",
          "time": "21:33:01",
          "terminate": "false"
        },
        {
          "speaker": "speaker2",
          "personaID": "96645",
          "participantID": "30121",
          "utterance": "요즘에 날씨가 추운데 털이 많으니까 웰시코기는 따뜻하겠어요~",
          "summary": "",
          "date": "2022-11-25",
          "time": "21:33:03",
          "terminate": "false"
        },
        {
          "speaker": "speaker1",
          "personaID": "94871",
          "participantID": "31670",
          "utterance": "네 그래도 빨간 스웨터를 저는 입혀줘요. 추울거 같거든요.",
          "summary": "나는 빨간 스웨터를 입혀준다.",
          "date": "2022-11-25",
          "time": "21:33:19",
          "terminate": "false"
        },
        {
          "speaker": "speaker2",
          "personaID": "96645",
          "participantID": "30121",
          "utterance": "빨간 스웨터라니 귀엽네요~ 겨울분위기 나서 좋은거같아요.",
          "summary": "",
          "date": "2022-11-25",
          "time": "21:33:29",
          "terminate": "false"
        },
        {
          "speaker": "speaker1",
          "personaID": "94871",
          "participantID": "31670",
          "utterance": "네 맞아요. 오늘도 엉덩이 때려워줘야겠어요.",
          "summary": "",
          "date": "2022-11-25",
          "time": "21:33:38",
          "terminate": "false"
        },
        {
          "speaker": "speaker2",
          "personaID": "96645",
          "participantID": "30121",
          "utterance": "저희 페럿은 오늘 빨래하는 날이라서요~ 샤워시켜주려고해요.",
          "summary": "나는 페럿을 샤워시킨다.",
          "date": "2022-11-25",
          "time": "21:33:40",
          "terminate": "false"
        },
        {
          "speaker": "speaker1",
          "personaID": "94871",
          "participantID": "31670",
          "utterance": "그렇구나. 샤워시켜주는건 너무 힘들죠 ㅠㅠ.",
          "summary": "",
          "date": "2022-11-25",
          "time": "21:33:52",
          "terminate": "false"
        },
        {
          "speaker": "speaker2",
          "personaID": "96645",
          "participantID": "30121",
          "utterance": "그렇죠~ 그럼 산책 잘 다녀오시면 좋겠네요.",
          "summary": "",
          "date": "2022-11-25",
          "time": "21:33:59",
          "terminate": "false"
        },
        {
          "speaker": "speaker1",
          "personaID": "94871",
          "participantID": "31670",
          "utterance": "저도 반려동물 산책시키러 가볼게요. 즐거웠습니다.",
          "summary": "",
          "date": "2022-11-25",
          "time": "21:34:02",
          "terminate": "false"
        },
        {
          "speaker": "speaker2",
          "personaID": "96645",
          "participantID": "30121",
          "utterance": "저는 이만 들어가볼게요! 다음에 연락해요.",
          "summary": "",
          "date": "2022-11-25",
          "time": "21:34:04",
          "terminate": "true"
        }
      ],
      "sessionPersonaSummary": {
        "speaker1": [
          "나는 산책을 갈 예정이다.",
          "나는 빨간 스웨터를 입혀준다."
        ],
        "speaker2": [
          "나는 웰시코기 사진을 봤다.",
          "나는 페럿을 샤워시킨다."
        ]
      },
      "prevAggregatedpersonaSummary": {
        "speaker1": [
          "나는 50대 여성이다.",
          "나는 혈액형이 AB형이다.",
          "나의 생일은 3월이다.",
          "나는 더운 날씨를 좋아한다.",
          "나는 다소 부지런하다.",
          "나는 겨울이 싫다.",
          "나는 강아지를 키운다.",
          "나는 사진을 원한다.",
          "나는 연말을 맞이할 준비 한다.",
          "나는 웰시코기 키운다.",
          "나는 아침마다 강아지 엉덩이를 친다.",
          "나는 강아지 조련을 잘한다."
        ],
        "speaker2": [
          "나는 60대 남성이다.",
          "나는 혈액형이 AB형이다.",
          "나의 생일은 3월이다.",
          "나는 CCM 음악을 자주 듣는다.",
          "나는 매일 걱정스럽다.",
          "나는 산책을 가고 싶다.",
          "나는 페럿을 키운다.",
          "나의 페럿은 옷을 안 입는다.",
          "나는 연말이라 일이 바쁘다.",
          "나는 웰시코기 엉덩이가 매력적이다.",
          "나는 웰시코기 사진을 보고 싶다."
        ]
      }
    }
  ]
}