{
  "FileInfo": {
    "filename": "K4-00602-CL35909-CP53687-05-02-S4.json",
    "sessionLevel": "4"
  },
  "participantsInfo": {
    "numberOfParticipants": "2",
    "speaker1": {
      "participantID": "4937",
      "gender": "여성",
      "age": "40대",
      "occupation": "주부",
      "bPlace": "서울/경기/인천",
      "gPlace": "서울/경기/인천",
      "rPlace": "서울/경기/인천",
      "educationLevel": "대졸"
    },
    "speaker2": {
      "participantID": "4822",
      "gender": "여성",
      "age": "40대",
      "occupation": "사무직",
      "bPlace": "서울/경기/인천",
      "gPlace": "서울/경기/인천",
      "rPlace": "서울/경기/인천",
      "educationLevel": "대졸"
    }
  },
  "multisessionInfo": {
    "multisessionID": "4-00602"
  },
  "personaInfo": {
    "clInfo": {
      "personaID": "35909",
      "personaFeatures": [
        "나는 여자이다.",
        "나는 30대이다.",
        "나의 거주지는 포항이다",
        "나는 일주일에 한두 번 버스로 출퇴근한다",
        "나는 중국에 가 보고 싶다",
        "나의 생일은 11월이다",
        "나는 눈 오는 날씨를 싫어한다"
      ],
      "speakerType": "speaker1"
    },
    "cpInfo": {
      "personaID": "53687",
      "personaFeatures": [
        "나는 여자이다.",
        "나는 50대이다.",
        "나는 도서관 사서이다",
        "나는 주말에 자원봉사를 한다",
        "나는 바나나를 좋아한다",
        "나는 태블릿 PC를 잘 활용한다",
        "나는 요즘, 매일 두렵다"
      ],
      "speakerType": "speaker2"
    }
  },
  "topicInfo": {
    "topicID": "05-02",
    "topicType": "일과 직업>군대",
    "topicTitle": "복무 기간"
  },
  "sessionInfo": [
    {
      "prevSessionID": null,
      "prevTimeInfo": {
        "timeNum": null,
        "timeUnit": null
      },
      "nthSession": "1",
      "numberOfUtterances": "15",
      "numberOfTurns": "7",
      "sessionID": "4-00602-1",
      "dialog": [
        {
          "speaker": "speaker1",
          "personaID": "35909",
          "participantID": "4937",
          "utterance": "안녕하세요. 저는 포항에서 직장에 다니는 30대 여성입니다",
          "summary": "나는 포항에서 직장 다니는 30대 여성이다",
          "date": "2022-12-01",
          "time": "10:48:24",
          "terminate": "false"
        },
        {
          "speaker": "speaker2",
          "personaID": "53687",
          "participantID": "4822",
          "utterance": "안녕하세요 저는 50대 여성입니다. 저는 도서관 사서입니다",
          "summary": "나는 50대 여성이고, 도서관 사서이다",
          "date": "2022-12-01",
          "time": "10:49:14",
          "terminate": "false"
        },
        {
          "speaker": "speaker1",
          "personaID": "35909",
          "participantID": "4937",
          "utterance": "아, 사서시군요. 멋진 직업이세요. 저는 구청 공무원입니다. 구청이 멀지 않아 거의 걸어다니고, 일주일에 한두 번 버스로 출퇴근해요",
          "summary": "나는 구청 공무원이다 나는 구청이 가까워 거의 걸어 다니고 일주일에 한두 번 버스로 출퇴근한다",
          "date": "2022-12-01",
          "time": "10:54:08",
          "terminate": "false"
        },
        {
          "speaker": "speaker2",
          "personaID": "53687",
          "participantID": "4822",
          "utterance": "주말에는 뭐하세요? 저는 주말에 자원봉사를 해요",
          "summary": "나는 주말에 자원봉사를 한다",
          "date": "2022-12-01",
          "time": "11:33:52",
          "terminate": "false"
        },
        {
          "speaker": "speaker1",
          "personaID": "35909",
          "participantID": "4937",
          "utterance": "자원봉사 멋지네요. 저는 주말에는 거의 여행을 다녀요. 이번에는 중국에 가보고 싶어서 알아보고 있어요. 여행 좋아하세요?",
          "summary": "나는 주말에 거의 여행 다닌다. 나는 중국 여행을 가고 싶다",
          "date": "2022-12-01",
          "time": "11:37:44",
          "terminate": "false"
        },
        {
          "speaker": "speaker2",
          "personaID": "53687",
          "participantID": "4822",
          "utterance": "여행좋죠. 전 요즘 태블릿pc를 잘 활용해요. 여행계획할때도 좋아요",
          "summary": "나는 태블릿 PC를 활용한다",
          "date": "2022-12-01",
          "time": "12:08:36",
          "terminate": "false"
        },
        {
          "speaker": "speaker1",
          "personaID": "35909",
          "participantID": "4937",
          "utterance": "아, 여행할때 가져가면 영화도 보고, 시간 활용하기에 좋겠네요. 혹시 눈 좋아하세요? 저는 11월이 생일이라 다들 겨울을 좋아할거라 생각하는데, 추운것도 싫고 눈오는 날씨도 싫어해요. 근데 오늘 포항은 눈이 올거 같아서 슬프네요",
          "summary": " 나는 11월 생일이지만 추운 것도 싫고 눈 오는 것도 싫다",
          "date": "2022-12-01",
          "time": "12:11:34",
          "terminate": "false"
        },
        {
          "speaker": "speaker2",
          "personaID": "53687",
          "participantID": "4822",
          "utterance": "저도 요즘 매일 두려워요. 눈이 오면 사고도 많이 나고 겨울이라 나무 추워요",
          "summary": "나는 요즘 눈이 오면 사고가 많이 날까 두렵고, 겨울이라 너무 춥다",
          "date": "2022-12-01",
          "time": "12:12:33",
          "terminate": "false"
        },
        {
          "speaker": "speaker1",
          "personaID": "35909",
          "participantID": "4937",
          "utterance": "맞아요. 길도 지저분해지고, 미끄럽고요. 혹시 어느 지역에 거주하세요?",
          "summary": "",
          "date": "2022-12-01",
          "time": "12:17:28",
          "terminate": "false"
        },
        {
          "speaker": "speaker2",
          "personaID": "53687",
          "participantID": "4822",
          "utterance": "서울이요. 식사하셨나요? 전 바나나를 좋아해서 다이어트겸 먹었어요",
          "summary": "나는 바나나를 좋아해서 다이어트 겸 먹었다",
          "date": "2022-12-01",
          "time": "12:23:09",
          "terminate": "false"
        },
        {
          "speaker": "speaker1",
          "personaID": "35909",
          "participantID": "4937",
          "utterance": "서울에 사시는 군요. 저는 아직 식사 전이예요~ 바나나 말씀하시니 급 먹고 싶네요. 과일을 좋아하시나봐요?",
          "summary": "나는 식사 전이다",
          "date": "2022-12-01",
          "time": "12:25:35",
          "terminate": "false"
        },
        {
          "speaker": "speaker2",
          "personaID": "53687",
          "participantID": "4822",
          "utterance": "네 과일을 많이 먹으려고 노력중이예요",
          "summary": "나는 과일을 많이 먹으려고 노력한다",
          "date": "2022-12-01",
          "time": "13:01:46",
          "terminate": "false"
        },
        {
          "speaker": "speaker1",
          "personaID": "35909",
          "participantID": "4937",
          "utterance": "과일이 건강에 좋죠. 근데 과당도 당수치를 올릴 수 있어서 적당량을 먹어야한다고 하더라구요",
          "summary": "나는 과일이 당수 치를 올려 적당히 먹어야 될 거 같다",
          "date": "2022-12-01",
          "time": "15:59:01",
          "terminate": "false"
        },
        {
          "speaker": "speaker2",
          "personaID": "53687",
          "participantID": "4822",
          "utterance": "맞아요. 제가 급한일이 생겨 나중에 다시 대화해요",
          "summary": "나는 급한 일이 생겼다",
          "date": "2022-12-01",
          "time": "16:22:34",
          "terminate": "false"
        },
        {
          "speaker": "speaker1",
          "personaID": "35909",
          "participantID": "4937",
          "utterance": "아, 그러시군요~ 조심해서 다녀오시고 다음에 또 대화해요~ ",
          "summary": "",
          "date": "2022-12-01",
          "time": "16:31:34",
          "terminate": "true"
        }
      ],
      "sessionPersonaSummary": {
        "speaker1": [
          "나는 포항에서 직장 다니는 30대 여성이다",
          "나는 구청 공무원이다",
          "나는 구청이 가까워 거의 걸어 다니고 일주일에 한두 번 버스로 출퇴근한다",
          "나는 주말에 거의 여행 다닌다. 나는 중국 여행을 가고 싶다",
          "나는 11월 생일이지만 추운 것도 싫고 눈 오는 것도 싫다",
          "나는 식사 전이다",
          "나는 과일이 당수 치를 올려 적당히 먹어야 될 거 같다"
        ],
        "speaker2": [
          "나는 50대 여성이고, 도서관 사서이다",
          "나는 주말에 자원봉사를 한다",
          "나는 태블릿 PC를 활용한다",
          "나는 요즘 눈이 오면 사고가 많이 날까 두렵고, 겨울이라 너무 춥다",
          "나는 바나나를 좋아해서 다이어트 겸 먹었다",
          "나는 과일을 많이 먹으려고 노력한다",
          "나는 급한 일이 생겼다"
        ]
      },
      "prevAggregatedpersonaSummary": {
        "speaker1": [],
        "speaker2": []
      }
    },
    {
      "prevSessionID": "4-00602-1",
      "prevTimeInfo": {
        "timeNum": "15",
        "timeUnit": "시간"
      },
      "nthSession": "2",
      "numberOfUtterances": "19",
      "numberOfTurns": "9",
      "sessionID": "4-00602-2",
      "dialog": [
        {
          "speaker": "speaker1",
          "personaID": "35909",
          "participantID": "4937",
          "utterance": "안녕하세요? 아까 급한 일은 잘 마무리 하셨어요? 15시간 만에 다시 대화하게 됐네요",
          "summary": "",
          "date": "2022-12-01",
          "time": "17:57:58",
          "terminate": "false"
        },
        {
          "speaker": "speaker2",
          "personaID": "53687",
          "participantID": "4822",
          "utterance": "네 자녀가 군대를 가게되서 정신이 없었어요",
          "summary": "나는 군대를 가는 자녀가 있어 정신이 없었다",
          "date": "2022-12-01",
          "time": "17:59:17",
          "terminate": "false"
        },
        {
          "speaker": "speaker1",
          "personaID": "35909",
          "participantID": "4937",
          "utterance": "어머나, 아드님이 있으셨군요. 언제 입대인가요?",
          "summary": "",
          "date": "2022-12-01",
          "time": "17:59:51",
          "terminate": "false"
        },
        {
          "speaker": "speaker2",
          "personaID": "53687",
          "participantID": "4822",
          "utterance": "이번주에요. 마음이 복잡하네요",
          "summary": "나는 자녀가 이번 주에 군대를 가서 마음이 복잡하다",
          "date": "2022-12-01",
          "time": "18:07:31",
          "terminate": "false"
        },
        {
          "speaker": "speaker1",
          "personaID": "35909",
          "participantID": "4937",
          "utterance": "정말 그러시겠어요. 그래도 어머님이 기운내셔서 맛있는 음식 많이 해주시고 힘내서 다녀오게 응원해주세요. 요즘은 군복무기간도 예전보다는 많이 짧아졌더라구요",
          "summary": "나는 어머님이 기운 내서 맛있는 음식 많이 해주고 히내서 다여오게 응원해주라 했다 나는 요즘 군 복무기간도 예전보다는 많이 짧아진 거 같다",
          "date": "2022-12-01",
          "time": "18:09:47",
          "terminate": "false"
        },
        {
          "speaker": "speaker2",
          "personaID": "53687",
          "participantID": "4822",
          "utterance": "네 가는 아들이 더 싱숭하니 저는 티 안내고 있어요",
          "summary": "나는 아들이 싱숭생숭할까 봐 아무 티도 안 내고 있다",
          "date": "2022-12-01",
          "time": "18:10:45",
          "terminate": "false"
        },
        {
          "speaker": "speaker1",
          "personaID": "35909",
          "participantID": "4937",
          "utterance": "그러신 어머님 마음도 많이 복잡하시겠어요. 전에 댁이 서울이라고 하셨죠? 입대는 어느 쪽으로 하게 됐나요?",
          "summary": "나는 어머님 마음도 많이 복잡할 거 같다.",
          "date": "2022-12-01",
          "time": "18:12:51",
          "terminate": "false"
        },
        {
          "speaker": "speaker2",
          "personaID": "53687",
          "participantID": "4822",
          "utterance": "경기도 포천이여. 다행히 집이랑 가까워요. 정말 복무기간이 많이 짧아졌드라고요",
          "summary": "나는 아들이 집과 가까운 경기도 포천으로 군대를 가고, 복무기간이 짧아져서 다행이라 생각한다",
          "date": "2022-12-01",
          "time": "18:18:13",
          "terminate": "false"
        },
        {
          "speaker": "speaker1",
          "personaID": "35909",
          "participantID": "4937",
          "utterance": "아, 다행이네요. 얼마전에 저희 조카도 입대를 했는데, 그때 알아보니 육군은 복무기간이 2년 정도 되는거 같더라구요",
          "summary": "나는 조카가 입대했는데 육군이라 2년 복무할 거 같다",
          "date": "2022-12-01",
          "time": "18:19:04",
          "terminate": "false"
        },
        {
          "speaker": "speaker2",
          "personaID": "53687",
          "participantID": "4822",
          "utterance": "저희 아들도 육군이라 2년인데 처음 떨어지는거라 걱정이네요",
          "summary": "나는 육군에 가는 아들과 처음 떨어지는 거라 걱정이 된다",
          "date": "2022-12-01",
          "time": "18:23:10",
          "terminate": "false"
        },
        {
          "speaker": "speaker1",
          "personaID": "35909",
          "participantID": "4937",
          "utterance": "그러시겠죠. 저희 조카를 보내며, 언니도 엄청 울었어요. 그래도 첫 휴가 나온거 보니 정말 달라보이더라구요. @이름@ 아드님도 2년간 건강하게 잘 다녀올거예요",
          "summary": "나는 첫 휴가 나온 거 보니 정말 달라 보였다",
          "date": "2022-12-01",
          "time": "18:28:24",
          "terminate": "false"
        },
        {
          "speaker": "speaker2",
          "personaID": "53687",
          "participantID": "4822",
          "utterance": "맞아요. 사실 고생도 좀 하고 철 좀 들어왔으면 싶기도 해요 ㅎ",
          "summary": "나는 사실 아들이 고생도 좀 하고 철도 들어서 왔으면 좋겠다는 생각도 든다",
          "date": "2022-12-01",
          "time": "18:30:55",
          "terminate": "false"
        },
        {
          "speaker": "speaker1",
          "personaID": "35909",
          "participantID": "4937",
          "utterance": "하하. 저희 언니도 그랬어요. 보내는 건 안쓰러운데, 또 철 들어서 남자로 돌아오길 바라는 마음도 있다고 하더라고요. 예전처럼 길게 가면 더 힘들었을텐데, 그래도 다행이예요",
          "summary": "나는 철들어서 남자로 돌아오길 바라는 마음도 있다고 들었다",
          "date": "2022-12-01",
          "time": "18:32:35",
          "terminate": "false"
        },
        {
          "speaker": "speaker2",
          "personaID": "53687",
          "participantID": "4822",
          "utterance": "보내면 귀찮아질 일이 많아 생길거같아요",
          "summary": "나는 아들을 군대에 보내면 귀찮은 일이 많이 생길 것 같다",
          "date": "2022-12-01",
          "time": "18:36:54",
          "terminate": "false"
        },
        {
          "speaker": "speaker1",
          "personaID": "35909",
          "participantID": "4937",
          "utterance": "어떤 일이요? 저희 언니는 처음에는 울더니 나중에는 은근 편한거 같던데요?",
          "summary": "나는 언니가 은근히 편한 거 같다",
          "date": "2022-12-01",
          "time": "18:38:12",
          "terminate": "false"
        },
        {
          "speaker": "speaker2",
          "personaID": "53687",
          "participantID": "4822",
          "utterance": "이것저것 사서 보내달라는 요구 사항을 벌써 해요",
          "summary": "",
          "date": "2022-12-01",
          "time": "18:53:59",
          "terminate": "false"
        },
        {
          "speaker": "speaker1",
          "personaID": "35909",
          "participantID": "4937",
          "utterance": "그렇군요. 아직 귀여운 군인아저씨네요",
          "summary": "나는 아직 귀여운 군인 아저씨 같다.",
          "date": "2022-12-01",
          "time": "20:31:28",
          "terminate": "false"
        },
        {
          "speaker": "speaker2",
          "personaID": "53687",
          "participantID": "4822",
          "utterance": "제가 급하게 일이 생겨서 다음에 다시 애기 나눠요.",
          "summary": "나는 급한 일이 생겼다",
          "date": "2022-12-01",
          "time": "21:12:49",
          "terminate": "false"
        },
        {
          "speaker": "speaker1",
          "personaID": "35909",
          "participantID": "4937",
          "utterance": "아, 그러시군요~ 알겠습니다. 다음에 또 대화나눠요.",
          "summary": "",
          "date": "2022-12-01",
          "time": "21:16:10",
          "terminate": "true"
        }
      ],
      "sessionPersonaSummary": {
        "speaker1": [
          "나는 어머님이 기운 내서 맛있는 음식 많이 해주고 히내서 다여오게 응원해주라 했다",
          "나는 요즘 군 복무기간도 예전보다는 많이 짧아진 거 같다",
          "나는 어머님 마음도 많이 복잡할 거 같다.",
          "나는 조카가 입대했는데 육군이라 2년 복무할 거 같다",
          "나는 첫 휴가 나온 거 보니 정말 달라 보였다",
          "나는 철들어서 남자로 돌아오길 바라는 마음도 있다고 들었다",
          "나는 언니가 은근히 편한 거 같다",
          "나는 아직 귀여운 군인 아저씨 같다."
        ],
        "speaker2": [
          "나는 군대를 가는 자녀가 있어 정신이 없었다",
          "나는 자녀가 이번 주에 군대를 가서 마음이 복잡하다",
          "나는 아들이 싱숭생숭할까 봐 아무 티도 안 내고 있다",
          "나는 아들이 집과 가까운 경기도 포천으로 군대를 가고, 복무기간이 짧아져서 다행이라 생각한다",
          "나는 육군에 가는 아들과 처음 떨어지는 거라 걱정이 된다",
          "나는 사실 아들이 고생도 좀 하고 철도 들어서 왔으면 좋겠다는 생각도 든다",
          "나는 아들을 군대에 보내면 귀찮은 일이 많이 생길 것 같다",
          "나는 급한 일이 생겼다"
        ]
      },
      "prevAggregatedpersonaSummary": {
        "speaker1": [
          "나는 포항에서 직장 다니는 30대 여성이다",
          "나는 구청 공무원이다",
          "나는 구청이 가까워 거의 걸어 다니고 일주일에 한두 번 버스로 출퇴근한다",
          "나는 주말에 거의 여행 다닌다. 나는 중국 여행을 가고 싶다",
          "나는 11월 생일이지만 추운 것도 싫고 눈 오는 것도 싫다",
          "나는 식사 전이다",
          "나는 과일이 당수 치를 올려 적당히 먹어야 될 거 같다"
        ],
        "speaker2": [
          "나는 50대 여성이고, 도서관 사서이다",
          "나는 주말에 자원봉사를 한다",
          "나는 태블릿 PC를 활용한다",
          "나는 요즘 눈이 오면 사고가 많이 날까 두렵고, 겨울이라 너무 춥다",
          "나는 바나나를 좋아해서 다이어트 겸 먹었다",
          "나는 과일을 많이 먹으려고 노력한다",
          "나는 급한 일이 생겼다"
        ]
      }
    },
    {
      "prevSessionID": "4-00602-2",
      "prevTimeInfo": {
        "timeNum": "2",
        "timeUnit": "주"
      },
      "nthSession": "3",
      "numberOfUtterances": "15",
      "numberOfTurns": "7",
      "sessionID": "4-00602-3",
      "dialog": [
        {
          "speaker": "speaker1",
          "personaID": "35909",
          "participantID": "4937",
          "utterance": "벌써 2주가 지났네요? 잘 지내셨나요? 아드님은 입대한지 이제 얼마나 된건가요?",
          "summary": "나는 아드님 입대한 지 얼마나 되었는지 물었다",
          "date": "2022-12-01",
          "time": "21:22:21",
          "terminate": "false"
        },
        {
          "speaker": "speaker2",
          "personaID": "53687",
          "participantID": "4822",
          "utterance": "그주에 보내서 딱 2주가 됐어요. 전화가 너무 자주 오는거 같아요.",
          "summary": "나는 아들이 군대에 간지 2주가 되었는데, 군대 간 아들에게 전화가 너무 자주 오는 것 같다",
          "date": "2022-12-01",
          "time": "21:25:18",
          "terminate": "false"
        },
        {
          "speaker": "speaker1",
          "personaID": "35909",
          "participantID": "4937",
          "utterance": "그렇군요. 예전과 달라서 요즘 군대는 휴대폰도 가져갈 수 있다는데, 집이 그리우니 전화를 자주 하나봐요.",
          "summary": "나는 예전과 달라서 요즘 군대는 휴대폰도 가져갈 수 있어 전화를 자주 하는 거 같다",
          "date": "2022-12-01",
          "time": "21:39:18",
          "terminate": "false"
        },
        {
          "speaker": "speaker2",
          "personaID": "53687",
          "participantID": "4822",
          "utterance": "네 그래도 여자 친구한테 안하고 저한테 하는거 같아 기특해요.",
          "summary": "나는 여자 친구에게 말고, 나에게 전화하는 아들이 기특하다",
          "date": "2022-12-01",
          "time": "21:48:54",
          "terminate": "false"
        },
        {
          "speaker": "speaker1",
          "personaID": "35909",
          "participantID": "4937",
          "utterance": "어머, 잘 키우셨네요~ 여자친구가 있는데, 어머님께 전화를 드리다니...기쁘게 받아주세요.",
          "summary": "나는 여자 친구가 있는데 어머님께 전화를 해서 잘 키운 거 같다",
          "date": "2022-12-01",
          "time": "21:50:49",
          "terminate": "false"
        },
        {
          "speaker": "speaker2",
          "personaID": "53687",
          "participantID": "4822",
          "utterance": "날씨가 너무 많이 추워져서 그게 걱정이네요. 전화가 오면 앓는 소리를 많이해요.",
          "summary": "나는 날씨가 너무 추워서 앓는 소리를 하는 아들이 걱정이 된다",
          "date": "2022-12-01",
          "time": "21:51:41",
          "terminate": "false"
        },
        {
          "speaker": "speaker1",
          "personaID": "35909",
          "participantID": "4937",
          "utterance": "어머나, 안쓰러워서 어쩌면 좋아요. 포천으로 갔다고 하셨죠? 포천도 북쪽이니 많이 추울 것 같아요.",
          "summary": "나는 안쓰러운 거 같다. 나는 포천도 북쪽이라 많이 추울 거 같다",
          "date": "2022-12-01",
          "time": "21:53:52",
          "terminate": "false"
        },
        {
          "speaker": "speaker2",
          "personaID": "53687",
          "participantID": "4822",
          "utterance": "그러니깐요. 조카분은 어느 지역쪽에 복무하나요?",
          "summary": "",
          "date": "2022-12-01",
          "time": "21:55:54",
          "terminate": "false"
        },
        {
          "speaker": "speaker1",
          "personaID": "35909",
          "participantID": "4937",
          "utterance": "저희 조카는 강원도 고성이예요~ 전방이고 추운 곳이라 칼바람 맞으며 훈련할걸 생각하니 마음이 아프네요. 그래도 예전에는 3년씩 있었는데, 1년이 줄어든거니까 그걸로 위안삼아 봐야죠.",
          "summary": "나는 조카가 강원도 고성에 복무한다. 나는 전방이고 추운 곳이라 칼바람 맞으며 훈련할걸 생각하니 마음이 아프다. 나는 3년에서 1년 줄어든 거로 위안을 삼는다",
          "date": "2022-12-01",
          "time": "21:58:46",
          "terminate": "false"
        },
        {
          "speaker": "speaker2",
          "personaID": "53687",
          "participantID": "4822",
          "utterance": "맞아요. 저도 그날만 버틸거 생각하라고 했어요. 하루하루 버티다 보면 복부 기간 끝이 온다고했어요.",
          "summary": "나는 아들에게 하루하루 버티면 복무 기간이 끝날 거라고 했다",
          "date": "2022-12-01",
          "time": "22:09:01",
          "terminate": "false"
        },
        {
          "speaker": "speaker1",
          "personaID": "35909",
          "participantID": "4937",
          "utterance": "그 방법 뿐이죠. 근데 저는요, 남들이나 연예인들은 입대하고 금방 제대하는 것 같은 느낌이 들더라구요. 저만 그런가요?",
          "summary": "나는 남들이나 연예인들은 입대하고 금방 제대하는 느낌이다",
          "date": "2022-12-01",
          "time": "22:18:55",
          "terminate": "false"
        },
        {
          "speaker": "speaker2",
          "personaID": "53687",
          "participantID": "4822",
          "utterance": "사실 연예인들의 복무 기간은 투명성이 없어 보여요",
          "summary": "나는 연예인들의 복무 기간이 투명성이 없어 보인다",
          "date": "2022-12-01",
          "time": "22:28:56",
          "terminate": "false"
        },
        {
          "speaker": "speaker1",
          "personaID": "35909",
          "participantID": "4937",
          "utterance": "저는 그런거는 잘 모르겠고, 저랑 관련이 없는 사람들이라 그런가 싶어요. 이번에 조카의 복무기간은 길게 느껴지나 한번 비교해보려구요.",
          "summary": "나는 이번에 조카 복무기간은 길게 느껴지나 한번 비교하려고 한다",
          "date": "2022-12-01",
          "time": "22:31:53",
          "terminate": "false"
        },
        {
          "speaker": "speaker2",
          "personaID": "53687",
          "participantID": "4822",
          "utterance": "그건그래요 저는 아들이라 복무기간이 길게 느껴질거 같네요. 제가 급하게 일이 생겨 나중에 다시 애기 나눠요",
          "summary": "나는 아들이 군대에 간 거라 복무기간이 길게 느껴질 것 같다",
          "date": "2022-12-01",
          "time": "22:33:15",
          "terminate": "false"
        },
        {
          "speaker": "speaker1",
          "personaID": "35909",
          "participantID": "4937",
          "utterance": "네, 다음에 또 이야기 나눠요. ",
          "summary": "",
          "date": "2022-12-01",
          "time": "22:57:46",
          "terminate": "true"
        }
      ],
      "sessionPersonaSummary": {
        "speaker1": [
          "나는 아드님 입대한 지 얼마나 되었는지 물었다",
          "나는 예전과 달라서 요즘 군대는 휴대폰도 가져갈 수 있어 전화를 자주 하는 거 같다",
          "나는 여자 친구가 있는데 어머님께 전화를 해서 잘 키운 거 같다",
          "나는 안쓰러운 거 같다. 나는 포천도 북쪽이라 많이 추울 거 같다",
          "나는 조카가 강원도 고성에 복무한다. 나는 전방이고 추운 곳이라 칼바람 맞으며 훈련할걸 생각하니 마음이 아프다. 나는 3년에서 1년 줄어든 거로 위안을 삼는다",
          "나는 남들이나 연예인들은 입대하고 금방 제대하는 느낌이다",
          "나는 이번에 조카 복무기간은 길게 느껴지나 한번 비교하려고 한다"
        ],
        "speaker2": [
          "나는 아들이 군대에 간지 2주가 되었는데, 군대 간 아들에게 전화가 너무 자주 오는 것 같다",
          "나는 여자 친구에게 말고, 나에게 전화하는 아들이 기특하다",
          "나는 날씨가 너무 추워서 앓는 소리를 하는 아들이 걱정이 된다",
          "나는 아들에게 하루하루 버티면 복무 기간이 끝날 거라고 했다",
          "나는 연예인들의 복무 기간이 투명성이 없어 보인다",
          "나는 아들이 군대에 간 거라 복무기간이 길게 느껴질 것 같다"
        ]
      },
      "prevAggregatedpersonaSummary": {
        "speaker1": [
          "나는 포항에서 직장 다니는 30대 여성이다",
          "나는 구청 공무원이다",
          "나는 구청이 가까워 거의 걸어 다니고 일주일에 한두 번 버스로 출퇴근한다",
          "나는 주말에 거의 여행 다닌다. 나는 중국 여행을 가고 싶다",
          "나는 11월 생일이지만 추운 것도 싫고 눈 오는 것도 싫다",
          "나는 식사 전이다",
          "나는 과일이 당수 치를 올려 적당히 먹어야 될 거 같다",
          "나는 어머님이 기운 내서 맛있는 음식 많이 해주고 히내서 다여오게 응원해주라 했다",
          "나는 요즘 군 복무기간도 예전보다는 많이 짧아진 거 같다",
          "나는 어머님 마음도 많이 복잡할 거 같다.",
          "나는 조카가 입대했는데 육군이라 2년 복무할 거 같다",
          "나는 첫 휴가 나온 거 보니 정말 달라 보였다",
          "나는 철들어서 남자로 돌아오길 바라는 마음도 있다고 들었다",
          "나는 언니가 은근히 편한 거 같다",
          "나는 아직 귀여운 군인 아저씨 같다."
        ],
        "speaker2": [
          "나는 50대 여성이고, 도서관 사서이다",
          "나는 주말에 자원봉사를 한다",
          "나는 태블릿 PC를 활용한다",
          "나는 요즘 눈이 오면 사고가 많이 날까 두렵고, 겨울이라 너무 춥다",
          "나는 바나나를 좋아해서 다이어트 겸 먹었다",
          "나는 과일을 많이 먹으려고 노력한다",
          "나는 급한 일이 생겼다",
          "나는 군대를 가는 자녀가 있어 정신이 없었다",
          "나는 자녀가 이번 주에 군대를 가서 마음이 복잡하다",
          "나는 아들이 싱숭생숭할까 봐 아무 티도 안 내고 있다",
          "나는 아들이 집과 가까운 경기도 포천으로 군대를 가고, 복무기간이 짧아져서 다행이라 생각한다",
          "나는 육군에 가는 아들과 처음 떨어지는 거라 걱정이 된다",
          "나는 사실 아들이 고생도 좀 하고 철도 들어서 왔으면 좋겠다는 생각도 든다",
          "나는 아들을 군대에 보내면 귀찮은 일이 많이 생길 것 같다",
          "나는 급한 일이 생겼다"
        ]
      }
    },
    {
      "prevSessionID": "4-00602-3",
      "prevTimeInfo": {
        "timeNum": "2",
        "timeUnit": "시간"
      },
      "nthSession": "4",
      "numberOfUtterances": "15",
      "numberOfTurns": "7",
      "sessionID": "4-00602-4",
      "dialog": [
        {
          "speaker": "speaker1",
          "personaID": "35909",
          "participantID": "4937",
          "utterance": "안녕하세요? 두 시간 정도 지났는데, 급한 일은 잘 해결하셨어요?",
          "summary": "",
          "date": "2022-12-01",
          "time": "23:01:29",
          "terminate": "false"
        },
        {
          "speaker": "speaker2",
          "personaID": "53687",
          "participantID": "4822",
          "utterance": "네 갑자기 아들 전화가 와서요. 그때 타이밍아니면 통화가 안되서요",
          "summary": "나는 아들과 통화를 했다",
          "date": "2022-12-01",
          "time": "23:02:34",
          "terminate": "false"
        },
        {
          "speaker": "speaker1",
          "personaID": "35909",
          "participantID": "4937",
          "utterance": "아, 그러셨군요. 전화가 자주 오는 것 같다고 하시더니 얼마만에 통화하신 건가요?",
          "summary": "나는 얼마만의 통화인지 궁금하다",
          "date": "2022-12-01",
          "time": "23:05:55",
          "terminate": "false"
        },
        {
          "speaker": "speaker2",
          "personaID": "53687",
          "participantID": "4822",
          "utterance": "사실 이틀전에도 오긴했어요. ㅎ 길게 통화하는게 아니라 아쉽더라고요 조카분한테 편지도 써서 보내시나요?",
          "summary": "나는 이틀 전에도 아들과 통화를 했지만, 길게 못해서 아쉽다",
          "date": "2022-12-01",
          "time": "23:07:13",
          "terminate": "false"
        },
        {
          "speaker": "speaker1",
          "personaID": "35909",
          "participantID": "4937",
          "utterance": "편지는 뭔가 쑥스러운것 같아서 아직 한번도 써보지는 못했어요. 조카도 언니에게는 보내겠지만 저한테는 보낸 적이 없네요. 서로 어색한거 같아요. ",
          "summary": "나는 편지쓰는게 쑥쓰러워 아직 한번도 써보지 못했다\n나는 서로 어색한거같다",
          "date": "2022-12-01",
          "time": "23:10:24",
          "terminate": "false"
        },
        {
          "speaker": "speaker2",
          "personaID": "53687",
          "participantID": "4822",
          "utterance": "조카랑 나이차이가 많이는 안나실거 같아요. 요즘 아이돌 애기하면 좋아하지 않을까요 ㅎ",
          "summary": "나는 군대 간 사람에게 아이돌 이야기를 하면 좋아할 거라 생각한다",
          "date": "2022-12-01",
          "time": "23:11:25",
          "terminate": "false"
        },
        {
          "speaker": "speaker1",
          "personaID": "35909",
          "participantID": "4937",
          "utterance": "아, 그렇겠네요. 걸그룹 사진을 좀 찾아서 같이 보내줄까봐요. 본인에게는 무척 길게 느껴질 복무 기간을 버티게 해주는 즐거움이 되겠죠? 팁 감사해요",
          "summary": "나는 걸그룹 사진을 같이 보내줘야겠다",
          "date": "2022-12-01",
          "time": "23:15:30",
          "terminate": "false"
        },
        {
          "speaker": "speaker2",
          "personaID": "53687",
          "participantID": "4822",
          "utterance": "사실 저희 아들이 좋아하는거라 말씀드릴수 있었어요^^",
          "summary": "",
          "date": "2022-12-01",
          "time": "23:16:41",
          "terminate": "false"
        },
        {
          "speaker": "speaker1",
          "personaID": "35909",
          "participantID": "4937",
          "utterance": "하하, 그렇군요. 예나 지금이나 군인들에게는 걸그룹이 오아시스인가봐요.",
          "summary": "나는 예나 지금이나 군인들에게 걸그룹이 오아시스 같다",
          "date": "2022-12-01",
          "time": "23:25:07",
          "terminate": "false"
        },
        {
          "speaker": "speaker2",
          "personaID": "53687",
          "participantID": "4822",
          "utterance": "요즘은 티비 시청도 예전보다 수월한거 같아요",
          "summary": "나는 요즘 군대는 티브이 시청도 예전보다 수월해졌다고 알고 있다",
          "date": "2022-12-01",
          "time": "23:27:19",
          "terminate": "false"
        },
        {
          "speaker": "speaker1",
          "personaID": "35909",
          "participantID": "4937",
          "utterance": "그래요? 그 부분은 들은 적이 없어요. 예전에 군대를 상상하면, 고참들이 TV보고 있고 신참들은 멀리서 부러워하는 모습이었는데, 달라졌나봐요?",
          "summary": "나는 예전 군대는 선임이 tv 볼 때 신참은 부러워하는 모습이었던 거 같다",
          "date": "2022-12-01",
          "time": "23:36:25",
          "terminate": "false"
        },
        {
          "speaker": "speaker2",
          "personaID": "53687",
          "participantID": "4822",
          "utterance": "요즘에는 좀 덜한거 같아요. 편하게 지내고 있다고 하드라고요.",
          "summary": "나는 아들이 편하게 지내고 있다는 말을 들었다",
          "date": "2022-12-01",
          "time": "23:44:57",
          "terminate": "false"
        },
        {
          "speaker": "speaker1",
          "personaID": "35909",
          "participantID": "4937",
          "utterance": "그렇군요. 군대가야 하는 건 안타깝지만 복무 기간이나 주변 환경이나 여러가지로 전보다는 개선되어서 정말 다행이네요.",
          "summary": "나는 복무기간이나 주변 환경이나 여러 가지 개선되어 다행이다",
          "date": "2022-12-01",
          "time": "23:48:35",
          "terminate": "false"
        },
        {
          "speaker": "speaker2",
          "personaID": "53687",
          "participantID": "4822",
          "utterance": "정말 다행이에요. 제가 급하게 일이생겨 나중에 다시 애기 나눠요",
          "summary": "나는 급한 일이 생겼다",
          "date": "2022-12-02",
          "time": "00:03:26",
          "terminate": "false"
        },
        {
          "speaker": "speaker1",
          "personaID": "35909",
          "participantID": "4937",
          "utterance": "네,  알겠습니다. 즐거운 대화였어요.",
          "summary": "",
          "date": "2022-12-02",
          "time": "06:23:08",
          "terminate": "true"
        }
      ],
      "sessionPersonaSummary": {
        "speaker1": [
          "나는 얼마만의 통화인지 궁금하다",
          "나는 편지쓰는게 쑥쓰러워 아직 한번도 써보지 못했다\n나는 서로 어색한거같다",
          "나는 걸그룹 사진을 같이 보내줘야겠다",
          "나는 예나 지금이나 군인들에게 걸그룹이 오아시스 같다",
          "나는 예전 군대는 선임이 tv 볼 때 신참은 부러워하는 모습이었던 거 같다",
          "나는 복무기간이나 주변 환경이나 여러 가지 개선되어 다행이다"
        ],
        "speaker2": [
          "나는 아들과 통화를 했다",
          "나는 이틀 전에도 아들과 통화를 했지만, 길게 못해서 아쉽다",
          "나는 군대 간 사람에게 아이돌 이야기를 하면 좋아할 거라 생각한다",
          "나는 요즘 군대는 티브이 시청도 예전보다 수월해졌다고 알고 있다",
          "나는 아들이 편하게 지내고 있다는 말을 들었다",
          "나는 급한 일이 생겼다"
        ]
      },
      "prevAggregatedpersonaSummary": {
        "speaker1": [
          "나는 포항에서 직장 다니는 30대 여성이다",
          "나는 구청 공무원이다",
          "나는 구청이 가까워 거의 걸어 다니고 일주일에 한두 번 버스로 출퇴근한다",
          "나는 주말에 거의 여행 다닌다. 나는 중국 여행을 가고 싶다",
          "나는 11월 생일이지만 추운 것도 싫고 눈 오는 것도 싫다",
          "나는 식사 전이다",
          "나는 과일이 당수 치를 올려 적당히 먹어야 될 거 같다",
          "나는 어머님이 기운 내서 맛있는 음식 많이 해주고 히내서 다여오게 응원해주라 했다",
          "나는 요즘 군 복무기간도 예전보다는 많이 짧아진 거 같다",
          "나는 어머님 마음도 많이 복잡할 거 같다.",
          "나는 조카가 입대했는데 육군이라 2년 복무할 거 같다",
          "나는 첫 휴가 나온 거 보니 정말 달라 보였다",
          "나는 철들어서 남자로 돌아오길 바라는 마음도 있다고 들었다",
          "나는 언니가 은근히 편한 거 같다",
          "나는 아직 귀여운 군인 아저씨 같다.",
          "나는 아드님 입대한 지 얼마나 되었는지 물었다",
          "나는 예전과 달라서 요즘 군대는 휴대폰도 가져갈 수 있어 전화를 자주 하는 거 같다",
          "나는 여자 친구가 있는데 어머님께 전화를 해서 잘 키운 거 같다",
          "나는 안쓰러운 거 같다. 나는 포천도 북쪽이라 많이 추울 거 같다",
          "나는 조카가 강원도 고성에 복무한다. 나는 전방이고 추운 곳이라 칼바람 맞으며 훈련할걸 생각하니 마음이 아프다. 나는 3년에서 1년 줄어든 거로 위안을 삼는다",
          "나는 남들이나 연예인들은 입대하고 금방 제대하는 느낌이다",
          "나는 이번에 조카 복무기간은 길게 느껴지나 한번 비교하려고 한다"
        ],
        "speaker2": [
          "나는 50대 여성이고, 도서관 사서이다",
          "나는 주말에 자원봉사를 한다",
          "나는 태블릿 PC를 활용한다",
          "나는 요즘 눈이 오면 사고가 많이 날까 두렵고, 겨울이라 너무 춥다",
          "나는 바나나를 좋아해서 다이어트 겸 먹었다",
          "나는 과일을 많이 먹으려고 노력한다",
          "나는 급한 일이 생겼다",
          "나는 군대를 가는 자녀가 있어 정신이 없었다",
          "나는 자녀가 이번 주에 군대를 가서 마음이 복잡하다",
          "나는 아들이 싱숭생숭할까 봐 아무 티도 안 내고 있다",
          "나는 아들이 집과 가까운 경기도 포천으로 군대를 가고, 복무기간이 짧아져서 다행이라 생각한다",
          "나는 육군에 가는 아들과 처음 떨어지는 거라 걱정이 된다",
          "나는 사실 아들이 고생도 좀 하고 철도 들어서 왔으면 좋겠다는 생각도 든다",
          "나는 아들을 군대에 보내면 귀찮은 일이 많이 생길 것 같다",
          "나는 급한 일이 생겼다",
          "나는 아들이 군대에 간지 2주가 되었는데, 군대 간 아들에게 전화가 너무 자주 오는 것 같다",
          "나는 여자 친구에게 말고, 나에게 전화하는 아들이 기특하다",
          "나는 날씨가 너무 추워서 앓는 소리를 하는 아들이 걱정이 된다",
          "나는 아들에게 하루하루 버티면 복무 기간이 끝날 거라고 했다",
          "나는 연예인들의 복무 기간이 투명성이 없어 보인다",
          "나는 아들이 군대에 간 거라 복무기간이 길게 느껴질 것 같다"
        ]
      }
    }
  ]
}