{
  "FileInfo": {
    "filename": "K4-00038-CL24860-CP41077-12-01-S4.json",
    "sessionLevel": "4"
  },
  "participantsInfo": {
    "numberOfParticipants": "2",
    "speaker1": {
      "participantID": "3389",
      "gender": "여성",
      "age": "30대",
      "occupation": "주부",
      "bPlace": "서울/경기/인천",
      "gPlace": "서울/경기/인천",
      "rPlace": "서울/경기/인천",
      "educationLevel": "고졸"
    },
    "speaker2": {
      "participantID": "3178",
      "gender": "남성",
      "age": "30대",
      "occupation": "전문직",
      "bPlace": "서울/경기/인천",
      "gPlace": "서울/경기/인천",
      "rPlace": "서울/경기/인천",
      "educationLevel": "대졸"
    }
  },
  "multisessionInfo": {
    "multisessionID": "4-00038"
  },
  "personaInfo": {
    "clInfo": {
      "personaID": "24860",
      "personaFeatures": [
        "나는 여자이다.",
        "나는 20대이다.",
        "나는 요즘, 자주 두렵다",
        "나는 혈액형이 O형이다",
        "나는 아이스 아메리카노를 좋아한다"
      ],
      "speakerType": "speaker1"
    },
    "cpInfo": {
      "personaID": "41077",
      "personaFeatures": [
        "나는 남자이다.",
        "나는 40대이다.",
        "나는 다소 긍정적이다",
        "나는 가족과 이야기를 많이 나눈다",
        "나는 판타지 영화를 좋아한다"
      ],
      "speakerType": "speaker2"
    }
  },
  "topicInfo": {
    "topicID": "12-01",
    "topicType": "여가와 오락>여행",
    "topicTitle": "휴양지"
  },
  "sessionInfo": [
    {
      "prevSessionID": null,
      "prevTimeInfo": {
        "timeNum": null,
        "timeUnit": null
      },
      "nthSession": "1",
      "numberOfUtterances": "14",
      "numberOfTurns": "7",
      "sessionID": "4-00038-1",
      "dialog": [
        {
          "speaker": "speaker1",
          "personaID": "24860",
          "participantID": "3389",
          "utterance": "안녕하세요 저는 20대여자에요",
          "summary": "나는 20대 여자이다",
          "date": "2022-11-04",
          "time": "19:23:44",
          "terminate": "false"
        },
        {
          "speaker": "speaker2",
          "personaID": "41077",
          "participantID": "3178",
          "utterance": "안녕하세요 저는 40대 남성입니다",
          "summary": "나는 40대 남자이다.",
          "date": "2022-11-04",
          "time": "19:24:22",
          "terminate": "false"
        },
        {
          "speaker": "speaker1",
          "personaID": "24860",
          "participantID": "3389",
          "utterance": "저는 o형인데 혈액형이 어떻게 되시나요?",
          "summary": "난 O형이다",
          "date": "2022-11-04",
          "time": "19:26:46",
          "terminate": "false"
        },
        {
          "speaker": "speaker2",
          "personaID": "41077",
          "participantID": "3178",
          "utterance": "저는 B형입니다. 저는 다소 긍정적인 셩걱입니다",
          "summary": "나는 B형이고 긍정적인 성격이다.",
          "date": "2022-11-04",
          "time": "19:36:28",
          "terminate": "false"
        },
        {
          "speaker": "speaker1",
          "personaID": "24860",
          "participantID": "3389",
          "utterance": "오 너무 좋네요 저는 요즘 자주 두려워요",
          "summary": "나는 요즘 자주 두렵다",
          "date": "2022-11-04",
          "time": "19:37:24",
          "terminate": "false"
        },
        {
          "speaker": "speaker2",
          "personaID": "41077",
          "participantID": "3178",
          "utterance": "무슨일이 있으신가요? 있으시다면 가족과 대화를 나눠보세요 저는 가족과 이야기를 많이 나눕니다",
          "summary": " 나는 가족과 이야기를 많이 나눈다.",
          "date": "2022-11-04",
          "time": "19:44:14",
          "terminate": "false"
        },
        {
          "speaker": "speaker1",
          "personaID": "24860",
          "participantID": "3389",
          "utterance": "무슨일이 있는건 아니에요 요즘 자격증 시험 준비로 떨어딜 걱정때문인거같아요",
          "summary": "자격증 시험 준비로 떨어질 걱정 때문이다",
          "date": "2022-11-04",
          "time": "19:48:55",
          "terminate": "false"
        },
        {
          "speaker": "speaker2",
          "personaID": "41077",
          "participantID": "3178",
          "utterance": "그렇군요 시험을 앞두고는 떨리고 걱정이 되죠 전 다소 긍정적인 편이라 좋게 생각합니다.",
          "summary": " 나는 긍정적이라 좋게 생각한다.",
          "date": "2022-11-04",
          "time": "19:56:55",
          "terminate": "false"
        },
        {
          "speaker": "speaker1",
          "personaID": "24860",
          "participantID": "3389",
          "utterance": "제가 걱정을 너무 많이 하나봐요 커피 좋아하시나요?",
          "summary": "나는 걱정을 많이 한다",
          "date": "2022-11-04",
          "time": "19:57:41",
          "terminate": "false"
        },
        {
          "speaker": "speaker2",
          "personaID": "41077",
          "participantID": "3178",
          "utterance": "네 커피 좋아합니다. 저는 영화보는것을 좋아합니다 그중 판타지 영화를 좋아하는데 커피와 함께 영화보면 좋습니다",
          "summary": "나는 커피를 좋아하고 영화 보는 것을 좋아한다. 나는 그중 판타지 영화를 좋아한다.",
          "date": "2022-11-04",
          "time": "19:58:29",
          "terminate": "false"
        },
        {
          "speaker": "speaker1",
          "personaID": "24860",
          "participantID": "3389",
          "utterance": "그러시군요 저는 아이스 아메리카노를 좋아하는데 어떤 종류를 좋아하시나요?",
          "summary": "나는 아이스 아메리카노를 좋아한다",
          "date": "2022-11-04",
          "time": "19:59:53",
          "terminate": "false"
        },
        {
          "speaker": "speaker2",
          "personaID": "41077",
          "participantID": "3178",
          "utterance": "저는 따뜻한 라떼를 좋아합니다",
          "summary": "나는 따뜻한 라테를 좋아한다.",
          "date": "2022-11-04",
          "time": "20:01:12",
          "terminate": "false"
        },
        {
          "speaker": "speaker1",
          "personaID": "24860",
          "participantID": "3389",
          "utterance": "저랑 반대시네요 저는 차가운걸 좋아해요 뜨거운걸 잘못먹어서요 ㅠ",
          "summary": "나는 차가운 커피를 좋아한다",
          "date": "2022-11-04",
          "time": "20:04:46",
          "terminate": "false"
        },
        {
          "speaker": "speaker2",
          "personaID": "41077",
          "participantID": "3178",
          "utterance": "그러시군요~ 제가 일이 있어서 다음에 다시 뵈요",
          "summary": "",
          "date": "2022-11-04",
          "time": "20:08:27",
          "terminate": "true"
        }
      ],
      "sessionPersonaSummary": {
        "speaker1": [
          "나는 20대 여자이다",
          "난 O형이다",
          "나는 요즘 자주 두렵다",
          "자격증 시험 준비로 떨어질 걱정 때문이다",
          "나는 걱정을 많이 한다",
          "나는 아이스 아메리카노를 좋아한다",
          "나는 차가운 커피를 좋아한다"
        ],
        "speaker2": [
          "나는 40대 남자이다.",
          "나는 B형이고 긍정적인 성격이다.",
          "나는 가족과 이야기를 많이 나눈다.",
          "나는 긍정적이라 좋게 생각한다.",
          "나는 커피를 좋아하고 영화 보는 것을 좋아한다.",
          "나는 그중 판타지 영화를 좋아한다.",
          "나는 따뜻한 라테를 좋아한다."
        ]
      },
      "prevAggregatedpersonaSummary": {
        "speaker1": [],
        "speaker2": []
      }
    },
    {
      "prevSessionID": "4-00038-1",
      "prevTimeInfo": {
        "timeNum": "6",
        "timeUnit": "주"
      },
      "nthSession": "2",
      "numberOfUtterances": "14",
      "numberOfTurns": "7",
      "sessionID": "4-00038-2",
      "dialog": [
        {
          "speaker": "speaker1",
          "personaID": "24860",
          "participantID": "3389",
          "utterance": "안녕하세요~6주 만이네요 잘지내셨나요? 오빠",
          "summary": "",
          "date": "2022-11-04",
          "time": "20:40:15",
          "terminate": "false"
        },
        {
          "speaker": "speaker2",
          "personaID": "41077",
          "participantID": "3178",
          "utterance": "네 잘지냈습니다. 겨율에 따뜻한 곳으로 여행을 가고 싶어서 휴양지를 찾아봤습니다",
          "summary": "나는 겨울에 여행을 갈 휴양지를 찾아봤다.",
          "date": "2022-11-04",
          "time": "20:55:50",
          "terminate": "false"
        },
        {
          "speaker": "speaker1",
          "personaID": "24860",
          "participantID": "3389",
          "utterance": "우와 멋있는 계획이신데요 어디로요?",
          "summary": "",
          "date": "2022-11-04",
          "time": "20:57:51",
          "terminate": "false"
        },
        {
          "speaker": "speaker2",
          "personaID": "41077",
          "participantID": "3178",
          "utterance": "아직 정하지 않았습니다. 알아보고 있는데 요즘 휴양지 패키지도 저렴하게 잘 나와있네요",
          "summary": "나는 아직 정하지 않았지만 요즘 휴양지 패키지가 저렴하게 나와있다.",
          "date": "2022-11-04",
          "time": "21:03:26",
          "terminate": "false"
        },
        {
          "speaker": "speaker1",
          "personaID": "24860",
          "participantID": "3389",
          "utterance": "그렇군요 국내로 가실건가요?아님 해외로요?",
          "summary": "",
          "date": "2022-11-05",
          "time": "00:15:20",
          "terminate": "false"
        },
        {
          "speaker": "speaker2",
          "personaID": "41077",
          "participantID": "3178",
          "utterance": "해외로 가려고 보고 있습니다. 이제 코로나가 거의 끝나가니 알아보고 내년쯤 가볼까 합니다",
          "summary": "나는 내년 해외로 가려고 알아보고 있다.",
          "date": "2022-11-05",
          "time": "09:22:11",
          "terminate": "false"
        },
        {
          "speaker": "speaker1",
          "personaID": "24860",
          "participantID": "3389",
          "utterance": "해외 좋네요 저도 해외여행 한번 가보고 싶어요 ",
          "summary": "나도 해외여행을 가보고 싶다",
          "date": "2022-11-05",
          "time": "09:29:28",
          "terminate": "false"
        },
        {
          "speaker": "speaker2",
          "personaID": "41077",
          "participantID": "3178",
          "utterance": "일상에서 완전히 떨어지니 더 자유로운 기분이 듭니다",
          "summary": "",
          "date": "2022-11-05",
          "time": "09:47:48",
          "terminate": "false"
        },
        {
          "speaker": "speaker1",
          "personaID": "24860",
          "participantID": "3389",
          "utterance": "저는 해외에는 아직 한번도 못가봐서요 가보신 휴양지가 있으신가요?",
          "summary": "나는 해외에는 아직 한 번도 못 가봤다",
          "date": "2022-11-05",
          "time": "09:50:05",
          "terminate": "false"
        },
        {
          "speaker": "speaker2",
          "personaID": "41077",
          "participantID": "3178",
          "utterance": "저는 보라카이와 호주를 다녀왔습니다. ",
          "summary": "나는 보라카이와 호주를 다녀왔다.",
          "date": "2022-11-05",
          "time": "10:00:12",
          "terminate": "false"
        },
        {
          "speaker": "speaker1",
          "personaID": "24860",
          "participantID": "3389",
          "utterance": "우와 너무 멋있어요 !해외는 어때요?",
          "summary": "",
          "date": "2022-11-05",
          "time": "11:56:47",
          "terminate": "false"
        },
        {
          "speaker": "speaker2",
          "personaID": "41077",
          "participantID": "3178",
          "utterance": "일상에서 멀리 떨어지니 더 여유로운 기분이고 심리적으로 자유롭다느꼈어요",
          "summary": "",
          "date": "2022-11-05",
          "time": "12:22:10",
          "terminate": "false"
        },
        {
          "speaker": "speaker1",
          "personaID": "24860",
          "participantID": "3389",
          "utterance": "저도 한번 가보고 싶네요 ~ 여유가 생기면 가보고 싶어요!",
          "summary": "",
          "date": "2022-11-05",
          "time": "12:26:45",
          "terminate": "false"
        },
        {
          "speaker": "speaker2",
          "personaID": "41077",
          "participantID": "3178",
          "utterance": "네~ 추천드립니다. 지칠때 여행만한게 없지요",
          "summary": "나는 지칠 때 여행만 한 게 없다고 생각한다.",
          "date": "2022-11-05",
          "time": "12:28:00",
          "terminate": "true"
        }
      ],
      "sessionPersonaSummary": {
        "speaker1": [
          "나도 해외여행을 가보고 싶다",
          "나는 해외에는 아직 한 번도 못 가봤다"
        ],
        "speaker2": [
          "나는 겨울에 여행을 갈 휴양지를 찾아봤다.",
          "나는 아직 정하지 않았지만 요즘 휴양지 패키지가 저렴하게 나와있다.",
          "나는 내년 해외로 가려고 알아보고 있다.",
          "나는 보라카이와 호주를 다녀왔다.",
          "나는 지칠 때 여행만 한 게 없다고 생각한다."
        ]
      },
      "prevAggregatedpersonaSummary": {
        "speaker1": [
          "나는 20대 여자이다",
          "난 O형이다",
          "나는 요즘 자주 두렵다",
          "자격증 시험 준비로 떨어질 걱정 때문이다",
          "나는 걱정을 많이 한다",
          "나는 아이스 아메리카노를 좋아한다",
          "나는 차가운 커피를 좋아한다"
        ],
        "speaker2": [
          "나는 40대 남자이다.",
          "나는 B형이고 긍정적인 성격이다.",
          "나는 가족과 이야기를 많이 나눈다.",
          "나는 긍정적이라 좋게 생각한다.",
          "나는 커피를 좋아하고 영화 보는 것을 좋아한다.",
          "나는 그중 판타지 영화를 좋아한다.",
          "나는 따뜻한 라테를 좋아한다."
        ]
      }
    },
    {
      "prevSessionID": "4-00038-2",
      "prevTimeInfo": {
        "timeNum": "2",
        "timeUnit": "주"
      },
      "nthSession": "3",
      "numberOfUtterances": "14",
      "numberOfTurns": "7",
      "sessionID": "4-00038-3",
      "dialog": [
        {
          "speaker": "speaker1",
          "personaID": "24860",
          "participantID": "3389",
          "utterance": "안녕하세요 .2주만이네요 잘지내셨나요?",
          "summary": "",
          "date": "2022-11-05",
          "time": "13:50:09",
          "terminate": "false"
        },
        {
          "speaker": "speaker2",
          "personaID": "41077",
          "participantID": "3178",
          "utterance": "네 잘지냈습니다 그동안 잘 지내셨나요?",
          "summary": "나는 그동안 잘 지냈다.",
          "date": "2022-11-05",
          "time": "13:53:55",
          "terminate": "false"
        },
        {
          "speaker": "speaker1",
          "personaID": "24860",
          "participantID": "3389",
          "utterance": "네 저는 잘지냈어요~ 이제 겨울이 다가와서 따뜻한 나라에 있는 휴양지를 알아볼까 생각중이에요",
          "summary": "",
          "date": "2022-11-05",
          "time": "13:55:01",
          "terminate": "false"
        },
        {
          "speaker": "speaker2",
          "personaID": "41077",
          "participantID": "3178",
          "utterance": "상상만해도 기분이 좋아지겠어요. 어디 나라도 알아보고 계신가요?",
          "summary": "나는 상상만 해도 기분이 좋다.",
          "date": "2022-11-05",
          "time": "13:56:15",
          "terminate": "false"
        },
        {
          "speaker": "speaker1",
          "personaID": "24860",
          "participantID": "3389",
          "utterance": "그래서 저도 고민이에요 휴양지라고 해서 어디로 가야 할지 ..",
          "summary": "난 어디로 갈지 고민이다",
          "date": "2022-11-05",
          "time": "13:57:27",
          "terminate": "false"
        },
        {
          "speaker": "speaker2",
          "personaID": "41077",
          "participantID": "3178",
          "utterance": "요즘 비행기 값도 저렴하고 다녀오시려면 지금이 딱 적기인거 같습니다",
          "summary": "나는 요즘 비행기 값이 저렴해 다녀오려면 지금이 적기라고 생각한다.",
          "date": "2022-11-05",
          "time": "14:00:41",
          "terminate": "false"
        },
        {
          "speaker": "speaker1",
          "personaID": "24860",
          "participantID": "3389",
          "utterance": "한번도 외국을 다녀와본적이 없어서 어디로 가야할지 모르겠어요 추천해주실만한데가 있으실까요?",
          "summary": "나는 외국을 한 번도 다녀와본 적이 없어서 어디로 갈지 모르겠다",
          "date": "2022-11-05",
          "time": "14:11:34",
          "terminate": "false"
        },
        {
          "speaker": "speaker2",
          "personaID": "41077",
          "participantID": "3178",
          "utterance": "아이가 있으신가요? 있으시다면 사이판 추천드려요",
          "summary": "나는 아이가 있다면 사이판 추천한다.",
          "date": "2022-11-05",
          "time": "14:37:44",
          "terminate": "false"
        },
        {
          "speaker": "speaker1",
          "personaID": "24860",
          "participantID": "3389",
          "utterance": "저는 혼자에요~ 혼자 배낭여행 할만한곳 있을까요?",
          "summary": "나는 혼자 갈 것이다.",
          "date": "2022-11-05",
          "time": "15:34:30",
          "terminate": "false"
        },
        {
          "speaker": "speaker2",
          "personaID": "41077",
          "participantID": "3178",
          "utterance": "저는 남해로 여행을 다녀온적이 있습니다. ",
          "summary": "나는 남해로 여행을 다녀온 적이 있다.",
          "date": "2022-11-07",
          "time": "14:40:39",
          "terminate": "false"
        },
        {
          "speaker": "speaker1",
          "personaID": "24860",
          "participantID": "3389",
          "utterance": "남해에는 볼거리 먹거리가 많은가요?",
          "summary": "",
          "date": "2022-11-07",
          "time": "18:22:32",
          "terminate": "false"
        },
        {
          "speaker": "speaker2",
          "personaID": "41077",
          "participantID": "3178",
          "utterance": "시원한 바다도 좋았고, 언덕처럼 낮은 산들도 좋았던 기억이 있습니다",
          "summary": "나는 시원한 바다도 좋았고 언덕처럼 낮은 산들도 좋았던 기억이 있다.",
          "date": "2022-11-07",
          "time": "18:28:31",
          "terminate": "false"
        },
        {
          "speaker": "speaker1",
          "personaID": "24860",
          "participantID": "3389",
          "utterance": "꼭 한번 남해에 가보도록 할게요 추천감사해요",
          "summary": "",
          "date": "2022-11-07",
          "time": "18:36:23",
          "terminate": "false"
        },
        {
          "speaker": "speaker2",
          "personaID": "41077",
          "participantID": "3178",
          "utterance": " 제가 일이있어서 이만 가봐야 할것 같습니다. 다음에 다시 이야기해요",
          "summary": "나는 일이 있어서 나가봐야 한다.",
          "date": "2022-11-07",
          "time": "18:36:34",
          "terminate": "true"
        }
      ],
      "sessionPersonaSummary": {
        "speaker1": [
          "난 어디로 갈지 고민이다",
          "나는 외국을 한 번도 다녀와본 적이 없어서 어디로 갈지 모르겠다",
          "나는 혼자 갈 것이다."
        ],
        "speaker2": [
          "나는 그동안 잘 지냈다.",
          "나는 상상만 해도 기분이 좋다.",
          "나는 요즘 비행기 값이 저렴해 다녀오려면 지금이 적기라고 생각한다.",
          "나는 아이가 있다면 사이판 추천한다.",
          "나는 남해로 여행을 다녀온 적이 있다.",
          "나는 시원한 바다도 좋았고 언덕처럼 낮은 산들도 좋았던 기억이 있다.",
          "나는 일이 있어서 나가봐야 한다."
        ]
      },
      "prevAggregatedpersonaSummary": {
        "speaker1": [
          "나는 20대 여자이다",
          "난 O형이다",
          "나는 요즘 자주 두렵다",
          "자격증 시험 준비로 떨어질 걱정 때문이다",
          "나는 걱정을 많이 한다",
          "나는 아이스 아메리카노를 좋아한다",
          "나는 차가운 커피를 좋아한다",
          "나도 해외여행을 가보고 싶다",
          "나는 해외에는 아직 한 번도 못 가봤다"
        ],
        "speaker2": [
          "나는 40대 남자이다.",
          "나는 B형이고 긍정적인 성격이다.",
          "나는 가족과 이야기를 많이 나눈다.",
          "나는 긍정적이라 좋게 생각한다.",
          "나는 커피를 좋아하고 영화 보는 것을 좋아한다.",
          "나는 그중 판타지 영화를 좋아한다.",
          "나는 따뜻한 라테를 좋아한다.",
          "나는 겨울에 여행을 갈 휴양지를 찾아봤다.",
          "나는 아직 정하지 않았지만 요즘 휴양지 패키지가 저렴하게 나와있다.",
          "나는 내년 해외로 가려고 알아보고 있다.",
          "나는 보라카이와 호주를 다녀왔다.",
          "나는 지칠 때 여행만 한 게 없다고 생각한다."
        ]
      }
    },
    {
      "prevSessionID": "4-00038-3",
      "prevTimeInfo": {
        "timeNum": "2",
        "timeUnit": "주"
      },
      "nthSession": "4",
      "numberOfUtterances": "14",
      "numberOfTurns": "7",
      "sessionID": "4-00038-4",
      "dialog": [
        {
          "speaker": "speaker1",
          "personaID": "24860",
          "participantID": "3389",
          "utterance": "안녕하세요 2주만이네요 잘 지내셨나요?",
          "summary": "",
          "date": "2022-11-08",
          "time": "14:58:12",
          "terminate": "false"
        },
        {
          "speaker": "speaker2",
          "personaID": "41077",
          "participantID": "3178",
          "utterance": "네 잘지냈습니다. 여행 가실곳은 정하셨나요?",
          "summary": "나는 잘 지냈다.",
          "date": "2022-11-08",
          "time": "15:02:27",
          "terminate": "false"
        },
        {
          "speaker": "speaker1",
          "personaID": "24860",
          "participantID": "3389",
          "utterance": "남해도 추천해 주셨는데 저는 부산을 가려구요",
          "summary": "나는 부산을 갈 것이다",
          "date": "2022-11-08",
          "time": "15:10:12",
          "terminate": "false"
        },
        {
          "speaker": "speaker2",
          "personaID": "41077",
          "participantID": "3178",
          "utterance": "저는 부산은 가본적이 없습니다. 거기도 볼거리가 많은가요?",
          "summary": "나는 부산은 가본 적 없다",
          "date": "2022-11-08",
          "time": "15:17:29",
          "terminate": "false"
        },
        {
          "speaker": "speaker1",
          "personaID": "24860",
          "participantID": "3389",
          "utterance": "부산은 먹거리나 쇼핑이 주인거 같아요",
          "summary": "",
          "date": "2022-11-08",
          "time": "18:55:43",
          "terminate": "false"
        },
        {
          "speaker": "speaker2",
          "personaID": "41077",
          "participantID": "3178",
          "utterance": "부산에 유명한 시장을 티비에서 본거 같습니다",
          "summary": "나는 부산에 유명한 시장을 티브이에서 본거 같다.",
          "date": "2022-11-08",
          "time": "18:55:58",
          "terminate": "false"
        },
        {
          "speaker": "speaker1",
          "personaID": "24860",
          "participantID": "3389",
          "utterance": "부산은 시장이 많아요 ~ 그리고 저는 국밥이랑 밀면이 너무 좋아요",
          "summary": "나는 국밥이랑 밀면이 너무 좋다",
          "date": "2022-11-08",
          "time": "18:57:26",
          "terminate": "false"
        },
        {
          "speaker": "speaker2",
          "personaID": "41077",
          "participantID": "3178",
          "utterance": "그렇군요~ 부산에 가게되면 국밥이랑 밀면을 꼭 먹어봐야 겠네요",
          "summary": "나는 부산 가면 국밥이랑 밀면을 먹어봐야겠다.",
          "date": "2022-11-08",
          "time": "19:33:59",
          "terminate": "false"
        },
        {
          "speaker": "speaker1",
          "personaID": "24860",
          "participantID": "3389",
          "utterance": "꼭 드셔보세요 제가 먹어 봤는데 진짜 맛있어요",
          "summary": "",
          "date": "2022-11-08",
          "time": "19:44:26",
          "terminate": "false"
        },
        {
          "speaker": "speaker2",
          "personaID": "41077",
          "participantID": "3178",
          "utterance": "네 다음 저희 여행을 부산으로 계획해봐야 겠네요 가는길이 좀 멀겠지만요",
          "summary": "나는 가는 길은 멀지만 다음 여행 계획은 부산으로 해야겠다.",
          "date": "2022-11-08",
          "time": "20:28:02",
          "terminate": "false"
        },
        {
          "speaker": "speaker1",
          "personaID": "24860",
          "participantID": "3389",
          "utterance": "가는 길은 멀어도 여행의 묘미는 휴게소 아닐까요 ㅋ",
          "summary": "",
          "date": "2022-11-08",
          "time": "21:28:23",
          "terminate": "false"
        },
        {
          "speaker": "speaker2",
          "personaID": "41077",
          "participantID": "3178",
          "utterance": "휴게소에서 쉬면서 가면 또 다른 추억이 됩니다",
          "summary": "나는 휴게소에서 쉬면서 가는 것도 또 다른 추억이다.",
          "date": "2022-11-09",
          "time": "15:27:08",
          "terminate": "false"
        },
        {
          "speaker": "speaker1",
          "personaID": "24860",
          "participantID": "3389",
          "utterance": "저는 어디 놀라 갈때 휴게소에서 먹는 우동이 너무 맛있더라구요",
          "summary": "나는 휴게소에서 먹는 가락국수가 너무 맛있다\n",
          "date": "2022-11-09",
          "time": "16:27:11",
          "terminate": "false"
        },
        {
          "speaker": "speaker2",
          "personaID": "41077",
          "participantID": "3178",
          "utterance": "저도 오늘 저녁은 분식을 먹어야 겠습니다. 다음에 다시 이야기 해요",
          "summary": "나는 오늘 저녁은 분식을 먹어야겠다.",
          "date": "2022-11-09",
          "time": "17:20:19",
          "terminate": "true"
        }
      ],
      "sessionPersonaSummary": {
        "speaker1": [
          "나는 부산을 갈 것이다",
          "나는 국밥이랑 밀면이 너무 좋다",
          "나는 휴게소에서 먹는 가락국수가 너무 맛있다\n"
        ],
        "speaker2": [
          "나는 잘 지냈다.",
          "나는 부산은 가본 적 없다",
          "나는 부산에 유명한 시장을 티브이에서 본거 같다.",
          "나는 부산 가면 국밥이랑 밀면을 먹어봐야겠다.",
          "나는 가는 길은 멀지만 다음 여행 계획은 부산으로 해야겠다.",
          "나는 휴게소에서 쉬면서 가는 것도 또 다른 추억이다.",
          "나는 오늘 저녁은 분식을 먹어야겠다."
        ]
      },
      "prevAggregatedpersonaSummary": {
        "speaker1": [
          "나는 20대 여자이다",
          "난 O형이다",
          "나는 요즘 자주 두렵다",
          "자격증 시험 준비로 떨어질 걱정 때문이다",
          "나는 걱정을 많이 한다",
          "나는 아이스 아메리카노를 좋아한다",
          "나는 차가운 커피를 좋아한다",
          "나도 해외여행을 가보고 싶다",
          "나는 해외에는 아직 한 번도 못 가봤다",
          "난 어디로 갈지 고민이다",
          "나는 외국을 한 번도 다녀와본 적이 없어서 어디로 갈지 모르겠다",
          "나는 혼자 갈 것이다."
        ],
        "speaker2": [
          "나는 40대 남자이다.",
          "나는 B형이고 긍정적인 성격이다.",
          "나는 가족과 이야기를 많이 나눈다.",
          "나는 긍정적이라 좋게 생각한다.",
          "나는 커피를 좋아하고 영화 보는 것을 좋아한다.",
          "나는 그중 판타지 영화를 좋아한다.",
          "나는 따뜻한 라테를 좋아한다.",
          "나는 겨울에 여행을 갈 휴양지를 찾아봤다.",
          "나는 아직 정하지 않았지만 요즘 휴양지 패키지가 저렴하게 나와있다.",
          "나는 내년 해외로 가려고 알아보고 있다.",
          "나는 보라카이와 호주를 다녀왔다.",
          "나는 지칠 때 여행만 한 게 없다고 생각한다.",
          "나는 그동안 잘 지냈다.",
          "나는 상상만 해도 기분이 좋다.",
          "나는 요즘 비행기 값이 저렴해 다녀오려면 지금이 적기라고 생각한다.",
          "나는 아이가 있다면 사이판 추천한다.",
          "나는 남해로 여행을 다녀온 적이 있다.",
          "나는 시원한 바다도 좋았고 언덕처럼 낮은 산들도 좋았던 기억이 있다.",
          "나는 일이 있어서 나가봐야 한다."
        ]
      }
    }
  ]
}