{
  "FileInfo": {
    "filename": "K4-00591-CL96084-CP96875-11-06-S4.json",
    "sessionLevel": "4"
  },
  "participantsInfo": {
    "numberOfParticipants": "2",
    "speaker1": {
      "participantID": "31619",
      "gender": "남성",
      "age": "60대 이상",
      "occupation": "퇴직/연금생활자",
      "bPlace": "서울/경기/인천",
      "gPlace": "서울/경기/인천",
      "rPlace": "서울/경기/인천",
      "educationLevel": "대졸"
    },
    "speaker2": {
      "participantID": "31702",
      "gender": "남성",
      "age": "60대 이상",
      "occupation": "자영업",
      "bPlace": "부산/대구/울산/경상",
      "gPlace": "부산/대구/울산/경상",
      "rPlace": "부산/대구/울산/경상",
      "educationLevel": "대졸"
    }
  },
  "multisessionInfo": {
    "multisessionID": "4-00591"
  },
  "personaInfo": {
    "clInfo": {
      "personaID": "96084",
      "personaFeatures": [
        "나는 남자이다.",
        "나는 60대 이상이다.",
        "나의 남자 형제는 운수업을 한다.",
        "나의 생일은 9월이다.",
        "나는 항상 조용하다.",
        "나는 수박을 싫어한다."
      ],
      "speakerType": "speaker1"
    },
    "cpInfo": {
      "personaID": "96875",
      "personaFeatures": [
        "나는 남자이다.",
        "나는 60대 이상이다.",
        "나의 생일은 8월이다.",
        "나는 첼로 연주를 가끔 한다.",
        "나는 다소 긍정적이다.",
        "나는 병원에 가는 것을 싫어한다.",
        "나는 혈액형이 AB형이다."
      ],
      "speakerType": "speaker2"
    }
  },
  "topicInfo": {
    "topicID": "11-06",
    "topicType": "여가와 오락>게임",
    "topicTitle": "가족게임"
  },
  "sessionInfo": [
    {
      "prevSessionID": null,
      "prevTimeInfo": {
        "timeNum": null,
        "timeUnit": null
      },
      "nthSession": "1",
      "numberOfUtterances": "14",
      "numberOfTurns": "7",
      "sessionID": "4-00591-1",
      "dialog": [
        {
          "speaker": "speaker1",
          "personaID": "96084",
          "participantID": "31619",
          "utterance": "안녕하세요. 저는 60대 남성입니다. 반갑습니다.",
          "summary": "나는 60대 남성이다.",
          "date": "2022-11-30",
          "time": "23:47:34",
          "terminate": "false"
        },
        {
          "speaker": "speaker2",
          "personaID": "96875",
          "participantID": "31702",
          "utterance": "저도 같은 60대 남자랍니다. 만나서 반갑습니다!",
          "summary": "나는 60대 남성이다.",
          "date": "2022-11-30",
          "time": "23:47:37",
          "terminate": "false"
        },
        {
          "speaker": "speaker1",
          "personaID": "96084",
          "participantID": "31619",
          "utterance": "저의 남자 형제는 운수업을 해서 지금 형제와 같이 있는데 당신은요?",
          "summary": "나의 남자 형제는 운수업을 한다.",
          "date": "2022-11-30",
          "time": "23:48:14",
          "terminate": "false"
        },
        {
          "speaker": "speaker2",
          "personaID": "96875",
          "participantID": "31702",
          "utterance": "저는 첼로 연주를 가끔해서 첼로 연주 하고 있었답니다.",
          "summary": "나는 첼로 연주를 가끔 한다.",
          "date": "2022-11-30",
          "time": "23:48:15",
          "terminate": "false"
        },
        {
          "speaker": "speaker1",
          "personaID": "96084",
          "participantID": "31619",
          "utterance": "그렇군요. 항상 조용한 저는 연주를 듣는 것을 좋아해요. ㅎㅎ.",
          "summary": "나는 항상 조용하다. 나는 연주를 듣는 것을 좋아한다.",
          "date": "2022-11-30",
          "time": "23:48:42",
          "terminate": "false"
        },
        {
          "speaker": "speaker2",
          "personaID": "96875",
          "participantID": "31702",
          "utterance": "조용하신분 좋네요. 저는 다소 긍정적이라 비슷하지 말이에요!",
          "summary": "나는 다소 긍정적이다.",
          "date": "2022-11-30",
          "time": "23:48:51",
          "terminate": "false"
        },
        {
          "speaker": "speaker1",
          "personaID": "96084",
          "participantID": "31619",
          "utterance": "그렇군요. 당신은 언제부터 다소 긍정적이셨나요?",
          "summary": "",
          "date": "2022-11-30",
          "time": "23:49:09",
          "terminate": "false"
        },
        {
          "speaker": "speaker2",
          "personaID": "96875",
          "participantID": "31702",
          "utterance": "저는 생일이 8월인데 그 근처에는 항상 긍정적이에요!",
          "summary": "나의 생일은 8월이다.",
          "date": "2022-11-30",
          "time": "23:49:29",
          "terminate": "false"
        },
        {
          "speaker": "speaker1",
          "personaID": "96084",
          "participantID": "31619",
          "utterance": "아하! 그런거였군요. 참고로 저의 생일은 9월이예요.",
          "summary": "나의 생일은 9월이다.",
          "date": "2022-11-30",
          "time": "23:49:54",
          "terminate": "false"
        },
        {
          "speaker": "speaker2",
          "personaID": "96875",
          "participantID": "31702",
          "utterance": "저의 1개월밖에 차이가 안나네요. AB형인 저에게 이런건 신기하네요.",
          "summary": "나는 혈액형이 AB형이다.",
          "date": "2022-11-30",
          "time": "23:49:57",
          "terminate": "false"
        },
        {
          "speaker": "speaker1",
          "personaID": "96084",
          "participantID": "31619",
          "utterance": "신기하실 수도 있죠! 저도 그렇게 생각해요!",
          "summary": "",
          "date": "2022-11-30",
          "time": "23:50:12",
          "terminate": "false"
        },
        {
          "speaker": "speaker2",
          "personaID": "96875",
          "participantID": "31702",
          "utterance": "맞아요. 저는 이제 밥먹으러 나갈 예정이라서요. 님은요?",
          "summary": "나는 밥을 먹을 예정이다.",
          "date": "2022-11-30",
          "time": "23:50:25",
          "terminate": "false"
        },
        {
          "speaker": "speaker1",
          "personaID": "96084",
          "participantID": "31619",
          "utterance": "저는 아내가 불러서 이제 아내에게 가봐야 할 것 같아요.",
          "summary": "나는 아내가 있다.",
          "date": "2022-11-30",
          "time": "23:50:40",
          "terminate": "false"
        },
        {
          "speaker": "speaker2",
          "personaID": "96875",
          "participantID": "31702",
          "utterance": "네. 저도 이제 가봐야 할 것 같아요. 다음에 만나요!",
          "summary": "",
          "date": "2022-11-30",
          "time": "23:50:57",
          "terminate": "true"
        }
      ],
      "sessionPersonaSummary": {
        "speaker1": [
          "나는 60대 남성이다.",
          "나의 남자 형제는 운수업을 한다.",
          "나는 항상 조용하다. 나는 연주를 듣는 것을 좋아한다.",
          "나의 생일은 9월이다.",
          "나는 아내가 있다."
        ],
        "speaker2": [
          "나는 60대 남성이다.",
          "나는 첼로 연주를 가끔 한다.",
          "나는 다소 긍정적이다.",
          "나의 생일은 8월이다.",
          "나는 혈액형이 AB형이다.",
          "나는 밥을 먹을 예정이다."
        ]
      },
      "prevAggregatedpersonaSummary": {
        "speaker1": [],
        "speaker2": []
      }
    },
    {
      "prevSessionID": "4-00591-1",
      "prevTimeInfo": {
        "timeNum": "3",
        "timeUnit": "시간"
      },
      "nthSession": "2",
      "numberOfUtterances": "14",
      "numberOfTurns": "7",
      "sessionID": "4-00591-2",
      "dialog": [
        {
          "speaker": "speaker1",
          "personaID": "96084",
          "participantID": "31619",
          "utterance": "안녕하세요. 3시간이 지났네요. 당신은 그동안 식사 잘 하셨나요?",
          "summary": "",
          "date": "2022-11-30",
          "time": "23:51:22",
          "terminate": "false"
        },
        {
          "speaker": "speaker2",
          "personaID": "96875",
          "participantID": "31702",
          "utterance": "3시간 지났네요! 저는 그동안 돼지불고기를 먹었답니다.",
          "summary": "나는 돼지불고기를 먹었다.",
          "date": "2022-11-30",
          "time": "23:51:31",
          "terminate": "false"
        },
        {
          "speaker": "speaker1",
          "personaID": "96084",
          "participantID": "31619",
          "utterance": "오. 맛있었겠어요. 저는 그동안 제 아내가 가족게임을 하자고 해서 같이 했어요.",
          "summary": "나는 그동안 아내와 가족 게임을 했다.",
          "date": "2022-11-30",
          "time": "23:51:51",
          "terminate": "false"
        },
        {
          "speaker": "speaker2",
          "personaID": "96875",
          "participantID": "31702",
          "utterance": "가족 게임을 하자고 했군요! 혹시 가족 게임 좋아하시나요?",
          "summary": "",
          "date": "2022-11-30",
          "time": "23:52:02",
          "terminate": "false"
        },
        {
          "speaker": "speaker1",
          "personaID": "96084",
          "participantID": "31619",
          "utterance": "네. 저는 가족 게임을 좋아하는데 혹시 당신도 그렇나요?",
          "summary": "나는 가족 게임을 좋아한다.",
          "date": "2022-11-30",
          "time": "23:52:17",
          "terminate": "false"
        },
        {
          "speaker": "speaker2",
          "personaID": "96875",
          "participantID": "31702",
          "utterance": "네! 다소 긍정적인 저는 가족게임을 즐기고 그런답니다ㅎㅎ. 좋지요.",
          "summary": "나는 가족 게임을 좋아한다.",
          "date": "2022-11-30",
          "time": "23:52:31",
          "terminate": "false"
        },
        {
          "speaker": "speaker1",
          "personaID": "96084",
          "participantID": "31619",
          "utterance": "그렇군요. 그럼 마지막으로 한 가족게임은 언제인가요?",
          "summary": "",
          "date": "2022-11-30",
          "time": "23:52:49",
          "terminate": "false"
        },
        {
          "speaker": "speaker2",
          "personaID": "96875",
          "participantID": "31702",
          "utterance": "마지막으로 한 가족게임은 숨바꼭질입니다. 가족끼리 즐겼죠ㅎㅎ.",
          "summary": "나는 마지막으로 한 가족 게임이 숨바꼭질이다.",
          "date": "2022-11-30",
          "time": "23:53:02",
          "terminate": "false"
        },
        {
          "speaker": "speaker1",
          "personaID": "96084",
          "participantID": "31619",
          "utterance": "그렇군요. 그래서 마지막으로 한게 며칠정도 지났나요?",
          "summary": "",
          "date": "2022-11-30",
          "time": "23:53:21",
          "terminate": "false"
        },
        {
          "speaker": "speaker2",
          "personaID": "96875",
          "participantID": "31702",
          "utterance": "마지막으로 한지 일주일 정도 지난 것 같은데요? 님은 얼마나 됐죠?",
          "summary": "",
          "date": "2022-11-30",
          "time": "23:53:35",
          "terminate": "false"
        },
        {
          "speaker": "speaker1",
          "personaID": "96084",
          "participantID": "31619",
          "utterance": "저는 아까 말했듯이 마지막으로 한게 5분도 안됐어요. ㅋㅋㅋ.",
          "summary": "",
          "date": "2022-11-30",
          "time": "23:53:58",
          "terminate": "false"
        },
        {
          "speaker": "speaker2",
          "personaID": "96875",
          "participantID": "31702",
          "utterance": "그러시군요. 역시 가족게임 좋아하시는 분들은 다 좋은분 같아서요. 님은 좋은 분 같네요!",
          "summary": "",
          "date": "2022-11-30",
          "time": "23:54:03",
          "terminate": "false"
        },
        {
          "speaker": "speaker1",
          "personaID": "96084",
          "participantID": "31619",
          "utterance": "그렇게 생각해주시다니 기뻐요! 저는 이제 가족들과 식사를 하러 가봐야 할 것 같아요.",
          "summary": "나는 가족들과 식사를 할 예정이다.",
          "date": "2022-11-30",
          "time": "23:54:26",
          "terminate": "false"
        },
        {
          "speaker": "speaker2",
          "personaID": "96875",
          "participantID": "31702",
          "utterance": "네~. 다른날에 다시 또 연락 주세요. 저는 약속이 있어서 가볼게요!",
          "summary": "나는 약속을 갈 예정이다.",
          "date": "2022-11-30",
          "time": "23:54:29",
          "terminate": "true"
        }
      ],
      "sessionPersonaSummary": {
        "speaker1": [
          "나는 그동안 아내와 가족 게임을 했다.",
          "나는 가족 게임을 좋아한다.",
          "나는 가족들과 식사를 할 예정이다."
        ],
        "speaker2": [
          "나는 돼지불고기를 먹었다.",
          "나는 가족 게임을 좋아한다.",
          "나는 마지막으로 한 가족 게임이 숨바꼭질이다.",
          "나는 약속을 갈 예정이다."
        ]
      },
      "prevAggregatedpersonaSummary": {
        "speaker1": [
          "나는 60대 남성이다.",
          "나의 남자 형제는 운수업을 한다.",
          "나는 항상 조용하다. 나는 연주를 듣는 것을 좋아한다.",
          "나의 생일은 9월이다.",
          "나는 아내가 있다."
        ],
        "speaker2": [
          "나는 60대 남성이다.",
          "나는 첼로 연주를 가끔 한다.",
          "나는 다소 긍정적이다.",
          "나의 생일은 8월이다.",
          "나는 혈액형이 AB형이다.",
          "나는 밥을 먹을 예정이다."
        ]
      }
    },
    {
      "prevSessionID": "4-00591-2",
      "prevTimeInfo": {
        "timeNum": "5",
        "timeUnit": "일"
      },
      "nthSession": "3",
      "numberOfUtterances": "14",
      "numberOfTurns": "7",
      "sessionID": "4-00591-3",
      "dialog": [
        {
          "speaker": "speaker1",
          "personaID": "96084",
          "participantID": "31619",
          "utterance": "안녕하세요. 며칠만이네요. 그동안 잘 지내셨나요?",
          "summary": "",
          "date": "2022-11-30",
          "time": "23:55:00",
          "terminate": "false"
        },
        {
          "speaker": "speaker2",
          "personaID": "96875",
          "participantID": "31702",
          "utterance": "그동안 잘 지냈지요! 저는 첼로 연주를 가끔 하고 그랬어요.",
          "summary": "",
          "date": "2022-11-30",
          "time": "23:55:10",
          "terminate": "false"
        },
        {
          "speaker": "speaker1",
          "personaID": "96084",
          "participantID": "31619",
          "utterance": "그러셨군요. 혹시 가족들에게 당신의 첼로 연주 실력을 자랑한 적이 있나요?",
          "summary": "",
          "date": "2022-11-30",
          "time": "23:55:29",
          "terminate": "false"
        },
        {
          "speaker": "speaker2",
          "personaID": "96875",
          "participantID": "31702",
          "utterance": "첼로 연주 자랑한적 있지요! 가족에게 칭찬 받았어요.",
          "summary": "나는 첼로 연주로 가족에게 칭찬을 받은 적이 있다.",
          "date": "2022-11-30",
          "time": "23:55:38",
          "terminate": "false"
        },
        {
          "speaker": "speaker1",
          "personaID": "96084",
          "participantID": "31619",
          "utterance": "그렇군요. ㅎㅎ 칭찬을 받았다니 뿌듯하시겠어요. 다음에도 또 가족들 앞에서 연주하실 건가요?",
          "summary": "",
          "date": "2022-11-30",
          "time": "23:55:58",
          "terminate": "false"
        },
        {
          "speaker": "speaker2",
          "personaID": "96875",
          "participantID": "31702",
          "utterance": "네. 다음에도 연주할 예정이랍니다. 좋은데 또 연주해야죠!",
          "summary": "",
          "date": "2022-11-30",
          "time": "23:56:19",
          "terminate": "false"
        },
        {
          "speaker": "speaker1",
          "personaID": "96084",
          "participantID": "31619",
          "utterance": "그렇군요. 그렇다면 연주를 듣는 것을 좋아하는 저를 위해 당신의 연주를 들려주실 수 있나요?",
          "summary": "나는 상대방에게 첼로 연주를 요청한다.",
          "date": "2022-11-30",
          "time": "23:56:57",
          "terminate": "false"
        },
        {
          "speaker": "speaker2",
          "personaID": "96875",
          "participantID": "31702",
          "utterance": "언제든지요. 연주 듣는게 좋으시다면요ㅎㅎ. 다음번에 가족게임 같이 하게된다면 그렇게 해요.",
          "summary": "나는 다음번에 상대방을 위해 첼로 연주를 할 예정이다.",
          "date": "2022-11-30",
          "time": "23:57:11",
          "terminate": "false"
        },
        {
          "speaker": "speaker1",
          "personaID": "96084",
          "participantID": "31619",
          "utterance": "언젠가는 우리가 만날날이 있을지도 모르겠네요. ㅋㅋ.",
          "summary": "",
          "date": "2022-11-30",
          "time": "23:57:34",
          "terminate": "false"
        },
        {
          "speaker": "speaker2",
          "personaID": "96875",
          "participantID": "31702",
          "utterance": "그러게 말이에요. 그런날이 올 수 있다면 참 좋겠네요!",
          "summary": "",
          "date": "2022-11-30",
          "time": "23:57:48",
          "terminate": "false"
        },
        {
          "speaker": "speaker1",
          "personaID": "96084",
          "participantID": "31619",
          "utterance": "당신의 첼로 연주를 녹음해서 메신저로 보내주는 것은 어떻게 생각하세요?",
          "summary": "",
          "date": "2022-11-30",
          "time": "23:58:10",
          "terminate": "false"
        },
        {
          "speaker": "speaker2",
          "personaID": "96875",
          "participantID": "31702",
          "utterance": "그것도 좋네요. 저는 조만간 또 가족게임을 또 즐기려고 해요. 님은 어떤가요?",
          "summary": "나는 조만간 가족 게임을 또 즐길 예정이다.",
          "date": "2022-11-30",
          "time": "23:58:16",
          "terminate": "false"
        },
        {
          "speaker": "speaker1",
          "personaID": "96084",
          "participantID": "31619",
          "utterance": "저도 당연히 가족 게임을 즐겨야죠! 저는 이제 피곤해서 쉬러 가고 싶은데 나중에 또 연락할까요?",
          "summary": "나는 이제 피곤해서 쉬고 싶다.",
          "date": "2022-11-30",
          "time": "23:58:46",
          "terminate": "false"
        },
        {
          "speaker": "speaker2",
          "personaID": "96875",
          "participantID": "31702",
          "utterance": "네. 쉬러가세요. 저는 그만 들어가보도록 할게요. 바이바이에요!",
          "summary": "",
          "date": "2022-11-30",
          "time": "23:59:03",
          "terminate": "true"
        }
      ],
      "sessionPersonaSummary": {
        "speaker1": [
          "나는 상대방에게 첼로 연주를 요청한다.",
          "나는 이제 피곤해서 쉬고 싶다."
        ],
        "speaker2": [
          "나는 첼로 연주로 가족에게 칭찬을 받은 적이 있다.",
          "나는 다음번에 상대방을 위해 첼로 연주를 할 예정이다.",
          "나는 조만간 가족 게임을 또 즐길 예정이다."
        ]
      },
      "prevAggregatedpersonaSummary": {
        "speaker1": [
          "나는 60대 남성이다.",
          "나의 남자 형제는 운수업을 한다.",
          "나는 항상 조용하다. 나는 연주를 듣는 것을 좋아한다.",
          "나의 생일은 9월이다.",
          "나는 아내가 있다.",
          "나는 그동안 아내와 가족 게임을 했다.",
          "나는 가족 게임을 좋아한다.",
          "나는 가족들과 식사를 할 예정이다."
        ],
        "speaker2": [
          "나는 60대 남성이다.",
          "나는 첼로 연주를 가끔 한다.",
          "나는 다소 긍정적이다.",
          "나의 생일은 8월이다.",
          "나는 혈액형이 AB형이다.",
          "나는 밥을 먹을 예정이다.",
          "나는 돼지불고기를 먹었다.",
          "나는 가족 게임을 좋아한다.",
          "나는 마지막으로 한 가족 게임이 숨바꼭질이다.",
          "나는 약속을 갈 예정이다."
        ]
      }
    },
    {
      "prevSessionID": "4-00591-3",
      "prevTimeInfo": {
        "timeNum": "2",
        "timeUnit": "일"
      },
      "nthSession": "4",
      "numberOfUtterances": "14",
      "numberOfTurns": "7",
      "sessionID": "4-00591-4",
      "dialog": [
        {
          "speaker": "speaker1",
          "personaID": "96084",
          "participantID": "31619",
          "utterance": "안녕하세요. 2일이 지났네요. 그동안 잘 지내셨는지 궁금해요!",
          "summary": "",
          "date": "2022-11-30",
          "time": "23:59:26",
          "terminate": "false"
        },
        {
          "speaker": "speaker2",
          "personaID": "96875",
          "participantID": "31702",
          "utterance": "저야 뭐 잘 지내고 그랬답니다. 가족게임도 또 즐겼구요!",
          "summary": "나는 가족 게임을 또 즐겼다.",
          "date": "2022-11-30",
          "time": "23:59:39",
          "terminate": "false"
        },
        {
          "speaker": "speaker1",
          "personaID": "96084",
          "participantID": "31619",
          "utterance": "그렇군요. 저는 항상 조용해서 가족게임을 할 때만 평소보다 말을 좀 더 많이 한 것 같아요.",
          "summary": "나는 가족 게임을 할 때 평소보다 말을 좀 더 많이 한다.",
          "date": "2022-12-01",
          "time": "00:00:04",
          "terminate": "false"
        },
        {
          "speaker": "speaker2",
          "personaID": "96875",
          "participantID": "31702",
          "utterance": "그렇군요. 가족끼리 가족게임으로 단체줄넘기를 했답니다. 정말 즐거웠어요!",
          "summary": "나는 가족끼리 가족 게임으로 단체 줄넘기를 했다.",
          "date": "2022-12-01",
          "time": "00:00:08",
          "terminate": "false"
        },
        {
          "speaker": "speaker1",
          "personaID": "96084",
          "participantID": "31619",
          "utterance": "단체 줄넘기는 힘든데 10개 이상 하는데 성공하셨나요?",
          "summary": "",
          "date": "2022-12-01",
          "time": "00:00:34",
          "terminate": "false"
        },
        {
          "speaker": "speaker2",
          "personaID": "96875",
          "participantID": "31702",
          "utterance": "10개 이상 성공했지요! 저희 가족을 우습게 보지 말아주세요!",
          "summary": "나의 가족은 단체 줄넘기 10개 이상 성공했다.",
          "date": "2022-12-01",
          "time": "00:00:45",
          "terminate": "false"
        },
        {
          "speaker": "speaker1",
          "personaID": "96084",
          "participantID": "31619",
          "utterance": "다행이군요! 당신은 오늘 남은 하루 뭘 하실건가요?",
          "summary": "",
          "date": "2022-12-01",
          "time": "00:00:59",
          "terminate": "false"
        },
        {
          "speaker": "speaker2",
          "personaID": "96875",
          "participantID": "31702",
          "utterance": "저는 남은 하루 저녁을 먹을까 고민중이네요. 님은요?",
          "summary": "나는 저녁을 먹을 예정이다.",
          "date": "2022-12-01",
          "time": "00:01:08",
          "terminate": "false"
        },
        {
          "speaker": "speaker1",
          "personaID": "96084",
          "participantID": "31619",
          "utterance": "저는 오랜만에 운수업을 하는 남자 형제를 만날거예요. ㅎㅎ.",
          "summary": "나는 오늘 운수업을 하는 남자 형제를 만날 예정이다.",
          "date": "2022-12-01",
          "time": "00:01:25",
          "terminate": "false"
        },
        {
          "speaker": "speaker2",
          "personaID": "96875",
          "participantID": "31702",
          "utterance": "그렇군요. 저는 AB형이라 그런가 간편식인 햄버거가 좋을 것 같아요.",
          "summary": "나는 햄버거를 먹을 예정이다.",
          "date": "2022-12-01",
          "time": "00:01:38",
          "terminate": "false"
        },
        {
          "speaker": "speaker1",
          "personaID": "96084",
          "participantID": "31619",
          "utterance": "혹시 지금 많이 배고프신가요? 갑자기 햄버거 얘기가 나와서요.",
          "summary": "",
          "date": "2022-12-01",
          "time": "00:02:12",
          "terminate": "false"
        },
        {
          "speaker": "speaker2",
          "personaID": "96875",
          "participantID": "31702",
          "utterance": "네 맞아요. 뱃가죽과 등가죽이 붙어버릴 것 같아요. 가족게임 이야기하다 갑자기 나와서 죄송해요.",
          "summary": "나는 배가 고프다.",
          "date": "2022-12-01",
          "time": "00:02:29",
          "terminate": "false"
        },
        {
          "speaker": "speaker1",
          "personaID": "96084",
          "participantID": "31619",
          "utterance": "그러셨군요. 그럼 어서 식사하러 가보세요. 저도 이제 식사하러 가볼게요.",
          "summary": "나는 식사를 할 예정이다.",
          "date": "2022-12-01",
          "time": "00:02:49",
          "terminate": "false"
        },
        {
          "speaker": "speaker2",
          "personaID": "96875",
          "participantID": "31702",
          "utterance": "네. 식사 맛있게 하세요. 저도 드디어 먹는 햄버거가 기대되네요ㅎㅎ.",
          "summary": "",
          "date": "2022-12-01",
          "time": "00:03:04",
          "terminate": "true"
        }
      ],
      "sessionPersonaSummary": {
        "speaker1": [
          "나는 가족 게임을 할 때 평소보다 말을 좀 더 많이 한다.",
          "나는 오늘 운수업을 하는 남자 형제를 만날 예정이다.",
          "나는 식사를 할 예정이다."
        ],
        "speaker2": [
          "나는 가족 게임을 또 즐겼다.",
          "나는 가족끼리 가족 게임으로 단체 줄넘기를 했다.",
          "나의 가족은 단체 줄넘기 10개 이상 성공했다.",
          "나는 저녁을 먹을 예정이다.",
          "나는 햄버거를 먹을 예정이다.",
          "나는 배가 고프다."
        ]
      },
      "prevAggregatedpersonaSummary": {
        "speaker1": [
          "나는 60대 남성이다.",
          "나의 남자 형제는 운수업을 한다.",
          "나는 항상 조용하다. 나는 연주를 듣는 것을 좋아한다.",
          "나의 생일은 9월이다.",
          "나는 아내가 있다.",
          "나는 그동안 아내와 가족 게임을 했다.",
          "나는 가족 게임을 좋아한다.",
          "나는 가족들과 식사를 할 예정이다.",
          "나는 상대방에게 첼로 연주를 요청한다.",
          "나는 이제 피곤해서 쉬고 싶다."
        ],
        "speaker2": [
          "나는 60대 남성이다.",
          "나는 첼로 연주를 가끔 한다.",
          "나는 다소 긍정적이다.",
          "나의 생일은 8월이다.",
          "나는 혈액형이 AB형이다.",
          "나는 밥을 먹을 예정이다.",
          "나는 돼지불고기를 먹었다.",
          "나는 가족 게임을 좋아한다.",
          "나는 마지막으로 한 가족 게임이 숨바꼭질이다.",
          "나는 약속을 갈 예정이다.",
          "나는 첼로 연주로 가족에게 칭찬을 받은 적이 있다.",
          "나는 다음번에 상대방을 위해 첼로 연주를 할 예정이다.",
          "나는 조만간 가족 게임을 또 즐길 예정이다."
        ]
      }
    }
  ]
}