{
  "FileInfo": {
    "filename": "K4-00219-CL68673-CP90568-19-07-S4.json",
    "sessionLevel": "4"
  },
  "participantsInfo": {
    "numberOfParticipants": "2",
    "speaker1": {
      "participantID": "31883",
      "gender": "남성",
      "age": "30대",
      "occupation": "기능직",
      "bPlace": "서울/경기/인천",
      "gPlace": "서울/경기/인천",
      "rPlace": "서울/경기/인천",
      "educationLevel": "고졸"
    },
    "speaker2": {
      "participantID": "30254",
      "gender": "여성",
      "age": "30대",
      "occupation": "주부",
      "bPlace": "부산/대구/울산/경상",
      "gPlace": "부산/대구/울산/경상",
      "rPlace": "부산/대구/울산/경상",
      "educationLevel": "고졸"
    }
  },
  "multisessionInfo": {
    "multisessionID": "4-00219"
  },
  "personaInfo": {
    "clInfo": {
      "personaID": "68673",
      "personaFeatures": [
        "나는 남자이다.",
        "나는 30대이다.",
        "나는 홈트레이닝을 자주 한다.",
        "나의 생일은 1월이다.",
        "나는 바이올린 연주를 가끔 한다.",
        "나는 강아지를 키우고 싶다."
      ],
      "speakerType": "speaker1"
    },
    "cpInfo": {
      "personaID": "90568",
      "personaFeatures": [
        "나는 여자이다.",
        "나는 30대이다.",
        "나의 생일은 11월이다.",
        "나는 첼로 연주를 가끔 한다.",
        "나는 매우 적극적이다.",
        "나는 고슴도치 한 마리를 키운다.",
        "나는 혈액형이 O형이다."
      ],
      "speakerType": "speaker2"
    }
  },
  "topicInfo": {
    "topicID": "19-07",
    "topicType": "예술문화 생활>방송/연예",
    "topicTitle": "뉴스"
  },
  "sessionInfo": [
    {
      "prevSessionID": null,
      "prevTimeInfo": {
        "timeNum": null,
        "timeUnit": null
      },
      "nthSession": "1",
      "numberOfUtterances": "14",
      "numberOfTurns": "7",
      "sessionID": "4-00219-1",
      "dialog": [
        {
          "speaker": "speaker1",
          "personaID": "68673",
          "participantID": "31883",
          "utterance": "반갑습니다~~ 저는 30살이고 남자예요~~ ㅎㅎ 쑥스럽네요!",
          "summary": "나는 남자이다. 나는 30대이다.",
          "date": "2022-11-25",
          "time": "13:17:36",
          "terminate": "false"
        },
        {
          "speaker": "speaker2",
          "personaID": "90568",
          "participantID": "30254",
          "utterance": "안녕하세요!! 처음이라 부끄럽지만 소개할게요~ 저는 30대 여성입니다ㅎㅎ.",
          "summary": "나는 여자이다. 나는 30대이다.",
          "date": "2022-11-25",
          "time": "13:17:50",
          "terminate": "false"
        },
        {
          "speaker": "speaker1",
          "personaID": "68673",
          "participantID": "31883",
          "utterance": "반갑습니다~ 전 사실 오늘이 생일인데 약속도 없고 심심해서 채팅창을 켜 보았어요!",
          "summary": "",
          "date": "2022-11-25",
          "time": "13:18:22",
          "terminate": "false"
        },
        {
          "speaker": "speaker2",
          "personaID": "90568",
          "participantID": "30254",
          "utterance": "ㅎㅎ 축하드려요! 저희 자기소개 좀 더 할까요? 저는 11월에 생일이구요 O형이랍니다~",
          "summary": "나의 생일은 11월이다. 나는 혈액형이 O형이다.",
          "date": "2022-11-25",
          "time": "13:18:36",
          "terminate": "false"
        },
        {
          "speaker": "speaker1",
          "personaID": "68673",
          "participantID": "31883",
          "utterance": "네네! 전 말씀드렸다시피 1월이 생일이고 혈액형은 A형이에요~ 생일 혼자서 잘보내는법 뭐 있을까요?",
          "summary": "나의 생일은 1월이다.",
          "date": "2022-11-25",
          "time": "13:19:04",
          "terminate": "false"
        },
        {
          "speaker": "speaker2",
          "personaID": "90568",
          "participantID": "30254",
          "utterance": "ㅠㅠ아이고... 그럼 혼자 드라이브를 떠나보는건 어떨까요?",
          "summary": "",
          "date": "2022-11-25",
          "time": "13:19:25",
          "terminate": "false"
        },
        {
          "speaker": "speaker1",
          "personaID": "68673",
          "participantID": "31883",
          "utterance": "아 제가 면허가 없어요! 에휴! 쓸쓸한데 운동이나 할까봐요! 원래 홈트레이닝을 자주 하거든요!",
          "summary": "나는 홈트레이닝을 자주 한다.",
          "date": "2022-11-25",
          "time": "13:19:40",
          "terminate": "false"
        },
        {
          "speaker": "speaker2",
          "personaID": "90568",
          "participantID": "30254",
          "utterance": "ㅠㅠ 아 그렇군요~~ 홈트레이닝 자주 하시면 몸이 탄탄하시겠어요^^",
          "summary": "",
          "date": "2022-11-25",
          "time": "13:19:49",
          "terminate": "false"
        },
        {
          "speaker": "speaker1",
          "personaID": "68673",
          "participantID": "31883",
          "utterance": "하하 네! 운동을 워낙 좋아해서요! 운동 좋아하세요?",
          "summary": "나는 운동을 워낙 좋아한다.",
          "date": "2022-11-25",
          "time": "13:20:00",
          "terminate": "false"
        },
        {
          "speaker": "speaker2",
          "personaID": "90568",
          "participantID": "30254",
          "utterance": "운동도 좋아하지만 저는 첼로 연주를 가끔 하는데 악기다루시는거 있으신가요?",
          "summary": "나는 첼로 연주를 가끔 한다. 나는 운동을 좋아한다.",
          "date": "2022-11-25",
          "time": "13:20:06",
          "terminate": "false"
        },
        {
          "speaker": "speaker1",
          "personaID": "68673",
          "participantID": "31883",
          "utterance": "오~~ 저 악기연주도 좋아해요! 전 바이올린 연주를 가끔한답니다!",
          "summary": "나는 바이올린 연주를 가끔 한다.",
          "date": "2022-11-25",
          "time": "13:20:19",
          "terminate": "false"
        },
        {
          "speaker": "speaker2",
          "personaID": "90568",
          "participantID": "30254",
          "utterance": "ㅎㅎ 아 정말요? 저희 비슷한게 많네요 ㅎㅎ 저는 첼로 연주를 좀 하러 가야겠어요~~",
          "summary": "나는 첼로 연주를 하러 갈 예정이다.",
          "date": "2022-11-25",
          "time": "13:20:36",
          "terminate": "false"
        },
        {
          "speaker": "speaker1",
          "personaID": "68673",
          "participantID": "31883",
          "utterance": "아 그러면 첼로연주로 생일축하송 연주해주세요~ 마음만이라도 감사할 것 같아서요!",
          "summary": "",
          "date": "2022-11-25",
          "time": "13:20:48",
          "terminate": "false"
        },
        {
          "speaker": "speaker2",
          "personaID": "90568",
          "participantID": "30254",
          "utterance": "ㅎㅎ 알겠습니다~~ 부끄럽지만 제가 또 매우 적극적이기때문에 ㅎㅎ 한번 도전 해 볼게요.",
          "summary": "나는 매우 적극적이다.",
          "date": "2022-11-25",
          "time": "13:21:10",
          "terminate": "true"
        }
      ],
      "sessionPersonaSummary": {
        "speaker1": [
          "나는 남자이다. 나는 30대이다.",
          "나의 생일은 1월이다.",
          "나는 홈트레이닝을 자주 한다.",
          "나는 운동을 워낙 좋아한다.",
          "나는 바이올린 연주를 가끔 한다."
        ],
        "speaker2": [
          "나는 여자이다. 나는 30대이다.",
          "나의 생일은 11월이다. 나는 혈액형이 O형이다.",
          "나는 첼로 연주를 가끔 한다. 나는 운동을 좋아한다.",
          "나는 첼로 연주를 하러 갈 예정이다.",
          "나는 매우 적극적이다."
        ]
      },
      "prevAggregatedpersonaSummary": {
        "speaker1": [],
        "speaker2": []
      }
    },
    {
      "prevSessionID": "4-00219-1",
      "prevTimeInfo": {
        "timeNum": "4",
        "timeUnit": "시간"
      },
      "nthSession": "2",
      "numberOfUtterances": "14",
      "numberOfTurns": "7",
      "sessionID": "4-00219-2",
      "dialog": [
        {
          "speaker": "speaker1",
          "personaID": "68673",
          "participantID": "31883",
          "utterance": "첼로 연주 잘하셨나요? 저는 홈트레이닝 끝내고 씻고 나왔더니 4시간이나 지나버렸네요!",
          "summary": "",
          "date": "2022-11-25",
          "time": "13:21:10",
          "terminate": "false"
        },
        {
          "speaker": "speaker2",
          "personaID": "90568",
          "participantID": "30254",
          "utterance": "ㅎㅎ 개운하시겠어요~~~ 식사는 하셨나요? 저는 연주끝나고 TV 좀 보고 있었어요.",
          "summary": "",
          "date": "2022-11-25",
          "time": "13:21:27",
          "terminate": "false"
        },
        {
          "speaker": "speaker1",
          "personaID": "68673",
          "participantID": "31883",
          "utterance": "아직 못먹었어요.......ㅠㅠ 지금 티비에 재밌는거 하나요?",
          "summary": "",
          "date": "2022-11-25",
          "time": "13:21:34",
          "terminate": "false"
        },
        {
          "speaker": "speaker2",
          "personaID": "90568",
          "participantID": "30254",
          "utterance": "ㅎㅎ 제가 좋아하는 연예 관련 뉴스를 보고 있는데 군 입대 하는 연예인들이 많네요~",
          "summary": "나는 연예 뉴스를 좋아한다.",
          "date": "2022-11-25",
          "time": "13:21:51",
          "terminate": "false"
        },
        {
          "speaker": "speaker1",
          "personaID": "68673",
          "participantID": "31883",
          "utterance": "아 정말요? 전 요즘 연예뉴스를 안본지 오래되서 도통 어떻게 흘러가는지 모르겠네요! 또 재밌는거 있나요?",
          "summary": "나는 연예 뉴스를 안 본 지 오래되었다.",
          "date": "2022-11-25",
          "time": "13:22:12",
          "terminate": "false"
        },
        {
          "speaker": "speaker2",
          "personaID": "90568",
          "participantID": "30254",
          "utterance": "또 다른 뉴스는 제가 좋아하는 가수가 내년에 일본에서 콘서트를 한다고해서 일본으로 여행 가려구요 ㅎㅎ.",
          "summary": "나는 일본으로 여행을 갈 예정이다.",
          "date": "2022-11-25",
          "time": "13:22:33",
          "terminate": "false"
        },
        {
          "speaker": "speaker1",
          "personaID": "68673",
          "participantID": "31883",
          "utterance": "오~~ 좋겠네요! 일본은 가본적 있으신 거예요?",
          "summary": "",
          "date": "2022-11-25",
          "time": "13:22:44",
          "terminate": "false"
        },
        {
          "speaker": "speaker2",
          "personaID": "90568",
          "participantID": "30254",
          "utterance": "ㅎㅎ 네 가본적이 있어서 길은 많이 알아요~~~ 뉴스가 보다보면 재밌어요!",
          "summary": "",
          "date": "2022-11-25",
          "time": "13:22:57",
          "terminate": "false"
        },
        {
          "speaker": "speaker1",
          "personaID": "68673",
          "participantID": "31883",
          "utterance": "저도 뉴스나 틀어봐야겠네요! 전 스포츠 뉴스 좋아하는데 그것도 보세요?",
          "summary": "나는 스포츠 뉴스를 좋아한다.",
          "date": "2022-11-25",
          "time": "13:23:23",
          "terminate": "false"
        },
        {
          "speaker": "speaker2",
          "personaID": "90568",
          "participantID": "30254",
          "utterance": "스포츠 뉴스는 많이 못 봤는데 재밌는 이야기가 있나요?",
          "summary": "",
          "date": "2022-11-25",
          "time": "13:23:38",
          "terminate": "false"
        },
        {
          "speaker": "speaker1",
          "personaID": "68673",
          "participantID": "31883",
          "utterance": "워낙 축구를 좋아해서요~~ 지금 월드컵 시즌인데 축구도 보시죠?",
          "summary": "나는 축구를 좋아한다.",
          "date": "2022-11-25",
          "time": "13:23:53",
          "terminate": "false"
        },
        {
          "speaker": "speaker2",
          "personaID": "90568",
          "participantID": "30254",
          "utterance": "ㅎㅎ 네 가끔 보고 있어요~~ 생방송으론 못 보구요 재방송만 보고 있네요 ㅎ.",
          "summary": "나는 축구를 가끔 본다.",
          "date": "2022-11-25",
          "time": "13:24:07",
          "terminate": "false"
        },
        {
          "speaker": "speaker1",
          "personaID": "68673",
          "participantID": "31883",
          "utterance": "생방송이 재밌는데 생방송은 왜 못챙겨보세욧? 30분 뒤 시작인데 꼭 보세요~~",
          "summary": "",
          "date": "2022-11-25",
          "time": "13:24:24",
          "terminate": "false"
        },
        {
          "speaker": "speaker2",
          "personaID": "90568",
          "participantID": "30254",
          "utterance": "그럴까요? ㅎㅎ 채널을 돌려봐야겠네요 ㅎㅎ 저 보고 올게요.",
          "summary": "",
          "date": "2022-11-25",
          "time": "13:24:37",
          "terminate": "true"
        }
      ],
      "sessionPersonaSummary": {
        "speaker1": [
          "나는 연예 뉴스를 안 본 지 오래되었다.",
          "나는 스포츠 뉴스를 좋아한다.",
          "나는 축구를 좋아한다."
        ],
        "speaker2": [
          "나는 연예 뉴스를 좋아한다.",
          "나는 일본으로 여행을 갈 예정이다.",
          "나는 축구를 가끔 본다."
        ]
      },
      "prevAggregatedpersonaSummary": {
        "speaker1": [
          "나는 남자이다. 나는 30대이다.",
          "나의 생일은 1월이다.",
          "나는 홈트레이닝을 자주 한다.",
          "나는 운동을 워낙 좋아한다.",
          "나는 바이올린 연주를 가끔 한다."
        ],
        "speaker2": [
          "나는 여자이다. 나는 30대이다.",
          "나의 생일은 11월이다. 나는 혈액형이 O형이다.",
          "나는 첼로 연주를 가끔 한다. 나는 운동을 좋아한다.",
          "나는 첼로 연주를 하러 갈 예정이다.",
          "나는 매우 적극적이다."
        ]
      }
    },
    {
      "prevSessionID": "4-00219-2",
      "prevTimeInfo": {
        "timeNum": "1",
        "timeUnit": "일"
      },
      "nthSession": "3",
      "numberOfUtterances": "14",
      "numberOfTurns": "7",
      "sessionID": "4-00219-3",
      "dialog": [
        {
          "speaker": "speaker1",
          "personaID": "68673",
          "participantID": "31883",
          "utterance": "어제 월드컵 경기 잘 보셨죠? 우루과이 상대로 비기다니 잘한거 아닌가요?",
          "summary": "",
          "date": "2022-11-25",
          "time": "13:24:54",
          "terminate": "false"
        },
        {
          "speaker": "speaker2",
          "personaID": "90568",
          "participantID": "30254",
          "utterance": "그러게요 ㅎㅎ 보면서도 감탄했어요~~ ㅎㅎ확실히 생방송이 재밌더라구요.",
          "summary": "",
          "date": "2022-11-25",
          "time": "13:25:04",
          "terminate": "false"
        },
        {
          "speaker": "speaker1",
          "personaID": "68673",
          "participantID": "31883",
          "utterance": "지금 뉴스에서 선수들 부상투혼으로 난리네요~ 대견해요 ㅜㅜ 그렇지 않나요?",
          "summary": "",
          "date": "2022-11-25",
          "time": "13:25:16",
          "terminate": "false"
        },
        {
          "speaker": "speaker2",
          "personaID": "90568",
          "participantID": "30254",
          "utterance": "맞아요 ㅠㅠ 제가 다 마음이 찡한거 있죠~~? 요즘은 방송을 TV말고 폰으로도 볼 수 있어서 좋아요.",
          "summary": "나는 방송을 TV 말고 폰으로도 볼 수 있어서 좋다.",
          "date": "2022-11-25",
          "time": "13:25:32",
          "terminate": "false"
        },
        {
          "speaker": "speaker1",
          "personaID": "68673",
          "participantID": "31883",
          "utterance": "맞아요! 유뷰트 실시간 라이브로 댓글쓰면서 보면 같이 보는거 같아 재밌어요! 해보셨나요?",
          "summary": "",
          "date": "2022-11-25",
          "time": "13:25:51",
          "terminate": "false"
        },
        {
          "speaker": "speaker2",
          "personaID": "90568",
          "participantID": "30254",
          "utterance": "ㅎㅎ 안 해봤는데 해볼까요? ㅎㅎ 궁금하네요 ㅎ.",
          "summary": "",
          "date": "2022-11-25",
          "time": "13:26:03",
          "terminate": "false"
        },
        {
          "speaker": "speaker1",
          "personaID": "68673",
          "participantID": "31883",
          "utterance": "네! 추천드려요~ ㅎㅎ 이제 앞으로 경기는 월요일이라고 하더라구요 기다려지지않나요?",
          "summary": "",
          "date": "2022-11-25",
          "time": "13:26:33",
          "terminate": "false"
        },
        {
          "speaker": "speaker2",
          "personaID": "90568",
          "participantID": "30254",
          "utterance": "ㅎㅎ 맞아요~~ 월요일에 퇴근길에 치킨집에서 방송을 꼭 봐야겠어요 ㅎㅎ.",
          "summary": "",
          "date": "2022-11-25",
          "time": "13:26:49",
          "terminate": "false"
        },
        {
          "speaker": "speaker1",
          "personaID": "68673",
          "participantID": "31883",
          "utterance": "저도 어제 치킨이 없어서 아쉬웠어요~ 치킨은 보통 양념으로 드시나요?",
          "summary": "나는 어제 치킨을 못 먹어서 아쉽다.",
          "date": "2022-11-25",
          "time": "13:27:06",
          "terminate": "false"
        },
        {
          "speaker": "speaker2",
          "personaID": "90568",
          "participantID": "30254",
          "utterance": "네네 양념을 좋아해요~~ 치킨에는 맥주인거 아시죠 ㅎㅎ.",
          "summary": "나는 양념치킨을 좋아한다.",
          "date": "2022-11-25",
          "time": "13:27:26",
          "terminate": "false"
        },
        {
          "speaker": "speaker1",
          "personaID": "68673",
          "participantID": "31883",
          "utterance": "네! 치맥 좋죠~ 혹시 치킨에 막걸리 드셔보신 적 있나요?",
          "summary": "",
          "date": "2022-11-25",
          "time": "13:27:48",
          "terminate": "false"
        },
        {
          "speaker": "speaker2",
          "personaID": "90568",
          "participantID": "30254",
          "utterance": "막걸리는 안 먹어봤어요 ㅎㅎ 홈트레이닝을 하시는 분이니 치킨이나 맥주같은 고칼로리는 좀 부담스러우시려나요?",
          "summary": "",
          "date": "2022-11-25",
          "time": "13:28:04",
          "terminate": "false"
        },
        {
          "speaker": "speaker1",
          "personaID": "68673",
          "participantID": "31883",
          "utterance": "하하 아니요. 전 잘먹고 잘 운동하는 편이에요~ㅎㅎ 저 이제 또 홈트레이닝할 시간이네요!",
          "summary": "나는 잘 먹고 잘 운동하는 편이다.",
          "date": "2022-11-25",
          "time": "13:28:24",
          "terminate": "false"
        },
        {
          "speaker": "speaker2",
          "personaID": "90568",
          "participantID": "30254",
          "utterance": "ㅎㅎ 잘 하시고 오세요~~ 저는 밥 먹고 조금있다가 첼로 연주를 가아해요~",
          "summary": "",
          "date": "2022-11-25",
          "time": "13:28:47",
          "terminate": "true"
        }
      ],
      "sessionPersonaSummary": {
        "speaker1": [
          "나는 어제 치킨을 못 먹어서 아쉽다.",
          "나는 잘 먹고 잘 운동하는 편이다."
        ],
        "speaker2": [
          "나는 방송을 TV 말고 폰으로도 볼 수 있어서 좋다.",
          "나는 양념치킨을 좋아한다."
        ]
      },
      "prevAggregatedpersonaSummary": {
        "speaker1": [
          "나는 남자이다. 나는 30대이다.",
          "나의 생일은 1월이다.",
          "나는 홈트레이닝을 자주 한다.",
          "나는 운동을 워낙 좋아한다.",
          "나는 바이올린 연주를 가끔 한다.",
          "나는 연예 뉴스를 안 본 지 오래되었다.",
          "나는 스포츠 뉴스를 좋아한다.",
          "나는 축구를 좋아한다."
        ],
        "speaker2": [
          "나는 여자이다. 나는 30대이다.",
          "나의 생일은 11월이다. 나는 혈액형이 O형이다.",
          "나는 첼로 연주를 가끔 한다. 나는 운동을 좋아한다.",
          "나는 첼로 연주를 하러 갈 예정이다.",
          "나는 매우 적극적이다.",
          "나는 연예 뉴스를 좋아한다.",
          "나는 일본으로 여행을 갈 예정이다.",
          "나는 축구를 가끔 본다."
        ]
      }
    },
    {
      "prevSessionID": "4-00219-3",
      "prevTimeInfo": {
        "timeNum": "6",
        "timeUnit": "시간"
      },
      "nthSession": "4",
      "numberOfUtterances": "14",
      "numberOfTurns": "7",
      "sessionID": "4-00219-4",
      "dialog": [
        {
          "speaker": "speaker1",
          "personaID": "68673",
          "participantID": "31883",
          "utterance": "6시간 지났다고 벌써 해가 어둑어둑 지고 있네요~ 첼로연주 가셨나요?",
          "summary": "",
          "date": "2022-11-25",
          "time": "13:29:00",
          "terminate": "false"
        },
        {
          "speaker": "speaker2",
          "personaID": "90568",
          "participantID": "30254",
          "utterance": "네 이미 하고 집에 왔어요~~~ ㅎㅎ 피곤하네요.",
          "summary": "",
          "date": "2022-11-25",
          "time": "13:29:11",
          "terminate": "false"
        },
        {
          "speaker": "speaker1",
          "personaID": "68673",
          "participantID": "31883",
          "utterance": "그래도 뿌듯하시겠네요~ 오늘 연습 잘 되셨어요?ㅎㅎ.",
          "summary": "",
          "date": "2022-11-25",
          "time": "13:29:16",
          "terminate": "false"
        },
        {
          "speaker": "speaker2",
          "personaID": "90568",
          "participantID": "30254",
          "utterance": "네네 잘 되긴했는데 ㅎㅎ 생일 축하송은 잘 안되네요 ㅠ.",
          "summary": "나는 연주할 때 생일 축하송은 잘 안된다.",
          "date": "2022-11-25",
          "time": "13:29:34",
          "terminate": "false"
        },
        {
          "speaker": "speaker1",
          "personaID": "68673",
          "participantID": "31883",
          "utterance": "하하 그거 간단한 멜로디인데 왜 어려우세요?ㅠㅠ.",
          "summary": "",
          "date": "2022-11-25",
          "time": "13:29:41",
          "terminate": "false"
        },
        {
          "speaker": "speaker2",
          "personaID": "90568",
          "participantID": "30254",
          "utterance": "그러게요 ㅠㅠ 제가 적극적인편이라 잘 할수 있을지 알았는데 자꾸 음이탈이 나네요 ㅋㅋ.",
          "summary": "",
          "date": "2022-11-25",
          "time": "13:29:55",
          "terminate": "false"
        },
        {
          "speaker": "speaker1",
          "personaID": "68673",
          "participantID": "31883",
          "utterance": "그래도 뭔가 제 생일 기점으로 연습해주시는거 같아서 감사하네요! 배운지 몇년 되셨어요?",
          "summary": "",
          "date": "2022-11-25",
          "time": "13:30:09",
          "terminate": "false"
        },
        {
          "speaker": "speaker2",
          "personaID": "90568",
          "participantID": "30254",
          "utterance": "ㅎㅎ 얼마안됬어요 사실 6개월정도요 ㅠㅠ 초보랍니다~~",
          "summary": "나는 첼로 배운 지 6개월 정도 되었다.",
          "date": "2022-11-25",
          "time": "13:30:24",
          "terminate": "false"
        },
        {
          "speaker": "speaker1",
          "personaID": "68673",
          "participantID": "31883",
          "utterance": "아! 그랬군요! 전 바이올린을 초등학교때 배웠었거든요~ 오래되었죠?",
          "summary": "나는 바이올린을 초등학교 때 배웠었다.",
          "date": "2022-11-25",
          "time": "13:30:37",
          "terminate": "false"
        },
        {
          "speaker": "speaker2",
          "personaID": "90568",
          "participantID": "30254",
          "utterance": "바이올린 연주를 되게 오래하셨군요 ㅎㅎ 거의 전문가 아니신가요?",
          "summary": "",
          "date": "2022-11-25",
          "time": "13:30:48",
          "terminate": "false"
        },
        {
          "speaker": "speaker1",
          "personaID": "68673",
          "participantID": "31883",
          "utterance": "하하 아니에요~ 연습 자주 안해서 다 까먹었네요! 전 이제 9시 뉴스나 보면서 안마의자에서 안마 받게요!",
          "summary": "",
          "date": "2022-11-25",
          "time": "13:31:05",
          "terminate": "false"
        },
        {
          "speaker": "speaker2",
          "personaID": "90568",
          "participantID": "30254",
          "utterance": "그래도 악기를 하나씩 다룰 수 있는 취미는 참 좋은거 같아요~~ 저는 이제 씻어야겠어요 ㅎㅎ.",
          "summary": "",
          "date": "2022-11-25",
          "time": "13:31:11",
          "terminate": "false"
        },
        {
          "speaker": "speaker1",
          "personaID": "68673",
          "participantID": "31883",
          "utterance": "네! 그럼 오늘 하루 마무리 잘하고 다음에 또 연락하기로 해요!",
          "summary": "",
          "date": "2022-11-25",
          "time": "13:31:20",
          "terminate": "false"
        },
        {
          "speaker": "speaker2",
          "personaID": "90568",
          "participantID": "30254",
          "utterance": "뉴스 재밌게 보시구요 ㅎㅎ 다음에 기회되면 또 연락해요!",
          "summary": "",
          "date": "2022-11-25",
          "time": "13:31:33",
          "terminate": "true"
        }
      ],
      "sessionPersonaSummary": {
        "speaker1": [
          "나는 바이올린을 초등학교 때 배웠었다."
        ],
        "speaker2": [
          "나는 연주할 때 생일 축하송은 잘 안된다.",
          "나는 첼로 배운 지 6개월 정도 되었다."
        ]
      },
      "prevAggregatedpersonaSummary": {
        "speaker1": [
          "나는 남자이다. 나는 30대이다.",
          "나의 생일은 1월이다.",
          "나는 홈트레이닝을 자주 한다.",
          "나는 운동을 워낙 좋아한다.",
          "나는 바이올린 연주를 가끔 한다.",
          "나는 연예 뉴스를 안 본 지 오래되었다.",
          "나는 스포츠 뉴스를 좋아한다.",
          "나는 축구를 좋아한다.",
          "나는 어제 치킨을 못 먹어서 아쉽다.",
          "나는 잘 먹고 잘 운동하는 편이다."
        ],
        "speaker2": [
          "나는 여자이다. 나는 30대이다.",
          "나의 생일은 11월이다. 나는 혈액형이 O형이다.",
          "나는 첼로 연주를 가끔 한다. 나는 운동을 좋아한다.",
          "나는 첼로 연주를 하러 갈 예정이다.",
          "나는 매우 적극적이다.",
          "나는 연예 뉴스를 좋아한다.",
          "나는 일본으로 여행을 갈 예정이다.",
          "나는 축구를 가끔 본다.",
          "나는 방송을 TV 말고 폰으로도 볼 수 있어서 좋다.",
          "나는 양념치킨을 좋아한다."
        ]
      }
    }
  ]
}