{
  "FileInfo": {
    "filename": "K4-00418-CL35915-CP63449-08-05-S4.json",
    "sessionLevel": "4"
  },
  "participantsInfo": {
    "numberOfParticipants": "2",
    "speaker1": {
      "participantID": "4417",
      "gender": "여성",
      "age": "20대",
      "occupation": "교직",
      "bPlace": "광주/전라/제주",
      "gPlace": "광주/전라/제주",
      "rPlace": "광주/전라/제주",
      "educationLevel": "대졸"
    },
    "speaker2": {
      "participantID": "6452",
      "gender": "여성",
      "age": "50대",
      "occupation": "기타",
      "bPlace": "서울/경기/인천",
      "gPlace": "서울/경기/인천",
      "rPlace": "서울/경기/인천",
      "educationLevel": "대졸"
    }
  },
  "multisessionInfo": {
    "multisessionID": "4-00418"
  },
  "personaInfo": {
    "clInfo": {
      "personaID": "35915",
      "personaFeatures": [
        "나는 여자이다.",
        "나는 30대이다.",
        "나의 거주지는 울산이다",
        "나는 음식 배달원이다",
        "나는 주말에 친구를 만난다",
        "나의 생일은 4월이다",
        "나는 매운 음식을 안 먹는다"
      ],
      "speakerType": "speaker1"
    },
    "cpInfo": {
      "personaID": "63449",
      "personaFeatures": [
        "나는 여자이다.",
        "나는 60대 이상이다.",
        "나는 광고 관련직에 종사했다",
        "나는 자기계발서를 가끔 읽는다",
        "나는 TV 시사 프로그램을 자주 본다",
        "나는 고양이 두 마리를 키운다",
        "나는 이집트에 가봤다"
      ],
      "speakerType": "speaker2"
    }
  },
  "topicInfo": {
    "topicID": "08-05",
    "topicType": "개인 및 관계>연애/결혼",
    "topicTitle": "육아"
  },
  "sessionInfo": [
    {
      "prevSessionID": null,
      "prevTimeInfo": {
        "timeNum": null,
        "timeUnit": null
      },
      "nthSession": "1",
      "numberOfUtterances": "14",
      "numberOfTurns": "7",
      "sessionID": "4-00418-1",
      "dialog": [
        {
          "speaker": "speaker1",
          "personaID": "35915",
          "participantID": "4417",
          "utterance": "안녕하세요~ 음식 배달원으로 일하고 있는 30대 여성입니다.",
          "summary": "나는 음식배달원 30대 여성이다",
          "date": "2022-11-25",
          "time": "01:58:37",
          "terminate": "false"
        },
        {
          "speaker": "speaker2",
          "personaID": "63449",
          "participantID": "6452",
          "utterance": "안녕하세요 광고 관련직에 종사하는 60대 여성 입니다",
          "summary": "나는 광고 관련직에 종사하는 60대 여성이다",
          "date": "2022-11-25",
          "time": "07:35:32",
          "terminate": "false"
        },
        {
          "speaker": "speaker1",
          "personaID": "35915",
          "participantID": "4417",
          "utterance": "네 반갑습니다~ 혹시 어디 사세요? 저는 울산이 거주지에요",
          "summary": "나는 울산에 산다",
          "date": "2022-11-25",
          "time": "13:01:31",
          "terminate": "false"
        },
        {
          "speaker": "speaker2",
          "personaID": "63449",
          "participantID": "6452",
          "utterance": "전 경기도에 살아요, 고양이 두 마리를 키워서 주택으로 이사 했어요",
          "summary": "나는 경기도에 살고 고양이 두 마리를 키워서 주택으로 이사했다",
          "date": "2022-11-25",
          "time": "13:17:33",
          "terminate": "false"
        },
        {
          "speaker": "speaker1",
          "personaID": "35915",
          "participantID": "4417",
          "utterance": "고양이 너무 귀여울 것 같아요~ 그럼 주말에는 고양이들과 시간을 보내시나요? 저는 주말에 친구를 만나요",
          "summary": "나는 주말에 친구를 만난다",
          "date": "2022-11-25",
          "time": "13:18:00",
          "terminate": "false"
        },
        {
          "speaker": "speaker2",
          "personaID": "63449",
          "participantID": "6452",
          "utterance": "저는 tv 시사 프로그램을 자주 봐요",
          "summary": "나는 TV 시사 프로그램을 자주 본다",
          "date": "2022-11-25",
          "time": "13:19:37",
          "terminate": "false"
        },
        {
          "speaker": "speaker1",
          "personaID": "35915",
          "participantID": "4417",
          "utterance": "시사 프로그램도 정말 재밌죠~ 저는 먹방 프로그램을 자주 봐요! 그런데 대부분 매운 음식을 많이 드시더라구요. 저는 매운 음식을 안 먹는데 말이죠~",
          "summary": "나는 먹방 프로그램을 자주 본다 나는 매운 음식을 안 먹는다",
          "date": "2022-11-25",
          "time": "13:21:07",
          "terminate": "false"
        },
        {
          "speaker": "speaker2",
          "personaID": "63449",
          "participantID": "6452",
          "utterance": "저도요, 저는 이집트에 가봤는데, 한식이 그다지 그립지 않더라구요 ㅋ",
          "summary": "나는 이집트에 가봤는데 한식이 그다지 그립진 않았다",
          "date": "2022-11-25",
          "time": "13:23:57",
          "terminate": "false"
        },
        {
          "speaker": "speaker1",
          "personaID": "35915",
          "participantID": "4417",
          "utterance": "이집트 음식이 입에 잘 맞으셨나 봐요!! 저도 가보고 싶네요",
          "summary": "",
          "date": "2022-11-25",
          "time": "13:24:34",
          "terminate": "false"
        },
        {
          "speaker": "speaker2",
          "personaID": "63449",
          "participantID": "6452",
          "utterance": "네, 여행 좋아해서 이전엔 여행책 읽는게 취미 였는데, 요샌  자기계발서를 가끔 읽어요",
          "summary": "나는 여행을 좋아해서 이전엔 여행책을 읽는데 취미였는데 요샌 자기 계발서를 가끔 읽는다",
          "date": "2022-11-25",
          "time": "13:28:05",
          "terminate": "false"
        },
        {
          "speaker": "speaker1",
          "personaID": "35915",
          "participantID": "4417",
          "utterance": "그러시군요!! 저는 생일이 4월인데 내년 4월에 이집트를 가봐야겠어요",
          "summary": "나는 4월생이다",
          "date": "2022-11-25",
          "time": "15:17:51",
          "terminate": "false"
        },
        {
          "speaker": "speaker2",
          "personaID": "63449",
          "participantID": "6452",
          "utterance": "좋은 생각이네요, 4월이면 날씨도 좋을것 같아요 ",
          "summary": "나는 4월이면 날씨도 좋을 것 같다",
          "date": "2022-11-25",
          "time": "15:42:02",
          "terminate": "false"
        },
        {
          "speaker": "speaker1",
          "personaID": "35915",
          "participantID": "4417",
          "utterance": "생일이 4월이라 봄 나들이나 여행가기 좋더라구요 하하",
          "summary": "",
          "date": "2022-11-25",
          "time": "18:57:49",
          "terminate": "false"
        },
        {
          "speaker": "speaker2",
          "personaID": "63449",
          "participantID": "6452",
          "utterance": "그니까요 ㅋ 전 좀 나갔다 와야 겠어요 ",
          "summary": "난 나갔다 와야겠다",
          "date": "2022-11-25",
          "time": "19:44:12",
          "terminate": "true"
        }
      ],
      "sessionPersonaSummary": {
        "speaker1": [
          "나는 음식배달원 30대 여성이다",
          "나는 울산에 산다",
          "나는 주말에 친구를 만난다",
          "나는 먹방 프로그램을 자주 본다",
          "나는 매운 음식을 안 먹는다",
          "나는 4월생이다"
        ],
        "speaker2": [
          "나는 광고 관련직에 종사하는 60대 여성이다",
          "나는 경기도에 살고 고양이 두 마리를 키워서 주택으로 이사했다",
          "나는 TV 시사 프로그램을 자주 본다",
          "나는 이집트에 가봤는데 한식이 그다지 그립진 않았다",
          "나는 여행을 좋아해서 이전엔 여행책을 읽는데 취미였는데 요샌 자기 계발서를 가끔 읽는다",
          "나는 4월이면 날씨도 좋을 것 같다",
          "난 나갔다 와야겠다"
        ]
      },
      "prevAggregatedpersonaSummary": {
        "speaker1": [],
        "speaker2": []
      }
    },
    {
      "prevSessionID": "4-00418-1",
      "prevTimeInfo": {
        "timeNum": "3",
        "timeUnit": "일"
      },
      "nthSession": "2",
      "numberOfUtterances": "14",
      "numberOfTurns": "7",
      "sessionID": "4-00418-2",
      "dialog": [
        {
          "speaker": "speaker1",
          "personaID": "35915",
          "participantID": "4417",
          "utterance": "안녕하세요 삼일만이네요 뭐 하고 계셨어요? 자기계발서 읽고 계시려나? 요즘 읽는다고 하셨잖아요~",
          "summary": "",
          "date": "2022-11-26",
          "time": "17:46:37",
          "terminate": "false"
        },
        {
          "speaker": "speaker2",
          "personaID": "63449",
          "participantID": "6452",
          "utterance": "주말이라 모처럼 드라마 보고 있었어요",
          "summary": "나는 주말이라 드라마를 보고 있었다",
          "date": "2022-11-26",
          "time": "21:35:13",
          "terminate": "false"
        },
        {
          "speaker": "speaker1",
          "personaID": "35915",
          "participantID": "4417",
          "utterance": "저는 육아 하느라 시간이 어떻게 간 줄 모르고 지냈네요ㅠㅠ~",
          "summary": "나는 육아하느라 시간이 어찌 가는지 모르겠다",
          "date": "2022-11-26",
          "time": "21:36:28",
          "terminate": "false"
        },
        {
          "speaker": "speaker2",
          "personaID": "63449",
          "participantID": "6452",
          "utterance": "네, 그 무렵엔 사는게 정신 하나도 없지요",
          "summary": "나는 그 무렵엔 사는 게 정신 하나도 없었다",
          "date": "2022-11-26",
          "time": "22:26:51",
          "terminate": "false"
        },
        {
          "speaker": "speaker1",
          "personaID": "35915",
          "participantID": "4417",
          "utterance": "육아가 힘든 건 알았지만 몸소 체험해보니 정말 힘드네요",
          "summary": "",
          "date": "2022-11-26",
          "time": "23:32:15",
          "terminate": "false"
        },
        {
          "speaker": "speaker2",
          "personaID": "63449",
          "participantID": "6452",
          "utterance": "그럼요, 사람 하나 만들어 내는 일인데요.. 쉽지 않죠. 아들인가요 딸인가요?",
          "summary": "",
          "date": "2022-11-27",
          "time": "14:47:19",
          "terminate": "false"
        },
        {
          "speaker": "speaker1",
          "personaID": "35915",
          "participantID": "4417",
          "utterance": "아들이에요! 아기인데도 힘이 쎈 느낌이에요 하하 그래서그런지 육아가 힘이 많이 드네요",
          "summary": "나는 육아가 많이 힘들다",
          "date": "2022-11-27",
          "time": "22:31:20",
          "terminate": "false"
        },
        {
          "speaker": "speaker2",
          "personaID": "63449",
          "participantID": "6452",
          "utterance": "맞아요, 전 큰애가 아들, 둘째가 딸인데, 애기때부터 벌써 많이 다르더라구요",
          "summary": "나는 큰애가 아들, 둘째가 딸이다",
          "date": "2022-11-28",
          "time": "15:54:43",
          "terminate": "false"
        },
        {
          "speaker": "speaker1",
          "personaID": "35915",
          "participantID": "4417",
          "utterance": "그러셨군요! 저만 그런 줄 알았어요ㅎㅎ 자녀분이 총 어떻게 되세요??!",
          "summary": "",
          "date": "2022-11-28",
          "time": "20:09:27",
          "terminate": "false"
        },
        {
          "speaker": "speaker2",
          "personaID": "63449",
          "participantID": "6452",
          "utterance": "아들 하나, 딸 하나, 개 하나, 그래요 ㅋㅋ",
          "summary": "나는 아들 하나, 딸 하나, 개 하나다",
          "date": "2022-11-29",
          "time": "12:19:50",
          "terminate": "false"
        },
        {
          "speaker": "speaker1",
          "personaID": "35915",
          "participantID": "4417",
          "utterance": "오 그러시군요~ 저는 원래 2명 낳고 싶었는데, 육아가 너무 힘들어서 아직 계획 없어요..",
          "summary": "나는 둘째는 아직 계획이 없다",
          "date": "2022-11-29",
          "time": "12:20:30",
          "terminate": "false"
        },
        {
          "speaker": "speaker2",
          "personaID": "63449",
          "participantID": "6452",
          "utterance": "맞아요, 아이 한 명하고, 두명은 많이 다르긴 하더라구요 ",
          "summary": "나는 아이 한 명하고, 두 명은 많이 다른 것 같다",
          "date": "2022-11-29",
          "time": "12:27:15",
          "terminate": "false"
        },
        {
          "speaker": "speaker1",
          "personaID": "35915",
          "participantID": "4417",
          "utterance": "주위에 쌍둥이를 낳은 친구가 있는데, 그 친구는 육아 때문에 힘들어서 죽을라고 하더라구요..",
          "summary": "",
          "date": "2022-11-29",
          "time": "12:36:21",
          "terminate": "false"
        },
        {
          "speaker": "speaker2",
          "personaID": "63449",
          "participantID": "6452",
          "utterance": "아이구, 저한텐 다 옛날 얘기네요 하하 지금은 힘들어도 지나고 나니 또 그 시절이 그리워요.. 힘내세요! 전 좀 나갔다 올게요 ",
          "summary": " 나는 그 시절이 그립다",
          "date": "2022-11-29",
          "time": "12:39:06",
          "terminate": "true"
        }
      ],
      "sessionPersonaSummary": {
        "speaker1": [
          "나는 육아하느라 시간이 어찌 가는지 모르겠다",
          "나는 육아가 많이 힘들다",
          "나는 둘째는 아직 계획이 없다"
        ],
        "speaker2": [
          "나는 주말이라 드라마를 보고 있었다",
          "나는 그 무렵엔 사는 게 정신 하나도 없었다",
          "나는 큰애가 아들, 둘째가 딸이다",
          "나는 아들 하나, 딸 하나, 개 하나다",
          "나는 아이 한 명하고, 두 명은 많이 다른 것 같다",
          "나는 그 시절이 그립다"
        ]
      },
      "prevAggregatedpersonaSummary": {
        "speaker1": [
          "나는 음식배달원 30대 여성이다",
          "나는 울산에 산다",
          "나는 주말에 친구를 만난다",
          "나는 먹방 프로그램을 자주 본다",
          "나는 매운 음식을 안 먹는다",
          "나는 4월생이다"
        ],
        "speaker2": [
          "나는 광고 관련직에 종사하는 60대 여성이다",
          "나는 경기도에 살고 고양이 두 마리를 키워서 주택으로 이사했다",
          "나는 TV 시사 프로그램을 자주 본다",
          "나는 이집트에 가봤는데 한식이 그다지 그립진 않았다",
          "나는 여행을 좋아해서 이전엔 여행책을 읽는데 취미였는데 요샌 자기 계발서를 가끔 읽는다",
          "나는 4월이면 날씨도 좋을 것 같다",
          "난 나갔다 와야겠다"
        ]
      }
    },
    {
      "prevSessionID": "4-00418-2",
      "prevTimeInfo": {
        "timeNum": "3",
        "timeUnit": "일"
      },
      "nthSession": "3",
      "numberOfUtterances": "14",
      "numberOfTurns": "7",
      "sessionID": "4-00418-3",
      "dialog": [
        {
          "speaker": "speaker1",
          "personaID": "35915",
          "participantID": "4417",
          "utterance": "안녕하세요~ 3일만이네요! 잘 지내셨죠?",
          "summary": "",
          "date": "2022-11-29",
          "time": "12:43:21",
          "terminate": "false"
        },
        {
          "speaker": "speaker2",
          "personaID": "63449",
          "participantID": "6452",
          "utterance": "네, 잘 지냈어요, 뭐하세요?",
          "summary": "나는 잘 지냈다",
          "date": "2022-11-29",
          "time": "12:44:43",
          "terminate": "false"
        },
        {
          "speaker": "speaker1",
          "personaID": "35915",
          "participantID": "4417",
          "utterance": "저는 여전히 육아 중입니다ㅜㅜ.. 결혼하고 음식 배달원일은 쉬엄쉬엄 하고 있거든요",
          "summary": "나는 결혼하고 일은 쉬엄쉬엄 하고 있다",
          "date": "2022-11-29",
          "time": "12:45:45",
          "terminate": "false"
        },
        {
          "speaker": "speaker2",
          "personaID": "63449",
          "participantID": "6452",
          "utterance": "아들 몇 살이라고 했지요? 자나요 지금?",
          "summary": "",
          "date": "2022-11-29",
          "time": "12:46:34",
          "terminate": "false"
        },
        {
          "speaker": "speaker1",
          "personaID": "35915",
          "participantID": "4417",
          "utterance": "2살이에요! 지금은 낮잠 자고 있어요ㅎㅎ~ 육아 2년차랍니다",
          "summary": "나는 육아 2년 차이다",
          "date": "2022-11-29",
          "time": "12:48:42",
          "terminate": "false"
        },
        {
          "speaker": "speaker2",
          "personaID": "63449",
          "participantID": "6452",
          "utterance": "2살이면 정말 정신없이 살 때네요 ㅋ",
          "summary": "나는 2살이면 정말 정신없이 살 때인 것 같다",
          "date": "2022-11-29",
          "time": "12:50:38",
          "terminate": "false"
        },
        {
          "speaker": "speaker1",
          "personaID": "35915",
          "participantID": "4417",
          "utterance": "맞아요~ 기저귀 갈아주랴.. 이유식 만드랴.. 너무 정신 없어요ㅜㅜ'",
          "summary": "나는 너무 정신이 없다",
          "date": "2022-11-29",
          "time": "12:54:32",
          "terminate": "false"
        },
        {
          "speaker": "speaker2",
          "personaID": "63449",
          "participantID": "6452",
          "utterance": "맞아요,차라리 신생아때는 먹고 자고만 하니 오히려 더 편하지 않아요? ",
          "summary": "",
          "date": "2022-11-29",
          "time": "12:57:10",
          "terminate": "false"
        },
        {
          "speaker": "speaker1",
          "personaID": "35915",
          "participantID": "4417",
          "utterance": "그런가요?ㅜㅜ 저는 육아가 처음이라서 그런가 힘드네요~ 더 크면 더 힘들려나요?",
          "summary": "나는 육아가 힘들다",
          "date": "2022-11-29",
          "time": "12:59:33",
          "terminate": "false"
        },
        {
          "speaker": "speaker2",
          "personaID": "63449",
          "participantID": "6452",
          "utterance": "네 ㅠㅠ 남자아이들은 활동량이 많아서 막 뛰어 다니는거 쫓아 다니려면 체력 좀 키우셔야 할거예요",
          "summary": "",
          "date": "2022-11-29",
          "time": "13:17:17",
          "terminate": "false"
        },
        {
          "speaker": "speaker1",
          "personaID": "35915",
          "participantID": "4417",
          "utterance": "어휴 벌써부터 걱정이네요.. 그래도 남편이 육아를 많이 도와줘서 다행이에요",
          "summary": "나는 남편이 육아를 많이 도와준다",
          "date": "2022-11-29",
          "time": "13:23:04",
          "terminate": "false"
        },
        {
          "speaker": "speaker2",
          "personaID": "63449",
          "participantID": "6452",
          "utterance": "아, 그래요? 좋은 남편 두셨네요. 특히 아들 육아엔 남편 역할이 큰 듯해요 ",
          "summary": "나는 아들 육아에는 남편 역할이 큰 것 같다",
          "date": "2022-11-29",
          "time": "13:27:28",
          "terminate": "false"
        },
        {
          "speaker": "speaker1",
          "personaID": "35915",
          "participantID": "4417",
          "utterance": "맞아요.. 제가 몸이 안좋아서 일찍 퇴근해서 꼭 육아를 도와줘요. 너무 고맙죠",
          "summary": "나는 남편이 고맙다",
          "date": "2022-11-29",
          "time": "13:28:44",
          "terminate": "false"
        },
        {
          "speaker": "speaker2",
          "personaID": "63449",
          "participantID": "6452",
          "utterance": "자식은 아기거나 다 크거나 마친가지 인 것 같아요, 전 딸 마중 좀 다녀 올게요 ",
          "summary": "나는 자식은 아기 거나 다 크거나 마찬가지인 것 같다",
          "date": "2022-11-29",
          "time": "13:31:11",
          "terminate": "true"
        }
      ],
      "sessionPersonaSummary": {
        "speaker1": [
          "나는 결혼하고 일은 쉬엄쉬엄 하고 있다",
          "나는 육아 2년 차이다",
          "나는 너무 정신이 없다",
          "나는 육아가 힘들다",
          "나는 남편이 육아를 많이 도와준다",
          "나는 남편이 고맙다"
        ],
        "speaker2": [
          "나는 잘 지냈다",
          "나는 2살이면 정말 정신없이 살 때인 것 같다",
          "나는 아들 육아에는 남편 역할이 큰 것 같다",
          "나는 자식은 아기 거나 다 크거나 마찬가지인 것 같다"
        ]
      },
      "prevAggregatedpersonaSummary": {
        "speaker1": [
          "나는 음식배달원 30대 여성이다",
          "나는 울산에 산다",
          "나는 주말에 친구를 만난다",
          "나는 먹방 프로그램을 자주 본다",
          "나는 매운 음식을 안 먹는다",
          "나는 4월생이다",
          "나는 육아하느라 시간이 어찌 가는지 모르겠다",
          "나는 육아가 많이 힘들다",
          "나는 둘째는 아직 계획이 없다"
        ],
        "speaker2": [
          "나는 광고 관련직에 종사하는 60대 여성이다",
          "나는 경기도에 살고 고양이 두 마리를 키워서 주택으로 이사했다",
          "나는 TV 시사 프로그램을 자주 본다",
          "나는 이집트에 가봤는데 한식이 그다지 그립진 않았다",
          "나는 여행을 좋아해서 이전엔 여행책을 읽는데 취미였는데 요샌 자기 계발서를 가끔 읽는다",
          "나는 4월이면 날씨도 좋을 것 같다",
          "난 나갔다 와야겠다",
          "나는 주말이라 드라마를 보고 있었다",
          "나는 그 무렵엔 사는 게 정신 하나도 없었다",
          "나는 큰애가 아들, 둘째가 딸이다",
          "나는 아들 하나, 딸 하나, 개 하나다",
          "나는 아이 한 명하고, 두 명은 많이 다른 것 같다",
          "나는 그 시절이 그립다"
        ]
      }
    },
    {
      "prevSessionID": "4-00418-3",
      "prevTimeInfo": {
        "timeNum": "2",
        "timeUnit": "주"
      },
      "nthSession": "4",
      "numberOfUtterances": "14",
      "numberOfTurns": "7",
      "sessionID": "4-00418-4",
      "dialog": [
        {
          "speaker": "speaker1",
          "personaID": "35915",
          "participantID": "4417",
          "utterance": "안녕하세요~ 2주만이네요! 잘 지내셨죠?",
          "summary": "",
          "date": "2022-11-29",
          "time": "15:51:31",
          "terminate": "false"
        },
        {
          "speaker": "speaker2",
          "personaID": "63449",
          "participantID": "6452",
          "utterance": "네, 벌써 2주가 지났네요?! 여전히 정신 없으시지요? ",
          "summary": "",
          "date": "2022-11-29",
          "time": "16:19:22",
          "terminate": "false"
        },
        {
          "speaker": "speaker1",
          "personaID": "35915",
          "participantID": "4417",
          "utterance": "네 맞아요~ㅠㅠ 다행히도 엄마가 오셔서 육아를 도와주시고 계세요",
          "summary": "나는 엄마가 오셔서 육아를 도와주고 있다",
          "date": "2022-11-29",
          "time": "16:49:23",
          "terminate": "false"
        },
        {
          "speaker": "speaker2",
          "personaID": "63449",
          "participantID": "6452",
          "utterance": "하하 저도 맞벌이 하느라 친정 엄마가 키워 주셨거든요 한동안",
          "summary": "나는 맞벌이하느라 친정 엄마가 한동안 키워 주셨다",
          "date": "2022-11-29",
          "time": "16:54:19",
          "terminate": "false"
        },
        {
          "speaker": "speaker1",
          "personaID": "35915",
          "participantID": "4417",
          "utterance": "맞벌이 하시느라 고생하셨겠어요.. 저도 슬슬 일을 시작해야할 것 같은데 엄마가 계속 도와주실 수 없는 형편이라 곤란하네요",
          "summary": "나는 일을 다시 시작하고 싶어 고민 중이다",
          "date": "2022-11-29",
          "time": "23:23:38",
          "terminate": "false"
        },
        {
          "speaker": "speaker2",
          "personaID": "63449",
          "participantID": "6452",
          "utterance": "아직 놀이방 같은데 보내기엔 너무 어린가요?",
          "summary": "",
          "date": "2022-11-30",
          "time": "06:22:19",
          "terminate": "false"
        },
        {
          "speaker": "speaker1",
          "personaID": "35915",
          "participantID": "4417",
          "utterance": "네.. 그래서 베이비시터를 구할까 고민중이에요!! ",
          "summary": "나는 베이비시터를 구하려고 한다",
          "date": "2022-11-30",
          "time": "15:15:27",
          "terminate": "false"
        },
        {
          "speaker": "speaker2",
          "personaID": "63449",
          "participantID": "6452",
          "utterance": "그것도 좋은 방법이긴 한데,. 마음에 드는 분 만나기가 쉽지가 않더라구요",
          "summary": "나는 마음에 드는 분 만나기가 쉽지 않았다",
          "date": "2022-11-30",
          "time": "18:20:51",
          "terminate": "false"
        },
        {
          "speaker": "speaker1",
          "personaID": "35915",
          "participantID": "4417",
          "utterance": "역시 그러겠죠...?ㅠㅠ 육아 정말 만만치 않네요. 모든 어머니들이 존경스러워지고 있어요",
          "summary": "나는 모든 어머니들이 존경스럽다",
          "date": "2022-11-30",
          "time": "21:59:16",
          "terminate": "false"
        },
        {
          "speaker": "speaker2",
          "personaID": "63449",
          "participantID": "6452",
          "utterance": "맞아요, 아이 키우면서 저도 많이 배우고, 많이 컸다고 생각해요 한편으론",
          "summary": "나는 아이 키우면서 많이 배웠고, 많이 컸다",
          "date": "2022-12-01",
          "time": "07:29:35",
          "terminate": "false"
        },
        {
          "speaker": "speaker1",
          "personaID": "35915",
          "participantID": "4417",
          "utterance": "저도 나중엔 익숙해지겠죠? 저는 주말에 애엄마인 친구를 만나서 육아 팁을 전수 받기로 했어요",
          "summary": "나는 주말에 육아팁을 친구한테 전수받기로 했다",
          "date": "2022-12-01",
          "time": "09:40:44",
          "terminate": "false"
        },
        {
          "speaker": "speaker2",
          "personaID": "63449",
          "participantID": "6452",
          "utterance": "맞아요, 육아엔 정보 교환이 필수지요!",
          "summary": "나는 육아엔 정보 교환이 필수인 것 같다",
          "date": "2022-12-01",
          "time": "12:04:38",
          "terminate": "false"
        },
        {
          "speaker": "speaker1",
          "personaID": "35915",
          "participantID": "4417",
          "utterance": "그리고 오랜만에 친구 만나서 결혼생활 수다도 좀 떨면서 스트레스를 풀려구요 ",
          "summary": "나는 친구와 수다를 떨며 스트레스를\n풀 것이다",
          "date": "2022-12-01",
          "time": "12:55:41",
          "terminate": "false"
        },
        {
          "speaker": "speaker2",
          "personaID": "63449",
          "participantID": "6452",
          "utterance": "네 잘 생각했어요? 저도 지금 친구 만나려 나가려구요",
          "summary": "나는 지금 친구를 만나려고 나간다",
          "date": "2022-12-01",
          "time": "13:09:36",
          "terminate": "true"
        }
      ],
      "sessionPersonaSummary": {
        "speaker1": [
          "나는 엄마가 오셔서 육아를 도와주고 있다",
          "나는 일을 다시 시작하고 싶어 고민 중이다",
          "나는 베이비시터를 구하려고 한다",
          "나는 모든 어머니들이 존경스럽다",
          "나는 주말에 육아팁을 친구한테 전수받기로 했다",
          "나는 친구와 수다를 떨며 스트레스를\n풀 것이다"
        ],
        "speaker2": [
          "나는 맞벌이하느라 친정 엄마가 한동안 키워 주셨다",
          "나는 마음에 드는 분 만나기가 쉽지 않았다",
          "나는 아이 키우면서 많이 배웠고, 많이 컸다",
          "나는 육아엔 정보 교환이 필수인 것 같다",
          "나는 지금 친구를 만나려고 나간다"
        ]
      },
      "prevAggregatedpersonaSummary": {
        "speaker1": [
          "나는 음식배달원 30대 여성이다",
          "나는 울산에 산다",
          "나는 주말에 친구를 만난다",
          "나는 먹방 프로그램을 자주 본다",
          "나는 매운 음식을 안 먹는다",
          "나는 4월생이다",
          "나는 육아하느라 시간이 어찌 가는지 모르겠다",
          "나는 육아가 많이 힘들다",
          "나는 둘째는 아직 계획이 없다",
          "나는 결혼하고 일은 쉬엄쉬엄 하고 있다",
          "나는 육아 2년 차이다",
          "나는 너무 정신이 없다",
          "나는 육아가 힘들다",
          "나는 남편이 육아를 많이 도와준다",
          "나는 남편이 고맙다"
        ],
        "speaker2": [
          "나는 광고 관련직에 종사하는 60대 여성이다",
          "나는 경기도에 살고 고양이 두 마리를 키워서 주택으로 이사했다",
          "나는 TV 시사 프로그램을 자주 본다",
          "나는 이집트에 가봤는데 한식이 그다지 그립진 않았다",
          "나는 여행을 좋아해서 이전엔 여행책을 읽는데 취미였는데 요샌 자기 계발서를 가끔 읽는다",
          "나는 4월이면 날씨도 좋을 것 같다",
          "난 나갔다 와야겠다",
          "나는 주말이라 드라마를 보고 있었다",
          "나는 그 무렵엔 사는 게 정신 하나도 없었다",
          "나는 큰애가 아들, 둘째가 딸이다",
          "나는 아들 하나, 딸 하나, 개 하나다",
          "나는 아이 한 명하고, 두 명은 많이 다른 것 같다",
          "나는 그 시절이 그립다",
          "나는 잘 지냈다",
          "나는 2살이면 정말 정신없이 살 때인 것 같다",
          "나는 아들 육아에는 남편 역할이 큰 것 같다",
          "나는 자식은 아기 거나 다 크거나 마찬가지인 것 같다"
        ]
      }
    }
  ]
}