{
  "FileInfo": {
    "filename": "K4-00603-CL96101-CP94461-06-04-S4.json",
    "sessionLevel": "4"
  },
  "participantsInfo": {
    "numberOfParticipants": "2",
    "speaker1": {
      "participantID": "30140",
      "gender": "남성",
      "age": "60대 이상",
      "occupation": "퇴직/연금생활자",
      "bPlace": "대전/세종/충청/강원",
      "gPlace": "대전/세종/충청/강원",
      "rPlace": "대전/세종/충청/강원",
      "educationLevel": "대졸"
    },
    "speaker2": {
      "participantID": "30774",
      "gender": "남성",
      "age": "50대",
      "occupation": "기능직",
      "bPlace": "서울/경기/인천",
      "gPlace": "서울/경기/인천",
      "rPlace": "서울/경기/인천",
      "educationLevel": "고졸"
    }
  },
  "multisessionInfo": {
    "multisessionID": "4-00603"
  },
  "personaInfo": {
    "clInfo": {
      "personaID": "96101",
      "personaFeatures": [
        "나는 남자이다.",
        "나는 60대 이상이다.",
        "나는 2년 전에 해외 봉사활동을 다녀왔다.",
        "나의 생일은 10월이다.",
        "나는 플루트 연주를 자주 한다.",
        "나는 저녁에 샤워를 한다."
      ],
      "speakerType": "speaker1"
    },
    "cpInfo": {
      "personaID": "94461",
      "personaFeatures": [
        "나는 남자이다.",
        "나는 50대이다.",
        "나는 노란색을 싫어한다.",
        "나는 모바일 어플리케이션 프로그래머이다.",
        "나는 매우 소극적이다.",
        "나는 배를 좋아한다.",
        "나는 혈액형이 AB형이다."
      ],
      "speakerType": "speaker2"
    }
  },
  "topicInfo": {
    "topicID": "06-04",
    "topicType": "교육",
    "topicTitle": "학원"
  },
  "sessionInfo": [
    {
      "prevSessionID": null,
      "prevTimeInfo": {
        "timeNum": null,
        "timeUnit": null
      },
      "nthSession": "1",
      "numberOfUtterances": "14",
      "numberOfTurns": "7",
      "sessionID": "4-00603-1",
      "dialog": [
        {
          "speaker": "speaker1",
          "personaID": "96101",
          "participantID": "30140",
          "utterance": "안녕하십니까! 저는 60대 남성입니다 ㅎㅎ 혹시 자기소개 가능하신가요?",
          "summary": "나는 60대 남성이다.",
          "date": "2022-11-30",
          "time": "11:26:34",
          "terminate": "false"
        },
        {
          "speaker": "speaker2",
          "personaID": "94461",
          "participantID": "30774",
          "utterance": "저는 50대 남성이고, 모바일 어플리케이션 프로그래머입니다. 이렇게 만나게 되서 매우 반갑습니다.",
          "summary": "나는 50대 남성이다. 나는 모바일 애플리케이션 프로그래머이다.",
          "date": "2022-11-30",
          "time": "11:26:56",
          "terminate": "false"
        },
        {
          "speaker": "speaker1",
          "personaID": "96101",
          "participantID": "30140",
          "utterance": "반가워요~ 혹시 취미가 있나요? 저는 플루트 연주를 자주 합니다. 악기 연주에 흥미가 있어서요!",
          "summary": "나는 플루트 연주를 자주 한다.",
          "date": "2022-11-30",
          "time": "11:27:19",
          "terminate": "false"
        },
        {
          "speaker": "speaker2",
          "personaID": "94461",
          "participantID": "30774",
          "utterance": "저는 매우 소극적이라서 그런 연주 배우는 것은 생각을 못 해봤네요! 악기 재밌나요?",
          "summary": "나는 매우 소극적이다.",
          "date": "2022-11-30",
          "time": "11:28:24",
          "terminate": "false"
        },
        {
          "speaker": "speaker1",
          "personaID": "96101",
          "participantID": "30140",
          "utterance": "악기 연주가 생각보다 재밌습니다 ㅎㅎ 소극적이라면 집에서 연습할 용도로 배우는 건 어떨까요?",
          "summary": "나는 악기 연주가 재밌다.",
          "date": "2022-11-30",
          "time": "11:28:54",
          "terminate": "false"
        },
        {
          "speaker": "speaker2",
          "personaID": "94461",
          "participantID": "30774",
          "utterance": "오 그것도 괜찮은 생각이네요ㅎㅎ 나중에 한번 생각해볼게요~ㅎㅎ 님은 또 다른 취미가 있나요?",
          "summary": "",
          "date": "2022-11-30",
          "time": "11:30:26",
          "terminate": "false"
        },
        {
          "speaker": "speaker1",
          "personaID": "96101",
          "participantID": "30140",
          "utterance": "저는 2년 전에 해외 봉사활동을 다녀왔는데, 이후로 봉사활동 취미가 생겼습니다! 봉사활동 가보셨나요?",
          "summary": "나는 2년 전에 해외 봉사활동을 다녀왔다.",
          "date": "2022-11-30",
          "time": "11:30:41",
          "terminate": "false"
        },
        {
          "speaker": "speaker2",
          "personaID": "94461",
          "participantID": "30774",
          "utterance": "저는 봉사활동도 안 가봤네요ㅎㅎ 제가 너무 일만 하면서 살았나봐요ㅠㅠㅎㅎ.",
          "summary": "",
          "date": "2022-11-30",
          "time": "11:31:04",
          "terminate": "false"
        },
        {
          "speaker": "speaker1",
          "personaID": "96101",
          "participantID": "30140",
          "utterance": "그렇군요 ㅠㅠ 나중에 한 번 가보세요! 몸은 힘들지만 마음은 편안해 지는 느낌이 들지 않을까요?",
          "summary": "",
          "date": "2022-11-30",
          "time": "11:31:23",
          "terminate": "false"
        },
        {
          "speaker": "speaker2",
          "personaID": "94461",
          "participantID": "30774",
          "utterance": "그럴수 있겠네요ㅎㅎ 제가 노란색을 싫어하는데, 노란색만 없는 장소면 악기든 봉사든 괜찮을거 같아요ㅋㅋ.",
          "summary": "나는 노란색을 싫어한다.",
          "date": "2022-11-30",
          "time": "11:32:05",
          "terminate": "false"
        },
        {
          "speaker": "speaker1",
          "personaID": "96101",
          "participantID": "30140",
          "utterance": "노란색을 싫어하시는군요 ㅎㅎ 싫어하는 이유가 있을까요? 이유가 예상이 가지 않아요!",
          "summary": "나는 노란색을 싫어하는 이유를 모르겠다.",
          "date": "2022-11-30",
          "time": "11:32:23",
          "terminate": "false"
        },
        {
          "speaker": "speaker2",
          "personaID": "94461",
          "participantID": "30774",
          "utterance": "그냥 이유 없이 싫더라구요. 제가 AB형이라서 좋고 싫음이 확실해서 그런거 같기도 해요ㅋㅋ.",
          "summary": "나는 혈액형이 AB형이다.",
          "date": "2022-11-30",
          "time": "11:32:41",
          "terminate": "false"
        },
        {
          "speaker": "speaker1",
          "personaID": "96101",
          "participantID": "30140",
          "utterance": "그렇군요 ㅋㅋ 혈액형이 성격이랑도 관련이 있는 것 같아요~ 저는 이제 잠깐 플루트 연주하고 오겠습니다!",
          "summary": "",
          "date": "2022-11-30",
          "time": "11:33:18",
          "terminate": "false"
        },
        {
          "speaker": "speaker2",
          "personaID": "94461",
          "participantID": "30774",
          "utterance": "네 알겠습니다ㅎㅎ 그럼 연주 재밌게 하고 오세요!ㅎㅎ.",
          "summary": "",
          "date": "2022-11-30",
          "time": "11:33:42",
          "terminate": "true"
        }
      ],
      "sessionPersonaSummary": {
        "speaker1": [
          "나는 60대 남성이다.",
          "나는 플루트 연주를 자주 한다.",
          "나는 악기 연주가 재밌다.",
          "나는 2년 전에 해외 봉사활동을 다녀왔다.",
          "나는 노란색을 싫어하는 이유를 모르겠다."
        ],
        "speaker2": [
          "나는 50대 남성이다. 나는 모바일 애플리케이션 프로그래머이다.",
          "나는 매우 소극적이다.",
          "나는 노란색을 싫어한다.",
          "나는 혈액형이 AB형이다."
        ]
      },
      "prevAggregatedpersonaSummary": {
        "speaker1": [],
        "speaker2": []
      }
    },
    {
      "prevSessionID": "4-00603-1",
      "prevTimeInfo": {
        "timeNum": "2",
        "timeUnit": "시간"
      },
      "nthSession": "2",
      "numberOfUtterances": "14",
      "numberOfTurns": "7",
      "sessionID": "4-00603-2",
      "dialog": [
        {
          "speaker": "speaker1",
          "personaID": "96101",
          "participantID": "30140",
          "utterance": "2시간 지났네요~! 저는 플루트 연습을 하고 있었습니다 ㅎㅎ 지금은 무엇을 하시고 있나요?",
          "summary": "나는 플루트 연습을 하고 있었다.",
          "date": "2022-11-30",
          "time": "11:33:44",
          "terminate": "false"
        },
        {
          "speaker": "speaker2",
          "personaID": "94461",
          "participantID": "30774",
          "utterance": "저는 지금 일을 하고 있었어요ㅎㅎ 제가 프로그래머로 일을 하다보니 야근이 좀 잦아서요ㅠ.",
          "summary": "",
          "date": "2022-11-30",
          "time": "11:34:13",
          "terminate": "false"
        },
        {
          "speaker": "speaker1",
          "personaID": "96101",
          "participantID": "30140",
          "utterance": "야근이 잦군요.. 피곤하겠습니다. 그러면 영양제 같은 거라도 드셔야하는 것 아닐까요?",
          "summary": "나는 야근이 피곤할 것 같다.",
          "date": "2022-11-30",
          "time": "11:34:31",
          "terminate": "false"
        },
        {
          "speaker": "speaker2",
          "personaID": "94461",
          "participantID": "30774",
          "utterance": "영양제를 챙겨 먹어야 하나 생각중이에요. 눈에 좋은 영양제 같은거요ㅎㅎ 님은 연주를 학원에서 하시는건가요?",
          "summary": "나는 눈에 좋은 영양제를 챙겨 먹어야 하나 생각 중이다.",
          "date": "2022-11-30",
          "time": "11:35:00",
          "terminate": "false"
        },
        {
          "speaker": "speaker1",
          "personaID": "96101",
          "participantID": "30140",
          "utterance": "학원에서는 안 하고 동영상으로 배웠습니다 ㅎㅎ 학원을 가면 좀 비싸지 않을까요?",
          "summary": "",
          "date": "2022-11-30",
          "time": "11:35:18",
          "terminate": "false"
        },
        {
          "speaker": "speaker2",
          "personaID": "94461",
          "participantID": "30774",
          "utterance": "오! 학원을 안 다니고 동영상으로 배웠다니 엄청 신기하네요! 연주가 많이 늘으셨나요?",
          "summary": "",
          "date": "2022-11-30",
          "time": "11:35:53",
          "terminate": "false"
        },
        {
          "speaker": "speaker1",
          "personaID": "96101",
          "participantID": "30140",
          "utterance": "많이 늘었습니다 ㅎㅎ 그래서 생일이 10월이었는데, 악보 같은 것도 선물 받았어요!",
          "summary": "나의 생일은 10월이다.",
          "date": "2022-11-30",
          "time": "11:36:06",
          "terminate": "false"
        },
        {
          "speaker": "speaker2",
          "personaID": "94461",
          "participantID": "30774",
          "utterance": "좋았겠네요! 전 악기 같은걸 한번도 연주해본적이 없어서ㅎㅎ 만약에 배우면 학원을 꼭 다녀야 할거 같아요ㅎㅎ.",
          "summary": "나는 배우면 학원을 꼭 다녀야 할거 같다.",
          "date": "2022-11-30",
          "time": "11:36:11",
          "terminate": "false"
        },
        {
          "speaker": "speaker1",
          "personaID": "96101",
          "participantID": "30140",
          "utterance": "음~ 혹시 재능은 있으신가요? 재능있는 사람들은 자기 혼자서도 막 연주를 하더라고요! 신기했어요.",
          "summary": "",
          "date": "2022-11-30",
          "time": "11:36:33",
          "terminate": "false"
        },
        {
          "speaker": "speaker2",
          "personaID": "94461",
          "participantID": "30774",
          "utterance": "저는 재능이 1도 없는거 같아요.. 우울하네요ㅋㅋㅋ 그런사람들은 천재 아니에요?!",
          "summary": "나는 재능이 없는 거 같다.",
          "date": "2022-11-30",
          "time": "11:37:05",
          "terminate": "false"
        },
        {
          "speaker": "speaker1",
          "personaID": "96101",
          "participantID": "30140",
          "utterance": "그런 것 같아요! 저도 그런 사람이었으면 좋았을텐데 아쉽네요.. 봉사활동하면서 이 마음을 풀어야겠어요.",
          "summary": "나는 봉사활동을 할 것이다.",
          "date": "2022-11-30",
          "time": "11:37:23",
          "terminate": "false"
        },
        {
          "speaker": "speaker2",
          "personaID": "94461",
          "participantID": "30774",
          "utterance": "봉사 활동 진짜 좋아하시나봐요~ㅎㅎ 저도 악기보다는 봉사활동을 정하는게 나을거 같아요.",
          "summary": "",
          "date": "2022-11-30",
          "time": "11:38:23",
          "terminate": "false"
        },
        {
          "speaker": "speaker1",
          "personaID": "96101",
          "participantID": "30140",
          "utterance": "그렇군요 ㅎㅎ 그러면 저는 이만 봉사활동 하러 가보겠습니다! 다음에 연락해요~",
          "summary": "",
          "date": "2022-11-30",
          "time": "11:38:35",
          "terminate": "false"
        },
        {
          "speaker": "speaker2",
          "personaID": "94461",
          "participantID": "30774",
          "utterance": "네 잘 다녀오세요! 저는 일을 마무리 하러 갈게요! 나중에 뵈요!",
          "summary": "",
          "date": "2022-11-30",
          "time": "11:38:57",
          "terminate": "true"
        }
      ],
      "sessionPersonaSummary": {
        "speaker1": [
          "나는 플루트 연습을 하고 있었다.",
          "나는 야근이 피곤할 것 같다.",
          "나의 생일은 10월이다.",
          "나는 봉사활동을 할 것이다."
        ],
        "speaker2": [
          "나는 눈에 좋은 영양제를 챙겨 먹어야 하나 생각 중이다.",
          "나는 배우면 학원을 꼭 다녀야 할거 같다.",
          "나는 재능이 없는 거 같다."
        ]
      },
      "prevAggregatedpersonaSummary": {
        "speaker1": [
          "나는 60대 남성이다.",
          "나는 플루트 연주를 자주 한다.",
          "나는 악기 연주가 재밌다.",
          "나는 2년 전에 해외 봉사활동을 다녀왔다.",
          "나는 노란색을 싫어하는 이유를 모르겠다."
        ],
        "speaker2": [
          "나는 50대 남성이다. 나는 모바일 애플리케이션 프로그래머이다.",
          "나는 매우 소극적이다.",
          "나는 노란색을 싫어한다.",
          "나는 혈액형이 AB형이다."
        ]
      }
    },
    {
      "prevSessionID": "4-00603-2",
      "prevTimeInfo": {
        "timeNum": "2",
        "timeUnit": "주"
      },
      "nthSession": "3",
      "numberOfUtterances": "14",
      "numberOfTurns": "7",
      "sessionID": "4-00603-3",
      "dialog": [
        {
          "speaker": "speaker1",
          "personaID": "96101",
          "participantID": "30140",
          "utterance": "2주일이나 시간이 지나갔네요~ 오늘은 무엇을 하고 있으셨나요? 저는 자녀 학원 알아보고 있었어요~",
          "summary": "나는 자녀 학원을 알아보고 있었다.",
          "date": "2022-11-30",
          "time": "11:39:01",
          "terminate": "false"
        },
        {
          "speaker": "speaker2",
          "personaID": "94461",
          "participantID": "30774",
          "utterance": "저는 오늘도 일을 하고 있습니다ㅠㅠ 자녀 학원이라니 자녀가 아직 학생인가요??ㅎㅎ.",
          "summary": "나는 일을 하고 있다.",
          "date": "2022-11-30",
          "time": "11:39:46",
          "terminate": "false"
        },
        {
          "speaker": "speaker1",
          "personaID": "96101",
          "participantID": "30140",
          "utterance": "자녀가 고등학생입니다 ㅎㅎ 그래서 학원을 좀 보내는게 맞는 것 같아서요! 일은 언제 끝나나요?",
          "summary": "나의 자녀는 고등학생이다.",
          "date": "2022-11-30",
          "time": "11:40:04",
          "terminate": "false"
        },
        {
          "speaker": "speaker2",
          "personaID": "94461",
          "participantID": "30774",
          "utterance": "오늘은 좀 일찍 끝날거 같아요ㅎㅎ 그래서 집안 분위기를 바꿔보려고 가구점을 좀 가볼까 합니다.",
          "summary": "나는 가구점을 가볼까 한다.",
          "date": "2022-11-30",
          "time": "11:40:43",
          "terminate": "false"
        },
        {
          "speaker": "speaker1",
          "personaID": "96101",
          "participantID": "30140",
          "utterance": "오~ 가구점에 가보시려고 하는군요! 그러면 어떤 가구를 사려고 하나요? 궁금합니다.",
          "summary": "",
          "date": "2022-11-30",
          "time": "11:40:54",
          "terminate": "false"
        },
        {
          "speaker": "speaker2",
          "personaID": "94461",
          "participantID": "30774",
          "utterance": "테이블 같은걸 사고 싶은데, 아무래도 제가 싫어하는 노란색은 피해서 살거 같아요ㅎㅎ.",
          "summary": "나는 테이블을 사고 싶다.",
          "date": "2022-11-30",
          "time": "11:41:21",
          "terminate": "false"
        },
        {
          "speaker": "speaker1",
          "personaID": "96101",
          "participantID": "30140",
          "utterance": "테이블 같은 것이라면 아무래도 흰색이나 검은색 같은 것이 좋지 않을까요? 추천드립니다!",
          "summary": "나는 흰색이나 검은색을 추천한다.",
          "date": "2022-11-30",
          "time": "11:41:44",
          "terminate": "false"
        },
        {
          "speaker": "speaker2",
          "personaID": "94461",
          "participantID": "30774",
          "utterance": "흰색이 아무래도 좋겠네요ㅎㅎ 제일 무난한 색이라고 생각하거든요ㅎㅎ.",
          "summary": "나는 흰색이 좋을 거 같다.",
          "date": "2022-11-30",
          "time": "11:42:32",
          "terminate": "false"
        },
        {
          "speaker": "speaker1",
          "personaID": "96101",
          "participantID": "30140",
          "utterance": "그렇군요 ㅎㅎ 좋은 생각입니다. 그러면 가구점에 갔다가 무엇을 하실 것인가요?",
          "summary": "",
          "date": "2022-11-30",
          "time": "11:42:59",
          "terminate": "false"
        },
        {
          "speaker": "speaker2",
          "personaID": "94461",
          "participantID": "30774",
          "utterance": "가구점에 갔다가 저녁을 먹어야겠죠?ㅎㅎ 님은 학원 알아보고 계신가요?",
          "summary": "",
          "date": "2022-11-30",
          "time": "11:43:21",
          "terminate": "false"
        },
        {
          "speaker": "speaker1",
          "personaID": "96101",
          "participantID": "30140",
          "utterance": "계속 알아보는 중입니다 ㅎㅎ 어떤 학원을 보내는게 좋을까요? 영어나 수학이 좋을까요?",
          "summary": "",
          "date": "2022-11-30",
          "time": "11:43:37",
          "terminate": "false"
        },
        {
          "speaker": "speaker2",
          "personaID": "94461",
          "participantID": "30774",
          "utterance": "무슨 과인지에 따라서 다를거 같아요ㅎㅎ 이과라면 영어나 논술이 좋을거 같고, 문과는 수학이요.",
          "summary": "나는 과에 따라 다를 거 같다.",
          "date": "2022-11-30",
          "time": "11:44:02",
          "terminate": "false"
        },
        {
          "speaker": "speaker1",
          "personaID": "96101",
          "participantID": "30140",
          "utterance": "자녀는 아마 이과 계열을 갈 것 같네요! 그러면 수리 논술 학원을 알아보고 연락드리겠습니다~",
          "summary": "나는 수리 논술 학원을 알아볼 것이다.",
          "date": "2022-11-30",
          "time": "11:44:42",
          "terminate": "false"
        },
        {
          "speaker": "speaker2",
          "personaID": "94461",
          "participantID": "30774",
          "utterance": "그래요~ 그럼 잘 알아보시고 나중에 또 연락주세요!ㅎㅎ 좋은 학원으로 알아보시면 좋겠네요!",
          "summary": "",
          "date": "2022-11-30",
          "time": "11:45:15",
          "terminate": "true"
        }
      ],
      "sessionPersonaSummary": {
        "speaker1": [
          "나는 자녀 학원을 알아보고 있었다.",
          "나의 자녀는 고등학생이다.",
          "나는 흰색이나 검은색을 추천한다.",
          "나는 수리 논술 학원을 알아볼 것이다."
        ],
        "speaker2": [
          "나는 일을 하고 있다.",
          "나는 가구점을 가볼까 한다.",
          "나는 테이블을 사고 싶다.",
          "나는 흰색이 좋을 거 같다.",
          "나는 과에 따라 다를 거 같다."
        ]
      },
      "prevAggregatedpersonaSummary": {
        "speaker1": [
          "나는 60대 남성이다.",
          "나는 플루트 연주를 자주 한다.",
          "나는 악기 연주가 재밌다.",
          "나는 2년 전에 해외 봉사활동을 다녀왔다.",
          "나는 노란색을 싫어하는 이유를 모르겠다.",
          "나는 플루트 연습을 하고 있었다.",
          "나는 야근이 피곤할 것 같다.",
          "나의 생일은 10월이다.",
          "나는 봉사활동을 할 것이다."
        ],
        "speaker2": [
          "나는 50대 남성이다. 나는 모바일 애플리케이션 프로그래머이다.",
          "나는 매우 소극적이다.",
          "나는 노란색을 싫어한다.",
          "나는 혈액형이 AB형이다.",
          "나는 눈에 좋은 영양제를 챙겨 먹어야 하나 생각 중이다.",
          "나는 배우면 학원을 꼭 다녀야 할거 같다.",
          "나는 재능이 없는 거 같다."
        ]
      }
    },
    {
      "prevSessionID": "4-00603-3",
      "prevTimeInfo": {
        "timeNum": "7",
        "timeUnit": "일"
      },
      "nthSession": "4",
      "numberOfUtterances": "14",
      "numberOfTurns": "7",
      "sessionID": "4-00603-4",
      "dialog": [
        {
          "speaker": "speaker1",
          "personaID": "96101",
          "participantID": "30140",
          "utterance": "7일이 지났습니다. 잘 지내셨나요? 저번에 말했던 테이블 구매는 잘 하셨나요?",
          "summary": "",
          "date": "2022-11-30",
          "time": "11:45:16",
          "terminate": "false"
        },
        {
          "speaker": "speaker2",
          "personaID": "94461",
          "participantID": "30774",
          "utterance": "저는 잘 지냈죠ㅎㅎ 테이블은 구매하려다가 그냥 포기했어요. 아내가 디자인을 맘에 안들어하더라구요.",
          "summary": "",
          "date": "2022-11-30",
          "time": "11:45:58",
          "terminate": "false"
        },
        {
          "speaker": "speaker1",
          "personaID": "96101",
          "participantID": "30140",
          "utterance": "정말요? 아내가 디자인을 좀 섬세하게 보는 편인가보네요.. 혹시 예술쪽에서 종사하셨던건가요?",
          "summary": "",
          "date": "2022-11-30",
          "time": "11:46:36",
          "terminate": "false"
        },
        {
          "speaker": "speaker2",
          "personaID": "94461",
          "participantID": "30774",
          "utterance": "그런건 아닙니다ㅎㅎ 근데 왠만한 여자들이 색과 디자인이 다 잘 맞아야 한다고 생각하는거 같아요ㅋㅋ.",
          "summary": "",
          "date": "2022-11-30",
          "time": "11:47:11",
          "terminate": "false"
        },
        {
          "speaker": "speaker1",
          "personaID": "96101",
          "participantID": "30140",
          "utterance": "색과 디자인이라니, 뭔가 어렵네요 ㅋㅋ 저는 마음을 비우고 봉사활동하는게 더 편할 것 같아요 ㅋㅋ.",
          "summary": "나는 봉사활동을 하는 게 편할 것 같다.",
          "date": "2022-11-30",
          "time": "11:47:41",
          "terminate": "false"
        },
        {
          "speaker": "speaker2",
          "personaID": "94461",
          "participantID": "30774",
          "utterance": "아핫..ㅋㅋ 여자들 마음이란 좀 어렵긴 하죠ㅋㅋ 이번에도 봉사 활동 계획하시는게 있나요?",
          "summary": "나는 여자들의 마음이 어렵다.",
          "date": "2022-11-30",
          "time": "11:48:31",
          "terminate": "false"
        },
        {
          "speaker": "speaker1",
          "personaID": "96101",
          "participantID": "30140",
          "utterance": "저는 이번에 해외 봉사활동을 또 갈까 생각합니다 ㅎㅎ 해외 가보신 적 있으신가요?",
          "summary": "나는 해외 봉사활동을 또 갈까 한다.",
          "date": "2022-11-30",
          "time": "11:48:50",
          "terminate": "false"
        },
        {
          "speaker": "speaker2",
          "personaID": "94461",
          "participantID": "30774",
          "utterance": "아하.. 아뇨ㅎㅎ 해외로는 한번도 가보지 않았네요ㅎㅎ 국내라면 한번 따라가보고 싶은 마음이였거든요ㅎㅎ.",
          "summary": "나는 국내면 한번 따라가 보고 싶었다.",
          "date": "2022-11-30",
          "time": "11:49:23",
          "terminate": "false"
        },
        {
          "speaker": "speaker1",
          "personaID": "96101",
          "participantID": "30140",
          "utterance": "나중에 국내로 가게 된다면 먼저 연락 드릴게요 ㅋㅋ 자녀 학원 등록을 하니 마음이 좀 편해지네요~",
          "summary": "나는 자녀 학원 등록을 마쳤다.",
          "date": "2022-11-30",
          "time": "11:49:42",
          "terminate": "false"
        },
        {
          "speaker": "speaker2",
          "personaID": "94461",
          "participantID": "30774",
          "utterance": "학원을 등록 하셨군요~ 그때 말했던 수리 논술을 등록하셨나요?",
          "summary": "",
          "date": "2022-11-30",
          "time": "11:50:00",
          "terminate": "false"
        },
        {
          "speaker": "speaker1",
          "personaID": "96101",
          "participantID": "30140",
          "utterance": "그렇습니다 ㅎㅎ 영어는 일단 기본은 하는 것 같아서 논술을 하는게 맞지 않나 싶어서요!",
          "summary": "",
          "date": "2022-11-30",
          "time": "11:50:40",
          "terminate": "false"
        },
        {
          "speaker": "speaker2",
          "personaID": "94461",
          "participantID": "30774",
          "utterance": "맞긴한거 같아요ㅎㅎ 영어는 보통 다 기본적으로 하긴하죠ㅎㅎ 요즘 논술 학원 잡기 힘들다던데 잘 잡으셨네요ㅎㅎ.",
          "summary": "나는 요즘 논술 학원을 잡기 힘들다고 알고 있다.",
          "date": "2022-11-30",
          "time": "11:51:21",
          "terminate": "false"
        },
        {
          "speaker": "speaker1",
          "personaID": "96101",
          "participantID": "30140",
          "utterance": "그런 것 같아요 ㅋㅋ 저는 슬슬 이제 해외 나갈 준비하고 있겠습니다! 다음에 다시 연락해요~",
          "summary": "",
          "date": "2022-11-30",
          "time": "11:51:49",
          "terminate": "false"
        },
        {
          "speaker": "speaker2",
          "personaID": "94461",
          "participantID": "30774",
          "utterance": "아 그렇군요~ 그럼 다음에 또 연락주세요! 해외 가실 준비 잘 하시길 바랄게요!",
          "summary": "",
          "date": "2022-11-30",
          "time": "11:52:30",
          "terminate": "true"
        }
      ],
      "sessionPersonaSummary": {
        "speaker1": [
          "나는 봉사활동을 하는 게 편할 것 같다.",
          "나는 해외 봉사활동을 또 갈까 한다.",
          "나는 자녀 학원 등록을 마쳤다."
        ],
        "speaker2": [
          "나는 여자들의 마음이 어렵다.",
          "나는 국내면 한번 따라가 보고 싶었다.",
          "나는 요즘 논술 학원을 잡기 힘들다고 알고 있다."
        ]
      },
      "prevAggregatedpersonaSummary": {
        "speaker1": [
          "나는 60대 남성이다.",
          "나는 플루트 연주를 자주 한다.",
          "나는 악기 연주가 재밌다.",
          "나는 2년 전에 해외 봉사활동을 다녀왔다.",
          "나는 노란색을 싫어하는 이유를 모르겠다.",
          "나는 플루트 연습을 하고 있었다.",
          "나는 야근이 피곤할 것 같다.",
          "나의 생일은 10월이다.",
          "나는 봉사활동을 할 것이다.",
          "나는 자녀 학원을 알아보고 있었다.",
          "나의 자녀는 고등학생이다.",
          "나는 흰색이나 검은색을 추천한다.",
          "나는 수리 논술 학원을 알아볼 것이다."
        ],
        "speaker2": [
          "나는 50대 남성이다. 나는 모바일 애플리케이션 프로그래머이다.",
          "나는 매우 소극적이다.",
          "나는 노란색을 싫어한다.",
          "나는 혈액형이 AB형이다.",
          "나는 눈에 좋은 영양제를 챙겨 먹어야 하나 생각 중이다.",
          "나는 배우면 학원을 꼭 다녀야 할거 같다.",
          "나는 재능이 없는 거 같다.",
          "나는 일을 하고 있다.",
          "나는 가구점을 가볼까 한다.",
          "나는 테이블을 사고 싶다.",
          "나는 흰색이 좋을 거 같다.",
          "나는 과에 따라 다를 거 같다."
        ]
      }
    }
  ]
}