{
  "FileInfo": {
    "filename": "K4-00040-CL20550-CP30934-19-03-S4.json",
    "sessionLevel": "4"
  },
  "participantsInfo": {
    "numberOfParticipants": "2",
    "speaker1": {
      "participantID": "0219",
      "gender": "남성",
      "age": "30대",
      "occupation": "기타",
      "bPlace": "서울/경기/인천",
      "gPlace": "서울/경기/인천",
      "rPlace": "서울/경기/인천",
      "educationLevel": "고졸"
    },
    "speaker2": {
      "participantID": "0219",
      "gender": "남성",
      "age": "30대",
      "occupation": "기타",
      "bPlace": "서울/경기/인천",
      "gPlace": "서울/경기/인천",
      "rPlace": "서울/경기/인천",
      "educationLevel": "고졸"
    }
  },
  "multisessionInfo": {
    "multisessionID": "4-00040"
  },
  "personaInfo": {
    "clInfo": {
      "personaID": "20550",
      "personaFeatures": [
        "나는 남자이다.",
        "나는 20대이다.",
        "나의 거주지는 서울이다",
        "나는 종교학 전공이다",
        "나는 필라테스를 좋아한다"
      ],
      "speakerType": "speaker1"
    },
    "cpInfo": {
      "personaID": "30934",
      "personaFeatures": [
        "나는 남자이다.",
        "나는 30대이다.",
        "나는 영어를 좋아한다",
        "나는 미국에 가 보고 싶다",
        "나는 샌드위치를 안 먹는다"
      ],
      "speakerType": "speaker2"
    }
  },
  "topicInfo": {
    "topicID": "19-03",
    "topicType": "예술문화 생활>방송/연예",
    "topicTitle": "예능"
  },
  "sessionInfo": [
    {
      "prevSessionID": null,
      "prevTimeInfo": {
        "timeNum": null,
        "timeUnit": null
      },
      "nthSession": "1",
      "numberOfUtterances": "15",
      "numberOfTurns": "7",
      "sessionID": "4-00040-1",
      "dialog": [
        {
          "speaker": "speaker1",
          "personaID": "20550",
          "participantID": "0219",
          "utterance": "반갑습니다. 저는 20대 남자입니다.",
          "summary": "나는 20대 남자다.",
          "date": "2022-11-06",
          "time": "19:47:39",
          "terminate": "false"
        },
        {
          "speaker": "speaker1",
          "personaID": "20550",
          "participantID": "0219",
          "utterance": "반가워요~ 저는 30대 남자에요~",
          "summary": "나는 30대 남자다.",
          "date": "2022-11-06",
          "time": "19:47:51",
          "terminate": "false"
        },
        {
          "speaker": "speaker1",
          "personaID": "20550",
          "participantID": "0219",
          "utterance": "안녕하세요~ 저는 서울에 살고 필라테스를 좋아하는 학생입니다.",
          "summary": "나는 서울에 거주 중이다. 나는 필라테스를 좋아한다.",
          "date": "2022-11-06",
          "time": "19:48:21",
          "terminate": "false"
        },
        {
          "speaker": "speaker1",
          "personaID": "20550",
          "participantID": "0219",
          "utterance": "반가워요. 저는 영어를 좋아하고 미국에 가 보고 싶은 직장인이에요.",
          "summary": "나는 영어를 좋아한다. 나는 미국에 가 보고 싶다. 나는 직장인이다.",
          "date": "2022-11-06",
          "time": "19:48:43",
          "terminate": "false"
        },
        {
          "speaker": "speaker1",
          "personaID": "20550",
          "participantID": "0219",
          "utterance": "저는 지금 종교학을 전공 중인데, 미국은 왜 가 보고 싶으세요?",
          "summary": "나는 종교학을 전공한다.",
          "date": "2022-11-06",
          "time": "19:49:12",
          "terminate": "false"
        },
        {
          "speaker": "speaker1",
          "personaID": "20550",
          "participantID": "0219",
          "utterance": "샌드위치를 안 먹는데 미국에 있는 샌드위치는 한 번 먹어보고 싶거든요!",
          "summary": "나는 샌드위치를 안 먹는다.",
          "date": "2022-11-06",
          "time": "19:49:35",
          "terminate": "false"
        },
        {
          "speaker": "speaker1",
          "personaID": "20550",
          "participantID": "0219",
          "utterance": "아~ 샌드위치를 안 드세요? 저는 매일 샌드위치를 먹거든요.",
          "summary": "나는 매일 샌드위치를 먹는다.",
          "date": "2022-11-06",
          "time": "19:49:55",
          "terminate": "false"
        },
        {
          "speaker": "speaker1",
          "personaID": "20550",
          "participantID": "0219",
          "utterance": "그렇군요~! 그런데 남자분이 어쩌다 필라테스를 좋아하게 된건가요?",
          "summary": "",
          "date": "2022-11-06",
          "time": "19:50:19",
          "terminate": "false"
        },
        {
          "speaker": "speaker1",
          "personaID": "20550",
          "participantID": "0219",
          "utterance": "아.. 저희 누나가 필라테스 강사거든요. . .",
          "summary": "나의 누나는 필라테스 강사이다.",
          "date": "2022-11-06",
          "time": "19:50:32",
          "terminate": "false"
        },
        {
          "speaker": "speaker1",
          "personaID": "20550",
          "participantID": "0219",
          "utterance": "오~ 누나분은 남자친구가 있으신가요?",
          "summary": "",
          "date": "2022-11-06",
          "time": "19:50:44",
          "terminate": "false"
        },
        {
          "speaker": "speaker1",
          "personaID": "20550",
          "participantID": "0219",
          "utterance": "아뇨~! 누나는 남자친구가 아직 없어요!",
          "summary": "나의 누나는 남자 친구가 없다.",
          "date": "2022-11-06",
          "time": "19:50:57",
          "terminate": "false"
        },
        {
          "speaker": "speaker1",
          "personaID": "20550",
          "participantID": "0219",
          "utterance": "처남~ 먹고 싶은거 없어요? 제가 무엇이든 해줄게요.",
          "summary": "",
          "date": "2022-11-06",
          "time": "19:51:10",
          "terminate": "false"
        },
        {
          "speaker": "speaker1",
          "personaID": "20550",
          "participantID": "0219",
          "utterance": "하하하 처남이라뇨! 재밌으시네요!",
          "summary": "",
          "date": "2022-11-06",
          "time": "19:51:18",
          "terminate": "false"
        },
        {
          "speaker": "speaker1",
          "personaID": "20550",
          "participantID": "0219",
          "utterance": "아 이런 업무가 밀려서 업무 끝나고 연락할게요. 처남~!",
          "summary": "나는 업무가 밀렸다.",
          "date": "2022-11-06",
          "time": "19:51:41",
          "terminate": "false"
        },
        {
          "speaker": "speaker1",
          "personaID": "20550",
          "participantID": "0219",
          "utterance": "하하하 처남이라뇨! 업무 잘 보고 연락주세요그럼!",
          "summary": "",
          "date": "2022-11-06",
          "time": "19:51:52",
          "terminate": "true"
        }
      ],
      "sessionPersonaSummary": {
        "speaker1": [
          "나는 20대 남자다.",
          "나는 30대 남자다.",
          "나는 서울에 거주 중이다. 나는 필라테스를 좋아한다.",
          "나는 영어를 좋아한다. 나는 미국에 가 보고 싶다. 나는 직장인이다.",
          "나는 종교학을 전공한다.",
          "나는 샌드위치를 안 먹는다.",
          "나는 매일 샌드위치를 먹는다.",
          "나의 누나는 필라테스 강사이다.",
          "나의 누나는 남자 친구가 없다.",
          "나는 업무가 밀렸다."
        ],
        "speaker2": [
          "나는 20대 남자다.",
          "나는 30대 남자다.",
          "나는 서울에 거주 중이다. 나는 필라테스를 좋아한다.",
          "나는 영어를 좋아한다. 나는 미국에 가 보고 싶다. 나는 직장인이다.",
          "나는 종교학을 전공한다.",
          "나는 샌드위치를 안 먹는다.",
          "나는 매일 샌드위치를 먹는다.",
          "나의 누나는 필라테스 강사이다.",
          "나의 누나는 남자 친구가 없다.",
          "나는 업무가 밀렸다."
        ]
      },
      "prevAggregatedpersonaSummary": {
        "speaker1": [],
        "speaker2": []
      }
    },
    {
      "prevSessionID": "4-00040-1",
      "prevTimeInfo": {
        "timeNum": "3",
        "timeUnit": "주"
      },
      "nthSession": "2",
      "numberOfUtterances": "15",
      "numberOfTurns": "7",
      "sessionID": "4-00040-2",
      "dialog": [
        {
          "speaker": "speaker1",
          "personaID": "20550",
          "participantID": "0219",
          "utterance": "저번에 업무하러 가신 뒤 3주만이네요~! 저희 누나 남자친구 생겼어요!\n",
          "summary": "나의 누나는 3주 만에 남자 친구가 생겼다.",
          "date": "2022-11-06",
          "time": "19:53:39",
          "terminate": "false"
        },
        {
          "speaker": "speaker1",
          "personaID": "20550",
          "participantID": "0219",
          "utterance": "뭐라구요? 필라테스 강사분이 남자 친구 생겼다구요? 너무 슬프네요..",
          "summary": "나는 너무 슬프다.",
          "date": "2022-11-06",
          "time": "19:54:39",
          "terminate": "false"
        },
        {
          "speaker": "speaker1",
          "personaID": "20550",
          "participantID": "0219",
          "utterance": "네;; 누나가 이번에 예능 프로그램 촬영을 했었거든요~!",
          "summary": "나의 누나는 예능 프로그램 촬영을 했다.",
          "date": "2022-11-06",
          "time": "19:55:06",
          "terminate": "false"
        },
        {
          "speaker": "speaker1",
          "personaID": "20550",
          "participantID": "0219",
          "utterance": "도대체 어떤 예능을 찍으셨길래 남자 친구가 생겼어요?",
          "summary": "",
          "date": "2022-11-06",
          "time": "19:55:33",
          "terminate": "false"
        },
        {
          "speaker": "speaker1",
          "personaID": "20550",
          "participantID": "0219",
          "utterance": "나는SOLO라고 연애 예능 프로그램에 이번에 출연 했거든요!",
          "summary": "나의 누나는 나는 SOLO라는 프로그램에 출연했다.",
          "date": "2022-11-06",
          "time": "19:55:50",
          "terminate": "false"
        },
        {
          "speaker": "speaker1",
          "personaID": "20550",
          "participantID": "0219",
          "utterance": "아.. 저도 그 예능 프로그램 자주 봤었는데.. 설마 거기서 커플 된 건 아니죠?",
          "summary": "나는 나는 SOLO 프로그램을 자주 봤었다.",
          "date": "2022-11-06",
          "time": "19:56:09",
          "terminate": "false"
        },
        {
          "speaker": "speaker1",
          "personaID": "20550",
          "participantID": "0219",
          "utterance": "맞아요~! 누나가 동종업계 사람은 싫어하는데 이번에 학원 강사분이랑 연애 시작 했데요!",
          "summary": "나의 누나는 학원 강사와 연애를 한다.",
          "date": "2022-11-06",
          "time": "19:56:42",
          "terminate": "false"
        },
        {
          "speaker": "speaker1",
          "personaID": "20550",
          "participantID": "0219",
          "utterance": "하아.. 정말 슬프네요.. 기분 전환 할 겸 예능이나 봐야겠어요.",
          "summary": "나는 기분 전환 겸 예능을 보려 한다.",
          "date": "2022-11-06",
          "time": "19:57:02",
          "terminate": "false"
        },
        {
          "speaker": "speaker1",
          "personaID": "20550",
          "participantID": "0219",
          "utterance": "저는 지금 무한 도전 예능 옛날 꺼 다시 보고 있는데 어떤 것 보시려구요?",
          "summary": "나는 무한도전을 본다.",
          "date": "2022-11-06",
          "time": "19:57:21",
          "terminate": "false"
        },
        {
          "speaker": "speaker1",
          "personaID": "20550",
          "participantID": "0219",
          "utterance": "여행 힐링 하고 싶어져서 1박 2일 예능 봐야겠어요..",
          "summary": "나는 여행 힐링으로 1박 2일을 본다.",
          "date": "2022-11-06",
          "time": "19:57:32",
          "terminate": "false"
        },
        {
          "speaker": "speaker1",
          "personaID": "20550",
          "participantID": "0219",
          "utterance": "하하 저는 뿅뿅지구오락실 예능 프로그램을 봐야겠어요!",
          "summary": "나는 뿅뿅 지구 오락실 예능을 본다.",
          "date": "2022-11-06",
          "time": "19:57:52",
          "terminate": "false"
        },
        {
          "speaker": "speaker1",
          "personaID": "20550",
          "participantID": "0219",
          "utterance": "그건 또 무슨 프로그램이에요?",
          "summary": "",
          "date": "2022-11-06",
          "time": "19:58:00",
          "terminate": "false"
        },
        {
          "speaker": "speaker1",
          "personaID": "20550",
          "participantID": "0219",
          "utterance": "요즘 신세대들이 보는 프로인데 모르시군요? 한 번 검색해보세요!",
          "summary": "",
          "date": "2022-11-06",
          "time": "19:58:17",
          "terminate": "false"
        },
        {
          "speaker": "speaker1",
          "personaID": "20550",
          "participantID": "0219",
          "utterance": "노땅이라 놀리나보네요. 쳇 검색하고 보러 갈게요 그럼!",
          "summary": "",
          "date": "2022-11-06",
          "time": "19:58:31",
          "terminate": "false"
        },
        {
          "speaker": "speaker1",
          "personaID": "20550",
          "participantID": "0219",
          "utterance": "아.. 그런건 아니였는데 그럼 재밌게 보시고 연락주세요!",
          "summary": "",
          "date": "2022-11-06",
          "time": "19:58:43",
          "terminate": "true"
        }
      ],
      "sessionPersonaSummary": {
        "speaker1": [
          "나의 누나는 3주 만에 남자 친구가 생겼다.",
          "나는 너무 슬프다.",
          "나의 누나는 예능 프로그램 촬영을 했다.",
          "나의 누나는 나는 SOLO라는 프로그램에 출연했다.",
          "나는 나는 SOLO 프로그램을 자주 봤었다.",
          "나의 누나는 학원 강사와 연애를 한다.",
          "나는 기분 전환 겸 예능을 보려 한다.",
          "나는 무한도전을 본다.",
          "나는 여행 힐링으로 1박 2일을 본다.",
          "나는 뿅뿅 지구 오락실 예능을 본다."
        ],
        "speaker2": [
          "나의 누나는 3주 만에 남자 친구가 생겼다.",
          "나는 너무 슬프다.",
          "나의 누나는 예능 프로그램 촬영을 했다.",
          "나의 누나는 나는 SOLO라는 프로그램에 출연했다.",
          "나는 나는 SOLO 프로그램을 자주 봤었다.",
          "나의 누나는 학원 강사와 연애를 한다.",
          "나는 기분 전환 겸 예능을 보려 한다.",
          "나는 무한도전을 본다.",
          "나는 여행 힐링으로 1박 2일을 본다.",
          "나는 뿅뿅 지구 오락실 예능을 본다."
        ]
      },
      "prevAggregatedpersonaSummary": {
        "speaker1": [
          "나는 20대 남자다.",
          "나는 30대 남자다.",
          "나는 서울에 거주 중이다. 나는 필라테스를 좋아한다.",
          "나는 영어를 좋아한다. 나는 미국에 가 보고 싶다. 나는 직장인이다.",
          "나는 종교학을 전공한다.",
          "나는 샌드위치를 안 먹는다.",
          "나는 매일 샌드위치를 먹는다.",
          "나의 누나는 필라테스 강사이다.",
          "나의 누나는 남자 친구가 없다.",
          "나는 업무가 밀렸다."
        ],
        "speaker2": [
          "나는 20대 남자다.",
          "나는 30대 남자다.",
          "나는 서울에 거주 중이다. 나는 필라테스를 좋아한다.",
          "나는 영어를 좋아한다. 나는 미국에 가 보고 싶다. 나는 직장인이다.",
          "나는 종교학을 전공한다.",
          "나는 샌드위치를 안 먹는다.",
          "나는 매일 샌드위치를 먹는다.",
          "나의 누나는 필라테스 강사이다.",
          "나의 누나는 남자 친구가 없다.",
          "나는 업무가 밀렸다."
        ]
      }
    },
    {
      "prevSessionID": "4-00040-2",
      "prevTimeInfo": {
        "timeNum": "6",
        "timeUnit": "일"
      },
      "nthSession": "3",
      "numberOfUtterances": "15",
      "numberOfTurns": "7",
      "sessionID": "4-00040-3",
      "dialog": [
        {
          "speaker": "speaker1",
          "personaID": "20550",
          "participantID": "0219",
          "utterance": "6일만에 연락드리는데 잘 지내고 계시죠?",
          "summary": "",
          "date": "2022-11-06",
          "time": "20:00:55",
          "terminate": "false"
        },
        {
          "speaker": "speaker1",
          "personaID": "20550",
          "participantID": "0219",
          "utterance": "그럼요~! 저도 이번에 여자 친구생겼거든요~! 하하",
          "summary": "나는 여자 친구가 생겼다.",
          "date": "2022-11-06",
          "time": "20:01:19",
          "terminate": "false"
        },
        {
          "speaker": "speaker1",
          "personaID": "20550",
          "participantID": "0219",
          "utterance": "축하드려요~! 저도 이번에 필라테스 하다가 여자 친구 생겼거든요!",
          "summary": "나는 여자 친구가 생겼다.",
          "date": "2022-11-06",
          "time": "20:01:43",
          "terminate": "false"
        },
        {
          "speaker": "speaker1",
          "personaID": "20550",
          "participantID": "0219",
          "utterance": "그럼 같이 필라테스를 하는거에요? 대박인데요?",
          "summary": "",
          "date": "2022-11-06",
          "time": "20:01:56",
          "terminate": "false"
        },
        {
          "speaker": "speaker1",
          "personaID": "20550",
          "participantID": "0219",
          "utterance": "맞아요~! 같이 레깅스 입고 필라테스해요~! 누나 남자친구도 같이 오기도해요!",
          "summary": "",
          "date": "2022-11-06",
          "time": "20:02:17",
          "terminate": "false"
        },
        {
          "speaker": "speaker1",
          "personaID": "20550",
          "participantID": "0219",
          "utterance": "하하.. 뭔가 민망하네요;; 여튼 축하드려요! 저는 오늘도 예능이나 보려구요!",
          "summary": "나는 오늘도 예능을 시청한다.",
          "date": "2022-11-06",
          "time": "20:02:36",
          "terminate": "false"
        },
        {
          "speaker": "speaker1",
          "personaID": "20550",
          "participantID": "0219",
          "utterance": "데이트는 안 하세요~?! 저는 이번에 예능 프로 런닝맨에 나온 곳 데이트 가거든요.",
          "summary": "나는 런닝맨 촬영지로 데이트를 간다.",
          "date": "2022-11-06",
          "time": "20:02:56",
          "terminate": "false"
        },
        {
          "speaker": "speaker1",
          "personaID": "20550",
          "participantID": "0219",
          "utterance": "아~ 지금 여자 친구가 집에 놀러와서 같이 보려구해요~! ",
          "summary": "나의 여자 친구가 집에 놀러 왔다.",
          "date": "2022-11-06",
          "time": "20:03:21",
          "terminate": "false"
        },
        {
          "speaker": "speaker1",
          "personaID": "20550",
          "participantID": "0219",
          "utterance": "와 자취 하시나봐요? 저는 아직도 가족들이랑 지내거든요~!",
          "summary": "나는 가족들과 지낸다.",
          "date": "2022-11-06",
          "time": "20:03:36",
          "terminate": "false"
        },
        {
          "speaker": "speaker1",
          "personaID": "20550",
          "participantID": "0219",
          "utterance": "자취한 지 벌써 8년은 지난 것 같아요~ 오늘은 범인은 바로 너라는 프로그램을 봐야겠어요.",
          "summary": "나는 자취한 지 8년이 되었다.",
          "date": "2022-11-06",
          "time": "20:05:08",
          "terminate": "false"
        },
        {
          "speaker": "speaker1",
          "personaID": "20550",
          "participantID": "0219",
          "utterance": "저는 오늘 예능은 안 보려구요!",
          "summary": "나는 오늘 예능을 안 본다.",
          "date": "2022-11-06",
          "time": "20:05:29",
          "terminate": "false"
        },
        {
          "speaker": "speaker1",
          "personaID": "20550",
          "participantID": "0219",
          "utterance": "이따 데이트 간다고 했죠? 저는 여자 친구가 보고 싶다고 해서 ...",
          "summary": "나의 여자 친구는 범인은 바로 너 프로그램을 보고 싶어 한다.",
          "date": "2022-11-06",
          "time": "20:05:48",
          "terminate": "false"
        },
        {
          "speaker": "speaker1",
          "personaID": "20550",
          "participantID": "0219",
          "utterance": "네~ 슬슬 여자친구 올 시간이 되었어요!",
          "summary": "",
          "date": "2022-11-06",
          "time": "20:06:00",
          "terminate": "false"
        },
        {
          "speaker": "speaker1",
          "personaID": "20550",
          "participantID": "0219",
          "utterance": "그럼 데이트 즐겁게 잘 하시고 저는 여자 친구랑 예능 보러 갈게요!",
          "summary": "",
          "date": "2022-11-06",
          "time": "20:06:13",
          "terminate": "false"
        },
        {
          "speaker": "speaker1",
          "personaID": "20550",
          "participantID": "0219",
          "utterance": "네~! 즐거운 데이트 되세요!!",
          "summary": "",
          "date": "2022-11-06",
          "time": "20:06:22",
          "terminate": "true"
        }
      ],
      "sessionPersonaSummary": {
        "speaker1": [
          "나는 여자 친구가 생겼다.",
          "나는 여자 친구가 생겼다.",
          "나는 오늘도 예능을 시청한다.",
          "나는 런닝맨 촬영지로 데이트를 간다.",
          "나의 여자 친구가 집에 놀러 왔다.",
          "나는 가족들과 지낸다.",
          "나는 자취한 지 8년이 되었다.",
          "나는 오늘 예능을 안 본다.",
          "나의 여자 친구는 범인은 바로 너 프로그램을 보고 싶어 한다."
        ],
        "speaker2": [
          "나는 여자 친구가 생겼다.",
          "나는 여자 친구가 생겼다.",
          "나는 오늘도 예능을 시청한다.",
          "나는 런닝맨 촬영지로 데이트를 간다.",
          "나의 여자 친구가 집에 놀러 왔다.",
          "나는 가족들과 지낸다.",
          "나는 자취한 지 8년이 되었다.",
          "나는 오늘 예능을 안 본다.",
          "나의 여자 친구는 범인은 바로 너 프로그램을 보고 싶어 한다."
        ]
      },
      "prevAggregatedpersonaSummary": {
        "speaker1": [
          "나는 20대 남자다.",
          "나는 30대 남자다.",
          "나는 서울에 거주 중이다. 나는 필라테스를 좋아한다.",
          "나는 영어를 좋아한다. 나는 미국에 가 보고 싶다. 나는 직장인이다.",
          "나는 종교학을 전공한다.",
          "나는 샌드위치를 안 먹는다.",
          "나는 매일 샌드위치를 먹는다.",
          "나의 누나는 필라테스 강사이다.",
          "나의 누나는 남자 친구가 없다.",
          "나는 업무가 밀렸다.",
          "나의 누나는 3주 만에 남자 친구가 생겼다.",
          "나는 너무 슬프다.",
          "나의 누나는 예능 프로그램 촬영을 했다.",
          "나의 누나는 나는 SOLO라는 프로그램에 출연했다.",
          "나는 나는 SOLO 프로그램을 자주 봤었다.",
          "나의 누나는 학원 강사와 연애를 한다.",
          "나는 기분 전환 겸 예능을 보려 한다.",
          "나는 무한도전을 본다.",
          "나는 여행 힐링으로 1박 2일을 본다.",
          "나는 뿅뿅 지구 오락실 예능을 본다."
        ],
        "speaker2": [
          "나는 20대 남자다.",
          "나는 30대 남자다.",
          "나는 서울에 거주 중이다. 나는 필라테스를 좋아한다.",
          "나는 영어를 좋아한다. 나는 미국에 가 보고 싶다. 나는 직장인이다.",
          "나는 종교학을 전공한다.",
          "나는 샌드위치를 안 먹는다.",
          "나는 매일 샌드위치를 먹는다.",
          "나의 누나는 필라테스 강사이다.",
          "나의 누나는 남자 친구가 없다.",
          "나는 업무가 밀렸다.",
          "나의 누나는 3주 만에 남자 친구가 생겼다.",
          "나는 너무 슬프다.",
          "나의 누나는 예능 프로그램 촬영을 했다.",
          "나의 누나는 나는 SOLO라는 프로그램에 출연했다.",
          "나는 나는 SOLO 프로그램을 자주 봤었다.",
          "나의 누나는 학원 강사와 연애를 한다.",
          "나는 기분 전환 겸 예능을 보려 한다.",
          "나는 무한도전을 본다.",
          "나는 여행 힐링으로 1박 2일을 본다.",
          "나는 뿅뿅 지구 오락실 예능을 본다."
        ]
      }
    },
    {
      "prevSessionID": "4-00040-3",
      "prevTimeInfo": {
        "timeNum": "10",
        "timeUnit": "시간"
      },
      "nthSession": "4",
      "numberOfUtterances": "15",
      "numberOfTurns": "7",
      "sessionID": "4-00040-4",
      "dialog": [
        {
          "speaker": "speaker1",
          "personaID": "20550",
          "participantID": "0219",
          "utterance": "10시간만이네요! 오늘 데이트는 잘 하셨나요? 저는 촬영지에 갔다가 집에 왔어요~!",
          "summary": "나는 촬영지 데이트를 하고 집에 왔다.",
          "date": "2022-11-06",
          "time": "20:08:54",
          "terminate": "false"
        },
        {
          "speaker": "speaker1",
          "personaID": "20550",
          "participantID": "0219",
          "utterance": "저는 지금 방에 여자 친구가 잠 들었어요.",
          "summary": "나의 여자 친구는 내 방에서 자고 있다.",
          "date": "2022-11-06",
          "time": "20:09:35",
          "terminate": "false"
        },
        {
          "speaker": "speaker1",
          "personaID": "20550",
          "participantID": "0219",
          "utterance": "헉 여자 친구분이 주무시고 가시나봐요?",
          "summary": "",
          "date": "2022-11-06",
          "time": "20:09:49",
          "terminate": "false"
        },
        {
          "speaker": "speaker1",
          "personaID": "20550",
          "participantID": "0219",
          "utterance": "아마 그럴 것 같아요~! 아직 잘 시간이 안 되서 예능 뭘 봐야 할 지 고민 중이에요!",
          "summary": "나는 잠들기 전에 예능을 보려고 한다.",
          "date": "2022-11-06",
          "time": "20:10:09",
          "terminate": "false"
        },
        {
          "speaker": "speaker1",
          "personaID": "20550",
          "participantID": "0219",
          "utterance": "요즘 동영상 채널 보고 있는데 하나 추천해드릴까요?",
          "summary": "",
          "date": "2022-11-06",
          "time": "21:00:26",
          "terminate": "false"
        },
        {
          "speaker": "speaker1",
          "personaID": "20550",
          "participantID": "0219",
          "utterance": "그럼 감사하죠! 웬만하면 재밌는 걸로 추천 해주세요!",
          "summary": "",
          "date": "2022-11-06",
          "time": "21:00:42",
          "terminate": "false"
        },
        {
          "speaker": "speaker1",
          "personaID": "20550",
          "participantID": "0219",
          "utterance": "@이름1@라고 동영상 채널 검색하면 나오는데 진짜 신박하고 재밌어요!",
          "summary": "나는 @이름1@라는 채널의 영상이 재밌다.",
          "date": "2022-11-06",
          "time": "21:01:10",
          "terminate": "false"
        },
        {
          "speaker": "speaker1",
          "personaID": "20550",
          "participantID": "0219",
          "utterance": "처음 듣는 사람이네요? 저도 동영상 채널 자주 보는 편이거든요!",
          "summary": "나는 동영상 채널을 자주 보는 편이다.",
          "date": "2022-11-06",
          "time": "21:01:33",
          "terminate": "false"
        },
        {
          "speaker": "speaker1",
          "personaID": "20550",
          "participantID": "0219",
          "utterance": "진짜 엄청 웃겨요! 한 번 보시면 아마 계속 보실껄요?",
          "summary": "",
          "date": "2022-11-06",
          "time": "21:01:51",
          "terminate": "false"
        },
        {
          "speaker": "speaker1",
          "personaID": "20550",
          "participantID": "0219",
          "utterance": "그럼 한 번 봐야겠어요! 너무 웃다가 여자 친구 깰까봐 걱정이네요!",
          "summary": "",
          "date": "2022-11-06",
          "time": "21:02:10",
          "terminate": "false"
        },
        {
          "speaker": "speaker1",
          "personaID": "20550",
          "participantID": "0219",
          "utterance": "하하하 아마 빵 터져서 웃으시다가 깨 실 수도 있어요~!",
          "summary": "",
          "date": "2022-11-06",
          "time": "21:02:43",
          "terminate": "false"
        },
        {
          "speaker": "speaker1",
          "personaID": "20550",
          "participantID": "0219",
          "utterance": "그럼 저 검색해서 좀 보고 올게요!",
          "summary": "",
          "date": "2022-11-06",
          "time": "21:02:53",
          "terminate": "false"
        },
        {
          "speaker": "speaker1",
          "personaID": "20550",
          "participantID": "0219",
          "utterance": "그러세요~!! 저도 한 번 봐야겠어요~!",
          "summary": "",
          "date": "2022-11-06",
          "time": "21:03:07",
          "terminate": "false"
        },
        {
          "speaker": "speaker1",
          "personaID": "20550",
          "participantID": "0219",
          "utterance": "네~! 나중에 후기 알려드릴게요! ㅋㅋ",
          "summary": "",
          "date": "2022-11-06",
          "time": "21:03:22",
          "terminate": "false"
        },
        {
          "speaker": "speaker1",
          "personaID": "20550",
          "participantID": "0219",
          "utterance": "네~! 재밌게 보시고 즐거운 밤 되세요!",
          "summary": "",
          "date": "2022-11-06",
          "time": "21:03:30",
          "terminate": "true"
        }
      ],
      "sessionPersonaSummary": {
        "speaker1": [
          "나는 촬영지 데이트를 하고 집에 왔다.",
          "나의 여자 친구는 내 방에서 자고 있다.",
          "나는 잠들기 전에 예능을 보려고 한다.",
          "나는 @이름1@라는 채널의 영상이 재밌다.",
          "나는 동영상 채널을 자주 보는 편이다."
        ],
        "speaker2": [
          "나는 촬영지 데이트를 하고 집에 왔다.",
          "나의 여자 친구는 내 방에서 자고 있다.",
          "나는 잠들기 전에 예능을 보려고 한다.",
          "나는 @이름1@라는 채널의 영상이 재밌다.",
          "나는 동영상 채널을 자주 보는 편이다."
        ]
      },
      "prevAggregatedpersonaSummary": {
        "speaker1": [
          "나는 20대 남자다.",
          "나는 30대 남자다.",
          "나는 서울에 거주 중이다. 나는 필라테스를 좋아한다.",
          "나는 영어를 좋아한다. 나는 미국에 가 보고 싶다. 나는 직장인이다.",
          "나는 종교학을 전공한다.",
          "나는 샌드위치를 안 먹는다.",
          "나는 매일 샌드위치를 먹는다.",
          "나의 누나는 필라테스 강사이다.",
          "나의 누나는 남자 친구가 없다.",
          "나는 업무가 밀렸다.",
          "나의 누나는 3주 만에 남자 친구가 생겼다.",
          "나는 너무 슬프다.",
          "나의 누나는 예능 프로그램 촬영을 했다.",
          "나의 누나는 나는 SOLO라는 프로그램에 출연했다.",
          "나는 나는 SOLO 프로그램을 자주 봤었다.",
          "나의 누나는 학원 강사와 연애를 한다.",
          "나는 기분 전환 겸 예능을 보려 한다.",
          "나는 무한도전을 본다.",
          "나는 여행 힐링으로 1박 2일을 본다.",
          "나는 뿅뿅 지구 오락실 예능을 본다.",
          "나는 여자 친구가 생겼다.",
          "나는 여자 친구가 생겼다.",
          "나는 오늘도 예능을 시청한다.",
          "나는 런닝맨 촬영지로 데이트를 간다.",
          "나의 여자 친구가 집에 놀러 왔다.",
          "나는 가족들과 지낸다.",
          "나는 자취한 지 8년이 되었다.",
          "나는 오늘 예능을 안 본다.",
          "나의 여자 친구는 범인은 바로 너 프로그램을 보고 싶어 한다."
        ],
        "speaker2": [
          "나는 20대 남자다.",
          "나는 30대 남자다.",
          "나는 서울에 거주 중이다. 나는 필라테스를 좋아한다.",
          "나는 영어를 좋아한다. 나는 미국에 가 보고 싶다. 나는 직장인이다.",
          "나는 종교학을 전공한다.",
          "나는 샌드위치를 안 먹는다.",
          "나는 매일 샌드위치를 먹는다.",
          "나의 누나는 필라테스 강사이다.",
          "나의 누나는 남자 친구가 없다.",
          "나는 업무가 밀렸다.",
          "나의 누나는 3주 만에 남자 친구가 생겼다.",
          "나는 너무 슬프다.",
          "나의 누나는 예능 프로그램 촬영을 했다.",
          "나의 누나는 나는 SOLO라는 프로그램에 출연했다.",
          "나는 나는 SOLO 프로그램을 자주 봤었다.",
          "나의 누나는 학원 강사와 연애를 한다.",
          "나는 기분 전환 겸 예능을 보려 한다.",
          "나는 무한도전을 본다.",
          "나는 여행 힐링으로 1박 2일을 본다.",
          "나는 뿅뿅 지구 오락실 예능을 본다.",
          "나는 여자 친구가 생겼다.",
          "나는 여자 친구가 생겼다.",
          "나는 오늘도 예능을 시청한다.",
          "나는 런닝맨 촬영지로 데이트를 간다.",
          "나의 여자 친구가 집에 놀러 왔다.",
          "나는 가족들과 지낸다.",
          "나는 자취한 지 8년이 되었다.",
          "나는 오늘 예능을 안 본다.",
          "나의 여자 친구는 범인은 바로 너 프로그램을 보고 싶어 한다."
        ]
      }
    }
  ]
}