{
  "FileInfo": {
    "filename": "K4-00508-CL31582-CP22578-11-03-S4.json",
    "sessionLevel": "4"
  },
  "participantsInfo": {
    "numberOfParticipants": "2",
    "speaker1": {
      "participantID": "0112",
      "gender": "여성",
      "age": "30대",
      "occupation": "서비스직",
      "bPlace": "부산/대구/울산/경상",
      "gPlace": "부산/대구/울산/경상",
      "rPlace": "부산/대구/울산/경상",
      "educationLevel": "고졸"
    },
    "speaker2": {
      "participantID": "0178",
      "gender": "여성",
      "age": "30대",
      "occupation": "전문직",
      "bPlace": "광주/전라/제주",
      "gPlace": "광주/전라/제주",
      "rPlace": "광주/전라/제주",
      "educationLevel": "대졸"
    }
  },
  "multisessionInfo": {
    "multisessionID": "4-00508"
  },
  "personaInfo": {
    "clInfo": {
      "personaID": "31582",
      "personaFeatures": [
        "나는 여자이다.",
        "나는 30대이다.",
        "나는 약사이다",
        "나는 필라테스를 자주 한다",
        "나는 바람 부는 날을 싫어한다"
      ],
      "speakerType": "speaker1"
    },
    "cpInfo": {
      "personaID": "22578",
      "personaFeatures": [
        "나는 여자이다.",
        "나는 20대이다.",
        "나의 종교는 개신교이다",
        "나는 한국실용글쓰기 자격증을 취득했다",
        "나는 수박을 즐겨 먹는다"
      ],
      "speakerType": "speaker2"
    }
  },
  "topicInfo": {
    "topicID": "11-03",
    "topicType": "여가와 오락>게임",
    "topicTitle": "전통/민속놀이"
  },
  "sessionInfo": [
    {
      "prevSessionID": null,
      "prevTimeInfo": {
        "timeNum": null,
        "timeUnit": null
      },
      "nthSession": "1",
      "numberOfUtterances": "19",
      "numberOfTurns": "9",
      "sessionID": "4-00508-1",
      "dialog": [
        {
          "speaker": "speaker1",
          "personaID": "31582",
          "participantID": "0112",
          "utterance": "안녕하세요! 저는 약사를 하고 있는 30대 여자입니다.^^ 소개 부탁드려요.",
          "summary": "나는 30대 여자이다. 나는 약사이다.",
          "date": "2022-11-02",
          "time": "21:08:33",
          "terminate": "false"
        },
        {
          "speaker": "speaker2",
          "personaID": "22578",
          "participantID": "0178",
          "utterance": "안녕하세요~ 저는 20대 여자입니다~",
          "summary": "나는 20대 여자이다.",
          "date": "2022-11-02",
          "time": "21:08:51",
          "terminate": "false"
        },
        {
          "speaker": "speaker1",
          "personaID": "31582",
          "participantID": "0112",
          "utterance": "대학생인가요? ㅎㅎ 뭐하고 계시나요?",
          "summary": "",
          "date": "2022-11-02",
          "time": "21:09:06",
          "terminate": "false"
        },
        {
          "speaker": "speaker2",
          "personaID": "22578",
          "participantID": "0178",
          "utterance": "저 수박 먹고있었어요ㅎ 수박을 즐겨 먹거든요! ",
          "summary": "나는 수박을 즐겨 먹는다.",
          "date": "2022-11-02",
          "time": "21:09:47",
          "terminate": "false"
        },
        {
          "speaker": "speaker1",
          "personaID": "31582",
          "participantID": "0112",
          "utterance": "와,, 가을에 수박 너무 비싸지 않아요? ㅎㅎ 가을에 먹기 너무 추울것 같아요 .. 저는 바람 부는 날을 싫어해서 그런지 가을날씨가 싫어요. ㅜㅜ",
          "summary": "나는 바람 부는 날을 싫어한다.",
          "date": "2022-11-02",
          "time": "21:10:26",
          "terminate": "false"
        },
        {
          "speaker": "speaker2",
          "personaID": "22578",
          "participantID": "0178",
          "utterance": "맞아요. 가격도 비싸요.. 가을 싫어하시나봐요.. 종교는 있으세요?",
          "summary": "",
          "date": "2022-11-02",
          "time": "21:10:54",
          "terminate": "false"
        },
        {
          "speaker": "speaker1",
          "personaID": "31582",
          "participantID": "0112",
          "utterance": "저는 종교 없어요. ㅎㅎ 딱히 종교를 믿어야 된다는 생각이 없어서요. 종교 있으세요?",
          "summary": "나는 종교가 없다.",
          "date": "2022-11-02",
          "time": "21:11:27",
          "terminate": "false"
        },
        {
          "speaker": "speaker2",
          "personaID": "22578",
          "participantID": "0178",
          "utterance": "아 그러시구나. 제 종교는 개신교에요ㅎ",
          "summary": "나의 종교는 개신교이다.",
          "date": "2022-11-02",
          "time": "21:11:53",
          "terminate": "false"
        },
        {
          "speaker": "speaker1",
          "personaID": "31582",
          "participantID": "0112",
          "utterance": "개신교가 교회죠?ㅎㅎ 그럼 매주 일요일에 교회 가나요?",
          "summary": "",
          "date": "2022-11-02",
          "time": "21:12:06",
          "terminate": "false"
        },
        {
          "speaker": "speaker2",
          "personaID": "22578",
          "participantID": "0178",
          "utterance": "네. 근데 자주 나가진 않아요ㅎㅎ.. 공부해야해서 바쁘거든요. 그래도 이번에 자격증 땄어요",
          "summary": "나는 종교를 자주 나가지 않는다. 나는 공부를 한다고 바쁘다. 나는 자격증을 취득했다. \n",
          "date": "2022-11-02",
          "time": "21:12:44",
          "terminate": "false"
        },
        {
          "speaker": "speaker1",
          "personaID": "31582",
          "participantID": "0112",
          "utterance": "오! 무슨 자격증 취득하셨어요? 공부하는것도 중요하죠. ㅎㅎ",
          "summary": "",
          "date": "2022-11-02",
          "time": "21:13:06",
          "terminate": "false"
        },
        {
          "speaker": "speaker2",
          "personaID": "22578",
          "participantID": "0178",
          "utterance": "저 한국실용글쓰기 자격증 취득했어요! 뿌듯하더라고요ㅎ",
          "summary": "나는 한국 실용글쓰기 자격증을 취득했다.",
          "date": "2022-11-02",
          "time": "21:13:22",
          "terminate": "false"
        },
        {
          "speaker": "speaker1",
          "personaID": "31582",
          "participantID": "0112",
          "utterance": "우와,, 이름만 들어도 굉장히 멋진 자격증인것 같아요. ㅎㅎ 운동은 따로 안하세요??",
          "summary": "",
          "date": "2022-11-02",
          "time": "21:13:55",
          "terminate": "false"
        },
        {
          "speaker": "speaker2",
          "personaID": "22578",
          "participantID": "0178",
          "utterance": "네. 저는 안 해요.. 님은 하시는 운동 있으신가요?",
          "summary": "",
          "date": "2022-11-02",
          "time": "21:14:31",
          "terminate": "false"
        },
        {
          "speaker": "speaker1",
          "personaID": "31582",
          "participantID": "0112",
          "utterance": "저는 필라테스를 자주 하고 있어요. ㅎㅎ 자세교정에 너무 좋아요. 다음에 기회되면 필라테스 한번 해보세요.^^",
          "summary": "나는 필라테스를 자주 한다.",
          "date": "2022-11-02",
          "time": "21:14:50",
          "terminate": "false"
        },
        {
          "speaker": "speaker2",
          "personaID": "22578",
          "participantID": "0178",
          "utterance": "그래야겠네요ㅎ 저도 한번 해봐야겠네요ㅎㅎ",
          "summary": "",
          "date": "2022-11-02",
          "time": "21:15:27",
          "terminate": "false"
        },
        {
          "speaker": "speaker1",
          "personaID": "31582",
          "participantID": "0112",
          "utterance": "너무 좋은 운동이에요.^^ 혹시나 궁금하신거 있으면 연락 주세요.",
          "summary": "",
          "date": "2022-11-02",
          "time": "21:16:11",
          "terminate": "false"
        },
        {
          "speaker": "speaker2",
          "personaID": "22578",
          "participantID": "0178",
          "utterance": "네ㅎ 그럼 저는 강의 듣고 다시 연락할게요~",
          "summary": "",
          "date": "2022-11-02",
          "time": "21:16:35",
          "terminate": "false"
        },
        {
          "speaker": "speaker1",
          "personaID": "31582",
          "participantID": "0112",
          "utterance": "오늘도 화이팅하세요. 저도 일하러 가봐야겠어요.",
          "summary": "",
          "date": "2022-11-02",
          "time": "21:17:03",
          "terminate": "true"
        }
      ],
      "sessionPersonaSummary": {
        "speaker1": [
          "나는 30대 여자이다. 나는 약사이다.",
          "나는 바람 부는 날을 싫어한다.",
          "나는 종교가 없다.",
          "나는 필라테스를 자주 한다."
        ],
        "speaker2": [
          "나는 20대 여자이다.",
          "나는 수박을 즐겨 먹는다.",
          "나의 종교는 개신교이다.",
          "나는 종교를 자주 나가지 않는다. 나는 공부를 한다고 바쁘다. 나는 자격증을 취득했다. \n",
          "나는 한국 실용글쓰기 자격증을 취득했다."
        ]
      },
      "prevAggregatedpersonaSummary": {
        "speaker1": [],
        "speaker2": []
      }
    },
    {
      "prevSessionID": "4-00508-1",
      "prevTimeInfo": {
        "timeNum": "6",
        "timeUnit": "시간"
      },
      "nthSession": "2",
      "numberOfUtterances": "15",
      "numberOfTurns": "7",
      "sessionID": "4-00508-2",
      "dialog": [
        {
          "speaker": "speaker1",
          "personaID": "31582",
          "participantID": "0112",
          "utterance": "일 하고 나니 벌써 6시간이나 흘렀네요. ㅜ ㅜ시간이 너무 순식간이에요.",
          "summary": "",
          "date": "2022-11-02",
          "time": "21:18:56",
          "terminate": "false"
        },
        {
          "speaker": "speaker2",
          "personaID": "22578",
          "participantID": "0178",
          "utterance": "그러게요~ 벌써 시간이 이렇게됬네요..",
          "summary": "",
          "date": "2022-11-02",
          "time": "21:19:12",
          "terminate": "false"
        },
        {
          "speaker": "speaker1",
          "personaID": "31582",
          "participantID": "0112",
          "utterance": "요즘 20대 분들은 어떤 게임을 하나요?",
          "summary": "",
          "date": "2022-11-02",
          "time": "21:20:06",
          "terminate": "false"
        },
        {
          "speaker": "speaker2",
          "personaID": "22578",
          "participantID": "0178",
          "utterance": "저희는 모바일 게임 아니면 PC게임이요ㅎ 님은요?",
          "summary": "나는 모바일 게임을 한다. 나는 PC 게임을 한다.",
          "date": "2022-11-02",
          "time": "21:20:26",
          "terminate": "false"
        },
        {
          "speaker": "speaker1",
          "personaID": "31582",
          "participantID": "0112",
          "utterance": "전 요즘에 나이가 점점 들어가니 오히려 전통놀이나 민속놀이가 많이 생각나네요. 혹시 생각나는 전통 놀이 같은거 있나요?",
          "summary": "나는 요즘 전통놀이와 민속놀이가 많이 생각난다.",
          "date": "2022-11-02",
          "time": "21:20:47",
          "terminate": "false"
        },
        {
          "speaker": "speaker2",
          "personaID": "22578",
          "participantID": "0178",
          "utterance": "음.. 널뛰기..? 딱지치기..? 맞나요?",
          "summary": "",
          "date": "2022-11-02",
          "time": "21:21:15",
          "terminate": "false"
        },
        {
          "speaker": "speaker1",
          "personaID": "31582",
          "participantID": "0112",
          "utterance": "맞아요. 요즘에 예능에서도 제기차기나 딱지치기도 많이 하더라구요! 해본적 있어요?",
          "summary": "",
          "date": "2022-11-02",
          "time": "21:22:00",
          "terminate": "false"
        },
        {
          "speaker": "speaker2",
          "personaID": "22578",
          "participantID": "0178",
          "utterance": "네! 유치원 다닐 때 많이 해봤어요!",
          "summary": "나는 유치원 다닐 때 전통놀이를 해봤다.",
          "date": "2022-11-02",
          "time": "21:22:21",
          "terminate": "false"
        },
        {
          "speaker": "speaker1",
          "personaID": "31582",
          "participantID": "0112",
          "utterance": "유치원이라니,, 갑자기 나이차이에 대해서 현타가 오는것 같네요.. ㅎㅎ 요즘에는 전통 놀이 할 일 없으시죠?",
          "summary": "",
          "date": "2022-11-02",
          "time": "21:22:43",
          "terminate": "false"
        },
        {
          "speaker": "speaker2",
          "personaID": "22578",
          "participantID": "0178",
          "utterance": "네ㅎㅎ.. 가끔 예능 프로에서 나오는게 전부인거 같아요ㅎ",
          "summary": "",
          "date": "2022-11-02",
          "time": "21:23:10",
          "terminate": "false"
        },
        {
          "speaker": "speaker1",
          "personaID": "31582",
          "participantID": "0112",
          "utterance": "하하, 그래서 한국민속촌에 가서 체험 해보고 싶긴 해요. ㅋㅋ 한국 민속촌 가본적 있어요?",
          "summary": "나는 한국민속촌에 가서 체험하고 싶다.",
          "date": "2022-11-02",
          "time": "21:23:34",
          "terminate": "false"
        },
        {
          "speaker": "speaker2",
          "personaID": "22578",
          "participantID": "0178",
          "utterance": "음.. 그것도 어렸을 때 간 기억밖에 없어요ㅎㅎ..",
          "summary": "",
          "date": "2022-11-02",
          "time": "21:24:00",
          "terminate": "false"
        },
        {
          "speaker": "speaker1",
          "personaID": "31582",
          "participantID": "0112",
          "utterance": "저는 한국 민속촌 한번도 가본적이 없어서 가보고 싶긴 해요. ㅎㅎ ",
          "summary": "",
          "date": "2022-11-02",
          "time": "21:24:41",
          "terminate": "false"
        },
        {
          "speaker": "speaker2",
          "personaID": "22578",
          "participantID": "0178",
          "utterance": "요즘에 있으려나요ㅎㅎ 저는 강의가 있어서 가봐야겠네요~ 다음에 또 연락해요",
          "summary": "",
          "date": "2022-11-02",
          "time": "21:25:14",
          "terminate": "false"
        },
        {
          "speaker": "speaker1",
          "personaID": "31582",
          "participantID": "0112",
          "utterance": "그래요! 대화 즐거웠어요.^^ 또 연락해요.",
          "summary": "",
          "date": "2022-11-02",
          "time": "21:25:55",
          "terminate": "true"
        }
      ],
      "sessionPersonaSummary": {
        "speaker1": [
          "나는 요즘 전통놀이와 민속놀이가 많이 생각난다.",
          "나는 한국민속촌에 가서 체험하고 싶다."
        ],
        "speaker2": [
          "나는 모바일 게임을 한다. 나는 PC 게임을 한다.",
          "나는 유치원 다닐 때 전통놀이를 해봤다."
        ]
      },
      "prevAggregatedpersonaSummary": {
        "speaker1": [
          "나는 30대 여자이다. 나는 약사이다.",
          "나는 바람 부는 날을 싫어한다.",
          "나는 종교가 없다.",
          "나는 필라테스를 자주 한다."
        ],
        "speaker2": [
          "나는 20대 여자이다.",
          "나는 수박을 즐겨 먹는다.",
          "나의 종교는 개신교이다.",
          "나는 종교를 자주 나가지 않는다. 나는 공부를 한다고 바쁘다. 나는 자격증을 취득했다. \n",
          "나는 한국 실용글쓰기 자격증을 취득했다."
        ]
      }
    },
    {
      "prevSessionID": "4-00508-2",
      "prevTimeInfo": {
        "timeNum": "1",
        "timeUnit": "주"
      },
      "nthSession": "3",
      "numberOfUtterances": "15",
      "numberOfTurns": "7",
      "sessionID": "4-00508-3",
      "dialog": [
        {
          "speaker": "speaker1",
          "personaID": "31582",
          "participantID": "0112",
          "utterance": "일주일만이에요! 학교인가요?ㅎㅎ 오늘도 종교에다녀왔나요?:",
          "summary": "",
          "date": "2022-11-02",
          "time": "21:27:13",
          "terminate": "false"
        },
        {
          "speaker": "speaker2",
          "personaID": "22578",
          "participantID": "0178",
          "utterance": "아뇨ㅎ 끝나고 점심으로 뭐 먹을지 고민이에요ㅎ",
          "summary": "",
          "date": "2022-11-02",
          "time": "21:27:27",
          "terminate": "false"
        },
        {
          "speaker": "speaker1",
          "personaID": "31582",
          "participantID": "0112",
          "utterance": "저는 대학생때 학식을 진짜 많이 먹었던 기억이 나네요. ㅎㅎ 요즘에 학식은 어떤가요?",
          "summary": "",
          "date": "2022-11-02",
          "time": "21:27:52",
          "terminate": "false"
        },
        {
          "speaker": "speaker2",
          "personaID": "22578",
          "participantID": "0178",
          "utterance": "음.. 맛있는 메뉴는 맛있는데 아닌건 그냥 그래요ㅎ",
          "summary": "",
          "date": "2022-11-02",
          "time": "21:28:20",
          "terminate": "false"
        },
        {
          "speaker": "speaker1",
          "personaID": "31582",
          "participantID": "0112",
          "utterance": "저희 학교 학식은 굉장히 맛있었거든요. 그래서 늘 사람이 많았어요... 다시 학식 먹고 싶네요. 어떤 음식 좋아해요?",
          "summary": "나는 학교 학식이 맛있었다.",
          "date": "2022-11-02",
          "time": "21:28:51",
          "terminate": "false"
        },
        {
          "speaker": "speaker2",
          "personaID": "22578",
          "participantID": "0178",
          "utterance": "음.. 마라탕이 땡기는데 마라탕 좋아하세요?",
          "summary": "나는 마라탕을 먹고 싶다. \n",
          "date": "2022-11-02",
          "time": "21:29:12",
          "terminate": "false"
        },
        {
          "speaker": "speaker1",
          "personaID": "31582",
          "participantID": "0112",
          "utterance": "마라탕도 맛이 너무 강하지마 않으면 맛있더라구요! ㅋㅋ 그래도 자주 먹진 않아요. 마라탕 자주 먹어요?",
          "summary": "나는 마라탕을 자주 안 먹는다. \n",
          "date": "2022-11-02",
          "time": "21:29:40",
          "terminate": "false"
        },
        {
          "speaker": "speaker2",
          "personaID": "22578",
          "participantID": "0178",
          "utterance": "네ㅎ 매운거 먹고싶을 때는 무조건 마라탕 먹어요ㅎ",
          "summary": "나는 마라탕을 먹는다.",
          "date": "2022-11-02",
          "time": "21:30:17",
          "terminate": "false"
        },
        {
          "speaker": "speaker1",
          "personaID": "31582",
          "participantID": "0112",
          "utterance": "그래요? 저는 땡초 들어간 매운음식을 좋아해서 그런지 매운거 먹고 싫을때 음식에 땡초를 많이 썰어 넣어요. ㅋㅋ 매운음식 좋아하나봐요?",
          "summary": "나는 땡고추 들어간 매운 음식을 좋아한다.",
          "date": "2022-11-02",
          "time": "21:31:53",
          "terminate": "false"
        },
        {
          "speaker": "speaker2",
          "personaID": "22578",
          "participantID": "0178",
          "utterance": "네! 요새들어 더 좋아하는거 같아요ㅎ",
          "summary": "",
          "date": "2022-11-02",
          "time": "21:32:16",
          "terminate": "false"
        },
        {
          "speaker": "speaker1",
          "personaID": "31582",
          "participantID": "0112",
          "utterance": "혹시 스트레스 받는일이 있는건 아니죠?",
          "summary": "",
          "date": "2022-11-02",
          "time": "21:32:58",
          "terminate": "false"
        },
        {
          "speaker": "speaker2",
          "personaID": "22578",
          "participantID": "0178",
          "utterance": "매운거 먹고싶으면 스트레스 받는건가요..?",
          "summary": "",
          "date": "2022-11-02",
          "time": "21:34:08",
          "terminate": "false"
        },
        {
          "speaker": "speaker1",
          "personaID": "31582",
          "participantID": "0112",
          "utterance": "저는 보통 스트레스 받을때 매운음식을 먹거든요.^^; 그래서 저와 같은 마음인가 해서 물어봤어요.",
          "summary": "나는 스트레스받을 때 매운 음식을 먹는다.",
          "date": "2022-11-02",
          "time": "21:34:28",
          "terminate": "false"
        },
        {
          "speaker": "speaker2",
          "personaID": "22578",
          "participantID": "0178",
          "utterance": "아ㅎㅎ 그렇군요. 그럼 저는 마라탕 먹고 올게요ㅎ",
          "summary": "",
          "date": "2022-11-02",
          "time": "21:35:37",
          "terminate": "false"
        },
        {
          "speaker": "speaker1",
          "personaID": "31582",
          "participantID": "0112",
          "utterance": "맛있게 먹어요.^^ 저도 점심 메뉴 고민해봐야겠어요.",
          "summary": "",
          "date": "2022-11-02",
          "time": "21:35:56",
          "terminate": "true"
        }
      ],
      "sessionPersonaSummary": {
        "speaker1": [
          "나는 학교 학식이 맛있었다.",
          "나는 마라탕을 자주 안 먹는다. \n",
          "나는 땡고추 들어간 매운 음식을 좋아한다.",
          "나는 스트레스받을 때 매운 음식을 먹는다."
        ],
        "speaker2": [
          "나는 마라탕을 먹고 싶다. \n",
          "나는 마라탕을 먹는다."
        ]
      },
      "prevAggregatedpersonaSummary": {
        "speaker1": [
          "나는 30대 여자이다. 나는 약사이다.",
          "나는 바람 부는 날을 싫어한다.",
          "나는 종교가 없다.",
          "나는 필라테스를 자주 한다.",
          "나는 요즘 전통놀이와 민속놀이가 많이 생각난다.",
          "나는 한국민속촌에 가서 체험하고 싶다."
        ],
        "speaker2": [
          "나는 20대 여자이다.",
          "나는 수박을 즐겨 먹는다.",
          "나의 종교는 개신교이다.",
          "나는 종교를 자주 나가지 않는다. 나는 공부를 한다고 바쁘다. 나는 자격증을 취득했다. \n",
          "나는 한국 실용글쓰기 자격증을 취득했다.",
          "나는 모바일 게임을 한다. 나는 PC 게임을 한다.",
          "나는 유치원 다닐 때 전통놀이를 해봤다."
        ]
      }
    },
    {
      "prevSessionID": "4-00508-3",
      "prevTimeInfo": {
        "timeNum": "7",
        "timeUnit": "시간"
      },
      "nthSession": "4",
      "numberOfUtterances": "15",
      "numberOfTurns": "7",
      "sessionID": "4-00508-4",
      "dialog": [
        {
          "speaker": "speaker1",
          "personaID": "31582",
          "participantID": "0112",
          "utterance": "마라탕은 맛있게 먹엇어요? 벌써 7시간이나 지났어요. ㅎㅎ",
          "summary": "",
          "date": "2022-11-02",
          "time": "21:37:11",
          "terminate": "false"
        },
        {
          "speaker": "speaker2",
          "personaID": "22578",
          "participantID": "0178",
          "utterance": "네ㅎㅎ 속이 얼큰하니 풀리네요! ",
          "summary": "",
          "date": "2022-11-02",
          "time": "21:37:48",
          "terminate": "false"
        },
        {
          "speaker": "speaker1",
          "personaID": "31582",
          "participantID": "0112",
          "utterance": "하하, 어제 술 마시는거 아니시죠?ㅎㅎ 왠지 해장하신 말투라서요.",
          "summary": "",
          "date": "2022-11-02",
          "time": "21:38:07",
          "terminate": "false"
        },
        {
          "speaker": "speaker2",
          "personaID": "22578",
          "participantID": "0178",
          "utterance": "ㅋㅋㅋㅋ 케이크 먹었더니 속이 느끼했거든요 ㅠㅠ",
          "summary": "",
          "date": "2022-11-02",
          "time": "21:38:40",
          "terminate": "false"
        },
        {
          "speaker": "speaker1",
          "personaID": "31582",
          "participantID": "0112",
          "utterance": "아! ㅋㅋ 느끼한 속을 달래준거군요. ㅋㅋ 저는 술을 좋아해서 해장을 자주 하거든요.. 왠지 그런 느낌이 묻어났어요. ㅋㅋㅋㅋ",
          "summary": "나는 술을 좋아한다.",
          "date": "2022-11-02",
          "time": "21:39:04",
          "terminate": "false"
        },
        {
          "speaker": "speaker2",
          "personaID": "22578",
          "participantID": "0178",
          "utterance": "앜ㅋㅋ 해장에 좋은 음식 있나요?",
          "summary": "",
          "date": "2022-11-02",
          "time": "21:40:40",
          "terminate": "false"
        },
        {
          "speaker": "speaker1",
          "personaID": "31582",
          "participantID": "0112",
          "utterance": "국밥이나 짬뽕을 좋아해요. ㅋㅋ 술 안좋아하세요??",
          "summary": "나는 국밥이랑 짬뽕을 좋아한다.",
          "date": "2022-11-02",
          "time": "21:42:01",
          "terminate": "false"
        },
        {
          "speaker": "speaker2",
          "personaID": "22578",
          "participantID": "0178",
          "utterance": "아! 좋아하죠ㅎ 해장은 쌀국수로 하는거 좋아해요ㅎ",
          "summary": "나는 해장은 쌀국수 먹는 것을 좋아한다.",
          "date": "2022-11-02",
          "time": "21:42:52",
          "terminate": "false"
        },
        {
          "speaker": "speaker1",
          "personaID": "31582",
          "participantID": "0112",
          "utterance": "향신료 좋아하시나봐요. 마라탕이나 쌀국수 좋아하시는거 보면요.^^ㅎㅎ 전 개인적으로 향신료는 선호를 안해요.ㅠㅠ",
          "summary": "나는 향신료를 선호하지 않는다.",
          "date": "2022-11-02",
          "time": "21:43:20",
          "terminate": "false"
        },
        {
          "speaker": "speaker2",
          "personaID": "22578",
          "participantID": "0178",
          "utterance": "아! 물론 고수는 안 들어가고 약한건만 좋아해요ㅎ",
          "summary": "나는 고수를 안 먹는다.",
          "date": "2022-11-02",
          "time": "21:44:12",
          "terminate": "false"
        },
        {
          "speaker": "speaker1",
          "personaID": "31582",
          "participantID": "0112",
          "utterance": "아! 고수는 안좋아하군요. 주로 다른 나라 음식 자주 드세요??",
          "summary": "",
          "date": "2022-11-02",
          "time": "21:45:23",
          "terminate": "false"
        },
        {
          "speaker": "speaker2",
          "personaID": "22578",
          "participantID": "0178",
          "utterance": "아뇨. 마라탕이랑 쌀국수만 먹어요ㅎ 술 이야기하니 술 마시고 싶네요..",
          "summary": "나는 마라탕을 먹는다. 나는 쌀국수를 먹는다. 나는 술 마시고 싶다.",
          "date": "2022-11-02",
          "time": "21:45:51",
          "terminate": "false"
        },
        {
          "speaker": "speaker1",
          "personaID": "31582",
          "participantID": "0112",
          "utterance": "저는 박재범 원소주 구해서 오늘 마셔볼려구요. ㅋㅋ",
          "summary": "나는 오늘 술을 마실 것이다.",
          "date": "2022-11-02",
          "time": "21:46:08",
          "terminate": "false"
        },
        {
          "speaker": "speaker2",
          "personaID": "22578",
          "participantID": "0178",
          "utterance": "헐 저도 집에 있는데.. 마시러 다녀올게요ㅎㅎ",
          "summary": "",
          "date": "2022-11-02",
          "time": "21:47:40",
          "terminate": "false"
        },
        {
          "speaker": "speaker1",
          "personaID": "31582",
          "participantID": "0112",
          "utterance": "그래요! 다음에 랜선 술자리 가져봐요. 저도 술마시러 갑니다.슝슝!",
          "summary": "",
          "date": "2022-11-02",
          "time": "21:48:06",
          "terminate": "true"
        }
      ],
      "sessionPersonaSummary": {
        "speaker1": [
          "나는 술을 좋아한다.",
          "나는 국밥이랑 짬뽕을 좋아한다.",
          "나는 향신료를 선호하지 않는다.",
          "나는 오늘 술을 마실 것이다."
        ],
        "speaker2": [
          "나는 해장은 쌀국수 먹는 것을 좋아한다.",
          "나는 고수를 안 먹는다.",
          "나는 마라탕을 먹는다. 나는 쌀국수를 먹는다. 나는 술 마시고 싶다."
        ]
      },
      "prevAggregatedpersonaSummary": {
        "speaker1": [
          "나는 30대 여자이다. 나는 약사이다.",
          "나는 바람 부는 날을 싫어한다.",
          "나는 종교가 없다.",
          "나는 필라테스를 자주 한다.",
          "나는 요즘 전통놀이와 민속놀이가 많이 생각난다.",
          "나는 한국민속촌에 가서 체험하고 싶다.",
          "나는 학교 학식이 맛있었다.",
          "나는 마라탕을 자주 안 먹는다. \n",
          "나는 땡고추 들어간 매운 음식을 좋아한다.",
          "나는 스트레스받을 때 매운 음식을 먹는다."
        ],
        "speaker2": [
          "나는 20대 여자이다.",
          "나는 수박을 즐겨 먹는다.",
          "나의 종교는 개신교이다.",
          "나는 종교를 자주 나가지 않는다. 나는 공부를 한다고 바쁘다. 나는 자격증을 취득했다. \n",
          "나는 한국 실용글쓰기 자격증을 취득했다.",
          "나는 모바일 게임을 한다. 나는 PC 게임을 한다.",
          "나는 유치원 다닐 때 전통놀이를 해봤다.",
          "나는 마라탕을 먹고 싶다. \n",
          "나는 마라탕을 먹는다."
        ]
      }
    }
  ]
}