{
  "FileInfo": {
    "filename": "K4-00278-CL97067-CP93131-09-02-S4.json",
    "sessionLevel": "4"
  },
  "participantsInfo": {
    "numberOfParticipants": "2",
    "speaker1": {
      "participantID": "20095",
      "gender": "여성",
      "age": "60대 이상",
      "occupation": "사무직",
      "bPlace": "서울/경기/인천",
      "gPlace": "서울/경기/인천",
      "rPlace": "서울/경기/인천",
      "educationLevel": "대졸"
    },
    "speaker2": {
      "participantID": "20080",
      "gender": "여성",
      "age": "40대",
      "occupation": "주부",
      "bPlace": "서울/경기/인천",
      "gPlace": "서울/경기/인천",
      "rPlace": "서울/경기/인천",
      "educationLevel": "대졸"
    }
  },
  "multisessionInfo": {
    "multisessionID": "4-00278"
  },
  "personaInfo": {
    "clInfo": {
      "personaID": "97067",
      "personaFeatures": [
        "나는 여자이다.",
        "나는 60대 이상이다.",
        "나는 선후배와 잘 어울리지 않는다.",
        "나의 생일은 9월이다.",
        "나는 팝 음악을 좋아한다.",
        "나는 물고기 한 마리를 키운다."
      ],
      "speakerType": "speaker1"
    },
    "cpInfo": {
      "personaID": "93131",
      "personaFeatures": [
        "나는 여자이다.",
        "나는 40대이다.",
        "나는 SF 영화를 자주 본다.",
        "나의 생일은 4월이다.",
        "나는 다소 유머러스하다.",
        "나는 초밥을 안 먹는다.",
        "나는 혈액형이 AB형이다."
      ],
      "speakerType": "speaker2"
    }
  },
  "topicInfo": {
    "topicID": "09-02",
    "topicType": "개인 및 관계>반려동물",
    "topicTitle": "고양이"
  },
  "sessionInfo": [
    {
      "prevSessionID": null,
      "prevTimeInfo": {
        "timeNum": null,
        "timeUnit": null
      },
      "nthSession": "1",
      "numberOfUtterances": "14",
      "numberOfTurns": "7",
      "sessionID": "4-00278-1",
      "dialog": [
        {
          "speaker": "speaker1",
          "personaID": "97067",
          "participantID": "20095",
          "utterance": "반갑습니다. 저는 60대 여성입니다.",
          "summary": "나는 60대 여성이다.",
          "date": "2022-11-23",
          "time": "22:26:30",
          "terminate": "false"
        },
        {
          "speaker": "speaker2",
          "personaID": "93131",
          "participantID": "20080",
          "utterance": "저두 반가워요~ 전 40대 여자에요.^^",
          "summary": "나는 40대 여성이다.",
          "date": "2022-11-23",
          "time": "22:26:41",
          "terminate": "false"
        },
        {
          "speaker": "speaker1",
          "personaID": "97067",
          "participantID": "20095",
          "utterance": "네~ 우리 즐거운 대화 해@이름1@요. 혹시 생일이 언제세요?",
          "summary": "",
          "date": "2022-11-23",
          "time": "22:27:08",
          "terminate": "false"
        },
        {
          "speaker": "speaker2",
          "personaID": "93131",
          "participantID": "20080",
          "utterance": "제 생일은 4월이에요~! 생일선물 주시려구요?ㅎㅎ.",
          "summary": "나의 생일은 4월이다.",
          "date": "2022-11-23",
          "time": "22:27:30",
          "terminate": "false"
        },
        {
          "speaker": "speaker1",
          "personaID": "97067",
          "participantID": "20095",
          "utterance": "앗.. 부담스럽네요. 저는 선후배와도 잘 어울리지 않거든요. 친해지는게 어려워서요.",
          "summary": "나는 선후배와 잘 어울리지 않는다.",
          "date": "2022-11-23",
          "time": "22:27:59",
          "terminate": "false"
        },
        {
          "speaker": "speaker2",
          "personaID": "93131",
          "participantID": "20080",
          "utterance": "제가 다소 유머러스한 편이라 금방 친해질거에요~ 님은 생일이 언제에요?",
          "summary": "나는 다소 유머러스하다.",
          "date": "2022-11-23",
          "time": "22:28:19",
          "terminate": "false"
        },
        {
          "speaker": "speaker1",
          "personaID": "97067",
          "participantID": "20095",
          "utterance": "저는 9월입니다. 님이랑은 차이가 좀 있지요. 좋아하는 음악 있나요?",
          "summary": "나의 생일은 9월이다.",
          "date": "2022-11-23",
          "time": "22:28:49",
          "terminate": "false"
        },
        {
          "speaker": "speaker2",
          "personaID": "93131",
          "participantID": "20080",
          "utterance": "전 좀 웅장한 음악을 좋아해요. 영화도 그래서 SF영화를 자주 보네요~",
          "summary": "나는 웅장한 음악을 좋아한다. 나는 SF영화를 자주 본다.",
          "date": "2022-11-23",
          "time": "22:29:09",
          "terminate": "false"
        },
        {
          "speaker": "speaker1",
          "personaID": "97067",
          "participantID": "20095",
          "utterance": "멋진 취향이네요. 저는 팝 음악을 좋아하거든요. 조용한 스타일로요.",
          "summary": "나는 팝 음악을 좋아한다.",
          "date": "2022-11-23",
          "time": "22:29:40",
          "terminate": "false"
        },
        {
          "speaker": "speaker2",
          "personaID": "93131",
          "participantID": "20080",
          "utterance": "성격도 조용한 편이신가봐요~ㅎㅎ 전 AB형이라 그런가 @비속어@란 말을 자주들었네요~ㅎㅎㅎ.",
          "summary": "나는 혈액형이 AB형이다.",
          "date": "2022-11-23",
          "time": "22:30:09",
          "terminate": "false"
        },
        {
          "speaker": "speaker1",
          "personaID": "97067",
          "participantID": "20095",
          "utterance": "저는 B형입니다. 그런데 왜 저는 @비속어@소리를 자주 들을까요...",
          "summary": "나의 혈액형은 B 형이다.",
          "date": "2022-11-23",
          "time": "22:30:33",
          "terminate": "false"
        },
        {
          "speaker": "speaker2",
          "personaID": "93131",
          "participantID": "20080",
          "utterance": "그냥 원래 성격이 그런가보네요~ ㅎㅎ.",
          "summary": "",
          "date": "2022-11-23",
          "time": "22:31:03",
          "terminate": "false"
        },
        {
          "speaker": "speaker1",
          "personaID": "97067",
          "participantID": "20095",
          "utterance": "ㅎㅎ... 고쳐야겠군요. 오늘 대화 즐거웠어요. 다음에 다시 대화 해요.",
          "summary": "",
          "date": "2022-11-23",
          "time": "22:31:38",
          "terminate": "false"
        },
        {
          "speaker": "speaker2",
          "personaID": "93131",
          "participantID": "20080",
          "utterance": "저도 대화 즐거웠네요. ㅋㅋ 또 대화걸어주세요!",
          "summary": "",
          "date": "2022-11-23",
          "time": "22:31:50",
          "terminate": "true"
        }
      ],
      "sessionPersonaSummary": {
        "speaker1": [
          "나는 60대 여성이다.",
          "나는 선후배와 잘 어울리지 않는다.",
          "나의 생일은 9월이다.",
          "나는 팝 음악을 좋아한다.",
          "나의 혈액형은 B 형이다."
        ],
        "speaker2": [
          "나는 40대 여성이다.",
          "나의 생일은 4월이다.",
          "나는 다소 유머러스하다.",
          "나는 웅장한 음악을 좋아한다. 나는 SF영화를 자주 본다.",
          "나는 혈액형이 AB형이다."
        ]
      },
      "prevAggregatedpersonaSummary": {
        "speaker1": [],
        "speaker2": []
      }
    },
    {
      "prevSessionID": "4-00278-1",
      "prevTimeInfo": {
        "timeNum": "8",
        "timeUnit": "일"
      },
      "nthSession": "2",
      "numberOfUtterances": "14",
      "numberOfTurns": "7",
      "sessionID": "4-00278-2",
      "dialog": [
        {
          "speaker": "speaker1",
          "personaID": "97067",
          "participantID": "20095",
          "utterance": "잘 지내셨어요? 일주일이 넘었네요.",
          "summary": "",
          "date": "2022-11-23",
          "time": "22:32:13",
          "terminate": "false"
        },
        {
          "speaker": "speaker2",
          "personaID": "93131",
          "participantID": "20080",
          "utterance": "어머 언니~ 언니라고 불러도 되나요? 연락 기다렸어요~!",
          "summary": "",
          "date": "2022-11-23",
          "time": "22:32:33",
          "terminate": "false"
        },
        {
          "speaker": "speaker1",
          "personaID": "97067",
          "participantID": "20095",
          "utterance": "그럼요. 저도 좋지요. 언니라고 부르면 더 친한 느낌이니까요.",
          "summary": "",
          "date": "2022-11-23",
          "time": "22:32:56",
          "terminate": "false"
        },
        {
          "speaker": "speaker2",
          "personaID": "93131",
          "participantID": "20080",
          "utterance": "저도 좋아요~ >< 어떻게 지내셨어요? 저 안보고 싶으셨나요?",
          "summary": "",
          "date": "2022-11-23",
          "time": "22:33:29",
          "terminate": "false"
        },
        {
          "speaker": "speaker1",
          "personaID": "97067",
          "participantID": "20095",
          "utterance": "너무 보고싶었지요! 저 사실 고양이를 한마리 키우게 됬거든요.",
          "summary": "나는 고양이를 키우게 됐다.",
          "date": "2022-11-23",
          "time": "22:33:47",
          "terminate": "false"
        },
        {
          "speaker": "speaker2",
          "personaID": "93131",
          "participantID": "20080",
          "utterance": "와 정말요? 저 고양이 엄청 좋아해요!! 어떻게 키우게 되셨나요?",
          "summary": "나는 고양이를 좋아한다.",
          "date": "2022-11-23",
          "time": "22:34:28",
          "terminate": "false"
        },
        {
          "speaker": "speaker1",
          "personaID": "97067",
          "participantID": "20095",
          "utterance": "길 잃은 고양이를 임보 하게 됬었는데, 정이 들어서 그대로 키우게 됬답니다.",
          "summary": "나는 고양이 임시 보호자를 했었다.",
          "date": "2022-11-23",
          "time": "22:34:49",
          "terminate": "false"
        },
        {
          "speaker": "speaker2",
          "personaID": "93131",
          "participantID": "20080",
          "utterance": "어머 좋은일 하셨네요~ 복받으실거에요!",
          "summary": "",
          "date": "2022-11-23",
          "time": "22:35:11",
          "terminate": "false"
        },
        {
          "speaker": "speaker1",
          "personaID": "97067",
          "participantID": "20095",
          "utterance": "제가 좋아서 선택한 일인걸요. 그래서 한동안 정신이 없었어요.",
          "summary": "",
          "date": "2022-11-23",
          "time": "22:35:39",
          "terminate": "false"
        },
        {
          "speaker": "speaker2",
          "personaID": "93131",
          "participantID": "20080",
          "utterance": "괜찮습니다. ㅎㅎ 고양이 사진은요? 사진 보내주세요!",
          "summary": "",
          "date": "2022-11-23",
          "time": "22:36:02",
          "terminate": "false"
        },
        {
          "speaker": "speaker1",
          "personaID": "97067",
          "participantID": "20095",
          "utterance": "정말요? 제가 자랑을 좀 해도 될까요?",
          "summary": "",
          "date": "2022-11-23",
          "time": "22:36:14",
          "terminate": "false"
        },
        {
          "speaker": "speaker2",
          "personaID": "93131",
          "participantID": "20080",
          "utterance": "그럼요! 자랑 해주세요! 많이 해 주세요!",
          "summary": "",
          "date": "2022-11-23",
          "time": "22:36:26",
          "terminate": "false"
        },
        {
          "speaker": "speaker1",
          "personaID": "97067",
          "participantID": "20095",
          "utterance": "하하. 이러다가 매일 보낼지도 모릅니다. 저 바로 보내드릴게요.",
          "summary": "",
          "date": "2022-11-23",
          "time": "22:37:59",
          "terminate": "false"
        },
        {
          "speaker": "speaker2",
          "personaID": "93131",
          "participantID": "20080",
          "utterance": "기본 10장 이상은 보내주셔야돼요! 기다릴게요!",
          "summary": "",
          "date": "2022-11-23",
          "time": "22:38:18",
          "terminate": "true"
        }
      ],
      "sessionPersonaSummary": {
        "speaker1": [
          "나는 고양이를 키우게 됐다.",
          "나는 고양이 임시 보호자를 했었다."
        ],
        "speaker2": [
          "나는 고양이를 좋아한다."
        ]
      },
      "prevAggregatedpersonaSummary": {
        "speaker1": [
          "나는 60대 여성이다.",
          "나는 선후배와 잘 어울리지 않는다.",
          "나의 생일은 9월이다.",
          "나는 팝 음악을 좋아한다.",
          "나의 혈액형은 B 형이다."
        ],
        "speaker2": [
          "나는 40대 여성이다.",
          "나의 생일은 4월이다.",
          "나는 다소 유머러스하다.",
          "나는 웅장한 음악을 좋아한다. 나는 SF영화를 자주 본다.",
          "나는 혈액형이 AB형이다."
        ]
      }
    },
    {
      "prevSessionID": "4-00278-2",
      "prevTimeInfo": {
        "timeNum": "5",
        "timeUnit": "일"
      },
      "nthSession": "3",
      "numberOfUtterances": "14",
      "numberOfTurns": "7",
      "sessionID": "4-00278-3",
      "dialog": [
        {
          "speaker": "speaker1",
          "personaID": "97067",
          "participantID": "20095",
          "utterance": "5일동안 매일 사진 보내드리니까.. 조금 미안하네요.",
          "summary": "",
          "date": "2022-11-23",
          "time": "22:38:57",
          "terminate": "false"
        },
        {
          "speaker": "speaker2",
          "personaID": "93131",
          "participantID": "20080",
          "utterance": "어머 전 너무 좋은걸요? 저는 고양이 알러지가 있어서 못키우거든요~",
          "summary": "나는 고양이 알레르기가 있다.",
          "date": "2022-11-23",
          "time": "22:39:20",
          "terminate": "false"
        },
        {
          "speaker": "speaker1",
          "personaID": "97067",
          "participantID": "20095",
          "utterance": "알러지가 있으셨구나. 너무 안타깝네요. 님은 잘 키우실거 같은데요.",
          "summary": "",
          "date": "2022-11-23",
          "time": "22:39:41",
          "terminate": "false"
        },
        {
          "speaker": "speaker2",
          "personaID": "93131",
          "participantID": "20080",
          "utterance": "그러게말이에요. 요즘 면역치료라는게 있어서 알아봤었거든요..",
          "summary": "나는 면역치료를 알아봤다.",
          "date": "2022-11-23",
          "time": "22:40:03",
          "terminate": "false"
        },
        {
          "speaker": "speaker1",
          "personaID": "97067",
          "participantID": "20095",
          "utterance": "아 혹시 면역치료가 혈액형과도 연관이 있나요?",
          "summary": "",
          "date": "2022-11-23",
          "time": "22:40:16",
          "terminate": "false"
        },
        {
          "speaker": "speaker2",
          "personaID": "93131",
          "participantID": "20080",
          "utterance": "아뇨. ㅎㅎ 혈액형이랑은 상관없어요. 근데 생각보다 비용이 비싸더라구요.",
          "summary": "",
          "date": "2022-11-23",
          "time": "22:40:37",
          "terminate": "false"
        },
        {
          "speaker": "speaker1",
          "personaID": "97067",
          "participantID": "20095",
          "utterance": "어느정도 금액이던가요? 많이 비싼가요?",
          "summary": "",
          "date": "2022-11-23",
          "time": "22:40:54",
          "terminate": "false"
        },
        {
          "speaker": "speaker2",
          "personaID": "93131",
          "participantID": "20080",
          "utterance": "한 200만원정도 하더라구요.. 그래서 생각 접었어요. ㅎㅎ.",
          "summary": "",
          "date": "2022-11-23",
          "time": "22:41:12",
          "terminate": "false"
        },
        {
          "speaker": "speaker1",
          "personaID": "97067",
          "participantID": "20095",
          "utterance": "예? 얼마라구요? 200만원이요? 20만원아니구요?",
          "summary": "",
          "date": "2022-11-23",
          "time": "22:41:30",
          "terminate": "false"
        },
        {
          "speaker": "speaker2",
          "personaID": "93131",
          "participantID": "20080",
          "utterance": "엄청 비싸지요. ㅎㅎ 기간도 2년 넘게 걸릴 수 있다고 하더라구요.",
          "summary": "",
          "date": "2022-11-23",
          "time": "22:41:57",
          "terminate": "false"
        },
        {
          "speaker": "speaker1",
          "personaID": "97067",
          "participantID": "20095",
          "utterance": "와... 그건 엄두가 안나네요. 유머러스 하시다고 하더니 농담은 아니죠?",
          "summary": "",
          "date": "2022-11-23",
          "time": "22:42:23",
          "terminate": "false"
        },
        {
          "speaker": "speaker2",
          "personaID": "93131",
          "participantID": "20080",
          "utterance": "제가 유머러스하지만 돈가지고 장난은 안칩니다.",
          "summary": "나는 돈으로 장난치지 않는다.",
          "date": "2022-11-23",
          "time": "22:42:35",
          "terminate": "false"
        },
        {
          "speaker": "speaker1",
          "personaID": "97067",
          "participantID": "20095",
          "utterance": "하하. 그런가요. 돈에는 진지하시군요. 저는 고양이 밥 줄 시간이라서요. 오늘 대화 즐거웠어요.",
          "summary": "나는 고양이 밥을 주러 가야 한다.",
          "date": "2022-11-23",
          "time": "22:43:00",
          "terminate": "false"
        },
        {
          "speaker": "speaker2",
          "personaID": "93131",
          "participantID": "20080",
          "utterance": "그렇습니다.ㅎㅎㅎ 고양이 맘마주고 오세요~!",
          "summary": "",
          "date": "2022-11-23",
          "time": "22:43:38",
          "terminate": "true"
        }
      ],
      "sessionPersonaSummary": {
        "speaker1": [
          "나는 고양이 밥을 주러 가야 한다."
        ],
        "speaker2": [
          "나는 고양이 알레르기가 있다.",
          "나는 면역치료를 알아봤다.",
          "나는 돈으로 장난치지 않는다."
        ]
      },
      "prevAggregatedpersonaSummary": {
        "speaker1": [
          "나는 60대 여성이다.",
          "나는 선후배와 잘 어울리지 않는다.",
          "나의 생일은 9월이다.",
          "나는 팝 음악을 좋아한다.",
          "나의 혈액형은 B 형이다.",
          "나는 고양이를 키우게 됐다.",
          "나는 고양이 임시 보호자를 했었다."
        ],
        "speaker2": [
          "나는 40대 여성이다.",
          "나의 생일은 4월이다.",
          "나는 다소 유머러스하다.",
          "나는 웅장한 음악을 좋아한다. 나는 SF영화를 자주 본다.",
          "나는 혈액형이 AB형이다.",
          "나는 고양이를 좋아한다."
        ]
      }
    },
    {
      "prevSessionID": "4-00278-3",
      "prevTimeInfo": {
        "timeNum": "2",
        "timeUnit": "일"
      },
      "nthSession": "4",
      "numberOfUtterances": "14",
      "numberOfTurns": "7",
      "sessionID": "4-00278-4",
      "dialog": [
        {
          "speaker": "speaker1",
          "personaID": "97067",
          "participantID": "20095",
          "utterance": "이틀동안 너무 뜸했지요. 고양이랑 노느라 시간가는줄 몰랐어요.",
          "summary": "",
          "date": "2022-11-23",
          "time": "22:43:49",
          "terminate": "false"
        },
        {
          "speaker": "speaker2",
          "personaID": "93131",
          "participantID": "20080",
          "utterance": "안녕하세요~ 저는 고양이 사진 못봐서 죽을뻔 했네요~!",
          "summary": "",
          "date": "2022-11-23",
          "time": "22:44:17",
          "terminate": "false"
        },
        {
          "speaker": "speaker1",
          "personaID": "97067",
          "participantID": "20095",
          "utterance": "아이고.. 그정돕니까. 오늘 많이 보내드리겠습니다. 혹시 고양이가 먹을수 있는 케이크 아세요?",
          "summary": "",
          "date": "2022-11-23",
          "time": "22:44:53",
          "terminate": "false"
        },
        {
          "speaker": "speaker2",
          "personaID": "93131",
          "participantID": "20080",
          "utterance": "오늘은 영상도 보내주세요~보고싶네요. 케이크요? 고양이 생일인가요?",
          "summary": "나는 고양이 영상이 보고 싶다.",
          "date": "2022-11-23",
          "time": "22:45:06",
          "terminate": "false"
        },
        {
          "speaker": "speaker1",
          "personaID": "97067",
          "participantID": "20095",
          "utterance": "네. 조만간 생일이거든요. 처음이라서 준비해주고 싶어서요.",
          "summary": "",
          "date": "2022-11-23",
          "time": "22:45:57",
          "terminate": "false"
        },
        {
          "speaker": "speaker2",
          "personaID": "93131",
          "participantID": "20080",
          "utterance": "요즘 sns보면 반려동물들 케이크가 많이 있더라구요!",
          "summary": "",
          "date": "2022-11-23",
          "time": "22:46:27",
          "terminate": "false"
        },
        {
          "speaker": "speaker1",
          "personaID": "97067",
          "participantID": "20095",
          "utterance": "오! 그래요? 제가 SNS를 잘 안해서 그런데.. @기타명@에서 찾으면 될까요?",
          "summary": "나는 SNS를 잘 안 한다.",
          "date": "2022-11-23",
          "time": "22:46:56",
          "terminate": "false"
        },
        {
          "speaker": "speaker2",
          "personaID": "93131",
          "participantID": "20080",
          "utterance": "네. 거기서 한번 찾아보세요! 저도 검색해볼게요. ㅎㅎ.",
          "summary": "",
          "date": "2022-11-23",
          "time": "22:47:31",
          "terminate": "false"
        },
        {
          "speaker": "speaker1",
          "personaID": "97067",
          "participantID": "20095",
          "utterance": "감사합니다. 우리 고양이는 행복할거 같네요. 주인이 두명인 기분이거든요.",
          "summary": "",
          "date": "2022-11-23",
          "time": "22:47:53",
          "terminate": "false"
        },
        {
          "speaker": "speaker2",
          "personaID": "93131",
          "participantID": "20080",
          "utterance": "ㅎㅎ 길고양이로 산 만큼 많이 사랑받았으면 좋겠네요~!",
          "summary": "",
          "date": "2022-11-23",
          "time": "22:48:08",
          "terminate": "false"
        },
        {
          "speaker": "speaker1",
          "personaID": "97067",
          "participantID": "20095",
          "utterance": "어쩜 이렇게 마음씨가 따뜻하신가요. 본받아야겠어요.",
          "summary": "",
          "date": "2022-11-23",
          "time": "22:48:27",
          "terminate": "false"
        },
        {
          "speaker": "speaker2",
          "personaID": "93131",
          "participantID": "20080",
          "utterance": "고양이 한정이에요~ 사람은 어떻게 살던가 말던가입니다. ㅎㅎ.",
          "summary": "",
          "date": "2022-11-23",
          "time": "22:48:57",
          "terminate": "false"
        },
        {
          "speaker": "speaker1",
          "personaID": "97067",
          "participantID": "20095",
          "utterance": "하하. 고양이 한정이군요. 너무 귀여우시네요. 그럼 저는 동영상 보내드리고 다시 연락드릴게요.",
          "summary": "",
          "date": "2022-11-23",
          "time": "22:49:17",
          "terminate": "false"
        },
        {
          "speaker": "speaker2",
          "personaID": "93131",
          "participantID": "20080",
          "utterance": "네~ 이틀 연락 안하셨으니까 동영상 두개 보내주세요.^^",
          "summary": "",
          "date": "2022-11-23",
          "time": "22:49:31",
          "terminate": "true"
        }
      ],
      "sessionPersonaSummary": {
        "speaker1": [
          "나는 SNS를 잘 안 한다."
        ],
        "speaker2": [
          "나는 고양이 영상이 보고 싶다."
        ]
      },
      "prevAggregatedpersonaSummary": {
        "speaker1": [
          "나는 60대 여성이다.",
          "나는 선후배와 잘 어울리지 않는다.",
          "나의 생일은 9월이다.",
          "나는 팝 음악을 좋아한다.",
          "나의 혈액형은 B 형이다.",
          "나는 고양이를 키우게 됐다.",
          "나는 고양이 임시 보호자를 했었다.",
          "나는 고양이 밥을 주러 가야 한다."
        ],
        "speaker2": [
          "나는 40대 여성이다.",
          "나의 생일은 4월이다.",
          "나는 다소 유머러스하다.",
          "나는 웅장한 음악을 좋아한다. 나는 SF영화를 자주 본다.",
          "나는 혈액형이 AB형이다.",
          "나는 고양이를 좋아한다.",
          "나는 고양이 알레르기가 있다.",
          "나는 면역치료를 알아봤다.",
          "나는 돈으로 장난치지 않는다."
        ]
      }
    }
  ]
}