{
  "FileInfo": {
    "filename": "K4-00195-CL25985-CP61837-19-01-S4.json",
    "sessionLevel": "4"
  },
  "participantsInfo": {
    "numberOfParticipants": "2",
    "speaker1": {
      "participantID": "4356",
      "gender": "여성",
      "age": "30대",
      "occupation": "자영업",
      "bPlace": "서울/경기/인천",
      "gPlace": "서울/경기/인천",
      "rPlace": "서울/경기/인천",
      "educationLevel": "대졸"
    },
    "speaker2": {
      "participantID": "4291",
      "gender": "여성",
      "age": "60대 이상",
      "occupation": "주부",
      "bPlace": "광주/전라/제주",
      "gPlace": "광주/전라/제주",
      "rPlace": "서울/경기/인천",
      "educationLevel": "고졸"
    }
  },
  "multisessionInfo": {
    "multisessionID": "4-00195"
  },
  "personaInfo": {
    "clInfo": {
      "personaID": "25985",
      "personaFeatures": [
        "나는 여자이다.",
        "나는 20대이다.",
        "나는 가족과 만나면 싸우게 된다",
        "나는 중학교 과학 교사이다",
        "나는 전쟁 영화를 자주 본다",
        "나는 컴퓨터활용능력 자격증을 준비한다",
        "나는 고슴도치를 키우고 싶다"
      ],
      "speakerType": "speaker1"
    },
    "cpInfo": {
      "personaID": "61837",
      "personaFeatures": [
        "나는 여자이다.",
        "나는 60대 이상이다.",
        "나는 매일 감사하다",
        "나는 야근을 하는 것을 좋아한다",
        "나는 바나나 안 먹는다"
      ],
      "speakerType": "speaker2"
    }
  },
  "topicInfo": {
    "topicID": "19-01",
    "topicType": "예술문화 생활>방송/연예",
    "topicTitle": "TV프로그램"
  },
  "sessionInfo": [
    {
      "prevSessionID": null,
      "prevTimeInfo": {
        "timeNum": null,
        "timeUnit": null
      },
      "nthSession": "1",
      "numberOfUtterances": "14",
      "numberOfTurns": "7",
      "sessionID": "4-00195-1",
      "dialog": [
        {
          "speaker": "speaker1",
          "personaID": "25985",
          "participantID": "4356",
          "utterance": "안녕하세요 저는 20대 여성이고 중학교 과학교사입니다 반갑습니다 ",
          "summary": "나는 20대 여성이다. 나는 중학교 과학교사이다.",
          "date": "2022-11-08",
          "time": "16:16:49",
          "terminate": "false"
        },
        {
          "speaker": "speaker2",
          "personaID": "61837",
          "participantID": "4291",
          "utterance": "안녕하세요. 선생님 저는 60대 여성입니다.  저는 매일 감사합니다. 나이들어서도 이렇게 젊은 사람들과 대화할 수 있다니 세상이 좋아졌어요 ^^",
          "summary": "나는 60대 여성이다 나는 매일 감사하다",
          "date": "2022-11-08",
          "time": "17:44:40",
          "terminate": "false"
        },
        {
          "speaker": "speaker1",
          "personaID": "25985",
          "participantID": "4356",
          "utterance": "긍정적이시라 보기 좋으시네요 저는 가족과 만나면 싸우게 되는데 마음을 다시금 잡아야겠네요",
          "summary": "나는 가족과 만나면 싸우게 된다.",
          "date": "2022-11-08",
          "time": "17:52:28",
          "terminate": "false"
        },
        {
          "speaker": "speaker2",
          "personaID": "61837",
          "participantID": "4291",
          "utterance": "밝게 살아가려고 노력하면 하나씩 좋아지더라구요. 각박한 세상에 치여서 함께 어두워지면 안되니까요. 맛있는 음식을 먹으면 기분이 좋아지지 않으세요 ? 좋아하시는 음식은 무엇인가요 ?",
          "summary": "나는 밝게 살아가려고 노력하니 하나씩 좋아진다",
          "date": "2022-11-08",
          "time": "17:54:13",
          "terminate": "false"
        },
        {
          "speaker": "speaker1",
          "personaID": "25985",
          "participantID": "4356",
          "utterance": "전 참치회를 좋아해요 무슨 음식 좋아하세요?",
          "summary": "나는 참치회를 좋아한다.",
          "date": "2022-11-08",
          "time": "17:58:34",
          "terminate": "false"
        },
        {
          "speaker": "speaker2",
          "personaID": "61837",
          "participantID": "4291",
          "utterance": "저는 육류와 과일류를 좋아합니다.  그런데 바나나는 안 먹습니다.",
          "summary": "나는 육류와 과일류를 좋아한다 나는 바나나는 안 먹는다",
          "date": "2022-11-08",
          "time": "17:59:25",
          "terminate": "false"
        },
        {
          "speaker": "speaker1",
          "personaID": "25985",
          "participantID": "4356",
          "utterance": "그러시군요 전 전쟁 영화를 자주보는데 취미생활하시는거 있으세요?",
          "summary": "나는 전쟁 영화를 자주 본다.",
          "date": "2022-11-08",
          "time": "18:00:36",
          "terminate": "false"
        },
        {
          "speaker": "speaker2",
          "personaID": "61837",
          "participantID": "4291",
          "utterance": "저는 야근 하는 것을 좋아해서요 야근 하고 나면 야경이 예쁘니까 야경을 벗삼아 공원을 산책하는 하는 것이 취미입니다. ",
          "summary": "나는 야근하는 것을 좋아한다 나는 야경을 벗 삼아 공원을 산책한다",
          "date": "2022-11-08",
          "time": "18:01:41",
          "terminate": "false"
        },
        {
          "speaker": "speaker1",
          "personaID": "25985",
          "participantID": "4356",
          "utterance": "밤공기가 찬데 건강 조심하세요~ 전 컴퓨터활용능력 자격증을 준비하느라 바쁘게 지내네요",
          "summary": "나는 컴퓨터 활용능력 자격증을 준비하느라 바쁘게 지낸다.",
          "date": "2022-11-08",
          "time": "18:16:51",
          "terminate": "false"
        },
        {
          "speaker": "speaker2",
          "personaID": "61837",
          "participantID": "4291",
          "utterance": "자격증을 따시려고 공부중이시군요. 학교 업무에 필요하신건가요 ?",
          "summary": "",
          "date": "2022-11-08",
          "time": "18:28:23",
          "terminate": "false"
        },
        {
          "speaker": "speaker1",
          "personaID": "25985",
          "participantID": "4356",
          "utterance": "아무래도 요샌 컴퓨터로 수업을 많이하게 되니까요 저는 고슴도치를 키우고 싶은데 쉽지가 않네요 반려동물 키우시나요?",
          "summary": "나는 고슴도치를 키우고 싶지만 못 키우고 있다.",
          "date": "2022-11-08",
          "time": "18:30:14",
          "terminate": "false"
        },
        {
          "speaker": "speaker2",
          "personaID": "61837",
          "participantID": "4291",
          "utterance": "저는 강아지를 키우고 있습니다. 고슴도치를 옆집 아이가 키워서 본적 있어요. 조그맣고 귀엽더라구요 ",
          "summary": "나는 강아지를 키운다",
          "date": "2022-11-08",
          "time": "18:33:09",
          "terminate": "false"
        },
        {
          "speaker": "speaker1",
          "personaID": "25985",
          "participantID": "4356",
          "utterance": "강아지도 귀엽겠네요 벌써 저녁시간이 되었네요",
          "summary": "",
          "date": "2022-11-08",
          "time": "18:34:27",
          "terminate": "false"
        },
        {
          "speaker": "speaker2",
          "personaID": "61837",
          "participantID": "4291",
          "utterance": "그러게요. 이제 저녁먹으러 가야겠어요. 나중에 다시 대화나눠요 ^^",
          "summary": "나는 저녁 먹으러 가야겠다",
          "date": "2022-11-08",
          "time": "18:35:16",
          "terminate": "true"
        }
      ],
      "sessionPersonaSummary": {
        "speaker1": [
          "나는 20대 여성이다. 나는 중학교 과학교사이다.",
          "나는 가족과 만나면 싸우게 된다.",
          "나는 참치회를 좋아한다.",
          "나는 전쟁 영화를 자주 본다.",
          "나는 컴퓨터 활용능력 자격증을 준비하느라 바쁘게 지낸다.",
          "나는 고슴도치를 키우고 싶지만 못 키우고 있다."
        ],
        "speaker2": [
          "나는 60대 여성이다",
          "나는 매일 감사하다",
          "나는 밝게 살아가려고 노력하니 하나씩 좋아진다",
          "나는 육류와 과일류를 좋아한다",
          "나는 바나나는 안 먹는다",
          "나는 야근하는 것을 좋아한다",
          "나는 야경을 벗 삼아 공원을 산책한다",
          "나는 강아지를 키운다",
          "나는 저녁 먹으러 가야겠다"
        ]
      },
      "prevAggregatedpersonaSummary": {
        "speaker1": [],
        "speaker2": []
      }
    },
    {
      "prevSessionID": "4-00195-1",
      "prevTimeInfo": {
        "timeNum": "36",
        "timeUnit": "시간"
      },
      "nthSession": "2",
      "numberOfUtterances": "14",
      "numberOfTurns": "7",
      "sessionID": "4-00195-2",
      "dialog": [
        {
          "speaker": "speaker1",
          "personaID": "25985",
          "participantID": "4356",
          "utterance": "벌써 36시간이나 지났네요 어제는 뭐하시며 지내셨나요?",
          "summary": "",
          "date": "2022-11-08",
          "time": "18:38:22",
          "terminate": "false"
        },
        {
          "speaker": "speaker2",
          "personaID": "61837",
          "participantID": "4291",
          "utterance": "하루하고 반나절이나 지났군요. 마침 TV에 단풍놀이 명소가 나와서 시청하고 있어요",
          "summary": " 나는 TV에 단풍놀이 명소가 나와 시청하고 있다",
          "date": "2022-11-08",
          "time": "18:42:18",
          "terminate": "false"
        },
        {
          "speaker": "speaker1",
          "personaID": "25985",
          "participantID": "4356",
          "utterance": "저도 며칠전에 TV에서 단풍보니 너무 예쁘더라구요 어떤 프로를 많이보세요?",
          "summary": "나는 며칠 전 TV에서 단풍을 보았다.",
          "date": "2022-11-08",
          "time": "18:43:14",
          "terminate": "false"
        },
        {
          "speaker": "speaker2",
          "personaID": "61837",
          "participantID": "4291",
          "utterance": "저는 여행프로그램이나 드라마를 주로 시청해요. TV 보는 것 좋아하세요 ?",
          "summary": "나는 여행 프로나 드라마를 주로 시청한다",
          "date": "2022-11-08",
          "time": "18:44:05",
          "terminate": "false"
        },
        {
          "speaker": "speaker1",
          "personaID": "25985",
          "participantID": "4356",
          "utterance": "네 요새는 TV프로그램을 다시볼 수도 있고 폰으로도 보니 자주봐요  학교 아이들때문에 음악프로도 많이보죠",
          "summary": "나는 TV 프로그램을 자주 본다. 나는 음악 프로도 많이 본다.",
          "date": "2022-11-08",
          "time": "18:46:24",
          "terminate": "false"
        },
        {
          "speaker": "speaker2",
          "personaID": "61837",
          "participantID": "4291",
          "utterance": "아이들이랑 소통하시려면 최신 아이돌들도 알고 있어야하더라구요.  최근 유행어들을 습득하려고 예능도 많이 보시겠습니다. ",
          "summary": "",
          "date": "2022-11-08",
          "time": "18:49:39",
          "terminate": "false"
        },
        {
          "speaker": "speaker1",
          "personaID": "25985",
          "participantID": "4356",
          "utterance": "요새 아이들 언어는 저도 알아듣기힘들더라구요 예능프로도 줄임말이나 은어들이 많으니 어렵기도해요",
          "summary": "나는 요새 아이들의 언어와 줄임말, 은어들이 어려울 때가 있다.",
          "date": "2022-11-08",
          "time": "19:50:05",
          "terminate": "false"
        },
        {
          "speaker": "speaker2",
          "personaID": "61837",
          "participantID": "4291",
          "utterance": "공부해서 대화해야하더라구요 저도 자녀들이랑 대화하려면 그래야해요. 못알아들을 때가 많습니다. ",
          "summary": "",
          "date": "2022-11-08",
          "time": "20:27:27",
          "terminate": "false"
        },
        {
          "speaker": "speaker1",
          "personaID": "25985",
          "participantID": "4356",
          "utterance": "오늘은 정말 좋아하는 TV프로가 하네요 댄스 경연무대인데 마지막 방송이라 기대되네요",
          "summary": "",
          "date": "2022-11-08",
          "time": "20:41:13",
          "terminate": "false"
        },
        {
          "speaker": "speaker2",
          "personaID": "61837",
          "participantID": "4291",
          "utterance": "어떤 프로그램인가요 ? 저는 예술문화쪽 방송은 많이 보지 않아서 궁금합니다.  ",
          "summary": "나는 예술문화 쪽 방송은 많이 보지 않는다",
          "date": "2022-11-09",
          "time": "15:28:51",
          "terminate": "false"
        },
        {
          "speaker": "speaker1",
          "personaID": "25985",
          "participantID": "4356",
          "utterance": "남자 댄서들이 나와서 추는데 응원하는 팀이 2등을 해서 아쉽더라구요",
          "summary": "",
          "date": "2022-11-09",
          "time": "15:51:03",
          "terminate": "false"
        },
        {
          "speaker": "speaker2",
          "personaID": "61837",
          "participantID": "4291",
          "utterance": " 남자댄서들 프로인가보군요. 저는 여자 댄서 프로도 나온지 몇달 뒤에 한번에 보았어요. 여자들이 추니 또 멋있더라구요. ",
          "summary": "",
          "date": "2022-11-09",
          "time": "16:50:25",
          "terminate": "false"
        },
        {
          "speaker": "speaker1",
          "personaID": "25985",
          "participantID": "4356",
          "utterance": "여자댄서들꺼가 더 재밌긴했어요 벌써 퇴근 시간이네요",
          "summary": "",
          "date": "2022-11-09",
          "time": "16:52:28",
          "terminate": "false"
        },
        {
          "speaker": "speaker2",
          "personaID": "61837",
          "participantID": "4291",
          "utterance": "그럼 퇴근하시고 다음에 또 대화나누어요 즐거웠습니다. ",
          "summary": "",
          "date": "2022-11-09",
          "time": "18:31:16",
          "terminate": "true"
        }
      ],
      "sessionPersonaSummary": {
        "speaker1": [
          "나는 며칠 전 TV에서 단풍을 보았다.",
          "나는 TV 프로그램을 자주 본다.",
          "나는 음악 프로도 많이 본다.",
          "나는 요새 아이들의 언어와 줄임말, 은어들이 어려울 때가 있다."
        ],
        "speaker2": [
          "나는 TV에 단풍놀이 명소가 나와 시청하고 있다",
          "나는 여행 프로나 드라마를 주로 시청한다",
          "나는 예술문화 쪽 방송은 많이 보지 않는다"
        ]
      },
      "prevAggregatedpersonaSummary": {
        "speaker1": [
          "나는 20대 여성이다. 나는 중학교 과학교사이다.",
          "나는 가족과 만나면 싸우게 된다.",
          "나는 참치회를 좋아한다.",
          "나는 전쟁 영화를 자주 본다.",
          "나는 컴퓨터 활용능력 자격증을 준비하느라 바쁘게 지낸다.",
          "나는 고슴도치를 키우고 싶지만 못 키우고 있다."
        ],
        "speaker2": [
          "나는 60대 여성이다",
          "나는 매일 감사하다",
          "나는 밝게 살아가려고 노력하니 하나씩 좋아진다",
          "나는 육류와 과일류를 좋아한다",
          "나는 바나나는 안 먹는다",
          "나는 야근하는 것을 좋아한다",
          "나는 야경을 벗 삼아 공원을 산책한다",
          "나는 강아지를 키운다",
          "나는 저녁 먹으러 가야겠다"
        ]
      }
    },
    {
      "prevSessionID": "4-00195-2",
      "prevTimeInfo": {
        "timeNum": "7",
        "timeUnit": "주"
      },
      "nthSession": "3",
      "numberOfUtterances": "14",
      "numberOfTurns": "7",
      "sessionID": "4-00195-3",
      "dialog": [
        {
          "speaker": "speaker1",
          "personaID": "25985",
          "participantID": "4356",
          "utterance": "7주만에 뵙네요 잘 지내셨어요?",
          "summary": "",
          "date": "2022-11-09",
          "time": "19:26:10",
          "terminate": "false"
        },
        {
          "speaker": "speaker2",
          "personaID": "61837",
          "participantID": "4291",
          "utterance": "네 정말 오랜만이네요 잘지내셨지요 ? 무엇을 하고 계시나요?",
          "summary": "",
          "date": "2022-11-09",
          "time": "20:42:01",
          "terminate": "false"
        },
        {
          "speaker": "speaker1",
          "personaID": "25985",
          "participantID": "4356",
          "utterance": "오늘은 수요일이라 재밌는 TV프로그램이 별로없어서 심심하네요",
          "summary": "나는 수요일에 재밌는 TV프로를 보지 못해 심심하다.",
          "date": "2022-11-09",
          "time": "21:12:11",
          "terminate": "false"
        },
        {
          "speaker": "speaker2",
          "personaID": "61837",
          "participantID": "4291",
          "utterance": "저도 수요일에는 재미있는 프로가 없다고 생각햇었는데 프로를 처음보고 재미있다고 생각이 들었습니다.",
          "summary": "나는 프로를 보고 재미있었다",
          "date": "2022-11-10",
          "time": "21:35:17",
          "terminate": "false"
        },
        {
          "speaker": "speaker1",
          "personaID": "25985",
          "participantID": "4356",
          "utterance": "연애프로 이제 식상하다고 나오던데 재미있나봐요",
          "summary": "",
          "date": "2022-11-10",
          "time": "22:27:34",
          "terminate": "false"
        },
        {
          "speaker": "speaker2",
          "personaID": "61837",
          "participantID": "4291",
          "utterance": "그러게요. 저도 예술 문화쪽 송은 안보다가 언뜻 보았는데 예전 연애때 설렘도 생각나고 볼만하더라구요.  나이드니 연애로 설렐일이 없어서 그립습니다. ",
          "summary": "나는 예술 문화 쪽을 언뜻 보니 볼만했다 나는 나이 드니 연애로 설렐 일이 없다",
          "date": "2022-11-11",
          "time": "10:58:55",
          "terminate": "false"
        },
        {
          "speaker": "speaker1",
          "personaID": "25985",
          "participantID": "4356",
          "utterance": "아고  전 남자친구는 없지만 tv드라마 남자주인공보면서 설레곤해요 tv드라마 같은건 재미없으시죠?",
          "summary": "나는 TV 드라마 남자 주인공을 보면서 설레곤 한다.",
          "date": "2022-11-11",
          "time": "13:05:47",
          "terminate": "false"
        },
        {
          "speaker": "speaker2",
          "personaID": "61837",
          "participantID": "4291",
          "utterance": "저번에도 애기드렸는데 저는 보통 여행프로나 드라마를 즐겨봐요. 저희 나이에 드라마 안보면 친구들끼리 이야기하기도 어렵답니다.",
          "summary": "니는 여행 프로나 드라마를 즐겨본다",
          "date": "2022-11-11",
          "time": "13:25:29",
          "terminate": "false"
        },
        {
          "speaker": "speaker1",
          "personaID": "25985",
          "participantID": "4356",
          "utterance": "전 젊은 배우 나오는 멜로같은 드라마는 안보시는줄 알았어요 가끔 재방송으로 옛날 드라마하는거 보면 막장이 아니라그런지 재밌더라구요",
          "summary": "나는 가끔 재방송으로 옛날 드라마 하는 것을 보면 재미있다.",
          "date": "2022-11-11",
          "time": "13:50:01",
          "terminate": "false"
        },
        {
          "speaker": "speaker2",
          "personaID": "61837",
          "participantID": "4291",
          "utterance": "작가님이 누구이냐에 따라 다른것 같아요. 예전부터 쭈욱 막장만 쓰시는 작가님도 계시고요.",
          "summary": "",
          "date": "2022-11-11",
          "time": "14:10:55",
          "terminate": "false"
        },
        {
          "speaker": "speaker1",
          "personaID": "25985",
          "participantID": "4356",
          "utterance": "예전엔 연예 뉴스 프로도 많이했는데 요새는 사라진 프로도 많고 시즌제를 하니까 아쉽기도 하네요",
          "summary": "나는 연애 뉴스프로가 줄어들고 여러 TV프로가 사라지거나 시즌제로 바뀌어 가는 것이 아쉽기도 하다.",
          "date": "2022-11-11",
          "time": "14:23:32",
          "terminate": "false"
        },
        {
          "speaker": "speaker2",
          "personaID": "61837",
          "participantID": "4291",
          "utterance": " 시즌제가 많아지긴 했더라구요. 드라마도 연애프로도.",
          "summary": "",
          "date": "2022-11-12",
          "time": "23:06:48",
          "terminate": "false"
        },
        {
          "speaker": "speaker1",
          "personaID": "25985",
          "participantID": "4356",
          "utterance": "근데 뭐든 첫시즌이 제일 재밌는것 같아요 나오는것도 오래 걸리구요",
          "summary": "나는 무엇이든 첫 시즌이 제일 재밌다고 생각한다.",
          "date": "2022-11-12",
          "time": "23:14:22",
          "terminate": "false"
        },
        {
          "speaker": "speaker2",
          "personaID": "61837",
          "participantID": "4291",
          "utterance": "맞아요. 저는 @프로그램2@을 제일 재밌게 보았습니다. 나중애 재밌는 거 있으면 알려주세요 오늘은 이만 대화를 줄여보겠습니다. 즐거웠습니다 ^^",
          "summary": "나는 @프로그램2@을 재밌게 봤다",
          "date": "2022-11-12",
          "time": "23:32:07",
          "terminate": "true"
        }
      ],
      "sessionPersonaSummary": {
        "speaker1": [
          "나는 수요일에 재밌는 TV프로를 보지 못해 심심하다.",
          "나는 TV 드라마 남자 주인공을 보면서 설레곤 한다.",
          "나는 가끔 재방송으로 옛날 드라마 하는 것을 보면 재미있다.",
          "나는 연애 뉴스프로가 줄어들고 여러 TV프로가 사라지거나 시즌제로 바뀌어 가는 것이 아쉽기도 하다.",
          "나는 무엇이든 첫 시즌이 제일 재밌다고 생각한다."
        ],
        "speaker2": [
          "나는 프로를 보고 재미있었다",
          "나는 예술 문화 쪽을 언뜻 보니 볼만했다",
          "나는 나이 드니 연애로 설렐 일이 없다",
          "니는 여행 프로나 드라마를 즐겨본다",
          "나는 @프로그램2@을 재밌게 봤다"
        ]
      },
      "prevAggregatedpersonaSummary": {
        "speaker1": [
          "나는 20대 여성이다. 나는 중학교 과학교사이다.",
          "나는 가족과 만나면 싸우게 된다.",
          "나는 참치회를 좋아한다.",
          "나는 전쟁 영화를 자주 본다.",
          "나는 컴퓨터 활용능력 자격증을 준비하느라 바쁘게 지낸다.",
          "나는 고슴도치를 키우고 싶지만 못 키우고 있다.",
          "나는 며칠 전 TV에서 단풍을 보았다.",
          "나는 TV 프로그램을 자주 본다.",
          "나는 음악 프로도 많이 본다.",
          "나는 요새 아이들의 언어와 줄임말, 은어들이 어려울 때가 있다."
        ],
        "speaker2": [
          "나는 60대 여성이다",
          "나는 매일 감사하다",
          "나는 밝게 살아가려고 노력하니 하나씩 좋아진다",
          "나는 육류와 과일류를 좋아한다",
          "나는 바나나는 안 먹는다",
          "나는 야근하는 것을 좋아한다",
          "나는 야경을 벗 삼아 공원을 산책한다",
          "나는 강아지를 키운다",
          "나는 저녁 먹으러 가야겠다",
          "나는 TV에 단풍놀이 명소가 나와 시청하고 있다",
          "나는 여행 프로나 드라마를 주로 시청한다",
          "나는 예술문화 쪽 방송은 많이 보지 않는다"
        ]
      }
    },
    {
      "prevSessionID": "4-00195-3",
      "prevTimeInfo": {
        "timeNum": "3",
        "timeUnit": "일"
      },
      "nthSession": "4",
      "numberOfUtterances": "14",
      "numberOfTurns": "7",
      "sessionID": "4-00195-4",
      "dialog": [
        {
          "speaker": "speaker1",
          "personaID": "25985",
          "participantID": "4356",
          "utterance": "3일만에 뵙네요 잘 지내셨어요?",
          "summary": "",
          "date": "2022-11-13",
          "time": "17:40:29",
          "terminate": "false"
        },
        {
          "speaker": "speaker2",
          "personaID": "61837",
          "participantID": "4291",
          "utterance": "네 저는 잘 지냈습니다. 어제는 TV채널을 돌리다가 젊은이들 음악프로가 나오는데 님 생각이 나더라구요. ",
          "summary": "",
          "date": "2022-11-14",
          "time": "10:04:47",
          "terminate": "false"
        },
        {
          "speaker": "speaker1",
          "personaID": "25985",
          "participantID": "4356",
          "utterance": "전 어제 못봤어요 대신 새로 드라마하는거보는데 너무 재밌더라구요",
          "summary": "나는 새로 드라마 하는 것을 보고 있다.",
          "date": "2022-11-14",
          "time": "10:12:09",
          "terminate": "false"
        },
        {
          "speaker": "speaker2",
          "personaID": "61837",
          "participantID": "4291",
          "utterance": "새로 하는 드라마가 있나요 ? 어떤 내용인가요 ?",
          "summary": "",
          "date": "2022-11-14",
          "time": "10:13:36",
          "terminate": "false"
        },
        {
          "speaker": "speaker1",
          "personaID": "25985",
          "participantID": "4356",
          "utterance": "경찰관과 소방관 얘기더라구요 제가 좋아하는 배우도 나오고 연기도 잘하고 재밌었어요",
          "summary": "",
          "date": "2022-11-14",
          "time": "10:14:26",
          "terminate": "false"
        },
        {
          "speaker": "speaker2",
          "personaID": "61837",
          "participantID": "4291",
          "utterance": "경찰관과 소방관이면 직업상 위험한 일이 많이 나오겠네요. 슬픈 이야기도 가끔 나오고",
          "summary": "",
          "date": "2022-11-14",
          "time": "10:18:44",
          "terminate": "false"
        },
        {
          "speaker": "speaker1",
          "personaID": "25985",
          "participantID": "4356",
          "utterance": "그럴것 같아요 요새는 금,토 드라마가해서 좋은것 같아요 볼 방송프로가 많아지니 심심하지 않네요 ",
          "summary": "나는 요즘 금, 토 드라마 하는 것이 좋다.",
          "date": "2022-11-14",
          "time": "13:17:44",
          "terminate": "false"
        },
        {
          "speaker": "speaker2",
          "personaID": "61837",
          "participantID": "4291",
          "utterance": "케이블 TV 채널이 많이 생기니 너무 많은 프로가 생겨서 중구난방인 것 같기도 해요. 프로그램의 질이 떨어지는 프로도 있는 것 같더라구요.",
          "summary": "나는 케이블 tv 채널이 많이 생겨 중구난방인 것 같다",
          "date": "2022-11-14",
          "time": "15:57:37",
          "terminate": "false"
        },
        {
          "speaker": "speaker1",
          "personaID": "25985",
          "participantID": "4356",
          "utterance": "그건 그래요 전  요새 드라마보는데 중간에 광고나오는게 싫더라구요",
          "summary": "나는 요즘 드라마 중간광고 나오는 것이 싫다.",
          "date": "2022-11-14",
          "time": "16:01:39",
          "terminate": "false"
        },
        {
          "speaker": "speaker2",
          "personaID": "61837",
          "participantID": "4291",
          "utterance": "맞아요. 몰입도를 확 떨어뜨려서 집중력이 깨질때가 있어요. 가끔은 감정몰입하다가 팍 식어버리더라구요. ",
          "summary": "나는 몰입도를 확 떨어뜨려 집중력이 깨질 때가 있다",
          "date": "2022-11-14",
          "time": "16:09:15",
          "terminate": "false"
        },
        {
          "speaker": "speaker1",
          "personaID": "25985",
          "participantID": "4356",
          "utterance": "@프로그램4@는 꼭 발표전에 광고를 해서 더 긴장되게 만들긴하는데 프로그램마다 느껴지는게 다른것 같긴해요",
          "summary": "",
          "date": "2022-11-14",
          "time": "16:10:12",
          "terminate": "false"
        },
        {
          "speaker": "speaker2",
          "personaID": "61837",
          "participantID": "4291",
          "utterance": "긴장감을 최고조에 이르게 하기 위해 그런건 알겠는데 가끔 화가 나는건 어쩔 수 없네요. ",
          "summary": "나는 가끔 화가 나는 건 어쩔 수 없다",
          "date": "2022-11-14",
          "time": "16:23:01",
          "terminate": "false"
        },
        {
          "speaker": "speaker1",
          "personaID": "25985",
          "participantID": "4356",
          "utterance": "그러게요 광고해야 먹고 살테니까요 슬슬 퇴근시간이네요",
          "summary": "",
          "date": "2022-11-14",
          "time": "16:24:49",
          "terminate": "false"
        },
        {
          "speaker": "speaker2",
          "personaID": "61837",
          "participantID": "4291",
          "utterance": "그럼 퇴근하세요 ! 저도 저녁을 챙기러 나가보아야 하겠습니다. ",
          "summary": "나는 저녁을 챙기러 가야겠다",
          "date": "2022-11-14",
          "time": "16:30:10",
          "terminate": "true"
        }
      ],
      "sessionPersonaSummary": {
        "speaker1": [
          "나는 새로 드라마 하는 것을 보고 있다.",
          "나는 요즘 금, 토 드라마 하는 것이 좋다.",
          "나는 요즘 드라마 중간광고 나오는 것이 싫다."
        ],
        "speaker2": [
          "나는 케이블 tv 채널이 많이 생겨 중구난방인 것 같다",
          "나는 몰입도를 확 떨어뜨려 집중력이 깨질 때가 있다",
          "나는 가끔 화가 나는 건 어쩔 수 없다",
          "나는 저녁을 챙기러 가야겠다"
        ]
      },
      "prevAggregatedpersonaSummary": {
        "speaker1": [
          "나는 20대 여성이다. 나는 중학교 과학교사이다.",
          "나는 가족과 만나면 싸우게 된다.",
          "나는 참치회를 좋아한다.",
          "나는 전쟁 영화를 자주 본다.",
          "나는 컴퓨터 활용능력 자격증을 준비하느라 바쁘게 지낸다.",
          "나는 고슴도치를 키우고 싶지만 못 키우고 있다.",
          "나는 며칠 전 TV에서 단풍을 보았다.",
          "나는 TV 프로그램을 자주 본다.",
          "나는 음악 프로도 많이 본다.",
          "나는 요새 아이들의 언어와 줄임말, 은어들이 어려울 때가 있다.",
          "나는 수요일에 재밌는 TV프로를 보지 못해 심심하다.",
          "나는 TV 드라마 남자 주인공을 보면서 설레곤 한다.",
          "나는 가끔 재방송으로 옛날 드라마 하는 것을 보면 재미있다.",
          "나는 연애 뉴스프로가 줄어들고 여러 TV프로가 사라지거나 시즌제로 바뀌어 가는 것이 아쉽기도 하다.",
          "나는 무엇이든 첫 시즌이 제일 재밌다고 생각한다."
        ],
        "speaker2": [
          "나는 60대 여성이다",
          "나는 매일 감사하다",
          "나는 밝게 살아가려고 노력하니 하나씩 좋아진다",
          "나는 육류와 과일류를 좋아한다",
          "나는 바나나는 안 먹는다",
          "나는 야근하는 것을 좋아한다",
          "나는 야경을 벗 삼아 공원을 산책한다",
          "나는 강아지를 키운다",
          "나는 저녁 먹으러 가야겠다",
          "나는 TV에 단풍놀이 명소가 나와 시청하고 있다",
          "나는 여행 프로나 드라마를 주로 시청한다",
          "나는 예술문화 쪽 방송은 많이 보지 않는다",
          "나는 프로를 보고 재미있었다",
          "나는 예술 문화 쪽을 언뜻 보니 볼만했다",
          "나는 나이 드니 연애로 설렐 일이 없다",
          "니는 여행 프로나 드라마를 즐겨본다",
          "나는 @프로그램2@을 재밌게 봤다"
        ]
      }
    }
  ]
}