{
  "FileInfo": {
    "filename": "K4-00274-CL13333-CP26207-03-10-S4.json",
    "sessionLevel": "4"
  },
  "participantsInfo": {
    "numberOfParticipants": "2",
    "speaker1": {
      "participantID": "5952",
      "gender": "여성",
      "age": "10대",
      "occupation": "학생",
      "bPlace": "부산/대구/울산/경상",
      "gPlace": "부산/대구/울산/경상",
      "rPlace": "부산/대구/울산/경상",
      "educationLevel": "중졸"
    },
    "speaker2": {
      "participantID": "4501",
      "gender": "여성",
      "age": "30대",
      "occupation": "사무직",
      "bPlace": "서울/경기/인천",
      "gPlace": "서울/경기/인천",
      "rPlace": "서울/경기/인천",
      "educationLevel": "대졸"
    }
  },
  "multisessionInfo": {
    "multisessionID": "4-00274"
  },
  "personaInfo": {
    "clInfo": {
      "personaID": "13333",
      "personaFeatures": [
        "나는 여자이다.",
        "나는 10대이다.",
        "나의 생일은 6월이다",
        "나는 노래방에 가는 게 즐겁다",
        "나는 아이스크림을 안 먹는다",
        "나는 매우 부정적이다",
        "나는 강아지 세 마리를 키운다"
      ],
      "speakerType": "speaker1"
    },
    "cpInfo": {
      "personaID": "26207",
      "personaFeatures": [
        "나는 여자이다.",
        "나는 20대이다.",
        "나는 대학생이다",
        "나는 경제학부가 부전공이다",
        "나의 어머니는 연구원이다",
        "나는 아이스 카페라떼를 자주 마신다",
        "나는 작은 것까지 확인한다"
      ],
      "speakerType": "speaker2"
    }
  },
  "topicInfo": {
    "topicID": "03-10",
    "topicType": "교통",
    "topicTitle": "교통"
  },
  "sessionInfo": [
    {
      "prevSessionID": null,
      "prevTimeInfo": {
        "timeNum": null,
        "timeUnit": null
      },
      "nthSession": "1",
      "numberOfUtterances": "14",
      "numberOfTurns": "7",
      "sessionID": "4-00274-1",
      "dialog": [
        {
          "speaker": "speaker1",
          "personaID": "13333",
          "participantID": "5952",
          "utterance": "안녕하세요 저는 강아지를 세마리 키우는 10대 여성입니다.",
          "summary": "나는 강아지를 키우는 10대 여성이다",
          "date": "2022-11-11",
          "time": "20:05:21",
          "terminate": "false"
        },
        {
          "speaker": "speaker2",
          "personaID": "26207",
          "participantID": "4501",
          "utterance": "안녕하세요 저는 대학생입니다 20살 여성이에요",
          "summary": "나는 대학생이다. 나는 20살 여성이다.",
          "date": "2022-11-11",
          "time": "20:05:35",
          "terminate": "false"
        },
        {
          "speaker": "speaker1",
          "personaID": "13333",
          "participantID": "5952",
          "utterance": "오늘 뭐하셨나요? 저는 노래방에 갔다왔어요. 저는 노래방에 가는 게 즐겁답니다.",
          "summary": "나는 노래방에 가는 걸 즐거워한다",
          "date": "2022-11-11",
          "time": "20:08:08",
          "terminate": "false"
        },
        {
          "speaker": "speaker2",
          "personaID": "26207",
          "participantID": "4501",
          "utterance": "아 저는 20대 대학생이라서 멀리는 못갔고요, 아이스 카페라떼를 자주 마셔서 커피숍에 다녀왔어요",
          "summary": "나는 아이스 카페라테를 자주 마신다. 나는 커피숍에 다녀왔다.",
          "date": "2022-11-11",
          "time": "20:08:30",
          "terminate": "false"
        },
        {
          "speaker": "speaker1",
          "personaID": "13333",
          "participantID": "5952",
          "utterance": "오 그러시군요. 요즘 카페가면 아이스크림 들어간 메뉴가 참 많던데 저는 아이스크림은 안먹어서 먹을게 별로 없어요.",
          "summary": "나는 아이스크림을 안 먹는다.",
          "date": "2022-11-11",
          "time": "20:15:07",
          "terminate": "false"
        },
        {
          "speaker": "speaker2",
          "personaID": "26207",
          "participantID": "4501",
          "utterance": "아 저는 작은 것까지 확인하는 편인데, 어머니가 연구원이라서 그런지 아이스 카페라떼 맛있는 집을 참 잘 알고 계세요. 그래서 만족합니다",
          "summary": "나는 작은 것까지 확인하는 편이다. 나는 어머니가 연구원이다.",
          "date": "2022-11-11",
          "time": "20:15:44",
          "terminate": "false"
        },
        {
          "speaker": "speaker1",
          "personaID": "13333",
          "participantID": "5952",
          "utterance": "어머니가 연구원이시군요! 혹시 생일은 언제이신가요? 저는 생일이 @날짜@이에요.",
          "summary": "나는 생일이 @날짜@이다",
          "date": "2022-11-11",
          "time": "20:17:11",
          "terminate": "false"
        },
        {
          "speaker": "speaker2",
          "personaID": "26207",
          "participantID": "4501",
          "utterance": "저는 @날짜@이에요. 추운 계절에 태어났는데도 아이스 카페라떼를 자주 마시는 걸 보면 특이한 것 같아요.",
          "summary": "나는 @날짜@이 생일이다.",
          "date": "2022-11-11",
          "time": "20:18:12",
          "terminate": "false"
        },
        {
          "speaker": "speaker1",
          "personaID": "13333",
          "participantID": "5952",
          "utterance": "오 생각해보니 그러네요. 요즘 어떻게 지내시나요? 저는 매우 부정적인 제 성격때문에 생각을 비우려고 해요.",
          "summary": "나는 부정적인 성격을 가지고 있다.",
          "date": "2022-11-11",
          "time": "20:20:59",
          "terminate": "false"
        },
        {
          "speaker": "speaker2",
          "personaID": "26207",
          "participantID": "4501",
          "utterance": "저는 경제학부가 부전공이라서 더욱 그런건지, 요즘 부동산이나 주식 관련해서 고민하는데 시간을 보내고 있어요.",
          "summary": "나는 경제학부가 부전공이다. 나는 요즘 부동산이나 주식 관련해서 고민하는데 시간을 보낸다.",
          "date": "2022-11-11",
          "time": "20:21:27",
          "terminate": "false"
        },
        {
          "speaker": "speaker1",
          "personaID": "13333",
          "participantID": "5952",
          "utterance": "경제학부가 부전공이시라니 멋지네요. 부동산하고 주식은 공부하기가 어려운 것 같아요. ",
          "summary": "나는 부동 산하고 주식을 어려워한다.",
          "date": "2022-11-11",
          "time": "20:23:10",
          "terminate": "false"
        },
        {
          "speaker": "speaker2",
          "personaID": "26207",
          "participantID": "4501",
          "utterance": "맞아요. 그런데 제가 작은 것까지 확인하는 편이라 그런건지 경제 공부 재밌더라고요.",
          "summary": "나는 경제 공부가 재밌다.",
          "date": "2022-11-11",
          "time": "20:23:43",
          "terminate": "false"
        },
        {
          "speaker": "speaker1",
          "personaID": "13333",
          "participantID": "5952",
          "utterance": "성격이 되게 꼼꼼하신편이신가봐요! 경제 공부가 재밌으시다니 다행이에요. 취미는 있으신가요?",
          "summary": "나는 취미를 궁금해한다.",
          "date": "2022-11-11",
          "time": "20:24:44",
          "terminate": "false"
        },
        {
          "speaker": "speaker2",
          "personaID": "26207",
          "participantID": "4501",
          "utterance": "취미는 경제학부가 부전공이라 그런지 경제신문 읽기입니다. 조금 따분하게 느껴지실거 같네요",
          "summary": "나는 취미가 경제신문 읽기다.",
          "date": "2022-11-11",
          "time": "20:25:10",
          "terminate": "true"
        }
      ],
      "sessionPersonaSummary": {
        "speaker1": [
          "나는 강아지를 키우는 10대 여성이다",
          "나는 노래방에 가는 걸 즐거워한다",
          "나는 아이스크림을 안 먹는다.",
          "나는 생일이 @날짜@이다",
          "나는 부정적인 성격을 가지고 있다.",
          "나는 부동 산하고 주식을 어려워한다.",
          "나는 취미를 궁금해한다."
        ],
        "speaker2": [
          "나는 대학생이다. 나는 20살 여성이다.",
          "나는 아이스 카페라테를 자주 마신다. 나는 커피숍에 다녀왔다.",
          "나는 작은 것까지 확인하는 편이다. 나는 어머니가 연구원이다.",
          "나는 @날짜@이 생일이다.",
          "나는 경제학부가 부전공이다. 나는 요즘 부동산이나 주식 관련해서 고민하는데 시간을 보낸다.",
          "나는 경제 공부가 재밌다.",
          "나는 취미가 경제신문 읽기다."
        ]
      },
      "prevAggregatedpersonaSummary": {
        "speaker1": [],
        "speaker2": []
      }
    },
    {
      "prevSessionID": "4-00274-1",
      "prevTimeInfo": {
        "timeNum": "5",
        "timeUnit": "주"
      },
      "nthSession": "2",
      "numberOfUtterances": "14",
      "numberOfTurns": "7",
      "sessionID": "4-00274-2",
      "dialog": [
        {
          "speaker": "speaker1",
          "personaID": "13333",
          "participantID": "5952",
          "utterance": "와 너희 5주만에 보네요? 잘 지내셨어요?",
          "summary": "나는 5주 만에 만난다",
          "date": "2022-11-11",
          "time": "20:27:33",
          "terminate": "false"
        },
        {
          "speaker": "speaker2",
          "personaID": "26207",
          "participantID": "4501",
          "utterance": "그러게요 그동안 잘 지내셨죠? 강아지를 키우시느라 바쁘셨을 것 같아요. 저는 대학교에서 경제학부 부전공 때문에 골치입니다.",
          "summary": "나는 대학교 경제학부 부전공 때문에 골치이다.",
          "date": "2022-11-11",
          "time": "20:28:30",
          "terminate": "false"
        },
        {
          "speaker": "speaker1",
          "personaID": "13333",
          "participantID": "5952",
          "utterance": "네 저는 강아지 잘 키우고 있어요. 3주전에는 큰 공원에 가서 원반 던지기도 했었어요. 부전공은 경제학부라고 하셨죠? 좋아하는 공부라고 하셨었는데 힘드신거에요?",
          "summary": "나는 강아지를 키우고 있다. 3주 전에는 원반 던지기를 했다.",
          "date": "2022-11-11",
          "time": "20:31:14",
          "terminate": "false"
        },
        {
          "speaker": "speaker2",
          "personaID": "26207",
          "participantID": "4501",
          "utterance": "네. 2주 전부터 다음 시험을 준비하고 있는데, 아무래도 작은 것까지 확인하려다보니 힘든 것 같아요.",
          "summary": "나는 2주 전부터 다음 시험을 준비하고 있다.",
          "date": "2022-11-11",
          "time": "20:32:33",
          "terminate": "false"
        },
        {
          "speaker": "speaker1",
          "personaID": "13333",
          "participantID": "5952",
          "utterance": "그쵸. 작은것까지 세세하게 신경쓰려면 힘들 것 같아요. 학교는 가까운데 사시나요? 저는 학교가 멀어서 등하교하기에 너무 힘들더라구요.",
          "summary": "나는 학교가 멀다.",
          "date": "2022-11-11",
          "time": "20:34:20",
          "terminate": "false"
        },
        {
          "speaker": "speaker2",
          "personaID": "26207",
          "participantID": "4501",
          "utterance": "저도 똑같아요. 며칠 전 부터 지하철을 타고 다니는데 어찌나 사람이 많은지... 경제학부 공부를 할 시간이 없네요 ㅠ ",
          "summary": "나는 며칠 전부터 지하철을 타고 다닌다.",
          "date": "2022-11-11",
          "time": "20:35:10",
          "terminate": "false"
        },
        {
          "speaker": "speaker1",
          "personaID": "13333",
          "participantID": "5952",
          "utterance": "그러게요. 저는 부모님이 차로 데려다주셔서 그나마 버틸만 한 것 같아요. 어쩌다가 며칠 전 부터 지하철을 타고 다니셨나요?",
          "summary": "나는 학교까지 부모님이 차로 데려다주신다.",
          "date": "2022-11-11",
          "time": "20:36:30",
          "terminate": "false"
        },
        {
          "speaker": "speaker2",
          "personaID": "26207",
          "participantID": "4501",
          "utterance": "아 5주 전에 어머니가 연구원이라고 이야기드렸었죠. 어머니가 늘 태워다주셨는데 프로젝트가 있어서 지하철을 타게됐어요",
          "summary": "나는 어머니가 늘 태워다 주셨는데 프로젝트가 있어 지하철을 타게 되었다.",
          "date": "2022-11-11",
          "time": "20:37:10",
          "terminate": "false"
        },
        {
          "speaker": "speaker1",
          "personaID": "13333",
          "participantID": "5952",
          "utterance": "아 그러시군요. 어머니도 프로젝트를 진행하시면 바쁘실 것 같아요. 맞나요?",
          "summary": "",
          "date": "2022-11-11",
          "time": "20:38:19",
          "terminate": "false"
        },
        {
          "speaker": "speaker2",
          "personaID": "26207",
          "participantID": "4501",
          "utterance": "네 많이 바쁘세요. 그래도 저도 대학생이라 그런지 서로 바빠서 괜찮아요 ^^",
          "summary": "",
          "date": "2022-11-11",
          "time": "20:38:45",
          "terminate": "false"
        },
        {
          "speaker": "speaker1",
          "personaID": "13333",
          "participantID": "5952",
          "utterance": "그러셨군요. 어머니 잘 챙겨드려야 되겠어요. 버스랑 지하철 중에 어떤 대중교통을 선호하시나요? 저는 지하철이 좋아요.",
          "summary": "나는 지하철을 좋아한다.",
          "date": "2022-11-11",
          "time": "20:40:07",
          "terminate": "false"
        },
        {
          "speaker": "speaker2",
          "personaID": "26207",
          "participantID": "4501",
          "utterance": "저는 버스타는 걸 좋아해요. 버스가 자리가 많잖아요. 대학생이라 앉아서 공부하는 걸 좋아합니다 ^^",
          "summary": "나는 버스 타는 것을 좋아한다. 나는 앉아서 공부하는 걸 좋아한다.",
          "date": "2022-11-11",
          "time": "20:41:03",
          "terminate": "false"
        },
        {
          "speaker": "speaker1",
          "personaID": "13333",
          "participantID": "5952",
          "utterance": "아 그쵸. 앉아서 공부할 때에는 자리가 좀 더 편하고 넓은 지하철이 좋을 것 같네요. 그나저나 버스나 지하철 안에서도 공부를 하신다니 공부에 대한 열정이 뛰어나신가봐요.",
          "summary": "나는 공부할 때는 지하철을 선호한다.",
          "date": "2022-11-11",
          "time": "20:44:21",
          "terminate": "false"
        },
        {
          "speaker": "speaker2",
          "personaID": "26207",
          "participantID": "4501",
          "utterance": "저번에 ktx 역방향을 타고 부전공 경제학부 책을 읽다가 멀미를 했떤 기억도 있어요 ^^",
          "summary": "나는 저번에 ktx 역방향을 타고 부전공 경제학부 책을 읽다가 멀미를 했다.",
          "date": "2022-11-11",
          "time": "20:44:54",
          "terminate": "true"
        }
      ],
      "sessionPersonaSummary": {
        "speaker1": [
          "나는 5주 만에 만난다",
          "나는 강아지를 키우고 있다. 3주 전에는 원반 던지기를 했다.",
          "나는 학교가 멀다.",
          "나는 학교까지 부모님이 차로 데려다주신다.",
          "나는 지하철을 좋아한다.",
          "나는 공부할 때는 지하철을 선호한다."
        ],
        "speaker2": [
          "나는 대학교 경제학부 부전공 때문에 골치이다.",
          "나는 2주 전부터 다음 시험을 준비하고 있다.",
          "나는 며칠 전부터 지하철을 타고 다닌다.",
          "나는 어머니가 늘 태워다 주셨는데 프로젝트가 있어 지하철을 타게 되었다.",
          "나는 버스 타는 것을 좋아한다. 나는 앉아서 공부하는 걸 좋아한다.",
          "나는 저번에 ktx 역방향을 타고 부전공 경제학부 책을 읽다가 멀미를 했다."
        ]
      },
      "prevAggregatedpersonaSummary": {
        "speaker1": [
          "나는 강아지를 키우는 10대 여성이다",
          "나는 노래방에 가는 걸 즐거워한다",
          "나는 아이스크림을 안 먹는다.",
          "나는 생일이 @날짜@이다",
          "나는 부정적인 성격을 가지고 있다.",
          "나는 부동 산하고 주식을 어려워한다.",
          "나는 취미를 궁금해한다."
        ],
        "speaker2": [
          "나는 대학생이다. 나는 20살 여성이다.",
          "나는 아이스 카페라테를 자주 마신다. 나는 커피숍에 다녀왔다.",
          "나는 작은 것까지 확인하는 편이다. 나는 어머니가 연구원이다.",
          "나는 @날짜@이 생일이다.",
          "나는 경제학부가 부전공이다. 나는 요즘 부동산이나 주식 관련해서 고민하는데 시간을 보낸다.",
          "나는 경제 공부가 재밌다.",
          "나는 취미가 경제신문 읽기다."
        ]
      }
    },
    {
      "prevSessionID": "4-00274-2",
      "prevTimeInfo": {
        "timeNum": "46",
        "timeUnit": "시간"
      },
      "nthSession": "3",
      "numberOfUtterances": "14",
      "numberOfTurns": "7",
      "sessionID": "4-00274-3",
      "dialog": [
        {
          "speaker": "speaker1",
          "personaID": "13333",
          "participantID": "5952",
          "utterance": "저희 46시간만이죠? 어제는 잘 지내셨어요?",
          "summary": "나는 며칠 만에 만난다.",
          "date": "2022-11-11",
          "time": "20:53:45",
          "terminate": "false"
        },
        {
          "speaker": "speaker2",
          "personaID": "26207",
          "participantID": "4501",
          "utterance": "46시간만인 것 같아요. 잘 지냈습니다. 요즘도 부모님이 차로 데려다주시나요?",
          "summary": "",
          "date": "2022-11-11",
          "time": "20:54:28",
          "terminate": "false"
        },
        {
          "speaker": "speaker1",
          "personaID": "13333",
          "participantID": "5952",
          "utterance": "네 요즘도 부모님이 학교에 데려다주세요. 생각해보면 매번 귀찮을만한데, 저는 부모님께 감사해요.",
          "summary": "나는 요즘에도 부모님이 학교에 데려다주신다. 나는 부모님께 감사하다.",
          "date": "2022-11-11",
          "time": "20:56:23",
          "terminate": "false"
        },
        {
          "speaker": "speaker2",
          "personaID": "26207",
          "participantID": "4501",
          "utterance": "어머 저도 어제는 어머니가 차로 데려다주셔서 편하게 다녀왔어요. 연구원 일을 하루 쉬게 되어서요",
          "summary": "나는 어제 어머니가 차로 데려다주었다.",
          "date": "2022-11-11",
          "time": "20:57:17",
          "terminate": "false"
        },
        {
          "speaker": "speaker1",
          "personaID": "13333",
          "participantID": "5952",
          "utterance": "어제는 어머니께서 일을 하루 쉬셨군요. 어제는 왜 쉬게 되신건가요?",
          "summary": "",
          "date": "2022-11-11",
          "time": "20:57:58",
          "terminate": "false"
        },
        {
          "speaker": "speaker2",
          "personaID": "26207",
          "participantID": "4501",
          "utterance": "제가 경제학부 부전공이잖아요. 중요한 시험이 있어서 밤을 샜더니 월차를 내셨어요 ^^",
          "summary": "나는 경제학부가 부전공이다. 나는 중요한 시험이 있어 밤을 새웠다.",
          "date": "2022-11-11",
          "time": "20:58:36",
          "terminate": "false"
        },
        {
          "speaker": "speaker1",
          "personaID": "13333",
          "participantID": "5952",
          "utterance": "어머 어머니께서 많이 걱정스러우셨나 보네요. 중요한 시험은 어떤 시험이였나요?",
          "summary": "",
          "date": "2022-11-11",
          "time": "20:59:51",
          "terminate": "false"
        },
        {
          "speaker": "speaker2",
          "personaID": "26207",
          "participantID": "4501",
          "utterance": "경제학부 부전공에 맞는 시험이죠 뭐. 그래도 어머니가 자동차로 태워다주셔서 잘 봤습니다 ",
          "summary": "나는 시험을 잘 봤다.",
          "date": "2022-11-11",
          "time": "21:01:05",
          "terminate": "false"
        },
        {
          "speaker": "speaker1",
          "personaID": "13333",
          "participantID": "5952",
          "utterance": "잘 보셨다니 다행이네요. 저도 곧 기말시험이 다가오는데 성적이 낮게나올까봐 두려워요. 시험기간에 두려움을 떨쳐내는 방법이 있을까요?",
          "summary": "나는 기말시험을 본다. 나는 기말시험 성적이 낮게 나올까 봐 두렵다.",
          "date": "2022-11-11",
          "time": "21:02:21",
          "terminate": "false"
        },
        {
          "speaker": "speaker2",
          "personaID": "26207",
          "participantID": "4501",
          "utterance": "제가 작은 것까지 확인하는 편인데, 차를 타고 드라이브를 하면 조금 좋은 것 같더라고요",
          "summary": "나는 작은 것까지 확인하는 편이다.",
          "date": "2022-11-11",
          "time": "21:02:49",
          "terminate": "false"
        },
        {
          "speaker": "speaker1",
          "personaID": "13333",
          "participantID": "5952",
          "utterance": "오 드라이브 좋은 것 같아요. 저는 어릴때부터 차에 타면 잠이 오던데 저만 그런가요?",
          "summary": "나는 어릴 때부터 차에 타면 잠이 온다.",
          "date": "2022-11-11",
          "time": "21:04:16",
          "terminate": "false"
        },
        {
          "speaker": "speaker2",
          "personaID": "26207",
          "participantID": "4501",
          "utterance": "어머 그러세요? 잠이올때는 제가 자주 마시는 아이스 카페라떼를  마셔보시는 걸 추천합니다. 차에 타서도 안 졸 수 있습니다.",
          "summary": "나는 아이스 카페라테를 자주 마신다.",
          "date": "2022-11-11",
          "time": "21:04:51",
          "terminate": "false"
        },
        {
          "speaker": "speaker1",
          "personaID": "13333",
          "participantID": "5952",
          "utterance": "아이스 카페라떼 정말 맛있을 것 같아요. 자주 마시는데도 질리진 않으신가요?",
          "summary": "",
          "date": "2022-11-11",
          "time": "21:39:03",
          "terminate": "false"
        },
        {
          "speaker": "speaker2",
          "personaID": "26207",
          "participantID": "4501",
          "utterance": "네. 요즘은 차에서 받을 수 있는 드라이브스루가 잘되어 있잖아요. 그래서 더욱 자주 마시게 되는 것 같아요. 혹시 어떤 커피를 좋아하세요?",
          "summary": "",
          "date": "2022-11-11",
          "time": "21:39:46",
          "terminate": "true"
        }
      ],
      "sessionPersonaSummary": {
        "speaker1": [
          "나는 며칠 만에 만난다.",
          "나는 요즘에도 부모님이 학교에 데려다주신다. 나는 부모님께 감사하다.",
          "나는 기말시험을 본다. 나는 기말시험 성적이 낮게 나올까 봐 두렵다.",
          "나는 어릴 때부터 차에 타면 잠이 온다."
        ],
        "speaker2": [
          "나는 어제 어머니가 차로 데려다주었다.",
          "나는 경제학부가 부전공이다. 나는 중요한 시험이 있어 밤을 새웠다.",
          "나는 시험을 잘 봤다.",
          "나는 작은 것까지 확인하는 편이다.",
          "나는 아이스 카페라테를 자주 마신다."
        ]
      },
      "prevAggregatedpersonaSummary": {
        "speaker1": [
          "나는 강아지를 키우는 10대 여성이다",
          "나는 노래방에 가는 걸 즐거워한다",
          "나는 아이스크림을 안 먹는다.",
          "나는 생일이 @날짜@이다",
          "나는 부정적인 성격을 가지고 있다.",
          "나는 부동 산하고 주식을 어려워한다.",
          "나는 취미를 궁금해한다.",
          "나는 5주 만에 만난다",
          "나는 강아지를 키우고 있다. 3주 전에는 원반 던지기를 했다.",
          "나는 학교가 멀다.",
          "나는 학교까지 부모님이 차로 데려다주신다.",
          "나는 지하철을 좋아한다.",
          "나는 공부할 때는 지하철을 선호한다."
        ],
        "speaker2": [
          "나는 대학생이다. 나는 20살 여성이다.",
          "나는 아이스 카페라테를 자주 마신다. 나는 커피숍에 다녀왔다.",
          "나는 작은 것까지 확인하는 편이다. 나는 어머니가 연구원이다.",
          "나는 @날짜@이 생일이다.",
          "나는 경제학부가 부전공이다. 나는 요즘 부동산이나 주식 관련해서 고민하는데 시간을 보낸다.",
          "나는 경제 공부가 재밌다.",
          "나는 취미가 경제신문 읽기다.",
          "나는 대학교 경제학부 부전공 때문에 골치이다.",
          "나는 2주 전부터 다음 시험을 준비하고 있다.",
          "나는 며칠 전부터 지하철을 타고 다닌다.",
          "나는 어머니가 늘 태워다 주셨는데 프로젝트가 있어 지하철을 타게 되었다.",
          "나는 버스 타는 것을 좋아한다. 나는 앉아서 공부하는 걸 좋아한다.",
          "나는 저번에 ktx 역방향을 타고 부전공 경제학부 책을 읽다가 멀미를 했다."
        ]
      }
    },
    {
      "prevSessionID": "4-00274-3",
      "prevTimeInfo": {
        "timeNum": "5",
        "timeUnit": "주"
      },
      "nthSession": "4",
      "numberOfUtterances": "14",
      "numberOfTurns": "7",
      "sessionID": "4-00274-4",
      "dialog": [
        {
          "speaker": "speaker1",
          "personaID": "13333",
          "participantID": "5952",
          "utterance": "헉 저희 5주만이네요. 그동안 잘 지내셨어요?",
          "summary": "",
          "date": "2022-11-11",
          "time": "21:43:16",
          "terminate": "false"
        },
        {
          "speaker": "speaker2",
          "personaID": "26207",
          "participantID": "4501",
          "utterance": "어머 벌써 5주가 지났나요? 저는 요즘 지하철을 이용해서 다니고 있어요. ",
          "summary": "나는 요즘 지하철을 이용해서 다니고 있다.",
          "date": "2022-11-11",
          "time": "21:43:41",
          "terminate": "false"
        },
        {
          "speaker": "speaker1",
          "personaID": "13333",
          "participantID": "5952",
          "utterance": "요즘도 전처럼 지하철을 타고 다니시는군요. 어머니의 프로젝트가 아직 안끝나셨나봐요.",
          "summary": "",
          "date": "2022-11-11",
          "time": "21:44:47",
          "terminate": "false"
        },
        {
          "speaker": "speaker2",
          "personaID": "26207",
          "participantID": "4501",
          "utterance": "네 연구원인 어머니는 역시 아직도 바쁘십니다. 버스 보다는 지하철이 대학교에 지각을 안해서 좋아요.",
          "summary": "나는 지하철이 버스보다 대학교에 지각하지 않을 수 있어 좋아한다.",
          "date": "2022-11-11",
          "time": "21:45:20",
          "terminate": "false"
        },
        {
          "speaker": "speaker1",
          "personaID": "13333",
          "participantID": "5952",
          "utterance": "아 그러시군요. 바쁘게 생활하시는 모습이 존경스러워요. 지하털은 시간이 딱 맞게 정해져있다보니 정말 좋은 것 같아요. 우리나라의 지하철이 정말 발전을 많이하고 선진화 되어있는데, 저는 그 부분이 매우 존경스럽더라구요.",
          "summary": "나는 지하철을 좋아한다. 나는 지하철이 많이 발전하고 선진화되어 있어서 존경한다",
          "date": "2022-11-11",
          "time": "21:46:36",
          "terminate": "false"
        },
        {
          "speaker": "speaker2",
          "personaID": "26207",
          "participantID": "4501",
          "utterance": "어머 10대이신데도 굉장히 철학이 깊으시네요. 제가 경제학부 부전공이다보니 이런 분들이 너무 멋있더라고요.",
          "summary": "",
          "date": "2022-11-11",
          "time": "21:48:29",
          "terminate": "false"
        },
        {
          "speaker": "speaker1",
          "personaID": "13333",
          "participantID": "5952",
          "utterance": "아핫 그렇게 느껴지시나요, 저는 오히려 철저하고 정확한 이과생분들이 멋지게 느껴지더라구요. 경영학이랑 경제학부랑 복수전공 하시는것도 멋있어보여요.",
          "summary": "나는 이과생들이 멋지게 느껴진다.",
          "date": "2022-11-11",
          "time": "21:50:13",
          "terminate": "false"
        },
        {
          "speaker": "speaker2",
          "personaID": "26207",
          "participantID": "4501",
          "utterance": "어머 감사합니다. 직접 알게 되시면 작은 것까지 확인하는 것을 싫어하실 수도 있습니다. 버스 타고 언제 저희 대학교에 놀러오세요.",
          "summary": "",
          "date": "2022-11-11",
          "time": "21:50:54",
          "terminate": "false"
        },
        {
          "speaker": "speaker1",
          "personaID": "13333",
          "participantID": "5952",
          "utterance": "대학교 탐방이라니 너무 설레는걸요? 대중교통을 이용하면 먼 곳도 저렴하고 빠르게 다닐 수 있어서 참 편리한 것 같아요.",
          "summary": "나는 대중교통 이용 시에 저렴하고 빠르게 다닐 수 있어 편리하게 느낀다.",
          "date": "2022-11-11",
          "time": "21:52:18",
          "terminate": "false"
        },
        {
          "speaker": "speaker2",
          "personaID": "26207",
          "participantID": "4501",
          "utterance": "맞아요. 저는 대학생이라 그런지 택시비가 제일 아까워요. 택시타는거 아깝지 않나요?",
          "summary": "나는 택시비가 제일 아깝다.",
          "date": "2022-11-11",
          "time": "22:01:19",
          "terminate": "false"
        },
        {
          "speaker": "speaker1",
          "personaID": "13333",
          "participantID": "5952",
          "utterance": "맞아요 저도 택시비가 아까워서 가까운 거리는 걸어다녀요.",
          "summary": "나는 택시비가 아깝다. 나는 가까운 거리는 걸어 다닌다.",
          "date": "2022-11-12",
          "time": "22:46:06",
          "terminate": "false"
        },
        {
          "speaker": "speaker2",
          "personaID": "26207",
          "participantID": "4501",
          "utterance": "맞아요 교통비가 요즘 많이 올라서 대학생인 저도 부담스럽더라고요. 교통비를 지출 많이 하시는 편인가요? 저는 가계부를 쓰는데 몇년 전에 비해 많이 올랐어요",
          "summary": "나는 교통비가 올라 부담스럽다. 나는 가계부를 쓴다.",
          "date": "2022-11-12",
          "time": "22:48:29",
          "terminate": "false"
        },
        {
          "speaker": "speaker1",
          "personaID": "13333",
          "participantID": "5952",
          "utterance": "저는 거의 걸어다니는 편이고 엄마아빠가 학교에 차로 직접 데려다주셔서 교통비 지출은 적어요. 교통비도 나날이 증가하는 추세더라구요.",
          "summary": "나는 엄마 아빠가 학교까지 차로 데려다주신다. 나는 교통비 지출이 적다.",
          "date": "2022-11-12",
          "time": "22:49:26",
          "terminate": "false"
        },
        {
          "speaker": "speaker2",
          "personaID": "26207",
          "participantID": "4501",
          "utterance": "저도 어머니가 데려다주시는데, 기름값 걱정을 하시더라고요 ",
          "summary": "",
          "date": "2022-11-12",
          "time": "22:49:51",
          "terminate": "true"
        }
      ],
      "sessionPersonaSummary": {
        "speaker1": [
          "나는 지하철을 좋아한다. 나는 지하철이 많이 발전하고 선진화되어 있어서 존경한다",
          "나는 이과생들이 멋지게 느껴진다.",
          "나는 대중교통 이용 시에 저렴하고 빠르게 다닐 수 있어 편리하게 느낀다.",
          "나는 택시비가 아깝다. 나는 가까운 거리는 걸어 다닌다.",
          "나는 엄마 아빠가 학교까지 차로 데려다주신다. 나는 교통비 지출이 적다."
        ],
        "speaker2": [
          "나는 요즘 지하철을 이용해서 다니고 있다.",
          "나는 지하철이 버스보다 대학교에 지각하지 않을 수 있어 좋아한다.",
          "나는 택시비가 제일 아깝다.",
          "나는 교통비가 올라 부담스럽다. 나는 가계부를 쓴다."
        ]
      },
      "prevAggregatedpersonaSummary": {
        "speaker1": [
          "나는 강아지를 키우는 10대 여성이다",
          "나는 노래방에 가는 걸 즐거워한다",
          "나는 아이스크림을 안 먹는다.",
          "나는 생일이 @날짜@이다",
          "나는 부정적인 성격을 가지고 있다.",
          "나는 부동 산하고 주식을 어려워한다.",
          "나는 취미를 궁금해한다.",
          "나는 5주 만에 만난다",
          "나는 강아지를 키우고 있다. 3주 전에는 원반 던지기를 했다.",
          "나는 학교가 멀다.",
          "나는 학교까지 부모님이 차로 데려다주신다.",
          "나는 지하철을 좋아한다.",
          "나는 공부할 때는 지하철을 선호한다.",
          "나는 며칠 만에 만난다.",
          "나는 요즘에도 부모님이 학교에 데려다주신다. 나는 부모님께 감사하다.",
          "나는 기말시험을 본다. 나는 기말시험 성적이 낮게 나올까 봐 두렵다.",
          "나는 어릴 때부터 차에 타면 잠이 온다."
        ],
        "speaker2": [
          "나는 대학생이다. 나는 20살 여성이다.",
          "나는 아이스 카페라테를 자주 마신다. 나는 커피숍에 다녀왔다.",
          "나는 작은 것까지 확인하는 편이다. 나는 어머니가 연구원이다.",
          "나는 @날짜@이 생일이다.",
          "나는 경제학부가 부전공이다. 나는 요즘 부동산이나 주식 관련해서 고민하는데 시간을 보낸다.",
          "나는 경제 공부가 재밌다.",
          "나는 취미가 경제신문 읽기다.",
          "나는 대학교 경제학부 부전공 때문에 골치이다.",
          "나는 2주 전부터 다음 시험을 준비하고 있다.",
          "나는 며칠 전부터 지하철을 타고 다닌다.",
          "나는 어머니가 늘 태워다 주셨는데 프로젝트가 있어 지하철을 타게 되었다.",
          "나는 버스 타는 것을 좋아한다. 나는 앉아서 공부하는 걸 좋아한다.",
          "나는 저번에 ktx 역방향을 타고 부전공 경제학부 책을 읽다가 멀미를 했다.",
          "나는 어제 어머니가 차로 데려다주었다.",
          "나는 경제학부가 부전공이다. 나는 중요한 시험이 있어 밤을 새웠다.",
          "나는 시험을 잘 봤다.",
          "나는 작은 것까지 확인하는 편이다.",
          "나는 아이스 카페라테를 자주 마신다."
        ]
      }
    }
  ]
}