{
  "FileInfo": {
    "filename": "K4-00580-CL01695-CP01892-18-09-S4.json",
    "sessionLevel": "4"
  },
  "participantsInfo": {
    "numberOfParticipants": "2",
    "speaker1": {
      "participantID": "0535",
      "gender": "여성",
      "age": "20대",
      "occupation": "기타",
      "bPlace": "광주/전라/제주",
      "gPlace": "광주/전라/제주",
      "rPlace": "광주/전라/제주",
      "educationLevel": "대졸"
    },
    "speaker2": {
      "participantID": "0533",
      "gender": "여성",
      "age": "20대",
      "occupation": "학생",
      "bPlace": "서울/경기/인천",
      "gPlace": "서울/경기/인천",
      "rPlace": "서울/경기/인천",
      "educationLevel": "고졸"
    }
  },
  "multisessionInfo": {
    "multisessionID": "4-00580"
  },
  "personaInfo": {
    "clInfo": {
      "personaID": "01695",
      "personaFeatures": [
        "나는 여자이다.",
        "나는 20대이다.",
        "나의 거주지는 경기도이다.",
        "나는 TV 교육 프로그램을 자주 본다.",
        "나는 노란색을 좋아한다."
      ],
      "speakerType": "speaker1"
    },
    "cpInfo": {
      "personaID": "01892",
      "personaFeatures": [
        "나는 여자이다.",
        "나는 20대이다.",
        "나의 남자 형제는 운수업을 한다.",
        "나는 수필을 가끔 읽는다.",
        "나는 사진을 찍는 게 지루하다."
      ],
      "speakerType": "speaker2"
    }
  },
  "topicInfo": {
    "topicID": "18-09",
    "topicType": "상거래 전반",
    "topicTitle": "교환/환불"
  },
  "sessionInfo": [
    {
      "prevSessionID": null,
      "prevTimeInfo": {
        "timeNum": null,
        "timeUnit": null
      },
      "nthSession": "1",
      "numberOfUtterances": "14",
      "numberOfTurns": "7",
      "sessionID": "4-00580-1",
      "dialog": [
        {
          "speaker": "speaker1",
          "personaID": "01695",
          "participantID": "0535",
          "utterance": "안녕하십니까 저는 20대 여자입니다!",
          "summary": "20대 여자이다.",
          "date": "2022-10-11",
          "time": "20:51:18",
          "terminate": "false"
        },
        {
          "speaker": "speaker2",
          "personaID": "01892",
          "participantID": "0533",
          "utterance": "처음뵙겠습니다 저는 20대 여자입니다 반가워요^^",
          "summary": "20대 여자이다.",
          "date": "2022-10-11",
          "time": "20:51:30",
          "terminate": "false"
        },
        {
          "speaker": "speaker1",
          "personaID": "01695",
          "participantID": "0535",
          "utterance": "제가 이런대화는 처음이라 어색하지만 잘부탁해요.",
          "summary": "",
          "date": "2022-10-11",
          "time": "20:51:33",
          "terminate": "false"
        },
        {
          "speaker": "speaker2",
          "personaID": "01892",
          "participantID": "0533",
          "utterance": "저도 채팅은처음인데 잘부탁드릴게요! 비슷한또래라 다행이네요!",
          "summary": "",
          "date": "2022-10-11",
          "time": "20:52:10",
          "terminate": "false"
        },
        {
          "speaker": "speaker1",
          "personaID": "01695",
          "participantID": "0535",
          "utterance": "맞아요 비슷한 연령을 만나니까 편하게 대화나눠봐요!",
          "summary": "",
          "date": "2022-10-11",
          "time": "20:52:28",
          "terminate": "false"
        },
        {
          "speaker": "speaker2",
          "personaID": "01892",
          "participantID": "0533",
          "utterance": "좋아요! 그럼 말도 편하게 대화 하는거 어떠세요? 금방친해질거같은데.",
          "summary": "",
          "date": "2022-10-11",
          "time": "20:52:44",
          "terminate": "false"
        },
        {
          "speaker": "speaker1",
          "personaID": "01695",
          "participantID": "0535",
          "utterance": "내가 하고싶은 말이였는데 좋아! 너는 어디에 살고있어?",
          "summary": "",
          "date": "2022-10-11",
          "time": "20:52:48",
          "terminate": "false"
        },
        {
          "speaker": "speaker2",
          "personaID": "01892",
          "participantID": "0533",
          "utterance": "나는 서울에 살고있어! 친구는 어디살아?",
          "summary": "나의 거주지는 서울이다.",
          "date": "2022-10-11",
          "time": "20:53:04",
          "terminate": "false"
        },
        {
          "speaker": "speaker1",
          "personaID": "01695",
          "participantID": "0535",
          "utterance": "아 그렇구나 나름 가깝네 나는 경기도에 살고있어~",
          "summary": "나의 거주지는 경기도이다.",
          "date": "2022-10-11",
          "time": "20:53:11",
          "terminate": "false"
        },
        {
          "speaker": "speaker2",
          "personaID": "01892",
          "participantID": "0533",
          "utterance": "아 그렇구나! 생각보다 가까이에 살고있구나?",
          "summary": "",
          "date": "2022-10-11",
          "time": "20:53:13",
          "terminate": "false"
        },
        {
          "speaker": "speaker1",
          "personaID": "01695",
          "participantID": "0535",
          "utterance": "그러니까 서울이면 가깝넹 너는 지금 뭐하고있던중이양?",
          "summary": "",
          "date": "2022-10-11",
          "time": "20:53:26",
          "terminate": "false"
        },
        {
          "speaker": "speaker2",
          "personaID": "01892",
          "participantID": "0533",
          "utterance": "나는 책읽고있었어! 친구는 책읽는거 좋아해?",
          "summary": "나는 책을 읽고 있는 중이다.",
          "date": "2022-10-11",
          "time": "20:53:46",
          "terminate": "false"
        },
        {
          "speaker": "speaker1",
          "personaID": "01695",
          "participantID": "0535",
          "utterance": "나는 책읽는 것보다 tv보는 걸 좋아해^^ 왜너 책좋아해?",
          "summary": "",
          "date": "2022-10-11",
          "time": "20:54:03",
          "terminate": "false"
        },
        {
          "speaker": "speaker2",
          "personaID": "01892",
          "participantID": "0533",
          "utterance": "아니 나도 tv가 더좋긴해 근데 가끔 수필을읽어 읽던거좀 마저읽고올게^^",
          "summary": "나는 수필을 가끔 읽는다.",
          "date": "2022-10-11",
          "time": "20:54:22",
          "terminate": "true"
        }
      ],
      "sessionPersonaSummary": {
        "speaker1": [
          "20대 여자이다.",
          "나의 거주지는 경기도이다."
        ],
        "speaker2": [
          "20대 여자이다.",
          "나의 거주지는 서울이다.",
          "나는 책을 읽고 있는 중이다.",
          "나는 수필을 가끔 읽는다."
        ]
      },
      "prevAggregatedpersonaSummary": {
        "speaker1": [],
        "speaker2": []
      }
    },
    {
      "prevSessionID": "4-00580-1",
      "prevTimeInfo": {
        "timeNum": "1",
        "timeUnit": "시간"
      },
      "nthSession": "2",
      "numberOfUtterances": "14",
      "numberOfTurns": "7",
      "sessionID": "4-00580-2",
      "dialog": [
        {
          "speaker": "speaker1",
          "personaID": "01695",
          "participantID": "0535",
          "utterance": "친구야 미안~ 배터리가 나가는 바람에~ 수필은 다 읽은거야?",
          "summary": "",
          "date": "2022-10-11",
          "time": "20:54:26",
          "terminate": "false"
        },
        {
          "speaker": "speaker2",
          "personaID": "01892",
          "participantID": "0533",
          "utterance": "응 친구는 뭐하고있었어? 밥은먹었니?",
          "summary": "",
          "date": "2022-10-11",
          "time": "20:54:39",
          "terminate": "false"
        },
        {
          "speaker": "speaker1",
          "personaID": "01695",
          "participantID": "0535",
          "utterance": "나는 너 기다리면서 TV 교육 프로그램을 보고있었거든~",
          "summary": "나는 TV 교육 프로그램을 자주 본다.",
          "date": "2022-10-11",
          "time": "20:54:42",
          "terminate": "false"
        },
        {
          "speaker": "speaker2",
          "personaID": "01892",
          "participantID": "0533",
          "utterance": "아진짜? 오늘일정없는거야? 나는 외출하려고~",
          "summary": "",
          "date": "2022-10-11",
          "time": "20:54:55",
          "terminate": "false"
        },
        {
          "speaker": "speaker1",
          "personaID": "01695",
          "participantID": "0535",
          "utterance": "아진짜? 어디 외출하려고? 나는 오늘 집에 있는날이야.",
          "summary": "",
          "date": "2022-10-11",
          "time": "20:55:08",
          "terminate": "false"
        },
        {
          "speaker": "speaker2",
          "personaID": "01892",
          "participantID": "0533",
          "utterance": "아니 몇일전에 산옷 환불좀 하려고! 하 긴장된다!",
          "summary": "나는 며칠 전에 산 옷을 환불할 것이다.",
          "date": "2022-10-11",
          "time": "20:55:09",
          "terminate": "false"
        },
        {
          "speaker": "speaker1",
          "personaID": "01695",
          "participantID": "0535",
          "utterance": "아그래? 왜 환불해? 뭐가 잘못된거같아?",
          "summary": "",
          "date": "2022-10-11",
          "time": "20:55:22",
          "terminate": "false"
        },
        {
          "speaker": "speaker2",
          "personaID": "01892",
          "participantID": "0533",
          "utterance": "그냥 다시입어보니 별로여서! 그럼 환불안해주려나?",
          "summary": "",
          "date": "2022-10-11",
          "time": "20:55:33",
          "terminate": "false"
        },
        {
          "speaker": "speaker1",
          "personaID": "01695",
          "participantID": "0535",
          "utterance": "그럼 환불해야지 당연히~ 너 근데 그런말 잘해?",
          "summary": "",
          "date": "2022-10-11",
          "time": "20:55:39",
          "terminate": "false"
        },
        {
          "speaker": "speaker2",
          "personaID": "01892",
          "participantID": "0533",
          "utterance": "못할건 또뭐야? 친절하게 잘말하는 편이야 나^^",
          "summary": "",
          "date": "2022-10-11",
          "time": "20:55:57",
          "terminate": "false"
        },
        {
          "speaker": "speaker1",
          "personaID": "01695",
          "participantID": "0535",
          "utterance": "나는 환불해달라는말 ... 잘 못하겠더라.. 하하 간이 콩알만한가봐.",
          "summary": "나는 간이 콩알만 하다.",
          "date": "2022-10-11",
          "time": "20:56:01",
          "terminate": "false"
        },
        {
          "speaker": "speaker2",
          "personaID": "01892",
          "participantID": "0533",
          "utterance": "진짜 왜못해? 영수증에 적혀있지않나 @날짜1@이내에 가져오면 교환환불가능하다고?",
          "summary": "",
          "date": "2022-10-11",
          "time": "20:56:24",
          "terminate": "false"
        },
        {
          "speaker": "speaker1",
          "personaID": "01695",
          "participantID": "0535",
          "utterance": "아그래? 어서 환불하고와 기다릴게 그럼 권투를 빌게^^",
          "summary": "",
          "date": "2022-10-11",
          "time": "20:56:37",
          "terminate": "false"
        },
        {
          "speaker": "speaker2",
          "personaID": "01892",
          "participantID": "0533",
          "utterance": "그럼나 백화점에좀 다녀와서 연락할게^^",
          "summary": "",
          "date": "2022-10-11",
          "time": "20:56:38",
          "terminate": "true"
        }
      ],
      "sessionPersonaSummary": {
        "speaker1": [
          "나는 TV 교육 프로그램을 자주 본다.",
          "나는 간이 콩알만 하다."
        ],
        "speaker2": [
          "나는 며칠 전에 산 옷을 환불할 것이다."
        ]
      },
      "prevAggregatedpersonaSummary": {
        "speaker1": [
          "20대 여자이다.",
          "나의 거주지는 경기도이다."
        ],
        "speaker2": [
          "20대 여자이다.",
          "나의 거주지는 서울이다.",
          "나는 책을 읽고 있는 중이다.",
          "나는 수필을 가끔 읽는다."
        ]
      }
    },
    {
      "prevSessionID": "4-00580-2",
      "prevTimeInfo": {
        "timeNum": "3",
        "timeUnit": "시간"
      },
      "nthSession": "3",
      "numberOfUtterances": "14",
      "numberOfTurns": "7",
      "sessionID": "4-00580-3",
      "dialog": [
        {
          "speaker": "speaker1",
          "personaID": "01695",
          "participantID": "0535",
          "utterance": "친구야~ 기다리느라 잠들었다~ 환불은 성공한거야?",
          "summary": "",
          "date": "2022-10-11",
          "time": "20:56:51",
          "terminate": "false"
        },
        {
          "speaker": "speaker2",
          "personaID": "01892",
          "participantID": "0533",
          "utterance": "당연하지~ 아근데 하나 더샀어 옷을 진짜 후 빈손으로 오지를않네?",
          "summary": "",
          "date": "2022-10-11",
          "time": "20:57:00",
          "terminate": "false"
        },
        {
          "speaker": "speaker1",
          "personaID": "01695",
          "participantID": "0535",
          "utterance": "ㅋㅋㅋ너원래 그런성격인가보구나? 진짜 쇼핑중독아니야?",
          "summary": "",
          "date": "2022-10-11",
          "time": "20:57:43",
          "terminate": "false"
        },
        {
          "speaker": "speaker2",
          "personaID": "01892",
          "participantID": "0533",
          "utterance": "그런거같아! 빨리 새로산 옷입고싶다! 헤헷.",
          "summary": "",
          "date": "2022-10-11",
          "time": "20:57:56",
          "terminate": "false"
        },
        {
          "speaker": "speaker1",
          "personaID": "01695",
          "participantID": "0535",
          "utterance": "그래서 어떤옷을 샀길래그래~ 나도 좀 구경시켜줘봐.",
          "summary": "",
          "date": "2022-10-11",
          "time": "20:58:05",
          "terminate": "false"
        },
        {
          "speaker": "speaker2",
          "personaID": "01892",
          "participantID": "0533",
          "utterance": "원피스 샀어! 근데 너는 어떤스타일의 옷을 좋아해?",
          "summary": "나는 원피스를 구입했다.",
          "date": "2022-10-11",
          "time": "20:58:16",
          "terminate": "false"
        },
        {
          "speaker": "speaker1",
          "personaID": "01695",
          "participantID": "0535",
          "utterance": "나는 귀여운 스타일 좋아해~ 병아리처럼 노란색을 좋아하거든!",
          "summary": "나는 노란색을 좋아한다.",
          "date": "2022-10-11",
          "time": "20:58:37",
          "terminate": "false"
        },
        {
          "speaker": "speaker2",
          "personaID": "01892",
          "participantID": "0533",
          "utterance": "아정말? 귀엽긴하다! 근체 너는 사진찍는거 좋아하니?",
          "summary": "",
          "date": "2022-10-11",
          "time": "20:58:50",
          "terminate": "false"
        },
        {
          "speaker": "speaker1",
          "personaID": "01695",
          "participantID": "0535",
          "utterance": "나는 새옷입고 사진찍는거 좋아하지~ @브랜드명1@에 자랑해야해.",
          "summary": "",
          "date": "2022-10-11",
          "time": "20:59:06",
          "terminate": "false"
        },
        {
          "speaker": "speaker2",
          "personaID": "01892",
          "participantID": "0533",
          "utterance": "아진짜? 나는 사진찍는거 너무 지루하던데 ㅠㅠ.",
          "summary": "나는 사진을 찍는 게 지루하다.",
          "date": "2022-10-11",
          "time": "20:59:15",
          "terminate": "false"
        },
        {
          "speaker": "speaker1",
          "personaID": "01695",
          "participantID": "0535",
          "utterance": "뭐야~ 지루할정도야? 나중에 너 몰카한번 찍어줘야겠다.",
          "summary": "",
          "date": "2022-10-11",
          "time": "20:59:25",
          "terminate": "false"
        },
        {
          "speaker": "speaker2",
          "personaID": "01892",
          "participantID": "0533",
          "utterance": "윽 몰카? 그거는 범죄아니야? 너 신고한다?",
          "summary": "",
          "date": "2022-10-11",
          "time": "20:59:36",
          "terminate": "false"
        },
        {
          "speaker": "speaker1",
          "personaID": "01695",
          "participantID": "0535",
          "utterance": "크크 장난이야~ 나 너무 배고파서 저녁먹고올게!",
          "summary": "",
          "date": "2022-10-11",
          "time": "20:59:44",
          "terminate": "false"
        },
        {
          "speaker": "speaker2",
          "personaID": "01892",
          "participantID": "0533",
          "utterance": "알겠어 그럼 맛있게 먹고와! 나도 밥먹고올게^^",
          "summary": "",
          "date": "2022-10-11",
          "time": "21:00:05",
          "terminate": "true"
        }
      ],
      "sessionPersonaSummary": {
        "speaker1": [
          "나는 노란색을 좋아한다."
        ],
        "speaker2": [
          "나는 원피스를 구입했다.",
          "나는 사진을 찍는 게 지루하다."
        ]
      },
      "prevAggregatedpersonaSummary": {
        "speaker1": [
          "20대 여자이다.",
          "나의 거주지는 경기도이다.",
          "나는 TV 교육 프로그램을 자주 본다.",
          "나는 간이 콩알만 하다."
        ],
        "speaker2": [
          "20대 여자이다.",
          "나의 거주지는 서울이다.",
          "나는 책을 읽고 있는 중이다.",
          "나는 수필을 가끔 읽는다.",
          "나는 며칠 전에 산 옷을 환불할 것이다."
        ]
      }
    },
    {
      "prevSessionID": "4-00580-3",
      "prevTimeInfo": {
        "timeNum": "2",
        "timeUnit": "시간"
      },
      "nthSession": "4",
      "numberOfUtterances": "14",
      "numberOfTurns": "7",
      "sessionID": "4-00580-4",
      "dialog": [
        {
          "speaker": "speaker1",
          "personaID": "01695",
          "participantID": "0535",
          "utterance": "친구야 저녁은 먹었니? 오늘 하루종일 외출인거야?",
          "summary": "",
          "date": "2022-10-11",
          "time": "21:00:11",
          "terminate": "false"
        },
        {
          "speaker": "speaker2",
          "personaID": "01892",
          "participantID": "0533",
          "utterance": "친구야 밥맛있게 먹었어? 나는 오늘 외식이지롱~",
          "summary": "나는 오늘 외식을 한다.",
          "date": "2022-10-11",
          "time": "21:00:17",
          "terminate": "false"
        },
        {
          "speaker": "speaker1",
          "personaID": "01695",
          "participantID": "0535",
          "utterance": "오 진짜?부럽다~ 뭐먹으러가니? 누구랑? 남자친구?",
          "summary": "",
          "date": "2022-10-11",
          "time": "21:00:29",
          "terminate": "false"
        },
        {
          "speaker": "speaker2",
          "personaID": "01892",
          "participantID": "0533",
          "utterance": "우리 친오빠가 운수업을하는데 맛있는거 사준데 유후~",
          "summary": "나의 남자 형제는 운수업을 한다.",
          "date": "2022-10-11",
          "time": "21:00:32",
          "terminate": "false"
        },
        {
          "speaker": "speaker1",
          "personaID": "01695",
          "participantID": "0535",
          "utterance": "아그래? 친오빠분 돈많이 버시겠는걸?",
          "summary": "",
          "date": "2022-10-11",
          "time": "21:00:42",
          "terminate": "false"
        },
        {
          "speaker": "speaker2",
          "personaID": "01892",
          "participantID": "0533",
          "utterance": "그래? 그럼 용돈도좀 달라고 해야겠어!",
          "summary": "",
          "date": "2022-10-11",
          "time": "21:00:51",
          "terminate": "false"
        },
        {
          "speaker": "speaker1",
          "personaID": "01695",
          "participantID": "0535",
          "utterance": "그래서 오빠한테 뭐사달라고 하려고~ 궁금해!",
          "summary": "",
          "date": "2022-10-11",
          "time": "21:00:56",
          "terminate": "false"
        },
        {
          "speaker": "speaker2",
          "personaID": "01892",
          "participantID": "0533",
          "utterance": "현금이짱이지~ 근데 오빠가 꽁짜로 뭘해줄리 없는데 뭐지?",
          "summary": "",
          "date": "2022-10-11",
          "time": "21:01:17",
          "terminate": "false"
        },
        {
          "speaker": "speaker1",
          "personaID": "01695",
          "participantID": "0535",
          "utterance": "헐~~현금 주는 친오빠가 어딨어~~~ 진짜 부러운데?",
          "summary": "",
          "date": "2022-10-11",
          "time": "21:01:40",
          "terminate": "false"
        },
        {
          "speaker": "speaker2",
          "personaID": "01892",
          "participantID": "0533",
          "utterance": "아무래도 뭐 교환이나 환불해달라고 할거같아 우리오빠 그런말 못하거든!",
          "summary": "나의 오빠는 교환 환불을 못한다.",
          "date": "2022-10-11",
          "time": "21:02:06",
          "terminate": "false"
        },
        {
          "speaker": "speaker1",
          "personaID": "01695",
          "participantID": "0535",
          "utterance": "그러지말고 그냥 오늘 비싼 스테이크나 사달라고해봐~",
          "summary": "",
          "date": "2022-10-11",
          "time": "21:02:12",
          "terminate": "false"
        },
        {
          "speaker": "speaker2",
          "personaID": "01892",
          "participantID": "0533",
          "utterance": "아배고프다 그럴까? 악 근데 오빠랑 스테이크 먹기싫은데!",
          "summary": "",
          "date": "2022-10-11",
          "time": "21:02:25",
          "terminate": "false"
        },
        {
          "speaker": "speaker1",
          "personaID": "01695",
          "participantID": "0535",
          "utterance": "그럼 오빠랑 좋은시간 보내고! 나중에 또 연락줭.",
          "summary": "",
          "date": "2022-10-11",
          "time": "21:02:34",
          "terminate": "false"
        },
        {
          "speaker": "speaker2",
          "personaID": "01892",
          "participantID": "0533",
          "utterance": "그럼 나 오빠랑 밥먹고 올게 다음에 또 연락하자^^",
          "summary": "",
          "date": "2022-10-11",
          "time": "21:02:35",
          "terminate": "true"
        }
      ],
      "sessionPersonaSummary": {
        "speaker1": [],
        "speaker2": [
          "나는 오늘 외식을 한다.",
          "나의 남자 형제는 운수업을 한다.",
          "나의 오빠는 교환 환불을 못한다."
        ]
      },
      "prevAggregatedpersonaSummary": {
        "speaker1": [
          "20대 여자이다.",
          "나의 거주지는 경기도이다.",
          "나는 TV 교육 프로그램을 자주 본다.",
          "나는 간이 콩알만 하다.",
          "나는 노란색을 좋아한다."
        ],
        "speaker2": [
          "20대 여자이다.",
          "나의 거주지는 서울이다.",
          "나는 책을 읽고 있는 중이다.",
          "나는 수필을 가끔 읽는다.",
          "나는 며칠 전에 산 옷을 환불할 것이다.",
          "나는 원피스를 구입했다.",
          "나는 사진을 찍는 게 지루하다."
        ]
      }
    }
  ]
}