{
  "FileInfo": {
    "filename": "K4-00300-CL95980-CP96816-06-13-S4.json",
    "sessionLevel": "4"
  },
  "participantsInfo": {
    "numberOfParticipants": "2",
    "speaker1": {
      "participantID": "30891",
      "gender": "남성",
      "age": "60대 이상",
      "occupation": "퇴직/연금생활자",
      "bPlace": "서울/경기/인천",
      "gPlace": "서울/경기/인천",
      "rPlace": "서울/경기/인천",
      "educationLevel": "고졸"
    },
    "speaker2": {
      "participantID": "31014",
      "gender": "남성",
      "age": "60대 이상",
      "occupation": "퇴직/연금생활자",
      "bPlace": "서울/경기/인천",
      "gPlace": "서울/경기/인천",
      "rPlace": "서울/경기/인천",
      "educationLevel": "고졸"
    }
  },
  "multisessionInfo": {
    "multisessionID": "4-00300"
  },
  "personaInfo": {
    "clInfo": {
      "personaID": "95980",
      "personaFeatures": [
        "나는 남자이다.",
        "나는 60대 이상이다.",
        "나는 어머니와 갈등이 있다.",
        "나의 생일은 1월이다.",
        "나는 힙합 음악을 가끔 듣는다.",
        "나는 VR게임을 좋아한다."
      ],
      "speakerType": "speaker1"
    },
    "cpInfo": {
      "personaID": "96816",
      "personaFeatures": [
        "나는 남자이다.",
        "나는 60대 이상이다.",
        "나는 5년 안에 복권에 당첨되는 것이 목표이다.",
        "나의 생일은 11월이다.",
        "나는 무슨 일이든지 빨리 한다.",
        "나는 햄버거를 좋아한다.",
        "나는 혈액형이 AB형이다."
      ],
      "speakerType": "speaker2"
    }
  },
  "topicInfo": {
    "topicID": "06-13",
    "topicType": "교육",
    "topicTitle": "초등학교"
  },
  "sessionInfo": [
    {
      "prevSessionID": null,
      "prevTimeInfo": {
        "timeNum": null,
        "timeUnit": null
      },
      "nthSession": "1",
      "numberOfUtterances": "14",
      "numberOfTurns": "7",
      "sessionID": "4-00300-1",
      "dialog": [
        {
          "speaker": "speaker1",
          "personaID": "95980",
          "participantID": "30891",
          "utterance": "즐거운 대화 합시다~! 저는 60대 남자입니다.^^",
          "summary": "나는 60대 남성이다.",
          "date": "2022-11-28",
          "time": "18:37:16",
          "terminate": "false"
        },
        {
          "speaker": "speaker2",
          "personaID": "96816",
          "participantID": "31014",
          "utterance": "반갑습니다~ 저도 60대이며, 남성입니다.",
          "summary": "나는 60대 남성이다.",
          "date": "2022-11-28",
          "time": "18:37:42",
          "terminate": "false"
        },
        {
          "speaker": "speaker1",
          "personaID": "95980",
          "participantID": "30891",
          "utterance": "오~~ 아직 안주무시는 이유가 뭔가요? 저는 힙합 음악을 가끔 듣는데, 듣다보니 이시간이네요.^^",
          "summary": "나는 힙합 음악을 가끔 듣는다.",
          "date": "2022-11-28",
          "time": "18:38:09",
          "terminate": "false"
        },
        {
          "speaker": "speaker2",
          "personaID": "96816",
          "participantID": "31014",
          "utterance": "저는 혈액형이 ab형이라 그런지 이시간 까지 어째 안 자고 있었나봐요.",
          "summary": "나는 혈액형이 ab형이다.",
          "date": "2022-11-28",
          "time": "18:38:37",
          "terminate": "false"
        },
        {
          "speaker": "speaker1",
          "personaID": "95980",
          "participantID": "30891",
          "utterance": "혈액형이 무슨 상관이지요. ㅎㅎ 님은 결혼 하셨나요?",
          "summary": "",
          "date": "2022-11-28",
          "time": "18:38:51",
          "terminate": "false"
        },
        {
          "speaker": "speaker2",
          "personaID": "96816",
          "participantID": "31014",
          "utterance": "네~ 20살에 바로 결혼 했습니다. 저는 무슨 일이든지 빨리 하는 스타일이거든요. 님은 결혼 하셨어요?",
          "summary": "나는 결혼을 했다. 나는 무슨 일이든지 빨리 한다.",
          "date": "2022-11-28",
          "time": "18:39:16",
          "terminate": "false"
        },
        {
          "speaker": "speaker1",
          "personaID": "95980",
          "participantID": "30891",
          "utterance": "그러시군요. 저는 안했습니다. 그것때문에 요즘도 어머니랑 갈등이 있네요. 60이 넘었는데 이나이에 무슨 장가를 가라는지..",
          "summary": "나는 결혼을 안 했다. 나는 어머니와 갈등이 있다.",
          "date": "2022-11-28",
          "time": "18:39:42",
          "terminate": "false"
        },
        {
          "speaker": "speaker2",
          "personaID": "96816",
          "participantID": "31014",
          "utterance": "헉.. 그 요즘 비혼주의가 있는데, 비혼주의 하면 되지 않을까요? 결혼에 크게 관심이 있으신가요?",
          "summary": "",
          "date": "2022-11-28",
          "time": "18:40:13",
          "terminate": "false"
        },
        {
          "speaker": "speaker1",
          "personaID": "95980",
          "participantID": "30891",
          "utterance": "이미 비혼주의이지요. 결혼에 관심이 없는데, 어머니는 포기를 못하겠나봅니다.",
          "summary": "",
          "date": "2022-11-28",
          "time": "18:40:31",
          "terminate": "false"
        },
        {
          "speaker": "speaker2",
          "personaID": "96816",
          "participantID": "31014",
          "utterance": "어머니가 고집이 있으시네요. 저는 생일이 11월인데 결혼 기념일도 11월이라서 최근에 레스토랑 좀 다녀왔어요.",
          "summary": "나는 생일이 11월이다. 나는 결혼기념일이 11월이다.",
          "date": "2022-11-28",
          "time": "18:41:53",
          "terminate": "false"
        },
        {
          "speaker": "speaker1",
          "personaID": "95980",
          "participantID": "30891",
          "utterance": "오, 어떤 레스토랑인가요? 전 생일이 1월이라, 어머니 모시고 한 번 가봐야겠네요.",
          "summary": "나는 생일이 1월이다.",
          "date": "2022-11-28",
          "time": "18:42:23",
          "terminate": "false"
        },
        {
          "speaker": "speaker2",
          "personaID": "96816",
          "participantID": "31014",
          "utterance": "제가 5년 안에 복권에 당첨 되는 게 목표라서 요즘 아내한테 좋은 곳들만 데려갑니다. 명동에 있는 호텔 레스토랑이에요.",
          "summary": "나는 5년 안에 복권에 당첨되는 것이 목표이다.",
          "date": "2022-11-28",
          "time": "18:43:17",
          "terminate": "false"
        },
        {
          "speaker": "speaker1",
          "personaID": "95980",
          "participantID": "30891",
          "utterance": "호텔 레스토랑이라니.. 비싸겠군요. ㅎㅎ 찾아보고 오겠습니다. 잠시만요!",
          "summary": "",
          "date": "2022-11-28",
          "time": "18:43:40",
          "terminate": "false"
        },
        {
          "speaker": "speaker2",
          "personaID": "96816",
          "participantID": "31014",
          "utterance": "네! ㅎㅎ 기다리고 있겠습니다. 천천히 검색하시고 연락 주세요!",
          "summary": "",
          "date": "2022-11-28",
          "time": "18:43:53",
          "terminate": "true"
        }
      ],
      "sessionPersonaSummary": {
        "speaker1": [
          "나는 60대 남성이다.",
          "나는 힙합 음악을 가끔 듣는다.",
          "나는 결혼을 안 했다. 나는 어머니와 갈등이 있다.",
          "나는 생일이 1월이다."
        ],
        "speaker2": [
          "나는 60대 남성이다.",
          "나는 혈액형이 ab형이다.",
          "나는 결혼을 했다. 나는 무슨 일이든지 빨리 한다.",
          "나는 생일이 11월이다. 나는 결혼기념일이 11월이다.",
          "나는 5년 안에 복권에 당첨되는 것이 목표이다."
        ]
      },
      "prevAggregatedpersonaSummary": {
        "speaker1": [],
        "speaker2": []
      }
    },
    {
      "prevSessionID": "4-00300-1",
      "prevTimeInfo": {
        "timeNum": "1",
        "timeUnit": "시간"
      },
      "nthSession": "2",
      "numberOfUtterances": "14",
      "numberOfTurns": "7",
      "sessionID": "4-00300-2",
      "dialog": [
        {
          "speaker": "speaker1",
          "personaID": "95980",
          "participantID": "30891",
          "utterance": "우와 여기 엄청 비싼 레스토랑인데요.. 한 시간동안 후기를 봤는데, 음식은 아주 맛있어 보이네요!",
          "summary": "",
          "date": "2022-11-28",
          "time": "18:44:01",
          "terminate": "false"
        },
        {
          "speaker": "speaker2",
          "personaID": "96816",
          "participantID": "31014",
          "utterance": "맞아요. 그래서 기념일이나 생일 때 밖에 못 가긴 해요.. 그래도 맛과 퀄리티는 진짜 보장한답니다.",
          "summary": "",
          "date": "2022-11-28",
          "time": "18:44:29",
          "terminate": "false"
        },
        {
          "speaker": "speaker1",
          "personaID": "95980",
          "participantID": "30891",
          "utterance": "한 번 가봐야겠네요. ㅎㅎ 마침 명동이 제가 초등학교때까지 살았던 곳이거든요.",
          "summary": "나는 초등학교 때까지 명동에 살았다.",
          "date": "2022-11-28",
          "time": "18:45:17",
          "terminate": "false"
        },
        {
          "speaker": "speaker2",
          "personaID": "96816",
          "participantID": "31014",
          "utterance": "아 진짜요? 저희 아내는 명동에 있는 여자 대학교 나왔는데~ 거기 근처 초등학교 나오셨나봐요?",
          "summary": "나의 아내는 명동에 있는 대학교를 나왔다.",
          "date": "2022-11-28",
          "time": "18:45:48",
          "terminate": "false"
        },
        {
          "speaker": "speaker1",
          "personaID": "95980",
          "participantID": "30891",
          "utterance": "오~ 맞습니다. ㅎㅎ 그 대학교도 자주 놀러갔죠. 거기도 한 번 들려봐야겠네요. 옛날 추억도 나고, 좋은 시간이 되겠어요.",
          "summary": "",
          "date": "2022-11-28",
          "time": "18:46:29",
          "terminate": "false"
        },
        {
          "speaker": "speaker2",
          "personaID": "96816",
          "participantID": "31014",
          "utterance": "좋아요~ 거기가 진짜 명소잖아요. 남산타워가 바로 뒤에 있어가지고. ㅎㅎ 초등학교 때 남산타워 가보셨어요?",
          "summary": "",
          "date": "2022-11-28",
          "time": "18:47:00",
          "terminate": "false"
        },
        {
          "speaker": "speaker1",
          "personaID": "95980",
          "participantID": "30891",
          "utterance": "남산타워~ 우리 어릴땐 거기 못들어갔었죠. ㅎㅎ 다 커서는 돈까스먹으러 몇 번 갔었네요.",
          "summary": "",
          "date": "2022-11-28",
          "time": "18:49:28",
          "terminate": "false"
        },
        {
          "speaker": "speaker2",
          "personaID": "96816",
          "participantID": "31014",
          "utterance": "돈까스 맛집이 많기는 하죠. 거기 돈까스집만 있어가지고.. 저도 남산타워 잘 안가봤는데 나중에 한 번 아내랑 가봐야겠어요.",
          "summary": "",
          "date": "2022-11-28",
          "time": "18:50:43",
          "terminate": "false"
        },
        {
          "speaker": "speaker1",
          "personaID": "95980",
          "participantID": "30891",
          "utterance": "네. ㅎㅎ 그럼 아내분도 아주 좋아하시겠네요. 님은 초등학교 어디서 나왔나요?",
          "summary": "",
          "date": "2022-11-28",
          "time": "18:51:24",
          "terminate": "false"
        },
        {
          "speaker": "speaker2",
          "personaID": "96816",
          "participantID": "31014",
          "utterance": "그러게요. 저는 인천에 살았어가지고, 인천에 있는 초등학교 나왔습니다!",
          "summary": "나는 인천에 살았었다.",
          "date": "2022-11-28",
          "time": "18:51:52",
          "terminate": "false"
        },
        {
          "speaker": "speaker1",
          "personaID": "95980",
          "participantID": "30891",
          "utterance": "아 그러시군요. ㅎㅎ 인천 연안부두에 자주 놀러갔었네요.",
          "summary": "나는 인천 연안부두에 자주 놀러 갔었다.",
          "date": "2022-11-28",
          "time": "18:52:20",
          "terminate": "false"
        },
        {
          "speaker": "speaker2",
          "personaID": "96816",
          "participantID": "31014",
          "utterance": "저도 회 먹으러 연안부두에 자주 갔긴 했죠. 요즘은 서울에 살아서 노량진에서 회 먹네요. 하하.",
          "summary": "나는 회를 먹으러 연안부두에 자주 갔었다.",
          "date": "2022-11-28",
          "time": "18:52:47",
          "terminate": "false"
        },
        {
          "speaker": "speaker1",
          "personaID": "95980",
          "participantID": "30891",
          "utterance": "ㅎㅎ 그래도 현지 회 맛은 못따라가는게 너무 아쉽죠. 오늘은 이만 대화를 줄여야겠네요. 다음에 또 대화하시죠.^^",
          "summary": "",
          "date": "2022-11-28",
          "time": "18:53:08",
          "terminate": "false"
        },
        {
          "speaker": "speaker2",
          "personaID": "96816",
          "participantID": "31014",
          "utterance": "네~ 그래요 대화 많이 했네요. 이쯤 하죠. 대화 재밌었어요.",
          "summary": "",
          "date": "2022-11-28",
          "time": "18:53:24",
          "terminate": "true"
        }
      ],
      "sessionPersonaSummary": {
        "speaker1": [
          "나는 초등학교 때까지 명동에 살았다.",
          "나는 인천 연안부두에 자주 놀러 갔었다."
        ],
        "speaker2": [
          "나의 아내는 명동에 있는 대학교를 나왔다.",
          "나는 인천에 살았었다.",
          "나는 회를 먹으러 연안부두에 자주 갔었다."
        ]
      },
      "prevAggregatedpersonaSummary": {
        "speaker1": [
          "나는 60대 남성이다.",
          "나는 힙합 음악을 가끔 듣는다.",
          "나는 결혼을 안 했다. 나는 어머니와 갈등이 있다.",
          "나는 생일이 1월이다."
        ],
        "speaker2": [
          "나는 60대 남성이다.",
          "나는 혈액형이 ab형이다.",
          "나는 결혼을 했다. 나는 무슨 일이든지 빨리 한다.",
          "나는 생일이 11월이다. 나는 결혼기념일이 11월이다.",
          "나는 5년 안에 복권에 당첨되는 것이 목표이다."
        ]
      }
    },
    {
      "prevSessionID": "4-00300-2",
      "prevTimeInfo": {
        "timeNum": "8",
        "timeUnit": "일"
      },
      "nthSession": "3",
      "numberOfUtterances": "14",
      "numberOfTurns": "7",
      "sessionID": "4-00300-3",
      "dialog": [
        {
          "speaker": "speaker1",
          "personaID": "95980",
          "participantID": "30891",
          "utterance": "안녕하세요~ 일주일 좀 넘었네요. ㅎㅎ 어떻게 지내셨나요!",
          "summary": "",
          "date": "2022-11-28",
          "time": "18:53:27",
          "terminate": "false"
        },
        {
          "speaker": "speaker2",
          "personaID": "96816",
          "participantID": "31014",
          "utterance": "저는 님이랑 대화 하다가 회를 먹고 싶어서 인천에 좀 다녀왔습니다. 님은 그간 잘 지내셨나요?",
          "summary": "나는 회를 먹으러 인천에 다녀왔다.",
          "date": "2022-11-28",
          "time": "18:53:55",
          "terminate": "false"
        },
        {
          "speaker": "speaker1",
          "personaID": "95980",
          "participantID": "30891",
          "utterance": "하하. 오랜만에 추억에 잠기셨겠네요. 저도 잘 지냈습니다. ㅎㅎ 님이 알려준 레스토랑도 예약했구요.",
          "summary": "나는 레스토랑 예약을 했다.",
          "date": "2022-11-28",
          "time": "18:54:18",
          "terminate": "false"
        },
        {
          "speaker": "speaker2",
          "personaID": "96816",
          "participantID": "31014",
          "utterance": "오 진짜요? 그럼 어머니랑 같이 가시는건가요? ㅎㅎ.",
          "summary": "",
          "date": "2022-11-28",
          "time": "18:54:33",
          "terminate": "false"
        },
        {
          "speaker": "speaker1",
          "personaID": "95980",
          "participantID": "30891",
          "utterance": "그렇게 됐네요. 저희 어머니가 80대지만 아직 정정하시거든요.",
          "summary": "나의 어머니는 80대이지만 건강하다.",
          "date": "2022-11-28",
          "time": "18:54:52",
          "terminate": "false"
        },
        {
          "speaker": "speaker2",
          "personaID": "96816",
          "participantID": "31014",
          "utterance": "우와 역시 건강이 최고인거 같아요. 멋지시네요. 존경스러워요. 저도 그때까지 정정했으면 좋겠네요.",
          "summary": "나는 건강이 최고인 거 같다.",
          "date": "2022-11-28",
          "time": "18:55:18",
          "terminate": "false"
        },
        {
          "speaker": "speaker1",
          "personaID": "95980",
          "participantID": "30891",
          "utterance": "운동 열심히 합시다. ㅎㅎ 그러고보니 우리 전에 초등학교 이야기를 했잖아요?",
          "summary": "",
          "date": "2022-11-28",
          "time": "18:56:02",
          "terminate": "false"
        },
        {
          "speaker": "speaker2",
          "personaID": "96816",
          "participantID": "31014",
          "utterance": "네. 근데 저는 다닐 땐 체육을 그렇게 좋아했던 사람이랍니다. 하하.",
          "summary": "나는 초등학교 다닐 땐 체육을 좋아했었다.",
          "date": "2022-11-28",
          "time": "18:56:41",
          "terminate": "false"
        },
        {
          "speaker": "speaker1",
          "personaID": "95980",
          "participantID": "30891",
          "utterance": "그런가요. ㅎㅎ우리땐 초등학교가 아니라 국민학교였는데, 새삼 세월이 많이 지났다는 생각이 드네요.",
          "summary": "",
          "date": "2022-11-28",
          "time": "18:56:44",
          "terminate": "false"
        },
        {
          "speaker": "speaker2",
          "personaID": "96816",
          "participantID": "31014",
          "utterance": "그러게요. 뭔가 점점 추억 속으로 사라지는거 같기도 해요. 참 재밌었는데.",
          "summary": "",
          "date": "2022-11-28",
          "time": "18:57:57",
          "terminate": "false"
        },
        {
          "speaker": "speaker1",
          "personaID": "95980",
          "participantID": "30891",
          "utterance": "그쵸. 난로에 도시락 데워먹었던게 정말 즐거운 추억으로 남아있네요. ㅎㅎ.",
          "summary": "",
          "date": "2022-11-28",
          "time": "18:58:21",
          "terminate": "false"
        },
        {
          "speaker": "speaker2",
          "personaID": "96816",
          "participantID": "31014",
          "utterance": "그러니깐요. 그리고 학생들도 엄청 많았었는데.. 지금은 학생들 조차도 적다고 하더라구요.",
          "summary": "내가 학교 다닐 땐 학생들이 많았다.",
          "date": "2022-11-28",
          "time": "18:58:46",
          "terminate": "false"
        },
        {
          "speaker": "speaker1",
          "personaID": "95980",
          "participantID": "30891",
          "utterance": "그러게요. 저땐 한 반에 60명이 넘기도 했는데.. ㅎㅎ아, 벌써 시간이 이렇게됐네요. 제가 조만간 또 연락드리겠습니다.",
          "summary": "",
          "date": "2022-11-28",
          "time": "18:59:24",
          "terminate": "false"
        },
        {
          "speaker": "speaker2",
          "personaID": "96816",
          "participantID": "31014",
          "utterance": "넵! 저도 할 일 하러 가야겠습니다. 연락 기다릴게요!",
          "summary": "",
          "date": "2022-11-28",
          "time": "18:59:52",
          "terminate": "true"
        }
      ],
      "sessionPersonaSummary": {
        "speaker1": [
          "나는 레스토랑 예약을 했다.",
          "나의 어머니는 80대이지만 건강하다."
        ],
        "speaker2": [
          "나는 회를 먹으러 인천에 다녀왔다.",
          "나는 건강이 최고인 거 같다.",
          "나는 초등학교 다닐 땐 체육을 좋아했었다.",
          "내가 학교 다닐 땐 학생들이 많았다."
        ]
      },
      "prevAggregatedpersonaSummary": {
        "speaker1": [
          "나는 60대 남성이다.",
          "나는 힙합 음악을 가끔 듣는다.",
          "나는 결혼을 안 했다. 나는 어머니와 갈등이 있다.",
          "나는 생일이 1월이다.",
          "나는 초등학교 때까지 명동에 살았다.",
          "나는 인천 연안부두에 자주 놀러 갔었다."
        ],
        "speaker2": [
          "나는 60대 남성이다.",
          "나는 혈액형이 ab형이다.",
          "나는 결혼을 했다. 나는 무슨 일이든지 빨리 한다.",
          "나는 생일이 11월이다. 나는 결혼기념일이 11월이다.",
          "나는 5년 안에 복권에 당첨되는 것이 목표이다.",
          "나의 아내는 명동에 있는 대학교를 나왔다.",
          "나는 인천에 살았었다.",
          "나는 회를 먹으러 연안부두에 자주 갔었다."
        ]
      }
    },
    {
      "prevSessionID": "4-00300-3",
      "prevTimeInfo": {
        "timeNum": "1",
        "timeUnit": "일"
      },
      "nthSession": "4",
      "numberOfUtterances": "14",
      "numberOfTurns": "7",
      "sessionID": "4-00300-4",
      "dialog": [
        {
          "speaker": "speaker1",
          "personaID": "95980",
          "participantID": "30891",
          "utterance": "어젠 잘 주무셨나요? 저랑 대화하느라 늦게까지 못주무셨을까 걱정이 되네요.",
          "summary": "",
          "date": "2022-11-28",
          "time": "18:59:54",
          "terminate": "false"
        },
        {
          "speaker": "speaker2",
          "personaID": "96816",
          "participantID": "31014",
          "utterance": "괜찮습니다. 저는 원래 잠이 적어서요. ㅎㅎ.",
          "summary": "나는 잠이 적다.",
          "date": "2022-11-28",
          "time": "19:00:09",
          "terminate": "false"
        },
        {
          "speaker": "speaker1",
          "personaID": "95980",
          "participantID": "30891",
          "utterance": "다행이군요. 전에 님이 무슨일이든 빨리하는 성격이라고 하셨는데, 그럼 손주도 있으신가요?",
          "summary": "",
          "date": "2022-11-28",
          "time": "19:00:22",
          "terminate": "false"
        },
        {
          "speaker": "speaker2",
          "personaID": "96816",
          "participantID": "31014",
          "utterance": "하하하 손주 당연히 있죠. 지금 손주는 초등학교 곧 입학할 나이라고 하네요.",
          "summary": "나의 손주는 초등학교 입학할 나이이다.",
          "date": "2022-11-28",
          "time": "19:00:50",
          "terminate": "false"
        },
        {
          "speaker": "speaker1",
          "personaID": "95980",
          "participantID": "30891",
          "utterance": "오 그렇군요. 아휴, 엄청 귀여울 나이네요. ㅎㅎ 자주 만나시나요?",
          "summary": "",
          "date": "2022-11-28",
          "time": "19:01:15",
          "terminate": "false"
        },
        {
          "speaker": "speaker2",
          "personaID": "96816",
          "participantID": "31014",
          "utterance": "많이 놀러와요. 저희 집에 ㅎㅎ 그래서 항상 저랑 아내가 혼신을 다해 놀아 주고 있답니다. 먹을 것도 많이 먹이구요.",
          "summary": "나는 손주를 혼신을 다해 놀아주고 있다.",
          "date": "2022-11-28",
          "time": "19:01:43",
          "terminate": "false"
        },
        {
          "speaker": "speaker1",
          "personaID": "95980",
          "participantID": "30891",
          "utterance": "ㅎㅎ 복닥복닥하니 재밌겠군요. 이럴땐 가끔 결혼을 안한게 후회가 되긴 하네요.",
          "summary": "나는 가끔 결혼을 안 한 게 후회된다.",
          "date": "2022-11-28",
          "time": "19:02:10",
          "terminate": "false"
        },
        {
          "speaker": "speaker2",
          "personaID": "96816",
          "participantID": "31014",
          "utterance": "하하 근데 좀 정신이 없긴 해요.. 챙길것도 많고 저만 사는게 아니니깐요.",
          "summary": "",
          "date": "2022-11-28",
          "time": "19:02:32",
          "terminate": "false"
        },
        {
          "speaker": "speaker1",
          "personaID": "95980",
          "participantID": "30891",
          "utterance": "그게 사는 재미 아니겠습니까. ㅎㅎ 저는 명절도 어머니랑 둘이 조용히 보내서 그런가, 가끔 시끄럽고 싶네요.",
          "summary": "나는 명절을 어머니와 둘이 보낸다.",
          "date": "2022-11-28",
          "time": "19:03:27",
          "terminate": "false"
        },
        {
          "speaker": "speaker2",
          "personaID": "96816",
          "participantID": "31014",
          "utterance": "아하.. 둘이서 보내시구나.. 그러면 나중에 저희 집에 놀러와보세요~ 반겨드릴게요. 환영^^",
          "summary": "",
          "date": "2022-11-28",
          "time": "19:04:12",
          "terminate": "false"
        },
        {
          "speaker": "speaker1",
          "personaID": "95980",
          "participantID": "30891",
          "utterance": "에이, 그게 무슨 민폐입니까. ㅎㅎ 괜찮습니다. 가끔 재미난 이야기나 들려주세요~",
          "summary": "",
          "date": "2022-11-28",
          "time": "19:04:31",
          "terminate": "false"
        },
        {
          "speaker": "speaker2",
          "personaID": "96816",
          "participantID": "31014",
          "utterance": "그런가요? 친해진 김에 뭐 자주 놀러가고 그런거죠~ 저희 손주도 좋아할거 같네요.",
          "summary": "",
          "date": "2022-11-28",
          "time": "19:04:50",
          "terminate": "false"
        },
        {
          "speaker": "speaker1",
          "personaID": "95980",
          "participantID": "30891",
          "utterance": "ㅎㅎ 그럼 한번 고민해보겠습니다. 오늘도 즐거운 대화였네요.",
          "summary": "",
          "date": "2022-11-28",
          "time": "19:05:08",
          "terminate": "false"
        },
        {
          "speaker": "speaker2",
          "personaID": "96816",
          "participantID": "31014",
          "utterance": "네. 고민 해보시고 또 다음에 편할 때 연락 줘요~",
          "summary": "",
          "date": "2022-11-28",
          "time": "19:05:23",
          "terminate": "true"
        }
      ],
      "sessionPersonaSummary": {
        "speaker1": [
          "나는 가끔 결혼을 안 한 게 후회된다.",
          "나는 명절을 어머니와 둘이 보낸다."
        ],
        "speaker2": [
          "나는 잠이 적다.",
          "나의 손주는 초등학교 입학할 나이이다.",
          "나는 손주를 혼신을 다해 놀아주고 있다."
        ]
      },
      "prevAggregatedpersonaSummary": {
        "speaker1": [
          "나는 60대 남성이다.",
          "나는 힙합 음악을 가끔 듣는다.",
          "나는 결혼을 안 했다. 나는 어머니와 갈등이 있다.",
          "나는 생일이 1월이다.",
          "나는 초등학교 때까지 명동에 살았다.",
          "나는 인천 연안부두에 자주 놀러 갔었다.",
          "나는 레스토랑 예약을 했다.",
          "나의 어머니는 80대이지만 건강하다."
        ],
        "speaker2": [
          "나는 60대 남성이다.",
          "나는 혈액형이 ab형이다.",
          "나는 결혼을 했다. 나는 무슨 일이든지 빨리 한다.",
          "나는 생일이 11월이다. 나는 결혼기념일이 11월이다.",
          "나는 5년 안에 복권에 당첨되는 것이 목표이다.",
          "나의 아내는 명동에 있는 대학교를 나왔다.",
          "나는 인천에 살았었다.",
          "나는 회를 먹으러 연안부두에 자주 갔었다.",
          "나는 회를 먹으러 인천에 다녀왔다.",
          "나는 건강이 최고인 거 같다.",
          "나는 초등학교 다닐 땐 체육을 좋아했었다.",
          "내가 학교 다닐 땐 학생들이 많았다."
        ]
      }
    }
  ]
}