{
  "FileInfo": {
    "filename": "K4-00368-CL40347-CP22501-01-05-S4.json",
    "sessionLevel": "4"
  },
  "participantsInfo": {
    "numberOfParticipants": "2",
    "speaker1": {
      "participantID": "3678",
      "gender": "남성",
      "age": "30대",
      "occupation": "사무직",
      "bPlace": "서울/경기/인천",
      "gPlace": "서울/경기/인천",
      "rPlace": "서울/경기/인천",
      "educationLevel": "대졸"
    },
    "speaker2": {
      "participantID": "3230",
      "gender": "여성",
      "age": "30대",
      "occupation": "무직",
      "bPlace": "대전/세종/충청/강원",
      "gPlace": "대전/세종/충청/강원",
      "rPlace": "대전/세종/충청/강원",
      "educationLevel": "대졸"
    }
  },
  "multisessionInfo": {
    "multisessionID": "4-00368"
  },
  "personaInfo": {
    "clInfo": {
      "personaID": "40347",
      "personaFeatures": [
        "나는 남자이다.",
        "나는 40대이다.",
        "나는 중소기업 사원이다 ",
        "나는 중국어 공부에 관심 없다",
        "나는 TV 시사 프로그램을 좋아한다"
      ],
      "speakerType": "speaker1"
    },
    "cpInfo": {
      "personaID": "22501",
      "personaFeatures": [
        "나는 여자이다.",
        "나는 20대이다.",
        "나는 가족과 이야기를 많이 나눈다",
        "나는 심리학과 전공이다",
        "나는 판타지 영화를 싫어한다"
      ],
      "speakerType": "speaker2"
    }
  },
  "topicInfo": {
    "topicID": "01-05",
    "topicType": "식음료",
    "topicTitle": "디저트"
  },
  "sessionInfo": [
    {
      "prevSessionID": null,
      "prevTimeInfo": {
        "timeNum": null,
        "timeUnit": null
      },
      "nthSession": "1",
      "numberOfUtterances": "14",
      "numberOfTurns": "7",
      "sessionID": "4-00368-1",
      "dialog": [
        {
          "speaker": "speaker1",
          "personaID": "40347",
          "participantID": "3678",
          "utterance": "안녕하세요 40대 남성입니다!",
          "summary": "나는 40대 남성이다.",
          "date": "2022-10-31",
          "time": "14:49:01",
          "terminate": "false"
        },
        {
          "speaker": "speaker2",
          "personaID": "22501",
          "participantID": "3230",
          "utterance": "안녕하세요. 저는 20대 여성입니다.",
          "summary": "나는 20대 여성이다",
          "date": "2022-10-31",
          "time": "14:58:41",
          "terminate": "false"
        },
        {
          "speaker": "speaker1",
          "personaID": "40347",
          "participantID": "3678",
          "utterance": "저는 중국계 무역 중소기업 사원입니다",
          "summary": "나는 중국계 무역 중소기업 사원이다.",
          "date": "2022-10-31",
          "time": "15:20:07",
          "terminate": "false"
        },
        {
          "speaker": "speaker2",
          "personaID": "22501",
          "participantID": "3230",
          "utterance": "와 그럼 중국어를 잘하시겠네요~  멋있으세요! 저는 대학에서 심리학을 전공하고 있어요.",
          "summary": "나는 심리학을 전공하고 있다",
          "date": "2022-10-31",
          "time": "16:04:12",
          "terminate": "false"
        },
        {
          "speaker": "speaker1",
          "personaID": "40347",
          "participantID": "3678",
          "utterance": "우와 심리학이라니! 멋진데요 전 중국어 전공인데 중국어 공부에 관심이 없어요",
          "summary": "나는 중국어 전공이지만 중국어 공부에 관심이 없다.",
          "date": "2022-10-31",
          "time": "16:34:11",
          "terminate": "false"
        },
        {
          "speaker": "speaker2",
          "personaID": "22501",
          "participantID": "3230",
          "utterance": "아 그러시군요~ 저도 사실 진로문제로 고민이 많아서 가족들과 대화를 많이 나누고 있거든요.",
          "summary": "나는 진로문제로 고민이 많다\n나는 가족과 이야기를 많이 나눈다\n",
          "date": "2022-10-31",
          "time": "21:22:14",
          "terminate": "false"
        },
        {
          "speaker": "speaker1",
          "personaID": "40347",
          "participantID": "3678",
          "utterance": "많은 대화로 충분히 고민하고 결정하세요!  취미는 무엇인가요? 저는 tv 시사프로그램을 좋아해요",
          "summary": " 나는 tv시사프로그램을 좋아한다",
          "date": "2022-10-31",
          "time": "22:08:49",
          "terminate": "false"
        },
        {
          "speaker": "speaker2",
          "personaID": "22501",
          "participantID": "3230",
          "utterance": "저는 영화보는 게 취미에요! 액션 코미디를 특히 좋아하는데 판타지 영화는 싫어해요",
          "summary": "나는 판타지 영화를 싫어한다",
          "date": "2022-10-31",
          "time": "22:16:36",
          "terminate": "false"
        },
        {
          "speaker": "speaker1",
          "personaID": "40347",
          "participantID": "3678",
          "utterance": "아 저도 판타지는 별로 안 좋아해요! 아바타 같은거요",
          "summary": "나는 판타지를 별로 안 좋아한다.",
          "date": "2022-11-01",
          "time": "06:50:34",
          "terminate": "false"
        },
        {
          "speaker": "speaker2",
          "personaID": "22501",
          "participantID": "3230",
          "utterance": "정말요? 아바타 신드롬이었는데 안 끌려서 저는 안 봤거든요.",
          "summary": "나는 아바타를 안 봤다",
          "date": "2022-11-02",
          "time": "14:57:12",
          "terminate": "false"
        },
        {
          "speaker": "speaker1",
          "personaID": "40347",
          "participantID": "3678",
          "utterance": "네 저도 안좋아해요! ^^ 취향이 비슷하네요~ 식사하셧어요?",
          "summary": "",
          "date": "2022-11-02",
          "time": "19:20:30",
          "terminate": "false"
        },
        {
          "speaker": "speaker2",
          "personaID": "22501",
          "participantID": "3230",
          "utterance": "네 간단하게 먹었습니다. 맛있게 드셨나요?",
          "summary": "",
          "date": "2022-11-02",
          "time": "19:41:50",
          "terminate": "false"
        },
        {
          "speaker": "speaker1",
          "personaID": "40347",
          "participantID": "3678",
          "utterance": "네네 잘 묵엇어요 ! 그럼 다음에 또 대화해요",
          "summary": "",
          "date": "2022-11-03",
          "time": "06:12:07",
          "terminate": "false"
        },
        {
          "speaker": "speaker2",
          "personaID": "22501",
          "participantID": "3230",
          "utterance": "네~  대화 즐거웠어요. 다음에 봬요.",
          "summary": "",
          "date": "2022-11-03",
          "time": "18:28:54",
          "terminate": "true"
        }
      ],
      "sessionPersonaSummary": {
        "speaker1": [
          "나는 40대 남성이다.",
          "나는 중국계 무역 중소기업 사원이다.",
          "나는 중국어 전공이지만 중국어 공부에 관심이 없다.",
          "나는 tv시사프로그램을 좋아한다",
          "나는 판타지를 별로 안 좋아한다."
        ],
        "speaker2": [
          "나는 20대 여성이다",
          "나는 심리학을 전공하고 있다",
          "나는 진로문제로 고민이 많다\n나는 가족과 이야기를 많이 나눈다\n",
          "나는 판타지 영화를 싫어한다",
          "나는 아바타를 안 봤다"
        ]
      },
      "prevAggregatedpersonaSummary": {
        "speaker1": [],
        "speaker2": []
      }
    },
    {
      "prevSessionID": "4-00368-1",
      "prevTimeInfo": {
        "timeNum": "6",
        "timeUnit": "시간"
      },
      "nthSession": "2",
      "numberOfUtterances": "14",
      "numberOfTurns": "7",
      "sessionID": "4-00368-2",
      "dialog": [
        {
          "speaker": "speaker1",
          "personaID": "40347",
          "participantID": "3678",
          "utterance": "안녕하세요 6시간 만이에요 ~~",
          "summary": "",
          "date": "2022-11-04",
          "time": "08:35:32",
          "terminate": "false"
        },
        {
          "speaker": "speaker2",
          "personaID": "22501",
          "participantID": "3230",
          "utterance": "저는 잠깐 카페에 나가서 몽블랑을 먹으며 쉬고 왔어요~  좋아하는 디저트 있으세요?",
          "summary": "",
          "date": "2022-11-04",
          "time": "17:50:34",
          "terminate": "false"
        },
        {
          "speaker": "speaker1",
          "personaID": "40347",
          "participantID": "3678",
          "utterance": "저는 초코 케잌이요! 아메리카노와 환상의 궁합이죠",
          "summary": "나는 아메리카노와 초콜릿 케이크가 환상의 궁합 같다.",
          "date": "2022-11-04",
          "time": "19:48:30",
          "terminate": "false"
        },
        {
          "speaker": "speaker2",
          "personaID": "22501",
          "participantID": "3230",
          "utterance": "단디저트와 씁쓸한 음료의 조합은 최고죠! 저는 디저트를 좋아해서 맛있는 카페를 찾는 걸 좋아해요.",
          "summary": "나는 디저트를 좋아해서 맛있는 카페 찾는 걸 좋아한다",
          "date": "2022-11-04",
          "time": "21:34:05",
          "terminate": "false"
        },
        {
          "speaker": "speaker1",
          "personaID": "40347",
          "participantID": "3678",
          "utterance": "마카롱 같은거 좋아하세요? 전 마카롱은 너무너무 달아서 못먹겟어요. 아 그리구 저는 생크림도 먹지 않아요... 편식이 심하네요 ",
          "summary": "나는 마카롱과 생크림은 먹지 않는다.",
          "date": "2022-11-04",
          "time": "21:54:13",
          "terminate": "false"
        },
        {
          "speaker": "speaker2",
          "personaID": "22501",
          "participantID": "3230",
          "utterance": "아 그러시군요~  저는 마카롱도 커피나 홍차만 있으면 몇 개고 먹을 수 있어요. 그럼 디저트로 과일류를 선호하시나요?",
          "summary": "나는 커피나 홍차만 있으면 마카롱을 몇 개나 먹을 수 있다",
          "date": "2022-11-04",
          "time": "21:55:19",
          "terminate": "false"
        },
        {
          "speaker": "speaker1",
          "personaID": "40347",
          "participantID": "3678",
          "utterance": "저는 디저트 수플레케이크나 브라우니! 좋아해요  근데 수플레케이크 너무 비싸서 흠이죠. 치킨 한마리와 맞먹던걸요!",
          "summary": "나는 수플레 케이크나 브라이니를 좋아한다. 나는 수플레 케이크는 비싸서 흠이라고 생각한다.",
          "date": "2022-11-05",
          "time": "00:10:14",
          "terminate": "false"
        },
        {
          "speaker": "speaker2",
          "personaID": "22501",
          "participantID": "3230",
          "utterance": "저는 수플레 케이크는 많이 안 먹었어서 가격이 그렇게 비싼 줄 몰랐어요. 브라우니도 정말 맛있죠! 집에서 해먹기도 좋고요",
          "summary": "나는 수플레 케이크를 많이 안 먹었어서 비싼 줄 몰랐다",
          "date": "2022-11-05",
          "time": "10:23:13",
          "terminate": "false"
        },
        {
          "speaker": "speaker1",
          "personaID": "40347",
          "participantID": "3678",
          "utterance": "브라우니를 집에서 만드는게 쉽나요? 혹시 밥통 브라우니 말하시나요?!? ",
          "summary": "",
          "date": "2022-11-05",
          "time": "10:41:47",
          "terminate": "false"
        },
        {
          "speaker": "speaker2",
          "personaID": "22501",
          "participantID": "3230",
          "utterance": "밥통도 있고 전자레인지로 만들기 쉽게 키트처럼? 나오더라고요!",
          "summary": "",
          "date": "2022-11-05",
          "time": "14:48:14",
          "terminate": "false"
        },
        {
          "speaker": "speaker1",
          "personaID": "40347",
          "participantID": "3678",
          "utterance": "와 전자렌지로도 가능하군요! 저도 해볼래요!!",
          "summary": "나는 전자레인지로 해봐야겠다.",
          "date": "2022-11-05",
          "time": "14:57:12",
          "terminate": "false"
        },
        {
          "speaker": "speaker2",
          "personaID": "22501",
          "participantID": "3230",
          "utterance": "브라우니 만들기는 마트에서 쉽게 구하실 수 있을 거에요",
          "summary": "",
          "date": "2022-11-05",
          "time": "15:00:55",
          "terminate": "false"
        },
        {
          "speaker": "speaker1",
          "personaID": "40347",
          "participantID": "3678",
          "utterance": "우와 그럼 지금 가서 사와볼게여! TV시사프로그램을 좋아히지만 포기하고 브라우니 만들고 후기 알려드리겟습니다",
          "summary": "나는 지금 가서 사 올 것이다.",
          "date": "2022-11-05",
          "time": "15:01:13",
          "terminate": "false"
        },
        {
          "speaker": "speaker2",
          "personaID": "22501",
          "participantID": "3230",
          "utterance": "네!! 저도 생각난김에 사러 가야겠어요 후기 또 나눠요!",
          "summary": "",
          "date": "2022-11-05",
          "time": "15:01:33",
          "terminate": "true"
        }
      ],
      "sessionPersonaSummary": {
        "speaker1": [
          "나는 아메리카노와 초콜릿 케이크가 환상의 궁합 같다.",
          "나는 마카롱과 생크림은 먹지 않는다.",
          "나는 수플레 케이크나 브라이니를 좋아한다.",
          "나는 수플레 케이크는 비싸서 흠이라고 생각한다.",
          "나는 전자레인지로 해봐야겠다.",
          "나는 지금 가서 사 올 것이다."
        ],
        "speaker2": [
          "나는 디저트를 좋아해서 맛있는 카페 찾는 걸 좋아한다",
          "나는 커피나 홍차만 있으면 마카롱을 몇 개나 먹을 수 있다",
          "나는 수플레 케이크를 많이 안 먹었어서 비싼 줄 몰랐다"
        ]
      },
      "prevAggregatedpersonaSummary": {
        "speaker1": [
          "나는 40대 남성이다.",
          "나는 중국계 무역 중소기업 사원이다.",
          "나는 중국어 전공이지만 중국어 공부에 관심이 없다.",
          "나는 tv시사프로그램을 좋아한다",
          "나는 판타지를 별로 안 좋아한다."
        ],
        "speaker2": [
          "나는 20대 여성이다",
          "나는 심리학을 전공하고 있다",
          "나는 진로문제로 고민이 많다\n나는 가족과 이야기를 많이 나눈다\n",
          "나는 판타지 영화를 싫어한다",
          "나는 아바타를 안 봤다"
        ]
      }
    },
    {
      "prevSessionID": "4-00368-2",
      "prevTimeInfo": {
        "timeNum": "3",
        "timeUnit": "주"
      },
      "nthSession": "3",
      "numberOfUtterances": "14",
      "numberOfTurns": "7",
      "sessionID": "4-00368-3",
      "dialog": [
        {
          "speaker": "speaker1",
          "personaID": "40347",
          "participantID": "3678",
          "utterance": "저번에 브라우니는 정말 맛있었어요 3주나 지났네요!",
          "summary": "나는 지난번 브라우니가 맛있었다.",
          "date": "2022-11-05",
          "time": "15:04:00",
          "terminate": "false"
        },
        {
          "speaker": "speaker2",
          "personaID": "22501",
          "participantID": "3230",
          "utterance": "맛있으셨다니 다행이에요~  저는 오늘 식사 후에 디저트로 소금빵을 먹어봤는데 너무 맛있더라고요. 혹시 좋아하시나요?",
          "summary": "나는 오늘 디저트로 먹은 소금 빵이 맛있었다",
          "date": "2022-11-05",
          "time": "15:04:52",
          "terminate": "false"
        },
        {
          "speaker": "speaker1",
          "personaID": "40347",
          "participantID": "3678",
          "utterance": "아 소금빵 좋아해요! 전 크림류 보다는 밀가루빵을 좋아해요 요즘은 또 겨울이라 전 붕어빵이나 땅콩과자 이런거 많이 먹어요 후후",
          "summary": "나는 크림 류보다 밀가루 빵을 좋아한다. 나는 겨울이라 붕어빵과 땅콩과자를 많이 먹는다.",
          "date": "2022-11-05",
          "time": "15:05:49",
          "terminate": "false"
        },
        {
          "speaker": "speaker2",
          "personaID": "22501",
          "participantID": "3230",
          "utterance": "와 너무 맛있겠어요. 저는 주변에 붕어빵파는 곳이 없어서 아직 못 먹었어요. 요새 붕어빵 가격이 많이 올랐죠?",
          "summary": "나는 주변에 붕어빵 파는 곳 아직 없다",
          "date": "2022-11-05",
          "time": "15:06:28",
          "terminate": "false"
        },
        {
          "speaker": "speaker1",
          "personaID": "40347",
          "participantID": "3678",
          "utterance": "네... 두마리에 삼천원이요! 서민음식 이었는데 너무 비싸네요",
          "summary": "",
          "date": "2022-11-05",
          "time": "15:06:57",
          "terminate": "false"
        },
        {
          "speaker": "speaker2",
          "personaID": "22501",
          "participantID": "3230",
          "utterance": "와 정말 고급 디저트가 다 됐네요... 붕어빵이랑 호떡 중에는 뭘 더 좋아하세요? ",
          "summary": "",
          "date": "2022-11-05",
          "time": "15:08:05",
          "terminate": "false"
        },
        {
          "speaker": "speaker1",
          "personaID": "40347",
          "participantID": "3678",
          "utterance": "와 호떡이요?... 저 호떡요 진짜 넘. 좋아해요! 집에서도 자주 해먹어요 호떡은 님은 뭐가 더 좋으세요?? 어렵네요",
          "summary": "나는 호떡을 너무 좋아한다.",
          "date": "2022-11-05",
          "time": "15:08:51",
          "terminate": "false"
        },
        {
          "speaker": "speaker2",
          "personaID": "22501",
          "participantID": "3230",
          "utterance": "저도 호떡을 더 좋아해요! 한 겨울에 그 꿀이 뜨거워서 더 좋더라고요!!",
          "summary": "나는 꿀이 뜨거운 호떡을 더 좋아한다",
          "date": "2022-11-05",
          "time": "15:09:17",
          "terminate": "false"
        },
        {
          "speaker": "speaker1",
          "personaID": "40347",
          "participantID": "3678",
          "utterance": "맞아요 호떡도 4장에 천원이던 시절이 있었죠^^ 근데 어느날부터 밥보다 카페가 가격이 더 나올때가 많아요",
          "summary": "나는 호떡이 4장에 천 원이던 시절을 안다. 나는 어느 날부터 카페 가격이 밥값보다 더 나온다.",
          "date": "2022-11-05",
          "time": "15:10:34",
          "terminate": "false"
        },
        {
          "speaker": "speaker2",
          "personaID": "22501",
          "participantID": "3230",
          "utterance": "맞아요...카페 디저트에 음료까지하면 만원은 그냥 넘죠...그래서 베이킹을 배워볼까 생각하고있어요",
          "summary": "나는 베이킹을 배워볼까 생각한다",
          "date": "2022-11-05",
          "time": "15:11:30",
          "terminate": "false"
        },
        {
          "speaker": "speaker1",
          "personaID": "40347",
          "participantID": "3678",
          "utterance": "우와 제 친구가 베이킹 배우기 시작했는데 장비랑 재료값이 어마어마 하대요 버터랑 초콜렛 이런게 꽤 비싸다고 하더라구요 ",
          "summary": "나는 베이킹을 배우는 친구가 있다. 나는 버터와 초콜릿이 비싸다고 들었다.",
          "date": "2022-11-05",
          "time": "15:12:09",
          "terminate": "false"
        },
        {
          "speaker": "speaker2",
          "personaID": "22501",
          "participantID": "3230",
          "utterance": "앗 정말요? 안그래도 똥손인데 재료값이 더 비싸겠네요...",
          "summary": "",
          "date": "2022-11-05",
          "time": "15:12:52",
          "terminate": "false"
        },
        {
          "speaker": "speaker1",
          "personaID": "40347",
          "participantID": "3678",
          "utterance": "네 그래도 취미로 하면 재밌을거 같긴해요! 다음에 또 대화해요",
          "summary": "",
          "date": "2022-11-05",
          "time": "15:13:24",
          "terminate": "false"
        },
        {
          "speaker": "speaker2",
          "personaID": "22501",
          "participantID": "3230",
          "utterance": "네~  저는 이만 일이 있어 나가볼게요!",
          "summary": "",
          "date": "2022-11-05",
          "time": "15:13:50",
          "terminate": "true"
        }
      ],
      "sessionPersonaSummary": {
        "speaker1": [
          "나는 지난번 브라우니가 맛있었다.",
          "나는 크림 류보다 밀가루 빵을 좋아한다.",
          "나는 겨울이라 붕어빵과 땅콩과자를 많이 먹는다.",
          "나는 호떡을 너무 좋아한다.",
          "나는 호떡이 4장에 천 원이던 시절을 안다.",
          "나는 어느 날부터 카페 가격이 밥값보다 더 나온다.",
          "나는 베이킹을 배우는 친구가 있다.",
          "나는 버터와 초콜릿이 비싸다고 들었다."
        ],
        "speaker2": [
          "나는 오늘 디저트로 먹은 소금 빵이 맛있었다",
          "나는 주변에 붕어빵 파는 곳 아직 없다",
          "나는 꿀이 뜨거운 호떡을 더 좋아한다",
          "나는 베이킹을 배워볼까 생각한다"
        ]
      },
      "prevAggregatedpersonaSummary": {
        "speaker1": [
          "나는 40대 남성이다.",
          "나는 중국계 무역 중소기업 사원이다.",
          "나는 중국어 전공이지만 중국어 공부에 관심이 없다.",
          "나는 tv시사프로그램을 좋아한다",
          "나는 판타지를 별로 안 좋아한다.",
          "나는 아메리카노와 초콜릿 케이크가 환상의 궁합 같다.",
          "나는 마카롱과 생크림은 먹지 않는다.",
          "나는 수플레 케이크나 브라이니를 좋아한다.",
          "나는 수플레 케이크는 비싸서 흠이라고 생각한다.",
          "나는 전자레인지로 해봐야겠다.",
          "나는 지금 가서 사 올 것이다."
        ],
        "speaker2": [
          "나는 20대 여성이다",
          "나는 심리학을 전공하고 있다",
          "나는 진로문제로 고민이 많다\n나는 가족과 이야기를 많이 나눈다\n",
          "나는 판타지 영화를 싫어한다",
          "나는 아바타를 안 봤다",
          "나는 디저트를 좋아해서 맛있는 카페 찾는 걸 좋아한다",
          "나는 커피나 홍차만 있으면 마카롱을 몇 개나 먹을 수 있다",
          "나는 수플레 케이크를 많이 안 먹었어서 비싼 줄 몰랐다"
        ]
      }
    },
    {
      "prevSessionID": "4-00368-3",
      "prevTimeInfo": {
        "timeNum": "1",
        "timeUnit": "일"
      },
      "nthSession": "4",
      "numberOfUtterances": "14",
      "numberOfTurns": "7",
      "sessionID": "4-00368-4",
      "dialog": [
        {
          "speaker": "speaker1",
          "personaID": "40347",
          "participantID": "3678",
          "utterance": "안녕하세요~ 하루만이네요! 저는 오늘 카페와서 책 읽고 있어요 중국어는 저리 가라 그래요..ㅋㅋㅋㅋ 크로플에 따듯한 아메리카노 먹는데 살살 녹네요",
          "summary": "나는 오늘 카페 와서 책을 읽고 있다. 나는 크로플에 아메리카노를 먹는데 살살 녹는다.",
          "date": "2022-11-05",
          "time": "15:17:02",
          "terminate": "false"
        },
        {
          "speaker": "speaker2",
          "personaID": "22501",
          "participantID": "3230",
          "utterance": "크로플 너무 맛있죠!!!! 저 그거 먹고싶어서 와플 기계도 샀어요.",
          "summary": "나는 크로플이 먹고 싶어서 와플 기계를 샀다",
          "date": "2022-11-05",
          "time": "15:17:31",
          "terminate": "false"
        },
        {
          "speaker": "speaker1",
          "personaID": "40347",
          "participantID": "3678",
          "utterance": "아 대박 그럼 반죽은 어떻게 해요??? 가루도 따로 파나요?",
          "summary": "",
          "date": "2022-11-05",
          "time": "15:17:50",
          "terminate": "false"
        },
        {
          "speaker": "speaker2",
          "personaID": "22501",
          "participantID": "3230",
          "utterance": "아뇨 생지를 대량구매해서 크로플을 만들어 먹어요",
          "summary": "",
          "date": "2022-11-05",
          "time": "15:18:10",
          "terminate": "false"
        },
        {
          "speaker": "speaker1",
          "personaID": "40347",
          "participantID": "3678",
          "utterance": "아아! 그거구나 눌러서 익히는거 맞죠?",
          "summary": "",
          "date": "2022-11-05",
          "time": "15:18:45",
          "terminate": "false"
        },
        {
          "speaker": "speaker2",
          "personaID": "22501",
          "participantID": "3230",
          "utterance": "네네 와플기계에 구워서 아이스크림이랑 메이플 시럽찍어 먹으면 카페에서 먹는 맛이더라고요",
          "summary": "",
          "date": "2022-11-05",
          "time": "15:19:26",
          "terminate": "false"
        },
        {
          "speaker": "speaker1",
          "personaID": "40347",
          "participantID": "3678",
          "utterance": "대박이네요 정말 저도 한번 알아볼게요 ! 좋은 정보 많이 주시네요~ 카페에선 그렇게 먹으면 1.4만원이에요 ",
          "summary": "",
          "date": "2022-11-05",
          "time": "15:20:06",
          "terminate": "false"
        },
        {
          "speaker": "speaker2",
          "personaID": "22501",
          "participantID": "3230",
          "utterance": "진짜 카페는 너무 비싸네요. 저는 오랜만에 지역에서 유명한 빵집에 다녀왔어요!",
          "summary": "나는 지역에서 유명한 빵집에 다녀왔다",
          "date": "2022-11-05",
          "time": "15:20:50",
          "terminate": "false"
        },
        {
          "speaker": "speaker1",
          "personaID": "40347",
          "participantID": "3678",
          "utterance": "무슨빵이 유명한 곳인가요???",
          "summary": "",
          "date": "2022-11-05",
          "time": "15:21:04",
          "terminate": "false"
        },
        {
          "speaker": "speaker2",
          "personaID": "22501",
          "participantID": "3230",
          "utterance": "튀김소보로가 유명한 곳인데 디저트만 파는 가게도 따로 있어서 눈호강하고 왔어요.디저트는 맛도 좋지만 예뻐서 기분이 좋아지는 것 같아요.",
          "summary": "나는 디저트는 맛도 좋지만 예뻐서 기분이 좋아진다",
          "date": "2022-11-05",
          "time": "15:21:57",
          "terminate": "false"
        },
        {
          "speaker": "speaker1",
          "personaID": "40347",
          "participantID": "3678",
          "utterance": "아아 저도 거기 어딘지 알고같아요! 부추빵도 맛있죠~!! 맞아요 저는 크림을 잘 안먹지만 예쁜 디저트보면 기분이 좋아져요",
          "summary": "나는 예쁜 디저트 보면 기분이 좋아진다.",
          "date": "2022-11-05",
          "time": "15:22:43",
          "terminate": "false"
        },
        {
          "speaker": "speaker2",
          "personaID": "22501",
          "participantID": "3230",
          "utterance": "맞아요. 거기 롤케이크류도 다 맛있어요! 삼각김밥 튀김? 같은 것도 맛있으니 드셔보세요.",
          "summary": "",
          "date": "2022-11-05",
          "time": "15:26:26",
          "terminate": "false"
        },
        {
          "speaker": "speaker1",
          "personaID": "40347",
          "participantID": "3678",
          "utterance": "와 진짜 신선한 메뉴라 도전해보고 싶네요! 추천 감사해요 그럼 이제 저도 정리하고 가봐야겠어요 좋은 대화 감사해요",
          "summary": "나는 이제 정리하고 가봐야 한다.",
          "date": "2022-11-05",
          "time": "15:27:10",
          "terminate": "false"
        },
        {
          "speaker": "speaker2",
          "personaID": "22501",
          "participantID": "3230",
          "utterance": "네 맛있는 디저트와 즐거운 시간 보내세요~~",
          "summary": "",
          "date": "2022-11-05",
          "time": "15:27:37",
          "terminate": "true"
        }
      ],
      "sessionPersonaSummary": {
        "speaker1": [
          "나는 오늘 카페 와서 책을 읽고 있다.",
          "나는 크로플에 아메리카노를 먹는데 살살 녹는다.",
          "나는 예쁜 디저트 보면 기분이 좋아진다.",
          "나는 이제 정리하고 가봐야 한다."
        ],
        "speaker2": [
          "나는 크로플이 먹고 싶어서 와플 기계를 샀다",
          "나는 지역에서 유명한 빵집에 다녀왔다",
          "나는 디저트는 맛도 좋지만 예뻐서 기분이 좋아진다"
        ]
      },
      "prevAggregatedpersonaSummary": {
        "speaker1": [
          "나는 40대 남성이다.",
          "나는 중국계 무역 중소기업 사원이다.",
          "나는 중국어 전공이지만 중국어 공부에 관심이 없다.",
          "나는 tv시사프로그램을 좋아한다",
          "나는 판타지를 별로 안 좋아한다.",
          "나는 아메리카노와 초콜릿 케이크가 환상의 궁합 같다.",
          "나는 마카롱과 생크림은 먹지 않는다.",
          "나는 수플레 케이크나 브라이니를 좋아한다.",
          "나는 수플레 케이크는 비싸서 흠이라고 생각한다.",
          "나는 전자레인지로 해봐야겠다.",
          "나는 지금 가서 사 올 것이다.",
          "나는 지난번 브라우니가 맛있었다.",
          "나는 크림 류보다 밀가루 빵을 좋아한다.",
          "나는 겨울이라 붕어빵과 땅콩과자를 많이 먹는다.",
          "나는 호떡을 너무 좋아한다.",
          "나는 호떡이 4장에 천 원이던 시절을 안다.",
          "나는 어느 날부터 카페 가격이 밥값보다 더 나온다.",
          "나는 베이킹을 배우는 친구가 있다.",
          "나는 버터와 초콜릿이 비싸다고 들었다."
        ],
        "speaker2": [
          "나는 20대 여성이다",
          "나는 심리학을 전공하고 있다",
          "나는 진로문제로 고민이 많다\n나는 가족과 이야기를 많이 나눈다\n",
          "나는 판타지 영화를 싫어한다",
          "나는 아바타를 안 봤다",
          "나는 디저트를 좋아해서 맛있는 카페 찾는 걸 좋아한다",
          "나는 커피나 홍차만 있으면 마카롱을 몇 개나 먹을 수 있다",
          "나는 수플레 케이크를 많이 안 먹었어서 비싼 줄 몰랐다",
          "나는 오늘 디저트로 먹은 소금 빵이 맛있었다",
          "나는 주변에 붕어빵 파는 곳 아직 없다",
          "나는 꿀이 뜨거운 호떡을 더 좋아한다",
          "나는 베이킹을 배워볼까 생각한다"
        ]
      }
    }
  ]
}