{
  "FileInfo": {
    "filename": "K4-00588-CL03839-CP01766-17-13-S4.json",
    "sessionLevel": "4"
  },
  "participantsInfo": {
    "numberOfParticipants": "2",
    "speaker1": {
      "participantID": "25622",
      "gender": "여성",
      "age": "40대",
      "occupation": "서비스직",
      "bPlace": "부산/대구/울산/경상",
      "gPlace": "부산/대구/울산/경상",
      "rPlace": "부산/대구/울산/경상",
      "educationLevel": "고졸"
    },
    "speaker2": {
      "participantID": "25866",
      "gender": "여성",
      "age": "20대",
      "occupation": "학생",
      "bPlace": "광주/전라/제주",
      "gPlace": "광주/전라/제주",
      "rPlace": "광주/전라/제주",
      "educationLevel": "고졸"
    }
  },
  "multisessionInfo": {
    "multisessionID": "4-00588"
  },
  "personaInfo": {
    "clInfo": {
      "personaID": "03839",
      "personaFeatures": [
        "나는 여자이다.",
        "나는 40대이다.",
        "나는 친구가 많다.",
        "나는 비숑 두 마리를 키운다.",
        "나는 밤에 SNS를 한다."
      ],
      "speakerType": "speaker1"
    },
    "cpInfo": {
      "personaID": "01766",
      "personaFeatures": [
        "나는 여자이다.",
        "나는 20대이다.",
        "나의 거주지는 경기도이다.",
        "나는 초록색을 좋아한다.",
        "나는 미역국을 싫어한다."
      ],
      "speakerType": "speaker2"
    }
  },
  "topicInfo": {
    "topicID": "17-13",
    "topicType": "미용과 건강>건강",
    "topicTitle": "영양제"
  },
  "sessionInfo": [
    {
      "prevSessionID": null,
      "prevTimeInfo": {
        "timeNum": null,
        "timeUnit": null
      },
      "nthSession": "1",
      "numberOfUtterances": "16",
      "numberOfTurns": "8",
      "sessionID": "4-00588-1",
      "dialog": [
        {
          "speaker": "speaker1",
          "personaID": "03839",
          "participantID": "25622",
          "utterance": "안녕하세요^^저는 40대 여자입니다~",
          "summary": "나는 40대 여자이다.",
          "date": "2022-09-12",
          "time": "20:21:24",
          "terminate": "false"
        },
        {
          "speaker": "speaker2",
          "personaID": "01766",
          "participantID": "25866",
          "utterance": "안녕하세요 저는 20대 여자입니다^^ 만나서 반가워요.",
          "summary": "나는 20대 여자이다.",
          "date": "2022-09-12",
          "time": "20:20:55",
          "terminate": "false"
        },
        {
          "speaker": "speaker1",
          "personaID": "03839",
          "participantID": "25622",
          "utterance": "반갑습니다^^어디에 거주하고 계신분인가요?",
          "summary": "",
          "date": "2022-09-12",
          "time": "20:23:07",
          "terminate": "false"
        },
        {
          "speaker": "speaker2",
          "personaID": "01766",
          "participantID": "25866",
          "utterance": "저는 경기도 안양에 거주하고있어요! 선생님은요?",
          "summary": "나의 거주지는 경기도 안양이다.",
          "date": "2022-09-12",
          "time": "20:20:55",
          "terminate": "false"
        },
        {
          "speaker": "speaker1",
          "personaID": "03839",
          "participantID": "25622",
          "utterance": "저는 전라도 전주에 거주하고있습니다~",
          "summary": "나의 거주지는 전라도 전주이다.",
          "date": "2022-09-12",
          "time": "20:25:58",
          "terminate": "false"
        },
        {
          "speaker": "speaker2",
          "personaID": "01766",
          "participantID": "25866",
          "utterance": "아 그렇군요 꽤 멀리사시네요? 혹시 하는 일이 무엇인가요?",
          "summary": "",
          "date": "2022-09-12",
          "time": "20:20:55",
          "terminate": "false"
        },
        {
          "speaker": "speaker1",
          "personaID": "03839",
          "participantID": "25622",
          "utterance": "저는 광고회사 다니는 회사원이에요^^",
          "summary": "나는 회사원이다.",
          "date": "2022-09-12",
          "time": "20:26:45",
          "terminate": "false"
        },
        {
          "speaker": "speaker2",
          "personaID": "01766",
          "participantID": "25866",
          "utterance": "저는 연구원입니다! 녹십자에 다녀요^^",
          "summary": "나는 연구원이다. 나는 녹십자에 다닌다.",
          "date": "2022-09-12",
          "time": "20:20:55",
          "terminate": "false"
        },
        {
          "speaker": "speaker1",
          "personaID": "03839",
          "participantID": "25622",
          "utterance": "오~녹십자를 다니시는군요~제 지인도 녹십자 다니는데ㅎㅎ.",
          "summary": "나의 지인은 녹십자에 다닌다.",
          "date": "2022-09-12",
          "time": "20:27:55",
          "terminate": "false"
        },
        {
          "speaker": "speaker2",
          "personaID": "01766",
          "participantID": "25866",
          "utterance": "그래서그런지 건강에 좋은 초록색만 좋아하게 되더라구요~ 폰케이스도 초록색입니다^^",
          "summary": "나는 초록색을 좋아한다.",
          "date": "2022-09-12",
          "time": "20:20:55",
          "terminate": "false"
        },
        {
          "speaker": "speaker1",
          "personaID": "03839",
          "participantID": "25622",
          "utterance": "저는 카키색 좋아해요^^초록색이랑 조금 비슷한색ㅎㅎ아시죠?",
          "summary": "나는 카키색을 좋아한다.",
          "date": "2022-09-12",
          "time": "21:44:27",
          "terminate": "false"
        },
        {
          "speaker": "speaker2",
          "personaID": "01766",
          "participantID": "25866",
          "utterance": "아ㅎㅎ 당연히 알죠 비슷하네요^^ 지금 근무하고 계시나요?",
          "summary": "",
          "date": "2022-09-12",
          "time": "21:44:27",
          "terminate": "false"
        },
        {
          "speaker": "speaker1",
          "personaID": "03839",
          "participantID": "25622",
          "utterance": "그래서 저는 카키색 옷이 굉장히 많아요~ 네 근무중이에요~ 곧 회의 들어가야해서 준비하고있었습니다~",
          "summary": "나는 카키색 옷이 많다. 나는 회의 들어갈 준비를 하고 있다.",
          "date": "2022-09-12",
          "time": "21:44:27",
          "terminate": "false"
        },
        {
          "speaker": "speaker2",
          "personaID": "01766",
          "participantID": "25866",
          "utterance": "그렇군요! 바쁘실텐데 회의하고 연락주세요.",
          "summary": "",
          "date": "2022-09-12",
          "time": "21:45:02",
          "terminate": "false"
        },
        {
          "speaker": "speaker1",
          "personaID": "03839",
          "participantID": "25622",
          "utterance": "네~우선은 회의 다녀와서 다시 연락드릴게요^^",
          "summary": "",
          "date": "2022-09-12",
          "time": "21:44:54",
          "terminate": "false"
        },
        {
          "speaker": "speaker2",
          "personaID": "01766",
          "participantID": "25866",
          "utterance": "네네 천천히 다녀오세요 저도 업무하고 연락드릴게요.",
          "summary": "",
          "date": "2022-09-12",
          "time": "21:45:16",
          "terminate": "true"
        }
      ],
      "sessionPersonaSummary": {
        "speaker1": [
          "나는 40대 여자이다.",
          "나의 거주지는 전라도 전주이다.",
          "나는 회사원이다.",
          "나의 지인은 녹십자에 다닌다.",
          "나는 카키색을 좋아한다.",
          "나는 카키색 옷이 많다. 나는 회의 들어갈 준비를 하고 있다."
        ],
        "speaker2": [
          "나는 20대 여자이다.",
          "나의 거주지는 경기도 안양이다.",
          "나는 연구원이다. 나는 녹십자에 다닌다.",
          "나는 초록색을 좋아한다."
        ]
      },
      "prevAggregatedpersonaSummary": {
        "speaker1": [],
        "speaker2": []
      }
    },
    {
      "prevSessionID": "4-00588-1",
      "prevTimeInfo": {
        "timeNum": "1",
        "timeUnit": "시간"
      },
      "nthSession": "2",
      "numberOfUtterances": "16",
      "numberOfTurns": "8",
      "sessionID": "4-00588-2",
      "dialog": [
        {
          "speaker": "speaker1",
          "personaID": "03839",
          "participantID": "25622",
          "utterance": "회의가 길어져서 1시간이나 회의를 했네요~",
          "summary": "",
          "date": "2022-09-12",
          "time": "21:45:04",
          "terminate": "false"
        },
        {
          "speaker": "speaker2",
          "personaID": "01766",
          "participantID": "25866",
          "utterance": "아 회의는 잘 마무리되셨나요? 요즘 회사가 바쁜가봐요?",
          "summary": "",
          "date": "2022-09-12",
          "time": "21:45:49",
          "terminate": "false"
        },
        {
          "speaker": "speaker1",
          "personaID": "03839",
          "participantID": "25622",
          "utterance": "네 요즘 일이 너무 바쁘네요ㅠㅠ체력이 달리는게 느껴집니다..",
          "summary": "나는 요즘 체력이 달린다.",
          "date": "2022-09-12",
          "time": "21:45:57",
          "terminate": "false"
        },
        {
          "speaker": "speaker2",
          "personaID": "01766",
          "participantID": "25866",
          "utterance": "아이고 고생이시네요~ 선생님은 영양제같은거 챙겨드시나요?",
          "summary": "",
          "date": "2022-09-12",
          "time": "21:46:19",
          "terminate": "false"
        },
        {
          "speaker": "speaker1",
          "personaID": "03839",
          "participantID": "25622",
          "utterance": "저는 오메가쓰리만 챙겨먹고있는데 더 챙겨먹어야할 것같아요ㅠㅠ선생님도 드시는 영양제 있나요?",
          "summary": "나는 오메가쓰리를 챙겨 먹고 있다.",
          "date": "2022-09-12",
          "time": "21:46:31",
          "terminate": "false"
        },
        {
          "speaker": "speaker2",
          "personaID": "01766",
          "participantID": "25866",
          "utterance": "당연하죠! 요즘은 건강기능식품이 선택이아니고 필수입니다!",
          "summary": "",
          "date": "2022-09-12",
          "time": "21:46:55",
          "terminate": "false"
        },
        {
          "speaker": "speaker1",
          "personaID": "03839",
          "participantID": "25622",
          "utterance": "어떤 영양제를 챙겨 드시고 계신가요?",
          "summary": "",
          "date": "2022-09-12",
          "time": "21:47:11",
          "terminate": "false"
        },
        {
          "speaker": "speaker2",
          "personaID": "01766",
          "participantID": "25866",
          "utterance": "저는 비타민은 기본으로 먹고 마그네슘이랑 루텐인도 먹어요!",
          "summary": "나는 비타민, 마그네슘, 루테인을 챙겨 먹는다.",
          "date": "2022-09-12",
          "time": "21:47:51",
          "terminate": "false"
        },
        {
          "speaker": "speaker1",
          "personaID": "03839",
          "participantID": "25622",
          "utterance": "아 정말요? 영양제는 언제부터 챙겨드셨나요?",
          "summary": "",
          "date": "2022-09-12",
          "time": "21:48:08",
          "terminate": "false"
        },
        {
          "speaker": "speaker2",
          "personaID": "01766",
          "participantID": "25866",
          "utterance": "저는 회사에 입사하고나서 더 많이 챙겨먹는거같아요.",
          "summary": "나는 회사에 입사 한 뒤로 영양제를 더 챙겨 먹는다.",
          "date": "2022-09-12",
          "time": "21:48:16",
          "terminate": "false"
        },
        {
          "speaker": "speaker1",
          "personaID": "03839",
          "participantID": "25622",
          "utterance": "아그렇군요~ 저희 어머니도 요즘 관절이 안좋으셔서 관절팔팔 사드렸네요~ 하하.",
          "summary": "나는 어머니에게 관절 팔팔을 사드렸다.",
          "date": "2022-09-12",
          "time": "21:48:34",
          "terminate": "false"
        },
        {
          "speaker": "speaker2",
          "personaID": "01766",
          "participantID": "25866",
          "utterance": "관절에는 보스웰리아가 좋다고 하더라구요~ 저희 회사껀아니지만!",
          "summary": "",
          "date": "2022-09-12",
          "time": "21:48:53",
          "terminate": "false"
        },
        {
          "speaker": "speaker1",
          "personaID": "03839",
          "participantID": "25622",
          "utterance": "오 영양제를 잘 챙겨드시는 분이라그런지 잘 아시네요~",
          "summary": "",
          "date": "2022-09-12",
          "time": "21:49:04",
          "terminate": "false"
        },
        {
          "speaker": "speaker2",
          "personaID": "01766",
          "participantID": "25866",
          "utterance": "그러게요 저도 저절로알게 됐네요 하하.",
          "summary": "",
          "date": "2022-09-12",
          "time": "21:49:27",
          "terminate": "false"
        },
        {
          "speaker": "speaker1",
          "personaID": "03839",
          "participantID": "25622",
          "utterance": "가끔 영양제 필요한거 있으면 연락드릴게요^^~종종 정보공유하면서 대화나눠요~",
          "summary": "",
          "date": "2022-09-12",
          "time": "21:49:38",
          "terminate": "false"
        },
        {
          "speaker": "speaker2",
          "personaID": "01766",
          "participantID": "25866",
          "utterance": "네 언제든지 연락주세요! 알고있는건 다 알려드릴게요!",
          "summary": "",
          "date": "2022-09-12",
          "time": "21:49:54",
          "terminate": "true"
        }
      ],
      "sessionPersonaSummary": {
        "speaker1": [
          "나는 요즘 체력이 달린다.",
          "나는 오메가쓰리를 챙겨 먹고 있다.",
          "나는 어머니에게 관절 팔팔을 사드렸다."
        ],
        "speaker2": [
          "나는 비타민, 마그네슘, 루테인을 챙겨 먹는다.",
          "나는 회사에 입사 한 뒤로 영양제를 더 챙겨 먹는다."
        ]
      },
      "prevAggregatedpersonaSummary": {
        "speaker1": [
          "나는 40대 여자이다.",
          "나의 거주지는 전라도 전주이다.",
          "나는 회사원이다.",
          "나의 지인은 녹십자에 다닌다.",
          "나는 카키색을 좋아한다.",
          "나는 카키색 옷이 많다. 나는 회의 들어갈 준비를 하고 있다."
        ],
        "speaker2": [
          "나는 20대 여자이다.",
          "나의 거주지는 경기도 안양이다.",
          "나는 연구원이다. 나는 녹십자에 다닌다.",
          "나는 초록색을 좋아한다."
        ]
      }
    },
    {
      "prevSessionID": "4-00588-2",
      "prevTimeInfo": {
        "timeNum": "2",
        "timeUnit": "일"
      },
      "nthSession": "3",
      "numberOfUtterances": "16",
      "numberOfTurns": "8",
      "sessionID": "4-00588-3",
      "dialog": [
        {
          "speaker": "speaker1",
          "personaID": "03839",
          "participantID": "25622",
          "utterance": "2일만인가요? 잘지내셨죠? 요즘 친구들 약속이 많아서 바빴네요ㅠㅠ.",
          "summary": "",
          "date": "2022-09-12",
          "time": "21:49:59",
          "terminate": "false"
        },
        {
          "speaker": "speaker2",
          "personaID": "01766",
          "participantID": "25866",
          "utterance": "친구분들은 주부인가요? 아니면 다들 직장인이신가?",
          "summary": "",
          "date": "2022-09-12",
          "time": "21:50:16",
          "terminate": "false"
        },
        {
          "speaker": "speaker1",
          "personaID": "03839",
          "participantID": "25622",
          "utterance": "주부거든요~ 근데 고향친구들이 어쩌다보니 다 경기도로 이사를 와서 동네 친구가 많아졌네요^^",
          "summary": "나는 친구가 많다.",
          "date": "2022-09-12",
          "time": "21:50:30",
          "terminate": "false"
        },
        {
          "speaker": "speaker2",
          "personaID": "01766",
          "participantID": "25866",
          "utterance": "아 그렇군요 ~저는 어머니생신이여서 오랜만에 가족들이 모였네요.",
          "summary": "나의 어머니는 생일이었다.",
          "date": "2022-09-12",
          "time": "21:50:49",
          "terminate": "false"
        },
        {
          "speaker": "speaker1",
          "personaID": "03839",
          "participantID": "25622",
          "utterance": "오! 그러면 가족들끼리 좋은 시간 보내셨나요?",
          "summary": "",
          "date": "2022-09-12",
          "time": "21:51:06",
          "terminate": "false"
        },
        {
          "speaker": "speaker2",
          "personaID": "01766",
          "participantID": "25866",
          "utterance": "네^^ 오랜만에 봐서 좋았네요~ 근데 제가 미역국을 싫어해서 미역국은 못 끓여드렸네요.",
          "summary": "나는 미역국을 싫어한다.",
          "date": "2022-09-12",
          "time": "21:51:33",
          "terminate": "false"
        },
        {
          "speaker": "speaker1",
          "personaID": "03839",
          "participantID": "25622",
          "utterance": "미역국 싫어하기 힘든데ㅠㅠ 그럼 선생님은 보통 생일에는 뭘 드세요?",
          "summary": "",
          "date": "2022-09-12",
          "time": "21:51:36",
          "terminate": "false"
        },
        {
          "speaker": "speaker2",
          "personaID": "01766",
          "participantID": "25866",
          "utterance": "저는 그냥 소고기나 고기종류는 다 좋아해요^^",
          "summary": "나는 고기류는 좋아한다.",
          "date": "2022-09-12",
          "time": "21:51:59",
          "terminate": "false"
        },
        {
          "speaker": "speaker1",
          "personaID": "03839",
          "participantID": "25622",
          "utterance": "오~ 육식을 좋아하시는군요 저도 육식 좋아해요~",
          "summary": "나는 육식을 좋아한다.",
          "date": "2022-09-12",
          "time": "21:52:15",
          "terminate": "false"
        },
        {
          "speaker": "speaker2",
          "personaID": "01766",
          "participantID": "25866",
          "utterance": "하하 육식을 싫어하는 사람이 있을까요?^^",
          "summary": "",
          "date": "2022-09-12",
          "time": "21:52:30",
          "terminate": "false"
        },
        {
          "speaker": "speaker1",
          "personaID": "03839",
          "participantID": "25622",
          "utterance": "근데 혹시 선생님 SNS하시나요? 이나이에 SNS를 배워가지고~SNS하느라 늦게 자네요^^",
          "summary": "나는 밤에 SNS를 한다.",
          "date": "2022-09-12",
          "time": "21:52:31",
          "terminate": "false"
        },
        {
          "speaker": "speaker2",
          "personaID": "01766",
          "participantID": "25866",
          "utterance": "네! 저는 @브랜드명1@ 자주해요^^ 요즘 어른들도 많이 한다고하더라구요~",
          "summary": "나는 @브랜드명1@를 자주 한다.",
          "date": "2022-09-12",
          "time": "21:52:44",
          "terminate": "false"
        },
        {
          "speaker": "speaker1",
          "personaID": "03839",
          "participantID": "25622",
          "utterance": "젊은 분이라서 확실히 다르네요~ 근데 SNS가 이렇게 재밌는지 몰랐어요 푹 빠졌네요 하하..",
          "summary": "나는 SNS에 푹 빠졌다.",
          "date": "2022-09-12",
          "time": "21:52:46",
          "terminate": "false"
        },
        {
          "speaker": "speaker2",
          "personaID": "01766",
          "participantID": "25866",
          "utterance": "@브랜드명1@ 아이디는 길게 만들어야 간지나는거 아시죠?",
          "summary": "",
          "date": "2022-09-12",
          "time": "21:53:28",
          "terminate": "false"
        },
        {
          "speaker": "speaker1",
          "personaID": "03839",
          "participantID": "25622",
          "utterance": "아그런가요? 오늘 밤에는 아이디 연구를 해보고 자야겠네요^^",
          "summary": "",
          "date": "2022-09-12",
          "time": "21:53:39",
          "terminate": "false"
        },
        {
          "speaker": "speaker2",
          "personaID": "01766",
          "participantID": "25866",
          "utterance": "다음에 기회되면 서로 팔로우해요^^ 저는 피곤해서 먼저 자야겠어요!",
          "summary": "",
          "date": "2022-09-12",
          "time": "21:54:00",
          "terminate": "true"
        }
      ],
      "sessionPersonaSummary": {
        "speaker1": [
          "나는 친구가 많다.",
          "나는 육식을 좋아한다.",
          "나는 밤에 SNS를 한다.",
          "나는 SNS에 푹 빠졌다."
        ],
        "speaker2": [
          "나의 어머니는 생일이었다.",
          "나는 미역국을 싫어한다.",
          "나는 고기류는 좋아한다.",
          "나는 @브랜드명1@를 자주 한다."
        ]
      },
      "prevAggregatedpersonaSummary": {
        "speaker1": [
          "나는 40대 여자이다.",
          "나의 거주지는 전라도 전주이다.",
          "나는 회사원이다.",
          "나의 지인은 녹십자에 다닌다.",
          "나는 카키색을 좋아한다.",
          "나는 카키색 옷이 많다. 나는 회의 들어갈 준비를 하고 있다.",
          "나는 요즘 체력이 달린다.",
          "나는 오메가쓰리를 챙겨 먹고 있다.",
          "나는 어머니에게 관절 팔팔을 사드렸다."
        ],
        "speaker2": [
          "나는 20대 여자이다.",
          "나의 거주지는 경기도 안양이다.",
          "나는 연구원이다. 나는 녹십자에 다닌다.",
          "나는 초록색을 좋아한다.",
          "나는 비타민, 마그네슘, 루테인을 챙겨 먹는다.",
          "나는 회사에 입사 한 뒤로 영양제를 더 챙겨 먹는다."
        ]
      }
    },
    {
      "prevSessionID": "4-00588-3",
      "prevTimeInfo": {
        "timeNum": "1",
        "timeUnit": "일"
      },
      "nthSession": "4",
      "numberOfUtterances": "16",
      "numberOfTurns": "8",
      "sessionID": "4-00588-4",
      "dialog": [
        {
          "speaker": "speaker1",
          "personaID": "03839",
          "participantID": "25622",
          "utterance": "안녕하세요~ 어제는 잘 주무셨나요? 저는 꿈자리가 좋았어요ㅎㅎ.",
          "summary": "나는 어제 꿈자리가 좋았다.",
          "date": "2022-09-12",
          "time": "21:53:55",
          "terminate": "false"
        },
        {
          "speaker": "speaker2",
          "personaID": "01766",
          "participantID": "25866",
          "utterance": "네^^ 어떤꿈을 꾸셨길래 좋았나요? 궁금하네요!",
          "summary": "",
          "date": "2022-09-12",
          "time": "21:54:12",
          "terminate": "false"
        },
        {
          "speaker": "speaker1",
          "personaID": "03839",
          "participantID": "25622",
          "utterance": "돈벼락 맞는 꿈을 꿨지 뭐에요 @기타명1@를 살까봐요 앗.. 꿈 말하면 안되는데 큰일났네요.",
          "summary": "나는 돈벼락 맞는 꿈을 꿨다.",
          "date": "2022-09-12",
          "time": "21:54:32",
          "terminate": "false"
        },
        {
          "speaker": "speaker2",
          "personaID": "01766",
          "participantID": "25866",
          "utterance": "아하하하 이거 오후에 말하면 어차피 안사라져요 ^^",
          "summary": "",
          "date": "2022-09-12",
          "time": "21:54:50",
          "terminate": "false"
        },
        {
          "speaker": "speaker1",
          "personaID": "03839",
          "participantID": "25622",
          "utterance": "그러니까요..하하 근데 주말인데 일정있으신가요?",
          "summary": "",
          "date": "2022-09-12",
          "time": "21:55:01",
          "terminate": "false"
        },
        {
          "speaker": "speaker2",
          "personaID": "01766",
          "participantID": "25866",
          "utterance": "저는 오랜만에 공원에 자전거타러가랴구요^^",
          "summary": "나는 공원에 자전거 타러 간다.",
          "date": "2022-09-12",
          "time": "21:55:28",
          "terminate": "false"
        },
        {
          "speaker": "speaker1",
          "personaID": "03839",
          "participantID": "25622",
          "utterance": "저는 강아지 데리고 애견 카페를 다녀오려구요^^",
          "summary": "나는 강아지 데리고 애견 카페를 다녀올 예정이다.",
          "date": "2022-09-12",
          "time": "21:55:35",
          "terminate": "false"
        },
        {
          "speaker": "speaker2",
          "personaID": "01766",
          "participantID": "25866",
          "utterance": "오 강아지요키우시나요? 어떤 종류 키우시나요?",
          "summary": "",
          "date": "2022-09-12",
          "time": "21:56:00",
          "terminate": "false"
        },
        {
          "speaker": "speaker1",
          "personaID": "03839",
          "participantID": "25622",
          "utterance": "아 저는 비숑 두 마리 키우고있어요~ 선생님도 반려동물 키우시나요?",
          "summary": "나는 비숑 두 마리를 키운다.",
          "date": "2022-09-12",
          "time": "21:56:13",
          "terminate": "false"
        },
        {
          "speaker": "speaker2",
          "personaID": "01766",
          "participantID": "25866",
          "utterance": "저희집은 엄마가 깔끔한 스타일이여서 저 혼자 키우는 것도 벅차데요.",
          "summary": "나의 어머니는 깔끔한 스타일이시다.",
          "date": "2022-09-12",
          "time": "21:56:26",
          "terminate": "false"
        },
        {
          "speaker": "speaker1",
          "personaID": "03839",
          "participantID": "25622",
          "utterance": "아 개털 날리는 걸 힘들어하시는군요ㅠㅠ그럼 아예 반려동물은 안키워보셨나요?",
          "summary": "",
          "date": "2022-09-12",
          "time": "21:56:38",
          "terminate": "false"
        },
        {
          "speaker": "speaker2",
          "personaID": "01766",
          "participantID": "25866",
          "utterance": "네 안키워봤죠ㅠㅠ 그래서 저도 키우고 싶어서 @브랜드명2@로 감상해요..",
          "summary": "나는 @브랜드명2@로 강아지를 감상한다.",
          "date": "2022-09-12",
          "time": "21:56:50",
          "terminate": "false"
        },
        {
          "speaker": "speaker1",
          "personaID": "03839",
          "participantID": "25622",
          "utterance": "선생님은 특별히 좋아하는 견종이 있으신가요?",
          "summary": "",
          "date": "2022-09-12",
          "time": "21:57:24",
          "terminate": "false"
        },
        {
          "speaker": "speaker2",
          "personaID": "01766",
          "participantID": "25866",
          "utterance": "저는 닥스훈트 좋아해요! 다리도 짧은데 멋있잖아요!",
          "summary": "나는 닥스훈트를 좋아한다.",
          "date": "2022-09-12",
          "time": "21:57:46",
          "terminate": "false"
        },
        {
          "speaker": "speaker1",
          "personaID": "03839",
          "participantID": "25622",
          "utterance": "닥스훈트 멋있죠! 털도 고급지고 우선 저 외출 준비 좀 하고 올게요^^",
          "summary": "",
          "date": "2022-09-12",
          "time": "21:58:01",
          "terminate": "false"
        },
        {
          "speaker": "speaker2",
          "personaID": "01766",
          "participantID": "25866",
          "utterance": "네! 저도 자전거 끌고나와서~ 다음에 연락드릴게요!",
          "summary": "",
          "date": "2022-09-12",
          "time": "21:58:13",
          "terminate": "true"
        }
      ],
      "sessionPersonaSummary": {
        "speaker1": [
          "나는 어제 꿈자리가 좋았다.",
          "나는 돈벼락 맞는 꿈을 꿨다.",
          "나는 강아지 데리고 애견 카페를 다녀올 예정이다.",
          "나는 비숑 두 마리를 키운다."
        ],
        "speaker2": [
          "나는 공원에 자전거 타러 간다.",
          "나의 어머니는 깔끔한 스타일이시다.",
          "나는 @브랜드명2@로 강아지를 감상한다.",
          "나는 닥스훈트를 좋아한다."
        ]
      },
      "prevAggregatedpersonaSummary": {
        "speaker1": [
          "나는 40대 여자이다.",
          "나의 거주지는 전라도 전주이다.",
          "나는 회사원이다.",
          "나의 지인은 녹십자에 다닌다.",
          "나는 카키색을 좋아한다.",
          "나는 카키색 옷이 많다. 나는 회의 들어갈 준비를 하고 있다.",
          "나는 요즘 체력이 달린다.",
          "나는 오메가쓰리를 챙겨 먹고 있다.",
          "나는 어머니에게 관절 팔팔을 사드렸다.",
          "나는 친구가 많다.",
          "나는 육식을 좋아한다.",
          "나는 밤에 SNS를 한다.",
          "나는 SNS에 푹 빠졌다."
        ],
        "speaker2": [
          "나는 20대 여자이다.",
          "나의 거주지는 경기도 안양이다.",
          "나는 연구원이다. 나는 녹십자에 다닌다.",
          "나는 초록색을 좋아한다.",
          "나는 비타민, 마그네슘, 루테인을 챙겨 먹는다.",
          "나는 회사에 입사 한 뒤로 영양제를 더 챙겨 먹는다.",
          "나의 어머니는 생일이었다.",
          "나는 미역국을 싫어한다.",
          "나는 고기류는 좋아한다.",
          "나는 @브랜드명1@를 자주 한다."
        ]
      }
    }
  ]
}