{
  "FileInfo": {
    "filename": "K4-00471-CL51369-CP40923-02-06-S4.json",
    "sessionLevel": "4"
  },
  "participantsInfo": {
    "numberOfParticipants": "2",
    "speaker1": {
      "participantID": "3155",
      "gender": "여성",
      "age": "40대",
      "occupation": "주부",
      "bPlace": "서울/경기/인천",
      "gPlace": "서울/경기/인천",
      "rPlace": "대전/세종/충청/강원",
      "educationLevel": "대졸"
    },
    "speaker2": {
      "participantID": "3893",
      "gender": "남성",
      "age": "40대",
      "occupation": "사무직",
      "bPlace": "부산/대구/울산/경상",
      "gPlace": "서울/경기/인천",
      "rPlace": "서울/경기/인천",
      "educationLevel": "대졸"
    }
  },
  "multisessionInfo": {
    "multisessionID": "4-00471"
  },
  "personaInfo": {
    "clInfo": {
      "personaID": "51369",
      "personaFeatures": [
        "나는 여자이다.",
        "나는 50대이다.",
        "나의 거주지는 익산이다",
        "나는 해외 주식에 관심이 많다",
        "나는 홍시를 좋아한다"
      ],
      "speakerType": "speaker1"
    },
    "cpInfo": {
      "personaID": "40923",
      "personaFeatures": [
        "나는 남자이다.",
        "나는 40대이다.",
        "나는 아나운서이다",
        "나는 흐린 날을 싫어한다",
        "나는 블루베리를 좋아한다"
      ],
      "speakerType": "speaker2"
    }
  },
  "topicInfo": {
    "topicID": "02-06",
    "topicType": "주거와 생활",
    "topicTitle": "이사"
  },
  "sessionInfo": [
    {
      "prevSessionID": null,
      "prevTimeInfo": {
        "timeNum": null,
        "timeUnit": null
      },
      "nthSession": "1",
      "numberOfUtterances": "14",
      "numberOfTurns": "7",
      "sessionID": "4-00471-1",
      "dialog": [
        {
          "speaker": "speaker1",
          "personaID": "51369",
          "participantID": "3155",
          "utterance": "안녕하세요~ 저는 익산에 거주하는 50대 여성입니다",
          "summary": "나는 익산에 사는 50대 여성이다",
          "date": "2022-10-26",
          "time": "09:48:44",
          "terminate": "false"
        },
        {
          "speaker": "speaker2",
          "personaID": "40923",
          "participantID": "3893",
          "utterance": "안녕하세요, 40대 남성입니다.",
          "summary": "나는 40대 남성이다",
          "date": "2022-10-26",
          "time": "09:49:28",
          "terminate": "false"
        },
        {
          "speaker": "speaker1",
          "personaID": "51369",
          "participantID": "3155",
          "utterance": "네~ 반갑습니다~ 저는 해외주식에 관심이 많은데 주식하시나요?",
          "summary": "나는 해외주식에 관심이 많다",
          "date": "2022-10-26",
          "time": "09:51:55",
          "terminate": "false"
        },
        {
          "speaker": "speaker2",
          "personaID": "40923",
          "participantID": "3893",
          "utterance": "네.. 저는 국내 주식을 주고 하고 있습니다.",
          "summary": "나는 주로 국내 주식을 한다",
          "date": "2022-10-26",
          "time": "09:52:23",
          "terminate": "false"
        },
        {
          "speaker": "speaker1",
          "personaID": "51369",
          "participantID": "3155",
          "utterance": "아 그러시군요~^^ 좋아하시는 과일은 있으신가요?",
          "summary": "",
          "date": "2022-10-26",
          "time": "09:55:10",
          "terminate": "false"
        },
        {
          "speaker": "speaker2",
          "personaID": "40923",
          "participantID": "3893",
          "utterance": "네.. 저는 블루베리를 좋아합니다. 좋아하는 과일 있으세요?",
          "summary": "나는 블루베리를 좋아한다",
          "date": "2022-10-26",
          "time": "09:57:29",
          "terminate": "false"
        },
        {
          "speaker": "speaker1",
          "personaID": "51369",
          "participantID": "3155",
          "utterance": " 저는 과일중에 말랑한 홍시를 가장 좋아한답니다",
          "summary": "나는 홍시를 좋아한다",
          "date": "2022-10-26",
          "time": "10:02:21",
          "terminate": "false"
        },
        {
          "speaker": "speaker2",
          "personaID": "40923",
          "participantID": "3893",
          "utterance": "홍시 제철이지요.. 저는 흐린날을 싫어합니다.  요즘같이 하늘이 높고 맑은 날을 좋하합니다.   어떤 날씨를 좋아하세요?",
          "summary": "나는 흐린 날을 싫어하고 하늘이 높고 맑은 날을 좋아한다",
          "date": "2022-10-26",
          "time": "10:04:16",
          "terminate": "false"
        },
        {
          "speaker": "speaker1",
          "personaID": "51369",
          "participantID": "3155",
          "utterance": "저는 겨울을 좋아해요~ 더운 것 보다는 추운게 낫더라고요ㅋ",
          "summary": "나는 겨울을 좋아한다",
          "date": "2022-10-26",
          "time": "10:08:47",
          "terminate": "false"
        },
        {
          "speaker": "speaker2",
          "personaID": "40923",
          "participantID": "3893",
          "utterance": "아 저랑 반대시네요.. 전 더운건 참겠는데.. 추운건 싫어요.. ㅎ  저는 경기도 사는데 어디사세요?",
          "summary": "나는 경기도에 산다",
          "date": "2022-10-26",
          "time": "10:12:00",
          "terminate": "false"
        },
        {
          "speaker": "speaker1",
          "personaID": "51369",
          "participantID": "3155",
          "utterance": "저는 익산에 살고 있어요~^^",
          "summary": "나는 익산에 산다",
          "date": "2022-10-26",
          "time": "10:16:34",
          "terminate": "false"
        },
        {
          "speaker": "speaker2",
          "personaID": "40923",
          "participantID": "3893",
          "utterance": "직업도 안물어봤네요. 전 아나운서입니다. 무슨일 하세요?",
          "summary": "나의 직업은 아나운서이다",
          "date": "2022-10-26",
          "time": "10:17:32",
          "terminate": "false"
        },
        {
          "speaker": "speaker1",
          "personaID": "51369",
          "participantID": "3155",
          "utterance": "저는 집에서 주식을 하고 있어요ㅋ아나운서라니 목소리가 멋지실 듯 싶네요~ 친구가 갑자기 찾아왔네요 나중에 대화해도 될까요?",
          "summary": "나는 집에서 주식을 한다",
          "date": "2022-10-26",
          "time": "10:19:11",
          "terminate": "false"
        },
        {
          "speaker": "speaker2",
          "personaID": "40923",
          "participantID": "3893",
          "utterance": "네.. 저도 일이 있어 잠시 비워야 될것 같습니다. ",
          "summary": "",
          "date": "2022-10-26",
          "time": "10:20:17",
          "terminate": "true"
        }
      ],
      "sessionPersonaSummary": {
        "speaker1": [
          "나는 익산에 사는 50대 여성이다",
          "나는 해외주식에 관심이 많다",
          "나는 홍시를 좋아한다",
          "나는 겨울을 좋아한다",
          "나는 익산에 산다",
          "나는 집에서 주식을 한다"
        ],
        "speaker2": [
          "나는 40대 남성이다",
          "나는 주로 국내 주식을 한다",
          "나는 블루베리를 좋아한다",
          "나는 흐린 날을 싫어하고 하늘이 높고 맑은 날을 좋아한다",
          "나는 경기도에 산다",
          "나의 직업은 아나운서이다"
        ]
      },
      "prevAggregatedpersonaSummary": {
        "speaker1": [],
        "speaker2": []
      }
    },
    {
      "prevSessionID": "4-00471-1",
      "prevTimeInfo": {
        "timeNum": "39",
        "timeUnit": "시간"
      },
      "nthSession": "2",
      "numberOfUtterances": "14",
      "numberOfTurns": "7",
      "sessionID": "4-00471-2",
      "dialog": [
        {
          "speaker": "speaker1",
          "personaID": "51369",
          "participantID": "3155",
          "utterance": "39시간만에 뵙네요~ 별일 없으신가요?",
          "summary": "",
          "date": "2022-10-26",
          "time": "10:26:46",
          "terminate": "false"
        },
        {
          "speaker": "speaker2",
          "personaID": "40923",
          "participantID": "3893",
          "utterance": "벌써 39시간이 지났군요..전 요즘 이사 계획이 있어서 좀 바쁘게 지냈습니다. 별일 없으셨나요?",
          "summary": "나는 요즘 이사계획이 있어 바쁘게 지냈다",
          "date": "2022-10-26",
          "time": "10:29:53",
          "terminate": "false"
        },
        {
          "speaker": "speaker1",
          "personaID": "51369",
          "participantID": "3155",
          "utterance": "어디로 이사가세요? 경기도 사신다고 하셨는데 타지역으로 가시나요?",
          "summary": "",
          "date": "2022-10-26",
          "time": "10:31:25",
          "terminate": "false"
        },
        {
          "speaker": "speaker2",
          "personaID": "40923",
          "participantID": "3893",
          "utterance": "네.. 서울살다와서 다시 서울로 갑니다.  이사계획은 없으시죠?",
          "summary": "나는 서울에서 살다와서 다시 서울로 이사를 간다",
          "date": "2022-10-26",
          "time": "10:33:14",
          "terminate": "false"
        },
        {
          "speaker": "speaker1",
          "personaID": "51369",
          "participantID": "3155",
          "utterance": "서울로 다시 가시는군요 저 이사계획 있어요 아파트 청약되서 2025년에 간답니다~^^",
          "summary": "나는 아파트 청약되어 2025년 이사 간다",
          "date": "2022-10-26",
          "time": "10:35:07",
          "terminate": "false"
        },
        {
          "speaker": "speaker2",
          "personaID": "40923",
          "participantID": "3893",
          "utterance": "정말요? 너무 축하드립니다. 그런 좋은일을 묻기전에 알려주셔야죠.. ㅎㅎ   입주할때까지 너무 설례시겠어요?",
          "summary": "",
          "date": "2022-10-26",
          "time": "10:37:04",
          "terminate": "false"
        },
        {
          "speaker": "speaker1",
          "personaID": "51369",
          "participantID": "3155",
          "utterance": "신랑이 말도없이 청약 넣었는데 덜컥되서 너무 깜짝놀랐어요ㅋ 네~ 저 아파트는 처음 살아봐서 설레네요",
          "summary": "나는 신랑이 말없이 청약 넣어 당첨돼 놀랐다",
          "date": "2022-10-26",
          "time": "10:38:14",
          "terminate": "false"
        },
        {
          "speaker": "speaker2",
          "personaID": "40923",
          "participantID": "3893",
          "utterance": "와 그러시군요.. 그럼 계속 주택에 사신거예요? 저는 너무 오래 아파트에만 살다보니 주택이 그립네요. 마당도 있으신가요?",
          "summary": "나는 너무 오래 아파트에 살다 보니 주택이 그립다",
          "date": "2022-10-26",
          "time": "10:42:07",
          "terminate": "false"
        },
        {
          "speaker": "speaker1",
          "personaID": "51369",
          "participantID": "3155",
          "utterance": "어릴땐 주택에 살았고 지금은 빌라에 거주하고 있어서 아파트에 대한 로망이 있어요ㅋ",
          "summary": "나는 아파트에 대한 로망이 있다",
          "date": "2022-10-26",
          "time": "10:44:07",
          "terminate": "false"
        },
        {
          "speaker": "speaker2",
          "personaID": "40923",
          "participantID": "3893",
          "utterance": "그러시군요.. 저는 마당있는집에 조그마하게 텃밭도 가꾸고 과일나무도 심고 살고 있네요.. ",
          "summary": "나는 마당 있는 집에 조그맣게 텃밭도 가꾸고 과일나무도 심고 산다",
          "date": "2022-10-26",
          "time": "10:48:33",
          "terminate": "false"
        },
        {
          "speaker": "speaker1",
          "personaID": "51369",
          "participantID": "3155",
          "utterance": "와 너무 좋으시겠어요~ 텃밭에 과일 나무라니.. 무슨 과일 키우세요?",
          "summary": "",
          "date": "2022-10-26",
          "time": "11:36:31",
          "terminate": "false"
        },
        {
          "speaker": "speaker2",
          "personaID": "40923",
          "participantID": "3893",
          "utterance": "아.. ㅎㅎ 오타네요.. 살고 있는게 아니라 살고 싶어요.. 전 감나무 대추나무 앵두나무 과일은 다 좋아서 자리만 되면 다 심고 싶어요..",
          "summary": "나는 감 대추 앵두나무 등 과일은 다 좋아서 다 심고 싶다",
          "date": "2022-10-26",
          "time": "13:21:04",
          "terminate": "false"
        },
        {
          "speaker": "speaker1",
          "personaID": "51369",
          "participantID": "3155",
          "utterance": "아~ ㅋ 저희 시댁에 시할아버지께서 살아계실때 감나무를 키우셨는데 감이 참 맛있었는데 너무 아쉬워요 이제는 없거든요",
          "summary": "나는 시할아버지께서 감나무를 키우셨는데 감이 맛있었다",
          "date": "2022-10-26",
          "time": "13:21:59",
          "terminate": "false"
        },
        {
          "speaker": "speaker2",
          "personaID": "40923",
          "participantID": "3893",
          "utterance": "저 잠시 자리좀 비워도 될까요~~",
          "summary": "",
          "date": "2022-10-26",
          "time": "13:42:00",
          "terminate": "true"
        }
      ],
      "sessionPersonaSummary": {
        "speaker1": [
          "나는 아파트 청약되어 2025년 이사 간다",
          "나는 신랑이 말없이 청약 넣어 당첨돼 놀랐다",
          "나는 아파트에 대한 로망이 있다",
          "나는 시할아버지께서 감나무를 키우셨는데 감이 맛있었다"
        ],
        "speaker2": [
          "나는 요즘 이사계획이 있어 바쁘게 지냈다",
          "나는 서울에서 살다와서 다시 서울로 이사를 간다",
          "나는 너무 오래 아파트에 살다 보니 주택이 그립다",
          "나는 마당 있는 집에 조그맣게 텃밭도 가꾸고 과일나무도 심고 산다",
          "나는 감 대추 앵두나무 등 과일은 다 좋아서 다 심고 싶다"
        ]
      },
      "prevAggregatedpersonaSummary": {
        "speaker1": [
          "나는 익산에 사는 50대 여성이다",
          "나는 해외주식에 관심이 많다",
          "나는 홍시를 좋아한다",
          "나는 겨울을 좋아한다",
          "나는 익산에 산다",
          "나는 집에서 주식을 한다"
        ],
        "speaker2": [
          "나는 40대 남성이다",
          "나는 주로 국내 주식을 한다",
          "나는 블루베리를 좋아한다",
          "나는 흐린 날을 싫어하고 하늘이 높고 맑은 날을 좋아한다",
          "나는 경기도에 산다",
          "나의 직업은 아나운서이다"
        ]
      }
    },
    {
      "prevSessionID": "4-00471-2",
      "prevTimeInfo": {
        "timeNum": "5",
        "timeUnit": "일"
      },
      "nthSession": "3",
      "numberOfUtterances": "14",
      "numberOfTurns": "7",
      "sessionID": "4-00471-3",
      "dialog": [
        {
          "speaker": "speaker1",
          "personaID": "51369",
          "participantID": "3155",
          "utterance": "안녕하셨어요~ 5일만에 또 뵙네요~",
          "summary": "",
          "date": "2022-10-26",
          "time": "19:54:51",
          "terminate": "false"
        },
        {
          "speaker": "speaker2",
          "personaID": "40923",
          "participantID": "3893",
          "utterance": "벌써 5일이 지났꾼요..저는 곧 이사라 짐 정리로 바빴습니다.",
          "summary": "나는 이삿짐 정리로 바빴다",
          "date": "2022-10-26",
          "time": "20:09:33",
          "terminate": "false"
        },
        {
          "speaker": "speaker1",
          "personaID": "51369",
          "participantID": "3155",
          "utterance": "서울로 다시 입성하시는 기분은 어떠신가요? ^^",
          "summary": "",
          "date": "2022-10-26",
          "time": "20:10:09",
          "terminate": "false"
        },
        {
          "speaker": "speaker2",
          "personaID": "40923",
          "participantID": "3893",
          "utterance": "지금 사는곳에 적응해 잘 사는데.. 다시 가서 적응하려니 좀 귀찮네요.. 전  이동보다 안정적인걸 좋아하거든요..  지금 사는곳도만족하거든요.. 이사하고 싶은 생각은 없으세요?",
          "summary": "나는 이동보다 안정적인걸 좋아하고 지금 사는 곤에 만족하고 있어서 새로운 곳에 적응하려니 귀찮다",
          "date": "2022-10-26",
          "time": "20:13:13",
          "terminate": "false"
        },
        {
          "speaker": "speaker1",
          "personaID": "51369",
          "participantID": "3155",
          "utterance": "저야 뭐 25년에는 이사를 가야하니까요~ 그전에 집주인분께서 나가라는 말씀을 안하길 기도하고 있습니다 하하",
          "summary": "나는 25년 이사를 가야 한다",
          "date": "2022-10-26",
          "time": "20:18:23",
          "terminate": "false"
        },
        {
          "speaker": "speaker2",
          "personaID": "40923",
          "participantID": "3893",
          "utterance": "이사를 하려니 알아볼께. 너무 많네요? 이사는 많이 해 보셨어요?",
          "summary": "나는 이사준비로 알아볼게 너무 많다\n나는 당신이 이사를 많이 해보았는지 궁금하다",
          "date": "2022-10-27",
          "time": "08:43:26",
          "terminate": "false"
        },
        {
          "speaker": "speaker1",
          "personaID": "51369",
          "participantID": "3155",
          "utterance": "저는 어릴 때 이사 두 번 정도 한 거 같아요 결혼해서는 한번도 안해봐서 이사가는게 엄두가 안나네요",
          "summary": "나는 어릴 때 이사 두 번 정도 한 것 같다 결혼해서는 이사를 안 해봐 엄두가 안 난다",
          "date": "2022-10-27",
          "time": "13:21:03",
          "terminate": "false"
        },
        {
          "speaker": "speaker2",
          "personaID": "40923",
          "participantID": "3893",
          "utterance": "이사는 몇번해봤는데.. 할때마다 챙길게 너무 많습니다. 젤 먼저 이삿짐센터부터 알아봐야되는것 같아요.. ",
          "summary": "나는 이사할 때마다 챙길게 너무 많고 이삿짐센터를 알아보는 것이 우선이다",
          "date": "2022-10-27",
          "time": "17:11:06",
          "terminate": "false"
        },
        {
          "speaker": "speaker1",
          "personaID": "51369",
          "participantID": "3155",
          "utterance": "저는 벌써부터 입주 청소 걱정하고 있어요~",
          "summary": "나는 벌써부터 입주 청소가 걱정이다",
          "date": "2022-10-27",
          "time": "21:16:37",
          "terminate": "false"
        },
        {
          "speaker": "speaker2",
          "personaID": "40923",
          "participantID": "3893",
          "utterance": "요즘 입주 청소는 업체를 잘 알아보고 골라야 합니다. 대충하고 가는 곳들도 많다고 ",
          "summary": "나는 입주청소는 대충하고 가는 곳이 많아 업체를 잘 골라야 한다고 알고 있디",
          "date": "2022-10-28",
          "time": "12:23:19",
          "terminate": "false"
        },
        {
          "speaker": "speaker1",
          "personaID": "51369",
          "participantID": "3155",
          "utterance": "그래요? 아.. 잘 알아봐야겠네요 아니면 그날 같이 계속 제가 지켜보는것도 괜찮을 것 같네요",
          "summary": "나는 입주청소 시 계속 지켜봐야겠다",
          "date": "2022-10-28",
          "time": "15:04:45",
          "terminate": "false"
        },
        {
          "speaker": "speaker2",
          "personaID": "40923",
          "participantID": "3893",
          "utterance": "맞아요.. 그냥 하라고 놔두면 엉망으로하고가서 가서 하는걸 지켜봐야된다하네요.. 보통 집에서는 뭐하며 지내세요?",
          "summary": "나는 입주청소는 그냥 하라고 놔두면 엉망으로 하기 때문에 지켜봐야 한다고 들었다",
          "date": "2022-10-28",
          "time": "17:18:22",
          "terminate": "false"
        },
        {
          "speaker": "speaker1",
          "personaID": "51369",
          "participantID": "3155",
          "utterance": "아이가 있어서 늦은 나이에 육아를 하고있어요~ 아휴 지금도 난리를 쳐놨네요 정리좀 하고 뵈요~",
          "summary": "나는 아이가 있어 늦은 나이에 육아를 하고 있다",
          "date": "2022-10-28",
          "time": "18:19:51",
          "terminate": "false"
        },
        {
          "speaker": "speaker2",
          "personaID": "40923",
          "participantID": "3893",
          "utterance": "네에 저도 일이 있어서 담음에 또 되요",
          "summary": "",
          "date": "2022-10-28",
          "time": "19:41:48",
          "terminate": "true"
        }
      ],
      "sessionPersonaSummary": {
        "speaker1": [
          "나는 25년 이사를 가야 한다",
          "나는 어릴 때 이사 두 번 정도 한 것 같다 결혼해서는 이사를 안 해봐 엄두가 안 난다",
          "나는 벌써부터 입주 청소가 걱정이다",
          "나는 입주청소 시 계속 지켜봐야겠다",
          "나는 아이가 있어 늦은 나이에 육아를 하고 있다"
        ],
        "speaker2": [
          "나는 이삿짐 정리로 바빴다",
          "나는 이동보다 안정적인걸 좋아하고 지금 사는 곤에 만족하고 있어서 새로운 곳에 적응하려니 귀찮다",
          "나는 이사준비로 알아볼게 너무 많다\n나는 당신이 이사를 많이 해보았는지 궁금하다",
          "나는 이사할 때마다 챙길게 너무 많고 이삿짐센터를 알아보는 것이 우선이다",
          "나는 입주청소는 대충하고 가는 곳이 많아 업체를 잘 골라야 한다고 알고 있디",
          "나는 입주청소는 그냥 하라고 놔두면 엉망으로 하기 때문에 지켜봐야 한다고 들었다"
        ]
      },
      "prevAggregatedpersonaSummary": {
        "speaker1": [
          "나는 익산에 사는 50대 여성이다",
          "나는 해외주식에 관심이 많다",
          "나는 홍시를 좋아한다",
          "나는 겨울을 좋아한다",
          "나는 익산에 산다",
          "나는 집에서 주식을 한다",
          "나는 아파트 청약되어 2025년 이사 간다",
          "나는 신랑이 말없이 청약 넣어 당첨돼 놀랐다",
          "나는 아파트에 대한 로망이 있다",
          "나는 시할아버지께서 감나무를 키우셨는데 감이 맛있었다"
        ],
        "speaker2": [
          "나는 40대 남성이다",
          "나는 주로 국내 주식을 한다",
          "나는 블루베리를 좋아한다",
          "나는 흐린 날을 싫어하고 하늘이 높고 맑은 날을 좋아한다",
          "나는 경기도에 산다",
          "나의 직업은 아나운서이다",
          "나는 요즘 이사계획이 있어 바쁘게 지냈다",
          "나는 서울에서 살다와서 다시 서울로 이사를 간다",
          "나는 너무 오래 아파트에 살다 보니 주택이 그립다",
          "나는 마당 있는 집에 조그맣게 텃밭도 가꾸고 과일나무도 심고 산다",
          "나는 감 대추 앵두나무 등 과일은 다 좋아서 다 심고 싶다"
        ]
      }
    },
    {
      "prevSessionID": "4-00471-3",
      "prevTimeInfo": {
        "timeNum": "7",
        "timeUnit": "일"
      },
      "nthSession": "4",
      "numberOfUtterances": "14",
      "numberOfTurns": "7",
      "sessionID": "4-00471-4",
      "dialog": [
        {
          "speaker": "speaker1",
          "personaID": "51369",
          "participantID": "3155",
          "utterance": "@이름@님 일주일동안 잘 지냈셨나요~?",
          "summary": "",
          "date": "2022-10-31",
          "time": "00:15:14",
          "terminate": "false"
        },
        {
          "speaker": "speaker2",
          "personaID": "40923",
          "participantID": "3893",
          "utterance": "네 저는 주말에 이사를 했습니다. 새집이라 기분이 좋습니다.",
          "summary": "나는 주말에 이사를 했고 새집이라 기분이 좋다",
          "date": "2022-10-31",
          "time": "19:00:58",
          "terminate": "false"
        },
        {
          "speaker": "speaker1",
          "personaID": "51369",
          "participantID": "3155",
          "utterance": "와 너무 좋으시겠네요~~ 새집에서 좋은 꿈은 꾸셨나요?",
          "summary": "",
          "date": "2022-11-01",
          "time": "00:42:07",
          "terminate": "false"
        },
        {
          "speaker": "speaker2",
          "personaID": "40923",
          "participantID": "3893",
          "utterance": "짐 정리하는라 너무 피곤해서 꿈은 못꿨습니다. 세를 주려고 작은평수를 분양받았다가 살게되니 집이 좀 좁긴한데.. 이번기회에 강제 미니멀라이프 삶을 살게 됐습니다.",
          "summary": "나는 짐을 정리하느라 너무 피곤해서 꿈은 못 꾸었다\n나는 세를 주려고 작은 평수를 분양 받았다가 살게 되었다\n나는 집이 좁아 이번에 강제 미니멀라이프의 삶을 살게 되었다",
          "date": "2022-11-01",
          "time": "09:54:53",
          "terminate": "false"
        },
        {
          "speaker": "speaker1",
          "personaID": "51369",
          "participantID": "3155",
          "utterance": "큰집에서 작은집으로 이사가면 불편하다고 하던데 큰 결심을 하셨네요~",
          "summary": "나는 큰집에서 작은집으로 이사 가면 불편하다",
          "date": "2022-11-02",
          "time": "12:58:22",
          "terminate": "false"
        },
        {
          "speaker": "speaker2",
          "personaID": "40923",
          "participantID": "3893",
          "utterance": "네 어쩔수 없는 상황이어서 그래도 이사하면서 불필요한 것들을 정리할수있어 좋은계기가 된것 같습니다.",
          "summary": "나는 이사하면서 불필요한 것들을 정리할 수 있어 좋은 계기가 된 것 같다",
          "date": "2022-11-02",
          "time": "14:06:12",
          "terminate": "false"
        },
        {
          "speaker": "speaker1",
          "personaID": "51369",
          "participantID": "3155",
          "utterance": "긍정적이셔서 다행이네요~ 저도 미니멀라이프를 꿈꾸는데 자꾸 이것저것 사게되네요",
          "summary": "나는 미니멀 라이프를 꿈꾼다",
          "date": "2022-11-02",
          "time": "15:24:53",
          "terminate": "false"
        },
        {
          "speaker": "speaker2",
          "personaID": "40923",
          "participantID": "3893",
          "utterance": "저도 전에 살던곳은 집이 넓으니 불필요한걸 자꾸 사서 짐이 계속 늘었던것 같아요.. 이제는 한번씩 생각하고 사기로 했습니다. ",
          "summary": "나는 전에 살던 집이 넓어 불필요한 걸 자꾸 사서 짐을 계속 늘렸던 것 같아 이제는 한번 생각하고 사기로 했다",
          "date": "2022-11-02",
          "time": "15:37:04",
          "terminate": "false"
        },
        {
          "speaker": "speaker1",
          "personaID": "51369",
          "participantID": "3155",
          "utterance": "저도 @이름@님 처럼 물건 구매전에 고민을 많이 해보고 사야겠어요~",
          "summary": "나는 물건을 구매 전 고민을 해봐야겠다",
          "date": "2022-11-02",
          "time": "16:41:30",
          "terminate": "false"
        },
        {
          "speaker": "speaker2",
          "personaID": "40923",
          "participantID": "3893",
          "utterance": "이사를 하고나니 주변에서 집들이를 하라고해서 저는 요즘 집들이 준비를 하고 있습니다. ",
          "summary": "나는 주변에서 집들이를 하라고 해서 요즘 집들이 준비를 하고 있다",
          "date": "2022-11-02",
          "time": "17:02:03",
          "terminate": "false"
        },
        {
          "speaker": "speaker1",
          "personaID": "51369",
          "participantID": "3155",
          "utterance": "아~집들이 하셔야겠네요~ 주변분들이 축하를 많이 해주시나보네요 ^^ 좋으시겠어요",
          "summary": "",
          "date": "2022-11-02",
          "time": "19:30:18",
          "terminate": "false"
        },
        {
          "speaker": "speaker2",
          "personaID": "40923",
          "participantID": "3893",
          "utterance": "네 집들이 준비로 집도 꾸미고 있고 음식준비를 어떻게 해야 고민입니다.",
          "summary": "나는 집들이 준비로 집도 꾸미고 있고 음식 준비를 어떻게 해야 하나 고민이다",
          "date": "2022-11-03",
          "time": "09:58:06",
          "terminate": "false"
        },
        {
          "speaker": "speaker1",
          "personaID": "51369",
          "participantID": "3155",
          "utterance": "그러시겠네요~ 좋은 분들과 좋은 집들이 되셨으면 좋겠네요 ^^ 저는 잠시 외출할께요 다음에 기회되면 또 뵈요~",
          "summary": "나는 좋은 분들과 좋은 집들이 되셨으면 좋겠다",
          "date": "2022-11-03",
          "time": "15:29:53",
          "terminate": "false"
        },
        {
          "speaker": "speaker2",
          "personaID": "40923",
          "participantID": "3893",
          "utterance": "네 저도 준비하러 나가봐야겠습니다.",
          "summary": "",
          "date": "2022-11-03",
          "time": "15:47:53",
          "terminate": "true"
        }
      ],
      "sessionPersonaSummary": {
        "speaker1": [
          "나는 큰집에서 작은집으로 이사 가면 불편하다",
          "나는 미니멀 라이프를 꿈꾼다",
          "나는 물건을 구매 전 고민을 해봐야겠다",
          "나는 좋은 분들과 좋은 집들이 되셨으면 좋겠다"
        ],
        "speaker2": [
          "나는 주말에 이사를 했고 새집이라 기분이 좋다",
          "나는 짐을 정리하느라 너무 피곤해서 꿈은 못 꾸었다\n나는 세를 주려고 작은 평수를 분양 받았다가 살게 되었다\n나는 집이 좁아 이번에 강제 미니멀라이프의 삶을 살게 되었다",
          "나는 이사하면서 불필요한 것들을 정리할 수 있어 좋은 계기가 된 것 같다",
          "나는 전에 살던 집이 넓어 불필요한 걸 자꾸 사서 짐을 계속 늘렸던 것 같아 이제는 한번 생각하고 사기로 했다",
          "나는 주변에서 집들이를 하라고 해서 요즘 집들이 준비를 하고 있다",
          "나는 집들이 준비로 집도 꾸미고 있고 음식 준비를 어떻게 해야 하나 고민이다"
        ]
      },
      "prevAggregatedpersonaSummary": {
        "speaker1": [
          "나는 익산에 사는 50대 여성이다",
          "나는 해외주식에 관심이 많다",
          "나는 홍시를 좋아한다",
          "나는 겨울을 좋아한다",
          "나는 익산에 산다",
          "나는 집에서 주식을 한다",
          "나는 아파트 청약되어 2025년 이사 간다",
          "나는 신랑이 말없이 청약 넣어 당첨돼 놀랐다",
          "나는 아파트에 대한 로망이 있다",
          "나는 시할아버지께서 감나무를 키우셨는데 감이 맛있었다",
          "나는 25년 이사를 가야 한다",
          "나는 어릴 때 이사 두 번 정도 한 것 같다 결혼해서는 이사를 안 해봐 엄두가 안 난다",
          "나는 벌써부터 입주 청소가 걱정이다",
          "나는 입주청소 시 계속 지켜봐야겠다",
          "나는 아이가 있어 늦은 나이에 육아를 하고 있다"
        ],
        "speaker2": [
          "나는 40대 남성이다",
          "나는 주로 국내 주식을 한다",
          "나는 블루베리를 좋아한다",
          "나는 흐린 날을 싫어하고 하늘이 높고 맑은 날을 좋아한다",
          "나는 경기도에 산다",
          "나의 직업은 아나운서이다",
          "나는 요즘 이사계획이 있어 바쁘게 지냈다",
          "나는 서울에서 살다와서 다시 서울로 이사를 간다",
          "나는 너무 오래 아파트에 살다 보니 주택이 그립다",
          "나는 마당 있는 집에 조그맣게 텃밭도 가꾸고 과일나무도 심고 산다",
          "나는 감 대추 앵두나무 등 과일은 다 좋아서 다 심고 싶다",
          "나는 이삿짐 정리로 바빴다",
          "나는 이동보다 안정적인걸 좋아하고 지금 사는 곤에 만족하고 있어서 새로운 곳에 적응하려니 귀찮다",
          "나는 이사준비로 알아볼게 너무 많다\n나는 당신이 이사를 많이 해보았는지 궁금하다",
          "나는 이사할 때마다 챙길게 너무 많고 이삿짐센터를 알아보는 것이 우선이다",
          "나는 입주청소는 대충하고 가는 곳이 많아 업체를 잘 골라야 한다고 알고 있디",
          "나는 입주청소는 그냥 하라고 놔두면 엉망으로 하기 때문에 지켜봐야 한다고 들었다"
        ]
      }
    }
  ]
}