{
  "FileInfo": {
    "filename": "K4-00496-CL04799-CP22151-06-01-S4.json",
    "sessionLevel": "4"
  },
  "participantsInfo": {
    "numberOfParticipants": "2",
    "speaker1": {
      "participantID": "0644",
      "gender": "여성",
      "age": "50대",
      "occupation": "주부",
      "bPlace": "서울/경기/인천",
      "gPlace": "서울/경기/인천",
      "rPlace": "서울/경기/인천",
      "educationLevel": "고졸"
    },
    "speaker2": {
      "participantID": "0539",
      "gender": "여성",
      "age": "20대",
      "occupation": "서비스직",
      "bPlace": "부산/대구/울산/경상",
      "gPlace": "부산/대구/울산/경상",
      "rPlace": "부산/대구/울산/경상",
      "educationLevel": "대졸"
    }
  },
  "multisessionInfo": {
    "multisessionID": "4-00496"
  },
  "personaInfo": {
    "clInfo": {
      "personaID": "04799",
      "personaFeatures": [
        "나는 여자이다.",
        "나는 50대이다.",
        "나는 연인이 없지만 신경 쓰지 않는다.",
        "나는 드럼 연주를 자주 한다.",
        "나는 토마토 스파게티를 안 먹는다."
      ],
      "speakerType": "speaker1"
    },
    "cpInfo": {
      "personaID": "22151",
      "personaFeatures": [
        "나는 여자이다.",
        "나는 20대이다.",
        "나는 다소 부정적이다.",
        "나는 화분에 물을 주는 것을 좋아한다.",
        "나는 전쟁 영화를 싫어한다."
      ],
      "speakerType": "speaker2"
    }
  },
  "topicInfo": {
    "topicID": "06-01",
    "topicType": "교육",
    "topicTitle": "선생님"
  },
  "sessionInfo": [
    {
      "prevSessionID": null,
      "prevTimeInfo": {
        "timeNum": null,
        "timeUnit": null
      },
      "nthSession": "1",
      "numberOfUtterances": "16",
      "numberOfTurns": "8",
      "sessionID": "4-00496-1",
      "dialog": [
        {
          "speaker": "speaker1",
          "personaID": "04799",
          "participantID": "0644",
          "utterance": "안녕하세요. 저는 50대 여자입니다.ㅎㅎ.",
          "summary": "나는 50대 여자다.",
          "date": "2022-10-12",
          "time": "23:03:18",
          "terminate": "false"
        },
        {
          "speaker": "speaker2",
          "personaID": "22151",
          "participantID": "0539",
          "utterance": "안녕하세요 저는 20대 여자입니다 반가워요^^",
          "summary": "나는 20대 여자이다.",
          "date": "2022-10-12",
          "time": "23:03:23",
          "terminate": "false"
        },
        {
          "speaker": "speaker1",
          "personaID": "04799",
          "participantID": "0644",
          "utterance": "반갑습니다! 저는 지금 스트레스 받아서 드럼 두들기고 있어요~~ 뭐하세요?",
          "summary": "",
          "date": "2022-10-12",
          "time": "23:03:41",
          "terminate": "false"
        },
        {
          "speaker": "speaker2",
          "personaID": "22151",
          "participantID": "0539",
          "utterance": "앗정말요? 저요즘 다소 부정적인데 드럼두들기면 좀나아질까요?",
          "summary": "나는 다소 부정적이다.",
          "date": "2022-10-12",
          "time": "23:04:10",
          "terminate": "false"
        },
        {
          "speaker": "speaker1",
          "personaID": "04799",
          "participantID": "0644",
          "utterance": "네!! 그거 스트레스 풀려요! 그래서 저도 자주 연주하면서 풀곤해요^^ 추천입니다~~",
          "summary": "나는 드럼 연주를 자주 한다.",
          "date": "2022-10-12",
          "time": "23:04:26",
          "terminate": "false"
        },
        {
          "speaker": "speaker2",
          "personaID": "22151",
          "participantID": "0539",
          "utterance": "정말요? 드럼배우는거 어렵지않나요? 저도 한번 도전해볼까봐요~",
          "summary": "",
          "date": "2022-10-12",
          "time": "23:04:51",
          "terminate": "false"
        },
        {
          "speaker": "speaker1",
          "personaID": "04799",
          "participantID": "0644",
          "utterance": "어려워서 더 배울만해요! 남들이 쉽게 못하는걸 할 줄 안다는게 더 좋지 않나요?",
          "summary": "",
          "date": "2022-10-12",
          "time": "23:05:10",
          "terminate": "false"
        },
        {
          "speaker": "speaker2",
          "personaID": "22151",
          "participantID": "0539",
          "utterance": "맞아요 엄청 자신감도 상승할거같아요^^",
          "summary": "",
          "date": "2022-10-12",
          "time": "23:05:26",
          "terminate": "false"
        },
        {
          "speaker": "speaker1",
          "personaID": "04799",
          "participantID": "0644",
          "utterance": "그렇습니다!!ㅎㅎ 평소나 요즘 스트레스 없으세요?",
          "summary": "",
          "date": "2022-10-12",
          "time": "23:05:37",
          "terminate": "false"
        },
        {
          "speaker": "speaker2",
          "personaID": "22151",
          "participantID": "0539",
          "utterance": "회사 관두고나니 스트레스가 사라졌네요^^ 퇴사가 답인가봐요~",
          "summary": "나는 퇴사를 하고 스트레스가 사라졌다.",
          "date": "2022-10-12",
          "time": "23:05:59",
          "terminate": "false"
        },
        {
          "speaker": "speaker1",
          "personaID": "04799",
          "participantID": "0644",
          "utterance": "오~~ 그렇군요! 그럼 지금은 따로 하시는 일 없으세요?",
          "summary": "",
          "date": "2022-10-12",
          "time": "23:06:11",
          "terminate": "false"
        },
        {
          "speaker": "speaker2",
          "personaID": "22151",
          "participantID": "0539",
          "utterance": "네! 지금은 화분키워서 물주는일말고는 없어요^^",
          "summary": "나는 화분에 물을 주는 것을 좋아한다.",
          "date": "2022-10-12",
          "time": "23:06:28",
          "terminate": "false"
        },
        {
          "speaker": "speaker1",
          "personaID": "04799",
          "participantID": "0644",
          "utterance": "아~~ 화분 키우면 정서에 안정되죠?ㅎㅎㅎ.",
          "summary": "",
          "date": "2022-10-12",
          "time": "23:06:39",
          "terminate": "false"
        },
        {
          "speaker": "speaker2",
          "personaID": "22151",
          "participantID": "0539",
          "utterance": "네! 요즘 요양하는 기분이들어요^^ 선생님은 스트레스 많이받으세요?",
          "summary": "",
          "date": "2022-10-12",
          "time": "23:06:49",
          "terminate": "false"
        },
        {
          "speaker": "speaker1",
          "personaID": "04799",
          "participantID": "0644",
          "utterance": "사실 제가 연인이 없는게 스트레스거든요.... 신경쓰진 않아도 좀 그래서 화분 키워볼까요??",
          "summary": "나는 연인이 없지만 신경 쓰지 않는다.",
          "date": "2022-10-12",
          "time": "23:07:09",
          "terminate": "false"
        },
        {
          "speaker": "speaker2",
          "personaID": "22151",
          "participantID": "0539",
          "utterance": "네 좋을거같아요! 좋아하는 식물있으세요? 저 화분물좀주고올게요^^",
          "summary": "",
          "date": "2022-10-12",
          "time": "23:07:31",
          "terminate": "true"
        }
      ],
      "sessionPersonaSummary": {
        "speaker1": [
          "나는 50대 여자다.",
          "나는 드럼 연주를 자주 한다.",
          "나는 연인이 없지만 신경 쓰지 않는다."
        ],
        "speaker2": [
          "나는 20대 여자이다.",
          "나는 다소 부정적이다.",
          "나는 퇴사를 하고 스트레스가 사라졌다.",
          "나는 화분에 물을 주는 것을 좋아한다."
        ]
      },
      "prevAggregatedpersonaSummary": {
        "speaker1": [],
        "speaker2": []
      }
    },
    {
      "prevSessionID": "4-00496-1",
      "prevTimeInfo": {
        "timeNum": "1",
        "timeUnit": "일"
      },
      "nthSession": "2",
      "numberOfUtterances": "16",
      "numberOfTurns": "8",
      "sessionID": "4-00496-2",
      "dialog": [
        {
          "speaker": "speaker1",
          "personaID": "04799",
          "participantID": "0644",
          "utterance": "좋은 아침입니다~ 어제 드럼을 너무 많이했더니 팔이 쑤셔서 일찍 잠들었어요~",
          "summary": "나는 어제 일찍 잠들었다.",
          "date": "2022-10-12",
          "time": "23:07:49",
          "terminate": "false"
        },
        {
          "speaker": "speaker2",
          "personaID": "22151",
          "participantID": "0539",
          "utterance": "앗정말요? 저도 집근처로 학원알아봤어요^^",
          "summary": "",
          "date": "2022-10-12",
          "time": "23:08:09",
          "terminate": "false"
        },
        {
          "speaker": "speaker1",
          "personaID": "04799",
          "participantID": "0644",
          "utterance": "오! 정말요? 선생님 그럼 곧 배우시는 거예요?",
          "summary": "",
          "date": "2022-10-12",
          "time": "23:08:16",
          "terminate": "false"
        },
        {
          "speaker": "speaker2",
          "personaID": "22151",
          "participantID": "0539",
          "utterance": "오늘 드럼학원처음가는날인데! 선생님이 정말 너무 잘생기셨어요!",
          "summary": "나의 드럼 선생님은 잘생겼다.",
          "date": "2022-10-12",
          "time": "23:08:27",
          "terminate": "false"
        },
        {
          "speaker": "speaker1",
          "personaID": "04799",
          "participantID": "0644",
          "utterance": "우와........ 최고네요! 그 선생님은 솔로시래요?",
          "summary": "",
          "date": "2022-10-12",
          "time": "23:08:36",
          "terminate": "false"
        },
        {
          "speaker": "speaker2",
          "personaID": "22151",
          "participantID": "0539",
          "utterance": "아직거기까지는 안물어봤는데 오늘 한번 물어볼까봐요^^",
          "summary": "",
          "date": "2022-10-12",
          "time": "23:08:53",
          "terminate": "false"
        },
        {
          "speaker": "speaker1",
          "personaID": "04799",
          "participantID": "0644",
          "utterance": "크~~ 설레겠어요!! 20대이신데 그 선생님은 몇살 같아 보여요?",
          "summary": "",
          "date": "2022-10-12",
          "time": "23:09:04",
          "terminate": "false"
        },
        {
          "speaker": "speaker2",
          "personaID": "22151",
          "participantID": "0539",
          "utterance": "또래같아보였는데 제가 올해 연애운이 있다고 그랫거든요?",
          "summary": "나는 올해 연애운이 있다.",
          "date": "2022-10-12",
          "time": "23:09:23",
          "terminate": "false"
        },
        {
          "speaker": "speaker1",
          "personaID": "04799",
          "participantID": "0644",
          "utterance": "오~~ 딱이네요^^ 제 드럼 선생님은 60대셨는데 너무 비교 되는거 아니에요?",
          "summary": "나의 드럼 선생님은 60대였다.",
          "date": "2022-10-12",
          "time": "23:09:28",
          "terminate": "false"
        },
        {
          "speaker": "speaker2",
          "personaID": "22151",
          "participantID": "0539",
          "utterance": "혹시 제 남자친구일까요? 하하 앗선생님 50대면 별로 차이안나는거 아닌가요?",
          "summary": "",
          "date": "2022-10-12",
          "time": "23:09:44",
          "terminate": "false"
        },
        {
          "speaker": "speaker1",
          "personaID": "04799",
          "participantID": "0644",
          "utterance": "50대 여자도 젊은 남자가 좋답니다~~ 하하^^!!!!!!!!!!!!!",
          "summary": "",
          "date": "2022-10-12",
          "time": "23:10:01",
          "terminate": "false"
        },
        {
          "speaker": "speaker2",
          "personaID": "22151",
          "participantID": "0539",
          "utterance": "60대 오빠는 별로인가요?.......혹시 대머리독수리인가요?",
          "summary": "",
          "date": "2022-10-12",
          "time": "23:10:05",
          "terminate": "false"
        },
        {
          "speaker": "speaker1",
          "personaID": "04799",
          "participantID": "0644",
          "utterance": "흰머리독수리나 대머리독수리예요...ㅎㅎ 드럼은 일주일에 몇번 배우세요?",
          "summary": "",
          "date": "2022-10-12",
          "time": "23:10:19",
          "terminate": "false"
        },
        {
          "speaker": "speaker2",
          "personaID": "22151",
          "participantID": "0539",
          "utterance": "아이고...저는 원래 일주일에 두번가는거였는데 선생님때문에 매일다닐까봐요!",
          "summary": "나는 학원을 매일 다닐까 고민 중이다.",
          "date": "2022-10-12",
          "time": "23:10:42",
          "terminate": "false"
        },
        {
          "speaker": "speaker1",
          "personaID": "04799",
          "participantID": "0644",
          "utterance": "에이~~ 그럼 지쳐요! 살짝 아쉬움이 있어야 더 좋지 않겠어요?",
          "summary": "",
          "date": "2022-10-12",
          "time": "23:10:56",
          "terminate": "false"
        },
        {
          "speaker": "speaker2",
          "personaID": "22151",
          "participantID": "0539",
          "utterance": "앗저 그럼 드럼수업받고오겠습니다^^ 이따가 연락드릴게요~",
          "summary": "",
          "date": "2022-10-12",
          "time": "23:10:58",
          "terminate": "true"
        }
      ],
      "sessionPersonaSummary": {
        "speaker1": [
          "나는 어제 일찍 잠들었다.",
          "나의 드럼 선생님은 60대였다."
        ],
        "speaker2": [
          "나의 드럼 선생님은 잘생겼다.",
          "나는 올해 연애운이 있다.",
          "나는 학원을 매일 다닐까 고민 중이다."
        ]
      },
      "prevAggregatedpersonaSummary": {
        "speaker1": [
          "나는 50대 여자다.",
          "나는 드럼 연주를 자주 한다.",
          "나는 연인이 없지만 신경 쓰지 않는다."
        ],
        "speaker2": [
          "나는 20대 여자이다.",
          "나는 다소 부정적이다.",
          "나는 퇴사를 하고 스트레스가 사라졌다.",
          "나는 화분에 물을 주는 것을 좋아한다."
        ]
      }
    },
    {
      "prevSessionID": "4-00496-2",
      "prevTimeInfo": {
        "timeNum": "2",
        "timeUnit": "주"
      },
      "nthSession": "3",
      "numberOfUtterances": "16",
      "numberOfTurns": "8",
      "sessionID": "4-00496-3",
      "dialog": [
        {
          "speaker": "speaker1",
          "personaID": "04799",
          "participantID": "0644",
          "utterance": "드럼 연주 잘하고 있나요? 이제 2주 지났으니 실력도 늘었나요?",
          "summary": "",
          "date": "2022-10-12",
          "time": "23:11:11",
          "terminate": "false"
        },
        {
          "speaker": "speaker2",
          "personaID": "22151",
          "participantID": "0539",
          "utterance": "네 선생님 저 곧잘하는거같아요! 가요로 연주해요^^",
          "summary": "나는 드럼을 가요로 연주한다.",
          "date": "2022-10-12",
          "time": "23:11:42",
          "terminate": "false"
        },
        {
          "speaker": "speaker1",
          "personaID": "04799",
          "participantID": "0644",
          "utterance": "오!! 역시 젊어서 금방금방 배우는군요? ㅎㅎ.",
          "summary": "",
          "date": "2022-10-12",
          "time": "23:11:52",
          "terminate": "false"
        },
        {
          "speaker": "speaker2",
          "personaID": "22151",
          "participantID": "0539",
          "utterance": "네 진짜 너무 재밌는거같아요^^",
          "summary": "",
          "date": "2022-10-12",
          "time": "23:12:05",
          "terminate": "false"
        },
        {
          "speaker": "speaker1",
          "personaID": "04799",
          "participantID": "0644",
          "utterance": "그때 말한 그 선생님이랑 썸은 타요?ㅎㅎ 궁금하네요!",
          "summary": "",
          "date": "2022-10-12",
          "time": "23:12:10",
          "terminate": "false"
        },
        {
          "speaker": "speaker2",
          "personaID": "22151",
          "participantID": "0539",
          "utterance": "아니요 드럼선생님 유부남이셨더라구요^^ 하하.",
          "summary": "나의 드런선생님은 유부남이다.",
          "date": "2022-10-12",
          "time": "23:12:23",
          "terminate": "false"
        },
        {
          "speaker": "speaker1",
          "personaID": "04799",
          "participantID": "0644",
          "utterance": "어머.......... 넘지 못할 선생님이었네요! 괜찮으시죠..?",
          "summary": "",
          "date": "2022-10-12",
          "time": "23:12:34",
          "terminate": "false"
        },
        {
          "speaker": "speaker2",
          "personaID": "22151",
          "participantID": "0539",
          "utterance": "그럼요 또 제가 포기도 빨라요^^",
          "summary": "",
          "date": "2022-10-12",
          "time": "23:12:48",
          "terminate": "false"
        },
        {
          "speaker": "speaker1",
          "personaID": "04799",
          "participantID": "0644",
          "utterance": "잘하셨어요! 남자는 많으니까요~~ 전 사실 오늘 생일이에요! 축하해주세요!",
          "summary": "나는 오늘 생일이다.",
          "date": "2022-10-12",
          "time": "23:12:48",
          "terminate": "false"
        },
        {
          "speaker": "speaker2",
          "personaID": "22151",
          "participantID": "0539",
          "utterance": "앗진짜요? 생일축하드려요! 오늘 뭐하실건가요?",
          "summary": "",
          "date": "2022-10-12",
          "time": "23:13:00",
          "terminate": "false"
        },
        {
          "speaker": "speaker1",
          "personaID": "04799",
          "participantID": "0644",
          "utterance": "저 뭐 없어요!! 계속 들어오는 생일 기프티콘들 구경 중이에요~~^^",
          "summary": "",
          "date": "2022-10-12",
          "time": "23:13:15",
          "terminate": "false"
        },
        {
          "speaker": "speaker2",
          "personaID": "22151",
          "participantID": "0539",
          "utterance": "오 선물많이 받으셨나봐요^^ 제일 좋은기프티콘 선물은 뭔가요?",
          "summary": "",
          "date": "2022-10-12",
          "time": "23:13:42",
          "terminate": "false"
        },
        {
          "speaker": "speaker1",
          "personaID": "04799",
          "participantID": "0644",
          "utterance": "다 좋은데~ 그 중에 토마토 스파게티를 안 먹는데 그것도 들어왔네요! 이거 환불하면 들키나요?",
          "summary": "나는 토마토 스파게티를 안 먹는다.",
          "date": "2022-10-12",
          "time": "23:13:55",
          "terminate": "false"
        },
        {
          "speaker": "speaker2",
          "personaID": "22151",
          "participantID": "0539",
          "utterance": "아마 안들킬걸요? 근데 아마기간이 지나야 환불가능할거예요!",
          "summary": "",
          "date": "2022-10-12",
          "time": "23:14:16",
          "terminate": "false"
        },
        {
          "speaker": "speaker1",
          "personaID": "04799",
          "participantID": "0644",
          "utterance": "아!! 그럼 나중에 진행해야겠어요! 쉿 비밀이에요~~ㅎㅎ.",
          "summary": "",
          "date": "2022-10-12",
          "time": "23:14:27",
          "terminate": "false"
        },
        {
          "speaker": "speaker2",
          "personaID": "22151",
          "participantID": "0539",
          "utterance": "알겠습니다! 그럼 저도 밥좀먹고올게요^^",
          "summary": "",
          "date": "2022-10-12",
          "time": "23:14:41",
          "terminate": "true"
        }
      ],
      "sessionPersonaSummary": {
        "speaker1": [
          "나는 오늘 생일이다.",
          "나는 토마토 스파게티를 안 먹는다."
        ],
        "speaker2": [
          "나는 드럼을 가요로 연주한다.",
          "나의 드런선생님은 유부남이다."
        ]
      },
      "prevAggregatedpersonaSummary": {
        "speaker1": [
          "나는 50대 여자다.",
          "나는 드럼 연주를 자주 한다.",
          "나는 연인이 없지만 신경 쓰지 않는다.",
          "나는 어제 일찍 잠들었다.",
          "나의 드럼 선생님은 60대였다."
        ],
        "speaker2": [
          "나는 20대 여자이다.",
          "나는 다소 부정적이다.",
          "나는 퇴사를 하고 스트레스가 사라졌다.",
          "나는 화분에 물을 주는 것을 좋아한다.",
          "나의 드럼 선생님은 잘생겼다.",
          "나는 올해 연애운이 있다.",
          "나는 학원을 매일 다닐까 고민 중이다."
        ]
      }
    },
    {
      "prevSessionID": "4-00496-3",
      "prevTimeInfo": {
        "timeNum": "1",
        "timeUnit": "일"
      },
      "nthSession": "4",
      "numberOfUtterances": "16",
      "numberOfTurns": "8",
      "sessionID": "4-00496-4",
      "dialog": [
        {
          "speaker": "speaker1",
          "personaID": "04799",
          "participantID": "0644",
          "utterance": "어제 아무것도 안했지만 나름의 즐거운 생일을 보냈어요! 오늘도 드럼해요?",
          "summary": "",
          "date": "2022-10-12",
          "time": "23:14:45",
          "terminate": "false"
        },
        {
          "speaker": "speaker2",
          "personaID": "22151",
          "participantID": "0539",
          "utterance": "아니요 오늘은 저 약속있어서 드럼학원못가요!",
          "summary": "나는 오늘 약속이 있다.",
          "date": "2022-10-12",
          "time": "23:15:04",
          "terminate": "false"
        },
        {
          "speaker": "speaker1",
          "personaID": "04799",
          "participantID": "0644",
          "utterance": "아~~ 그래요? 오늘은 무슨 약속인가요?ㅎㅎ.",
          "summary": "",
          "date": "2022-10-12",
          "time": "23:15:10",
          "terminate": "false"
        },
        {
          "speaker": "speaker2",
          "personaID": "22151",
          "participantID": "0539",
          "utterance": "오늘 스승의날이라 고등학교 선생님 만나러 가야하거든요!",
          "summary": "나는 오늘 고등학교 선생님은 만나러 갈 것이다.",
          "date": "2022-10-12",
          "time": "23:15:25",
          "terminate": "false"
        },
        {
          "speaker": "speaker1",
          "personaID": "04799",
          "participantID": "0644",
          "utterance": "오~~ 그렇군요! 지금 있는 곳에서 멀리가요?ㅎㅎㅎ.",
          "summary": "",
          "date": "2022-10-12",
          "time": "23:15:32",
          "terminate": "false"
        },
        {
          "speaker": "speaker2",
          "personaID": "22151",
          "participantID": "0539",
          "utterance": "아니요! 차타고 십분이면가요^^",
          "summary": "",
          "date": "2022-10-12",
          "time": "23:16:09",
          "terminate": "false"
        },
        {
          "speaker": "speaker1",
          "personaID": "04799",
          "participantID": "0644",
          "utterance": "오!! 가깝고 좋네요~~ 그럼 스승의날 말고도 선생님 찾아뵈러 자주 가요?",
          "summary": "",
          "date": "2022-10-12",
          "time": "23:16:17",
          "terminate": "false"
        },
        {
          "speaker": "speaker2",
          "personaID": "22151",
          "participantID": "0539",
          "utterance": "아니요~ 바빠서 자주는못가요! 선생님뵙고 친구랑 영화보러가려구요^^",
          "summary": "나는 친구랑 영화를 보러 갈 것이다.",
          "date": "2022-10-12",
          "time": "23:17:01",
          "terminate": "false"
        },
        {
          "speaker": "speaker1",
          "personaID": "04799",
          "participantID": "0644",
          "utterance": "크~ 오늘 바쁜 하루겠군요? 영화는 뭐보게요?ㅎㅎ.",
          "summary": "",
          "date": "2022-10-12",
          "time": "23:17:09",
          "terminate": "false"
        },
        {
          "speaker": "speaker2",
          "personaID": "22151",
          "participantID": "0539",
          "utterance": "전쟁영화만아니면 될거같아요! 전쟁영화를 싫어하거든요^^",
          "summary": "나는 전쟁 영화를 싫어한다.",
          "date": "2022-10-12",
          "time": "23:17:26",
          "terminate": "false"
        },
        {
          "speaker": "speaker1",
          "personaID": "04799",
          "participantID": "0644",
          "utterance": "아~~ 저도 그런 장르는 별로예요! 최애영화는 뭐에요?",
          "summary": "",
          "date": "2022-10-12",
          "time": "23:17:42",
          "terminate": "false"
        },
        {
          "speaker": "speaker2",
          "personaID": "22151",
          "participantID": "0539",
          "utterance": "저는 무조건 코미디영화요^^ 선생님은 어떤장르 좋아하세요?",
          "summary": "",
          "date": "2022-10-12",
          "time": "23:18:04",
          "terminate": "false"
        },
        {
          "speaker": "speaker1",
          "personaID": "04799",
          "participantID": "0644",
          "utterance": "저는 영화 중에서 '동갑내기 과외하기'를 좋아해요! 명대사 아시죠?",
          "summary": "나는 는 영화 중에서 '동갑내기 과외하기'를 좋아한다.",
          "date": "2022-10-12",
          "time": "23:18:11",
          "terminate": "false"
        },
        {
          "speaker": "speaker2",
          "personaID": "22151",
          "participantID": "0539",
          "utterance": "너는 학생이고 나는 선생이야! 이거 맞죠? 하하.",
          "summary": "",
          "date": "2022-10-12",
          "time": "23:18:31",
          "terminate": "false"
        },
        {
          "speaker": "speaker1",
          "personaID": "04799",
          "participantID": "0644",
          "utterance": "네!! 그건 지금 생각해도 넘 웃겨용 ㅎㅎㅎ!!",
          "summary": "",
          "date": "2022-10-12",
          "time": "23:18:41",
          "terminate": "false"
        },
        {
          "speaker": "speaker2",
          "personaID": "22151",
          "participantID": "0539",
          "utterance": "오랜만이네요! 간만에 옛날 영화나 다시볼까봐요! 그럼 다음에 또 연락해요^^",
          "summary": "",
          "date": "2022-10-12",
          "time": "23:18:51",
          "terminate": "true"
        }
      ],
      "sessionPersonaSummary": {
        "speaker1": [
          "나는 는 영화 중에서 '동갑내기 과외하기'를 좋아한다."
        ],
        "speaker2": [
          "나는 오늘 약속이 있다.",
          "나는 오늘 고등학교 선생님은 만나러 갈 것이다.",
          "나는 친구랑 영화를 보러 갈 것이다.",
          "나는 전쟁 영화를 싫어한다."
        ]
      },
      "prevAggregatedpersonaSummary": {
        "speaker1": [
          "나는 50대 여자다.",
          "나는 드럼 연주를 자주 한다.",
          "나는 연인이 없지만 신경 쓰지 않는다.",
          "나는 어제 일찍 잠들었다.",
          "나의 드럼 선생님은 60대였다.",
          "나는 오늘 생일이다.",
          "나는 토마토 스파게티를 안 먹는다."
        ],
        "speaker2": [
          "나는 20대 여자이다.",
          "나는 다소 부정적이다.",
          "나는 퇴사를 하고 스트레스가 사라졌다.",
          "나는 화분에 물을 주는 것을 좋아한다.",
          "나의 드럼 선생님은 잘생겼다.",
          "나는 올해 연애운이 있다.",
          "나는 학원을 매일 다닐까 고민 중이다.",
          "나는 드럼을 가요로 연주한다.",
          "나의 드런선생님은 유부남이다."
        ]
      }
    }
  ]
}