{
  "FileInfo": {
    "filename": "K4-00384-CL31679-CP42047-18-03-S4.json",
    "sessionLevel": "4"
  },
  "participantsInfo": {
    "numberOfParticipants": "2",
    "speaker1": {
      "participantID": "3492",
      "gender": "여성",
      "age": "40대",
      "occupation": "기타",
      "bPlace": "광주/전라/제주",
      "gPlace": "광주/전라/제주",
      "rPlace": "광주/전라/제주",
      "educationLevel": "대졸"
    },
    "speaker2": {
      "participantID": "5942",
      "gender": "여성",
      "age": "40대",
      "occupation": "사무직",
      "bPlace": "서울/경기/인천",
      "gPlace": "서울/경기/인천",
      "rPlace": "서울/경기/인천",
      "educationLevel": "대졸"
    }
  },
  "multisessionInfo": {
    "multisessionID": "4-00384"
  },
  "personaInfo": {
    "clInfo": {
      "personaID": "31679",
      "personaFeatures": [
        "나는 여자이다.",
        "나는 30대이다.",
        "나는 국어교육과를 전공했다",
        "나는 가끔 느긋해진다",
        "나는 김치찌개를 좋아한다"
      ],
      "speakerType": "speaker1"
    },
    "cpInfo": {
      "personaID": "42047",
      "personaFeatures": [
        "나는 여자이다.",
        "나는 40대이다.",
        "나는 물건을 자주 잃어버린다",
        "나는 골프를 자주 친다",
        "나는 TV 애니메이션을 좋아한다"
      ],
      "speakerType": "speaker2"
    }
  },
  "topicInfo": {
    "topicID": "18-03",
    "topicType": "상거래 전반",
    "topicTitle": "인터넷쇼핑"
  },
  "sessionInfo": [
    {
      "prevSessionID": null,
      "prevTimeInfo": {
        "timeNum": null,
        "timeUnit": null
      },
      "nthSession": "1",
      "numberOfUtterances": "15",
      "numberOfTurns": "7",
      "sessionID": "4-00384-1",
      "dialog": [
        {
          "speaker": "speaker1",
          "personaID": "31679",
          "participantID": "3492",
          "utterance": "안녕하세요 저는 30대 여성이에요",
          "summary": "나는 30대 여성이다",
          "date": "2022-10-18",
          "time": "20:50:26",
          "terminate": "false"
        },
        {
          "speaker": "speaker2",
          "personaID": "42047",
          "participantID": "5942",
          "utterance": "안녕하세요 저는 40대 여성입니다",
          "summary": "나는 40대 여성이다",
          "date": "2022-10-18",
          "time": "20:52:01",
          "terminate": "false"
        },
        {
          "speaker": "speaker1",
          "personaID": "31679",
          "participantID": "3492",
          "utterance": "반가워요. 저는 김치찌개를 좋아해서 오늘도 끓여 먹었어요. 좋아하시는 음식이나 싫어하시는 음식이 있나요?",
          "summary": "나는 김치찌개를 좋아한다",
          "date": "2022-10-18",
          "time": "20:52:23",
          "terminate": "false"
        },
        {
          "speaker": "speaker2",
          "personaID": "42047",
          "participantID": "5942",
          "utterance": "저는 특별히 좋아하는 음식도 싫어하는 음식도 없는편이에요 ",
          "summary": "나는 음식에 호불호가 없다",
          "date": "2022-10-18",
          "time": "20:53:13",
          "terminate": "false"
        },
        {
          "speaker": "speaker1",
          "personaID": "31679",
          "participantID": "3492",
          "utterance": "그러시군요. 저는 국어교육과를 전공했답니다.  국어교육과를 전공하면 성격이 깐깐할줄 아는 분이 많은데 제 성격은 느긋해요.",
          "summary": "나는 국어교육과를 전공했다 나는 느긋한 성격이다",
          "date": "2022-10-18",
          "time": "20:54:03",
          "terminate": "false"
        },
        {
          "speaker": "speaker2",
          "personaID": "42047",
          "participantID": "5942",
          "utterance": "저는 깐깐한 편이 아니라 그런가 물건을 자주 잃어버려요 ",
          "summary": "나는 물건을 자주 잃어버린다",
          "date": "2022-10-18",
          "time": "20:55:32",
          "terminate": "false"
        },
        {
          "speaker": "speaker1",
          "personaID": "31679",
          "participantID": "3492",
          "utterance": "물건을 자주 잃어버리시는군요. 저는 잃어버리더라도 성격이 느긋해서 크게 신경 안 써요. ",
          "summary": "",
          "date": "2022-10-18",
          "time": "20:56:15",
          "terminate": "false"
        },
        {
          "speaker": "speaker2",
          "personaID": "42047",
          "participantID": "5942",
          "utterance": "저도 그렇긴 한데 잃어버리고 나면 또 사야하니 속상하더라구요",
          "summary": "나는 물건을 잃어버리면 속상하다",
          "date": "2022-10-18",
          "time": "20:56:58",
          "terminate": "false"
        },
        {
          "speaker": "speaker1",
          "personaID": "31679",
          "participantID": "3492",
          "utterance": "속상하시겠어요. 저도 물건을 잃어버리면 아깝지만 기분이라도 빨리 바꾸려고 해요. 한탄한다고 돌아오지 않으니까 어쩔 수 없다고 생각하려고 노력해요.",
          "summary": "",
          "date": "2022-10-18",
          "time": "20:57:52",
          "terminate": "false"
        },
        {
          "speaker": "speaker2",
          "personaID": "42047",
          "participantID": "5942",
          "utterance": "정말 좋은 성격을 갖고 계시네요 요즘 전 골프를 자주 쳐요 좋아하는 운동 있으실까요?",
          "summary": "나는 상대의 성격을 칭찬한다 나는 요즘 골프를 친다",
          "date": "2022-10-18",
          "time": "20:58:55",
          "terminate": "false"
        },
        {
          "speaker": "speaker1",
          "personaID": "31679",
          "participantID": "3492",
          "utterance": "칭찬 감사합니다. 운동은 남들 하자면 하고 혼자서는 잘 안 해요. 좋지도 싫지도 않아요. 골프라니 고급진 운동이네요.",
          "summary": "",
          "date": "2022-10-18",
          "time": "20:59:40",
          "terminate": "false"
        },
        {
          "speaker": "speaker2",
          "personaID": "42047",
          "participantID": "5942",
          "utterance": "라운딩은 비싸니 그냥 실내에서 배우고만 있어요  혼자 있을때 저는 TV애니메이션을 좋아합니다",
          "summary": "나는 실내 골프를 즐겨친다 나는 혼자 있을 때 TV 애니메이션을 즐겨본다",
          "date": "2022-10-18",
          "time": "21:00:38",
          "terminate": "false"
        },
        {
          "speaker": "speaker1",
          "personaID": "31679",
          "participantID": "3492",
          "utterance": "TV 애니메이션을 잘 보시는군요. 저도 소싯적에 많이 봤었죠. 투니버스가 사라져서 안타까워요. 요즘은 @브랜드명1@나 @브랜드명2@로 구매해서 많이들 보더라고요.",
          "summary": "",
          "date": "2022-10-18",
          "time": "21:01:37",
          "terminate": "false"
        },
        {
          "speaker": "speaker2",
          "personaID": "42047",
          "participantID": "5942",
          "utterance": "소싯적이라 하시니 엄청 나이가 많으신줄알겠어요 ㅎㅎ 이제 잘 시간이 되었네요 ",
          "summary": "",
          "date": "2022-10-18",
          "time": "21:03:06",
          "terminate": "false"
        },
        {
          "speaker": "speaker1",
          "personaID": "31679",
          "participantID": "3492",
          "utterance": "얘기하다보니 시간 가는 줄 몰랐어요. 안녕히 주무세요. ",
          "summary": "",
          "date": "2022-10-18",
          "time": "21:03:27",
          "terminate": "true"
        }
      ],
      "sessionPersonaSummary": {
        "speaker1": [
          "나는 30대 여성이다",
          "나는 김치찌개를 좋아한다",
          "나는 국어교육과를 전공했다",
          "나는 느긋한 성격이다"
        ],
        "speaker2": [
          "나는 40대 여성이다",
          "나는 음식에 호불호가 없다",
          "나는 물건을 자주 잃어버린다",
          "나는 물건을 잃어버리면 속상하다",
          "나는 상대의 성격을 칭찬한다",
          "나는 요즘 골프를 친다",
          "나는 실내 골프를 즐겨친다",
          "나는 혼자 있을 때 TV 애니메이션을 즐겨본다"
        ]
      },
      "prevAggregatedpersonaSummary": {
        "speaker1": [],
        "speaker2": []
      }
    },
    {
      "prevSessionID": "4-00384-1",
      "prevTimeInfo": {
        "timeNum": "27",
        "timeUnit": "시간"
      },
      "nthSession": "2",
      "numberOfUtterances": "15",
      "numberOfTurns": "7",
      "sessionID": "4-00384-2",
      "dialog": [
        {
          "speaker": "speaker1",
          "personaID": "31679",
          "participantID": "3492",
          "utterance": "안녕하세요 27시간이 지났네요. 어제 뵙고 또 이제 시간이 나서 다시 뵙네요. 인터넷 쇼핑하느라 한참 핸드폰만 봤어요.",
          "summary": "",
          "date": "2022-10-18",
          "time": "23:05:36",
          "terminate": "false"
        },
        {
          "speaker": "speaker2",
          "personaID": "42047",
          "participantID": "5942",
          "utterance": "인터넷 쇼핑 좋아하시나봐요 저도 살짝 매니아에요",
          "summary": "나는 인터넷 쇼핑 마니아다",
          "date": "2022-10-18",
          "time": "23:06:43",
          "terminate": "false"
        },
        {
          "speaker": "speaker1",
          "personaID": "31679",
          "participantID": "3492",
          "utterance": "인터넷 쇼핑은 이제 거의 생활이죠. 저는 새벽 배송으로 간식과 반찬을 자주 사 먹어요. 회원가입 해두면 배송비가 무료거나 저렴한 사이트들이 있어서 자주 쓰는 곳을 두 군데 써요.",
          "summary": "나는 인터넷 쇼핑을 생활화한다",
          "date": "2022-10-18",
          "time": "23:07:33",
          "terminate": "false"
        },
        {
          "speaker": "speaker2",
          "personaID": "42047",
          "participantID": "5942",
          "utterance": "자주 쓰는곳에서 주는 쿠폰이나 이벤트들 잘 이용하면 저렴하게 시는 기분이에요",
          "summary": "나는 인터넷 쇼핑몰의 쿠폰과 이벤트를 좋아한다",
          "date": "2022-10-18",
          "time": "23:08:39",
          "terminate": "false"
        },
        {
          "speaker": "speaker1",
          "personaID": "31679",
          "participantID": "3492",
          "utterance": "맞아요. 최근에 쿠폰 할인 행사를 연속적으로 해서 원래 3만원어치만 사려던 걸 자꾸 추가 할인 받으려고 8만원을 질렀어요.",
          "summary": "",
          "date": "2022-10-18",
          "time": "23:09:36",
          "terminate": "false"
        },
        {
          "speaker": "speaker2",
          "personaID": "42047",
          "participantID": "5942",
          "utterance": "인터넷쇼핑의 단점이죠 자꾸 추가 하게 되는",
          "summary": "나는 인터넷 쇼핑의 단점이 자꾸 추가하는 점이라고 생각한다",
          "date": "2022-10-18",
          "time": "23:13:51",
          "terminate": "false"
        },
        {
          "speaker": "speaker1",
          "personaID": "31679",
          "participantID": "3492",
          "utterance": "그래서 할인이 없을 때는 일단 장바구니에 넣어두고 좀 기다려봐요. 유사 상품을 추천해주기도 하니까 장바구니에 넣어두면 알고리즘으로 원하는 것과 비슷한데 할인이 되는 상품들을 찾기 편하더라고요.",
          "summary": "나는 원하는 상품을 장바구니에 담아둔다",
          "date": "2022-10-18",
          "time": "23:15:51",
          "terminate": "false"
        },
        {
          "speaker": "speaker2",
          "personaID": "42047",
          "participantID": "5942",
          "utterance": "오 맞아요 유사상품 추천해주는 거 너무 좋아요",
          "summary": "나는 유사상품 추천 기능이 좋다",
          "date": "2022-10-18",
          "time": "23:16:42",
          "terminate": "false"
        },
        {
          "speaker": "speaker1",
          "personaID": "31679",
          "participantID": "3492",
          "utterance": "다만 가장 위에 추천해주는 상품들은 잘 살펴봐야 해요. 자체 PB 상품이거나 혹은 유료 광고 제품들인 경우가 있어서요. PB상품이나 광고 제품도 많이 팔리니까 밀어주는 경우엔 괜찮은데, 어느 때는 실망하기도 하거든요. 그래서 판매량 순과 리뷰 순으로 찾아보고 그 안에서",
          "summary": "나는 추천상품을 잘 살펴본다",
          "date": "2022-10-18",
          "time": "23:19:26",
          "terminate": "false"
        },
        {
          "speaker": "speaker2",
          "personaID": "42047",
          "participantID": "5942",
          "utterance": "오 고수 이시네요 근데 전 PB상품 좋아하는 편이에요",
          "summary": "나는 PB 상품을 좋아한다",
          "date": "2022-10-18",
          "time": "23:21:38",
          "terminate": "false"
        },
        {
          "speaker": "speaker1",
          "personaID": "31679",
          "participantID": "3492",
          "utterance": "저도 PB 상품 좋아해요. 만족스러운 피비 상품도 있고 진짜 별로인 것도 있고, 일반적인 평은 괜찮은데 제 취향에 안 맞는 것도 있어서, 그건 상품평들을 잘 살펴서 장단점을 진짜 꼼꼼하게 써둔 것들 위주로 봐요. ",
          "summary": "나는 PB상품을 좋아한다",
          "date": "2022-10-18",
          "time": "23:23:09",
          "terminate": "false"
        },
        {
          "speaker": "speaker2",
          "personaID": "42047",
          "participantID": "5942",
          "utterance": "안터넷쇼핑도 계속 해야 좋은 상품을 잘 골라 저렴하게 사는 노하우가 생기는거 같아요",
          "summary": "나는 인터넷 쇼핑도 자꾸 해봐야 노하우가 생긴다고 생각한다",
          "date": "2022-10-18",
          "time": "23:25:37",
          "terminate": "false"
        },
        {
          "speaker": "speaker1",
          "personaID": "31679",
          "participantID": "3492",
          "utterance": "그러니까요. 저는 인터넷에서 옷은 거의 안 사서 살 때마다 실패하곤 했어요. 그런데 최근에 무료 반품 기능을 이용해서 연달아서 몇 벌 사봤더니 제법 괜찮더라고요. 정확히 가격대에 맞는 만족도가 있었어요. 무료 반품이라 반품 확률 떨어지는 건 잘 안 올리나봐요.",
          "summary": "나는 인터넷 쇼핑 무료반품 기능에 만족한다",
          "date": "2022-10-18",
          "time": "23:27:21",
          "terminate": "false"
        },
        {
          "speaker": "speaker2",
          "personaID": "42047",
          "participantID": "5942",
          "utterance": "배송비도 많이 올랐으니 아무래도 더욱 신중하게 상품을 고르지 않을까요 시간이 또 엄청 흘렀네요 나가봐야겠어요",
          "summary": "나는 배송비가 오르면 상품을 신중하게 고를 거라고 생각한다",
          "date": "2022-10-18",
          "time": "23:29:00",
          "terminate": "false"
        },
        {
          "speaker": "speaker1",
          "personaID": "31679",
          "participantID": "3492",
          "utterance": "네 오늘도 즐거웠어요. 좋은 하루 되세요. ",
          "summary": "",
          "date": "2022-10-18",
          "time": "23:31:16",
          "terminate": "true"
        }
      ],
      "sessionPersonaSummary": {
        "speaker1": [
          "나는 인터넷 쇼핑을 생활화한다",
          "나는 원하는 상품을 장바구니에 담아둔다",
          "나는 추천상품을 잘 살펴본다",
          "나는 PB상품을 좋아한다",
          "나는 인터넷 쇼핑 무료반품 기능에 만족한다"
        ],
        "speaker2": [
          "나는 인터넷 쇼핑 마니아다",
          "나는 인터넷 쇼핑몰의 쿠폰과 이벤트를 좋아한다",
          "나는 인터넷 쇼핑의 단점이 자꾸 추가하는 점이라고 생각한다",
          "나는 유사상품 추천 기능이 좋다",
          "나는 PB 상품을 좋아한다",
          "나는 인터넷 쇼핑도 자꾸 해봐야 노하우가 생긴다고 생각한다",
          "나는 배송비가 오르면 상품을 신중하게 고를 거라고 생각한다"
        ]
      },
      "prevAggregatedpersonaSummary": {
        "speaker1": [
          "나는 30대 여성이다",
          "나는 김치찌개를 좋아한다",
          "나는 국어교육과를 전공했다",
          "나는 느긋한 성격이다"
        ],
        "speaker2": [
          "나는 40대 여성이다",
          "나는 음식에 호불호가 없다",
          "나는 물건을 자주 잃어버린다",
          "나는 물건을 잃어버리면 속상하다",
          "나는 상대의 성격을 칭찬한다",
          "나는 요즘 골프를 친다",
          "나는 실내 골프를 즐겨친다",
          "나는 혼자 있을 때 TV 애니메이션을 즐겨본다"
        ]
      }
    },
    {
      "prevSessionID": "4-00384-2",
      "prevTimeInfo": {
        "timeNum": "45",
        "timeUnit": "시간"
      },
      "nthSession": "3",
      "numberOfUtterances": "15",
      "numberOfTurns": "7",
      "sessionID": "4-00384-3",
      "dialog": [
        {
          "speaker": "speaker1",
          "personaID": "31679",
          "participantID": "3492",
          "utterance": "정신없이 쇼핑 하느라 바빴어요. 벌써 45시간이나 흘렀군요!",
          "summary": "",
          "date": "2022-10-18",
          "time": "23:36:59",
          "terminate": "false"
        },
        {
          "speaker": "speaker2",
          "personaID": "42047",
          "participantID": "5942",
          "utterance": "네 벌써 그렇게나 지나버렸네요",
          "summary": "",
          "date": "2022-10-18",
          "time": "23:40:41",
          "terminate": "false"
        },
        {
          "speaker": "speaker1",
          "personaID": "31679",
          "participantID": "3492",
          "utterance": "쇼핑몰 포털은 써 보셨어요? 저는 두어군데 이용해봤어요. 스마트 스토어나 아티스트들을 입주시켜서 소상공인들이 브랜드 걸고 판매하도록 하더라고요.",
          "summary": "나는 쇼핑몰 포털 두 곳 정도 이용해봤다",
          "date": "2022-10-18",
          "time": "23:43:28",
          "terminate": "false"
        },
        {
          "speaker": "speaker2",
          "personaID": "42047",
          "participantID": "5942",
          "utterance": "그런게 있었나요? 스마트스토어는 알겠는데 다른건 뭘까요?",
          "summary": "나는 스마트 스토어를 안다\n나는 다른 쇼핑몰은 모른다",
          "date": "2022-10-18",
          "time": "23:44:41",
          "terminate": "false"
        },
        {
          "speaker": "speaker1",
          "personaID": "31679",
          "participantID": "3492",
          "utterance": "수제품 공예상품들을 파는 사이트들 있잖아요. 그런 곳을 모아두는 곳이에요. 지역에서 작은 행사나 야시장 할 때, 판매 부스들 모아놓고 사람들이 기념품처럼 사는 거 본적 있으시죠? 그런 사람들이 입주해 있어요.",
          "summary": "나는 수제 공예상품들을 판매하는 사이트를 알고 있다",
          "date": "2022-10-18",
          "time": "23:46:36",
          "terminate": "false"
        },
        {
          "speaker": "speaker2",
          "personaID": "42047",
          "participantID": "5942",
          "utterance": "아하 그렇군요 인터넷쇼핑도 정말 다양한 것들이 많네요",
          "summary": "나는 새로운 정보에 감탄한다",
          "date": "2022-10-18",
          "time": "23:47:43",
          "terminate": "false"
        },
        {
          "speaker": "speaker1",
          "personaID": "31679",
          "participantID": "3492",
          "utterance": "그리고 제가 쓴 적은 없지만 땡처리 상품이나 혹은 디자인은 별로지만 작은 공장들의 저렴한 상품들을 도소매로 판매하는 곳도 있나봐요. 거의 소매는 취급 안 하고 도매 위주로요.",
          "summary": "나는 도매 제품 판매처를 알고 있다",
          "date": "2022-10-18",
          "time": "23:49:17",
          "terminate": "false"
        },
        {
          "speaker": "speaker2",
          "personaID": "42047",
          "participantID": "5942",
          "utterance": "그렇구나 땡처리 왠지 땡기네요 ㅎㅎ",
          "summary": "나는 땡처리 상품이 끌린다",
          "date": "2022-10-18",
          "time": "23:50:20",
          "terminate": "false"
        },
        {
          "speaker": "speaker1",
          "personaID": "31679",
          "participantID": "3492",
          "utterance": "만약에 목장갑이 필요해서 찾아보면 아마 박스 단위로 팔 거에요. ㅎㅎ 파는 사람마다 판매 최소 물량 있고 그 이하로는 안 팔거에요.",
          "summary": "나는 박스단위로 파는 곳을 알고 있다",
          "date": "2022-10-18",
          "time": "23:51:02",
          "terminate": "false"
        },
        {
          "speaker": "speaker2",
          "personaID": "42047",
          "participantID": "5942",
          "utterance": "아 그런거 말씀이시구나 저 그런거 좋아해요 사서 주변사람 막 나눠줘요 ",
          "summary": "나는 많이 사서 주변에 나눠준다",
          "date": "2022-10-18",
          "time": "23:51:54",
          "terminate": "false"
        },
        {
          "speaker": "speaker1",
          "personaID": "31679",
          "participantID": "3492",
          "utterance": "저도 그래요. 목장갑은 그래도 쓰는 사람은 자주 쓰니까 괜찮죠. 부담없이 선물로 주기도 좋고요. 그런데 예를 들어 우산을 최소 100개 사라고 하면 난감하죠. ㅎㅎ",
          "summary": "",
          "date": "2022-10-18",
          "time": "23:54:55",
          "terminate": "false"
        },
        {
          "speaker": "speaker2",
          "personaID": "42047",
          "participantID": "5942",
          "utterance": "ㅎㅎ 그건 그렇죠 그냥 딱 필요한만큼만 사야겠어요",
          "summary": "나는 동의한다",
          "date": "2022-10-19",
          "time": "00:17:19",
          "terminate": "false"
        },
        {
          "speaker": "speaker1",
          "personaID": "31679",
          "participantID": "3492",
          "utterance": "싸고 실용적이라고 이것저것 사다가 쓸데없이 넘쳐버리는 일도 가끔 있죠.",
          "summary": "나는 싸고 실용적이라고 많이 사다가 쓸데없이 넘쳐버린 적이 있다",
          "date": "2022-10-19",
          "time": "00:21:27",
          "terminate": "false"
        },
        {
          "speaker": "speaker2",
          "personaID": "42047",
          "participantID": "5942",
          "utterance": "전 자주 있었던거 같아요 시간이 늦었네요 그만 나가볼께요. ",
          "summary": "",
          "date": "2022-10-19",
          "time": "00:23:40",
          "terminate": "false"
        },
        {
          "speaker": "speaker1",
          "personaID": "31679",
          "participantID": "3492",
          "utterance": "네 안녕히 주무세요 담에 봐요",
          "summary": "",
          "date": "2022-10-19",
          "time": "00:37:42",
          "terminate": "true"
        }
      ],
      "sessionPersonaSummary": {
        "speaker1": [
          "나는 쇼핑몰 포털 두 곳 정도 이용해봤다",
          "나는 수제 공예상품들을 판매하는 사이트를 알고 있다",
          "나는 도매 제품 판매처를 알고 있다",
          "나는 박스단위로 파는 곳을 알고 있다",
          "나는 싸고 실용적이라고 많이 사다가 쓸데없이 넘쳐버린 적이 있다"
        ],
        "speaker2": [
          "나는 스마트 스토어를 안다\n나는 다른 쇼핑몰은 모른다",
          "나는 새로운 정보에 감탄한다",
          "나는 땡처리 상품이 끌린다",
          "나는 많이 사서 주변에 나눠준다",
          "나는 동의한다"
        ]
      },
      "prevAggregatedpersonaSummary": {
        "speaker1": [
          "나는 30대 여성이다",
          "나는 김치찌개를 좋아한다",
          "나는 국어교육과를 전공했다",
          "나는 느긋한 성격이다",
          "나는 인터넷 쇼핑을 생활화한다",
          "나는 원하는 상품을 장바구니에 담아둔다",
          "나는 추천상품을 잘 살펴본다",
          "나는 PB상품을 좋아한다",
          "나는 인터넷 쇼핑 무료반품 기능에 만족한다"
        ],
        "speaker2": [
          "나는 40대 여성이다",
          "나는 음식에 호불호가 없다",
          "나는 물건을 자주 잃어버린다",
          "나는 물건을 잃어버리면 속상하다",
          "나는 상대의 성격을 칭찬한다",
          "나는 요즘 골프를 친다",
          "나는 실내 골프를 즐겨친다",
          "나는 혼자 있을 때 TV 애니메이션을 즐겨본다",
          "나는 인터넷 쇼핑 마니아다",
          "나는 인터넷 쇼핑몰의 쿠폰과 이벤트를 좋아한다",
          "나는 인터넷 쇼핑의 단점이 자꾸 추가하는 점이라고 생각한다",
          "나는 유사상품 추천 기능이 좋다",
          "나는 PB 상품을 좋아한다",
          "나는 인터넷 쇼핑도 자꾸 해봐야 노하우가 생긴다고 생각한다",
          "나는 배송비가 오르면 상품을 신중하게 고를 거라고 생각한다"
        ]
      }
    },
    {
      "prevSessionID": "4-00384-3",
      "prevTimeInfo": {
        "timeNum": "3",
        "timeUnit": "일"
      },
      "nthSession": "4",
      "numberOfUtterances": "15",
      "numberOfTurns": "7",
      "sessionID": "4-00384-4",
      "dialog": [
        {
          "speaker": "speaker1",
          "personaID": "31679",
          "participantID": "3492",
          "utterance": "안녕하세요 사흘만이에요 저는 수제 마카롱을 주문해 봤는데 맛있어서 가족용으로 추가구매 했어요.",
          "summary": "나는 인터넷 쇼핑으로 수제 마카롱을 구입했는데 맛있어서 추가 구매했다",
          "date": "2022-10-19",
          "time": "00:51:00",
          "terminate": "false"
        },
        {
          "speaker": "speaker2",
          "personaID": "42047",
          "participantID": "5942",
          "utterance": "미카롱 달달이 너무 맛있겠어요 식품 구입은 조금 걱정이 되기도 하던데 괜찮았나요?",
          "summary": "나는 인터넷에서 식품 구입은 조금 걱정이 된다",
          "date": "2022-10-19",
          "time": "00:51:57",
          "terminate": "false"
        },
        {
          "speaker": "speaker1",
          "personaID": "31679",
          "participantID": "3492",
          "utterance": "식품 구입은 신선도랑 유통 관리가 중요하니까 당연히 검증된 곳으로 해요. 아직까지는 맛이 취향이 아닐 때를 빼고는 문제가 없었어요. 참외가 어느 때는 단데 어느 때는 밍밍한 적이 있긴 있었어요. 그런데 할인 들어간 것이 더 맛있었어요.",
          "summary": "나는 식품 구입에 있어 신선 관리와 유통관리가 중요하다 생각한다",
          "date": "2022-10-19",
          "time": "00:53:04",
          "terminate": "false"
        },
        {
          "speaker": "speaker2",
          "personaID": "42047",
          "participantID": "5942",
          "utterance": "맞아요 식품은 약간 복불복 느낌이랄까 ㅎㅎ",
          "summary": "나는 식품 구매는 복불복으로 느껴진다",
          "date": "2022-10-19",
          "time": "00:54:20",
          "terminate": "false"
        },
        {
          "speaker": "speaker1",
          "personaID": "31679",
          "participantID": "3492",
          "utterance": "식품도 대체로 리뷰 보면 실패가 적더라고요. 반찬은 해당 반찬을 잘 하고 재료가 나는 지역 공급자가 잘 하는 편이긴 해요. 항상 그렇진 않지만요.",
          "summary": "나는 식품 구입 시에 리뷰를 보며 구입하면 실패가 적다",
          "date": "2022-10-19",
          "time": "00:55:07",
          "terminate": "false"
        },
        {
          "speaker": "speaker2",
          "personaID": "42047",
          "participantID": "5942",
          "utterance": "맞아요 저도 보통 인터넷쇼핑 볼땐 리뷰를 필수로 보는거 같아요",
          "summary": "나는 인터넷 쇼핑을 할 때 리뷰를 꼭 본다",
          "date": "2022-10-19",
          "time": "00:56:11",
          "terminate": "false"
        },
        {
          "speaker": "speaker1",
          "personaID": "31679",
          "participantID": "3492",
          "utterance": "리뷰도 자주 보다보면 영혼 없는 광고구나 싶은 건 걸러지더라고요. 세심 꼼꼼한데 장단점 정확히 분석해 놓은 리뷰들도 있으니까 참고해요. 호불호 고려해서요. 예를들어 고수향이 짙어서 맛있어요 하면 고수향이 짙다는 걸 알 수 있어요. ㅋㅋ",
          "summary": "나는 리뷰를 보며 정보를 얻는다",
          "date": "2022-10-19",
          "time": "00:57:18",
          "terminate": "false"
        },
        {
          "speaker": "speaker2",
          "personaID": "42047",
          "participantID": "5942",
          "utterance": "고수 완전 좋아해요 여러음식에 잘어울리는 ㅎㅎ ",
          "summary": "나는 고수를 좋아한다",
          "date": "2022-10-19",
          "time": "00:58:24",
          "terminate": "false"
        },
        {
          "speaker": "speaker1",
          "personaID": "31679",
          "participantID": "3492",
          "utterance": "저는 고수가 힘들었어요. 퐁퐁 맛이 나서요. 그런데 가끔 먹다 보니 조금 적응이 되긴 했어요. 막 찾아서 먹고 싶은 정도는 아니에요. ",
          "summary": "나는 고수를 좋아하지 않는다",
          "date": "2022-10-19",
          "time": "00:58:56",
          "terminate": "false"
        },
        {
          "speaker": "speaker2",
          "personaID": "42047",
          "participantID": "5942",
          "utterance": "호불호가 강한 풀떼기이긴하죠 ㅎㅎ ",
          "summary": "나는 고수가 호불호가 강하다는데 동의한다",
          "date": "2022-10-19",
          "time": "00:59:40",
          "terminate": "false"
        },
        {
          "speaker": "speaker1",
          "personaID": "31679",
          "participantID": "3492",
          "utterance": "맞아요. 저는 민트 초코는 좋아해요. 치약의 아릿함과 초코의 달달함의 조화랄까요.",
          "summary": "나는 민트 초코를 좋아한다",
          "date": "2022-10-19",
          "time": "01:00:13",
          "terminate": "false"
        },
        {
          "speaker": "speaker2",
          "personaID": "42047",
          "participantID": "5942",
          "utterance": "악 저는 또 그건 못먹겠더라구요 치약 먹는 느낌이라 ㅋ",
          "summary": "나는 민트는 치약 맛이라 못 먹는다",
          "date": "2022-10-19",
          "time": "01:01:03",
          "terminate": "false"
        },
        {
          "speaker": "speaker1",
          "personaID": "31679",
          "participantID": "3492",
          "utterance": "박하사탕으로 익숙해지면 먹을만 해요. 어릴 땐 박하사탕을 싫어했는데 나이 들면서 맛있더라고요. 일부러 막 사다 먹지는 않지만요.",
          "summary": "나는 나이가 들면서 박하사탕이 맛있어졌다",
          "date": "2022-10-19",
          "time": "01:04:09",
          "terminate": "false"
        },
        {
          "speaker": "speaker2",
          "personaID": "42047",
          "participantID": "5942",
          "utterance": "박하사탕 먹곤 했었죠 요즘엔 잘 안보이지만 밤이 늦었네요 그만 자야겠어요",
          "summary": "나는 예전에 박하사탕을 먹었다",
          "date": "2022-10-19",
          "time": "01:04:49",
          "terminate": "false"
        },
        {
          "speaker": "speaker1",
          "personaID": "31679",
          "participantID": "3492",
          "utterance": "벌써 시간이 늦었네요. 안녕히 주무세요. ",
          "summary": "",
          "date": "2022-10-19",
          "time": "01:05:07",
          "terminate": "true"
        }
      ],
      "sessionPersonaSummary": {
        "speaker1": [
          "나는 인터넷 쇼핑으로 수제 마카롱을 구입했는데 맛있어서 추가 구매했다",
          "나는 식품 구입에 있어 신선 관리와 유통관리가 중요하다 생각한다",
          "나는 식품 구입 시에 리뷰를 보며 구입하면 실패가 적다",
          "나는 리뷰를 보며 정보를 얻는다",
          "나는 고수를 좋아하지 않는다",
          "나는 민트 초코를 좋아한다",
          "나는 나이가 들면서 박하사탕이 맛있어졌다"
        ],
        "speaker2": [
          "나는 인터넷에서 식품 구입은 조금 걱정이 된다",
          "나는 식품 구매는 복불복으로 느껴진다",
          "나는 인터넷 쇼핑을 할 때 리뷰를 꼭 본다",
          "나는 고수를 좋아한다",
          "나는 고수가 호불호가 강하다는데 동의한다",
          "나는 민트는 치약 맛이라 못 먹는다",
          "나는 예전에 박하사탕을 먹었다"
        ]
      },
      "prevAggregatedpersonaSummary": {
        "speaker1": [
          "나는 30대 여성이다",
          "나는 김치찌개를 좋아한다",
          "나는 국어교육과를 전공했다",
          "나는 느긋한 성격이다",
          "나는 인터넷 쇼핑을 생활화한다",
          "나는 원하는 상품을 장바구니에 담아둔다",
          "나는 추천상품을 잘 살펴본다",
          "나는 PB상품을 좋아한다",
          "나는 인터넷 쇼핑 무료반품 기능에 만족한다",
          "나는 쇼핑몰 포털 두 곳 정도 이용해봤다",
          "나는 수제 공예상품들을 판매하는 사이트를 알고 있다",
          "나는 도매 제품 판매처를 알고 있다",
          "나는 박스단위로 파는 곳을 알고 있다",
          "나는 싸고 실용적이라고 많이 사다가 쓸데없이 넘쳐버린 적이 있다"
        ],
        "speaker2": [
          "나는 40대 여성이다",
          "나는 음식에 호불호가 없다",
          "나는 물건을 자주 잃어버린다",
          "나는 물건을 잃어버리면 속상하다",
          "나는 상대의 성격을 칭찬한다",
          "나는 요즘 골프를 친다",
          "나는 실내 골프를 즐겨친다",
          "나는 혼자 있을 때 TV 애니메이션을 즐겨본다",
          "나는 인터넷 쇼핑 마니아다",
          "나는 인터넷 쇼핑몰의 쿠폰과 이벤트를 좋아한다",
          "나는 인터넷 쇼핑의 단점이 자꾸 추가하는 점이라고 생각한다",
          "나는 유사상품 추천 기능이 좋다",
          "나는 PB 상품을 좋아한다",
          "나는 인터넷 쇼핑도 자꾸 해봐야 노하우가 생긴다고 생각한다",
          "나는 배송비가 오르면 상품을 신중하게 고를 거라고 생각한다",
          "나는 스마트 스토어를 안다\n나는 다른 쇼핑몰은 모른다",
          "나는 새로운 정보에 감탄한다",
          "나는 땡처리 상품이 끌린다",
          "나는 많이 사서 주변에 나눠준다",
          "나는 동의한다"
        ]
      }
    }
  ]
}