{
  "FileInfo": {
    "filename": "K4-00539-CL93483-CP93141-18-06-S4.json",
    "sessionLevel": "4"
  },
  "participantsInfo": {
    "numberOfParticipants": "2",
    "speaker1": {
      "participantID": "30078",
      "gender": "남성",
      "age": "50대",
      "occupation": "기능직",
      "bPlace": "대전/세종/충청/강원",
      "gPlace": "대전/세종/충청/강원",
      "rPlace": "대전/세종/충청/강원",
      "educationLevel": "고졸"
    },
    "speaker2": {
      "participantID": "31916",
      "gender": "여성",
      "age": "40대",
      "occupation": "사무직",
      "bPlace": "부산/대구/울산/경상",
      "gPlace": "부산/대구/울산/경상",
      "rPlace": "부산/대구/울산/경상",
      "educationLevel": "대졸"
    }
  },
  "multisessionInfo": {
    "multisessionID": "4-00539"
  },
  "personaInfo": {
    "clInfo": {
      "personaID": "93483",
      "personaFeatures": [
        "나는 남자이다.",
        "나는 50대이다.",
        "나의 남자 형제는 미용사이다.",
        "나는 혈액형이 AB형이다.",
        "나는 TV 교육 프로그램을 자주 본다.",
        "나는 매운 음식을 즐겨 먹는다."
      ],
      "speakerType": "speaker1"
    },
    "cpInfo": {
      "personaID": "93141",
      "personaFeatures": [
        "나는 여자이다.",
        "나는 40대이다.",
        "나는 로큰롤 음악을 가끔 듣는다.",
        "나의 생일은 11월이다.",
        "나는 줄넘기를 가끔 한다.",
        "나는 돈을 쓰는 것을 싫어한다.",
        "나는 혈액형이 B형이다."
      ],
      "speakerType": "speaker2"
    }
  },
  "topicInfo": {
    "topicID": "18-06",
    "topicType": "상거래 전반",
    "topicTitle": "결제방법"
  },
  "sessionInfo": [
    {
      "prevSessionID": null,
      "prevTimeInfo": {
        "timeNum": null,
        "timeUnit": null
      },
      "nthSession": "1",
      "numberOfUtterances": "14",
      "numberOfTurns": "7",
      "sessionID": "4-00539-1",
      "dialog": [
        {
          "speaker": "speaker1",
          "personaID": "93483",
          "participantID": "30078",
          "utterance": "안녕하세요. 저는 50대 남성입니다.",
          "summary": "나는 50대 남성이다.",
          "date": "2022-11-23",
          "time": "22:26:18",
          "terminate": "false"
        },
        {
          "speaker": "speaker2",
          "personaID": "93141",
          "participantID": "31916",
          "utterance": "반갑습니다. 저는 40대 여성입니다~",
          "summary": "나는 40대 여성이다.",
          "date": "2022-11-23",
          "time": "22:26:28",
          "terminate": "false"
        },
        {
          "speaker": "speaker1",
          "personaID": "93483",
          "participantID": "30078",
          "utterance": "그러시군요. 제 남자 형제가 미용사인데요. 미용실 자주 가시나요?",
          "summary": "나의 남자 형제는 미용사이다.",
          "date": "2022-11-23",
          "time": "22:26:47",
          "terminate": "false"
        },
        {
          "speaker": "speaker2",
          "personaID": "93141",
          "participantID": "31916",
          "utterance": "어머 그럼요~ 미용실 엄청 자주가요. ㅎㅎ 부럽네요!",
          "summary": "나는 미용실에 자주 간다.",
          "date": "2022-11-23",
          "time": "22:27:02",
          "terminate": "false"
        },
        {
          "speaker": "speaker1",
          "personaID": "93483",
          "participantID": "30078",
          "utterance": "조만간 개업을 준비한다고 해서요. 여성분들은 자주 가나. 궁금했어요.",
          "summary": "나의 남자 형제는 개업을 준비한다.",
          "date": "2022-11-23",
          "time": "22:27:23",
          "terminate": "false"
        },
        {
          "speaker": "speaker2",
          "personaID": "93141",
          "participantID": "31916",
          "utterance": "제가 좀 자주가는 편이긴 해요. ㅎㅎ 외모관리에 관심이 많거든요. 줄넘기도 가끔 하구요.",
          "summary": "나는 외모관리에 관심이 많다. 나는 줄넘기를 가끔 한다.",
          "date": "2022-11-23",
          "time": "22:27:56",
          "terminate": "false"
        },
        {
          "speaker": "speaker1",
          "personaID": "93483",
          "participantID": "30078",
          "utterance": "그러시군요. 저도 줄넘기 가끔 하는편입니다. 체력 유지로요.",
          "summary": "나는 줄넘기를 가끔 한다.",
          "date": "2022-11-23",
          "time": "22:28:30",
          "terminate": "false"
        },
        {
          "speaker": "speaker2",
          "personaID": "93141",
          "participantID": "31916",
          "utterance": "오 취미가 같네요~ ㅎㅎ 음악도 들으시나요? 전 로큰롤 음악을 가끔 들어요!",
          "summary": "나는 로큰롤 음악을 가끔 듣는다.",
          "date": "2022-11-23",
          "time": "22:28:42",
          "terminate": "false"
        },
        {
          "speaker": "speaker1",
          "personaID": "93483",
          "participantID": "30078",
          "utterance": "아니요. 저는 음악보다는 TV 교육 프로그램을 자주 봅니다. 안봐도 틀어놓기도 하구요.",
          "summary": "나는 TV 교육 프로그램을 자주 본다.",
          "date": "2022-11-23",
          "time": "22:29:14",
          "terminate": "false"
        },
        {
          "speaker": "speaker2",
          "personaID": "93141",
          "participantID": "31916",
          "utterance": "교육 프로그램이라니~ 전 공부랑 거리가 먼 사람이라 듣기만해도 머리아프네요...",
          "summary": "나는 공부와 거리가 멀다.",
          "date": "2022-11-23",
          "time": "22:29:35",
          "terminate": "false"
        },
        {
          "speaker": "speaker1",
          "personaID": "93483",
          "participantID": "30078",
          "utterance": "하하. 그냥 생각없이 보기에 좋은 프로지요. 혈액형은 어떻게 되시나요?",
          "summary": "",
          "date": "2022-11-23",
          "time": "22:30:02",
          "terminate": "false"
        },
        {
          "speaker": "speaker2",
          "personaID": "93141",
          "participantID": "31916",
          "utterance": "교육프로를 생각없이 보신다니..ㅎㅎ 전 B형이에요! 님은요?",
          "summary": "나는 혈액형이 b형이다.",
          "date": "2022-11-23",
          "time": "22:30:40",
          "terminate": "false"
        },
        {
          "speaker": "speaker1",
          "personaID": "93483",
          "participantID": "30078",
          "utterance": "저는 AB형입니다. 저는 이만 동생이랑 밥을 먹기로 해서요. 실례할게요.",
          "summary": "나는 혈액형이 AB형이다.",
          "date": "2022-11-23",
          "time": "22:30:58",
          "terminate": "false"
        },
        {
          "speaker": "speaker2",
          "personaID": "93141",
          "participantID": "31916",
          "utterance": "아 네 그러세요~ 동생분과 식사 맛있게하세요!^^",
          "summary": "",
          "date": "2022-11-23",
          "time": "22:31:16",
          "terminate": "true"
        }
      ],
      "sessionPersonaSummary": {
        "speaker1": [
          "나는 50대 남성이다.",
          "나의 남자 형제는 미용사이다.",
          "나의 남자 형제는 개업을 준비한다.",
          "나는 줄넘기를 가끔 한다.",
          "나는 TV 교육 프로그램을 자주 본다.",
          "나는 혈액형이 AB형이다."
        ],
        "speaker2": [
          "나는 40대 여성이다.",
          "나는 미용실에 자주 간다.",
          "나는 외모관리에 관심이 많다. 나는 줄넘기를 가끔 한다.",
          "나는 로큰롤 음악을 가끔 듣는다.",
          "나는 공부와 거리가 멀다.",
          "나는 혈액형이 b형이다."
        ]
      },
      "prevAggregatedpersonaSummary": {
        "speaker1": [],
        "speaker2": []
      }
    },
    {
      "prevSessionID": "4-00539-1",
      "prevTimeInfo": {
        "timeNum": "4",
        "timeUnit": "일"
      },
      "nthSession": "2",
      "numberOfUtterances": "14",
      "numberOfTurns": "7",
      "sessionID": "4-00539-2",
      "dialog": [
        {
          "speaker": "speaker1",
          "personaID": "93483",
          "participantID": "30078",
          "utterance": "그새 며칠이 흘렀네요. 너무 오랜만입니다.",
          "summary": "",
          "date": "2022-11-23",
          "time": "22:32:01",
          "terminate": "false"
        },
        {
          "speaker": "speaker2",
          "personaID": "93141",
          "participantID": "31916",
          "utterance": "어머나~ 4일만이네요. 잘 지내셨나요?",
          "summary": "",
          "date": "2022-11-23",
          "time": "22:32:21",
          "terminate": "false"
        },
        {
          "speaker": "speaker1",
          "personaID": "93483",
          "participantID": "30078",
          "utterance": "그럼요. 저는 잘 지냈습니다. 동생이 미용실을 오픈한다고 결정했습니다!",
          "summary": "나의 동생은 오픈하기로 결정했다.",
          "date": "2022-11-23",
          "time": "22:32:41",
          "terminate": "false"
        },
        {
          "speaker": "speaker2",
          "personaID": "93141",
          "participantID": "31916",
          "utterance": "와 축하드려요~! ㅎㅎ 동생분 미용사라고 하셨죠? 사장님 되는거네요~!",
          "summary": "",
          "date": "2022-11-23",
          "time": "22:33:00",
          "terminate": "false"
        },
        {
          "speaker": "speaker1",
          "personaID": "93483",
          "participantID": "30078",
          "utterance": "네. 그런데, 오픈 행사를 어떻게 해야할지 고민하더라구요.",
          "summary": "",
          "date": "2022-11-23",
          "time": "22:33:14",
          "terminate": "false"
        },
        {
          "speaker": "speaker2",
          "personaID": "93141",
          "participantID": "31916",
          "utterance": "할인 이벤트 같은건 어때요? ㅎㅎ 많이 하던데요!",
          "summary": "",
          "date": "2022-11-23",
          "time": "22:34:07",
          "terminate": "false"
        },
        {
          "speaker": "speaker1",
          "personaID": "93483",
          "participantID": "30078",
          "utterance": "그래서 결제 방법을 고민하더라구요. 현금 할인을 하자니, 손해가 클거같다면서요.",
          "summary": "",
          "date": "2022-11-23",
          "time": "22:34:28",
          "terminate": "false"
        },
        {
          "speaker": "speaker2",
          "personaID": "93141",
          "participantID": "31916",
          "utterance": "음.. 손해가 있더라도 감안하고 이벤트를 하는거 아닌가요?",
          "summary": "",
          "date": "2022-11-23",
          "time": "22:34:54",
          "terminate": "false"
        },
        {
          "speaker": "speaker1",
          "personaID": "93483",
          "participantID": "30078",
          "utterance": "그렇죠? 그래서 저는 카드 할인율이랑 현금 할인율을 다르게 하라고 조언을 했는데. 고민이 되나봐요.",
          "summary": "",
          "date": "2022-11-23",
          "time": "22:35:17",
          "terminate": "false"
        },
        {
          "speaker": "speaker2",
          "personaID": "93141",
          "participantID": "31916",
          "utterance": "아 결제방법에 따라 할인율을 다르게요? 그것도 좋은 생각이네요~!",
          "summary": "",
          "date": "2022-11-23",
          "time": "22:35:42",
          "terminate": "false"
        },
        {
          "speaker": "speaker1",
          "personaID": "93483",
          "participantID": "30078",
          "utterance": "네. 맞습니다. 미용실 음악도 틀어야 한다던데. 그것도 저에게 물어보고 참.. 답답하네요.",
          "summary": "",
          "date": "2022-11-23",
          "time": "22:36:05",
          "terminate": "false"
        },
        {
          "speaker": "speaker2",
          "personaID": "93141",
          "participantID": "31916",
          "utterance": "동생분이 님에게 의지를 많이 하나보네요~ ㅎㅎ;",
          "summary": "",
          "date": "2022-11-23",
          "time": "22:36:15",
          "terminate": "false"
        },
        {
          "speaker": "speaker1",
          "personaID": "93483",
          "participantID": "30078",
          "utterance": "나이차이가 좀 나서요. 님이 좋아하시는 로큰롤 음악을 틀어볼까 합니다. 다시 들어보고 올게요.",
          "summary": "나는 동생이랑 나이 차이가 많이 난다.",
          "date": "2022-11-23",
          "time": "22:36:37",
          "terminate": "false"
        },
        {
          "speaker": "speaker2",
          "personaID": "93141",
          "participantID": "31916",
          "utterance": "제가 로큰롤 음악을 자주 듣지만.. 무난한 노래가 좋을거같네요. 네 들어보고 오세요~",
          "summary": "나는 무난한 음악이 더 좋을 거 같다.",
          "date": "2022-11-23",
          "time": "22:37:12",
          "terminate": "true"
        }
      ],
      "sessionPersonaSummary": {
        "speaker1": [
          "나의 동생은 오픈하기로 결정했다.",
          "나는 동생이랑 나이 차이가 많이 난다."
        ],
        "speaker2": [
          "나는 무난한 음악이 더 좋을 거 같다."
        ]
      },
      "prevAggregatedpersonaSummary": {
        "speaker1": [
          "나는 50대 남성이다.",
          "나의 남자 형제는 미용사이다.",
          "나의 남자 형제는 개업을 준비한다.",
          "나는 줄넘기를 가끔 한다.",
          "나는 TV 교육 프로그램을 자주 본다.",
          "나는 혈액형이 AB형이다."
        ],
        "speaker2": [
          "나는 40대 여성이다.",
          "나는 미용실에 자주 간다.",
          "나는 외모관리에 관심이 많다. 나는 줄넘기를 가끔 한다.",
          "나는 로큰롤 음악을 가끔 듣는다.",
          "나는 공부와 거리가 멀다.",
          "나는 혈액형이 b형이다."
        ]
      }
    },
    {
      "prevSessionID": "4-00539-2",
      "prevTimeInfo": {
        "timeNum": "4",
        "timeUnit": "시간"
      },
      "nthSession": "3",
      "numberOfUtterances": "14",
      "numberOfTurns": "7",
      "sessionID": "4-00539-3",
      "dialog": [
        {
          "speaker": "speaker1",
          "personaID": "93483",
          "participantID": "30078",
          "utterance": "ㅎㅎ 4시간이나 고민했네요. 님말대로 무난한게 나을거 같네요.",
          "summary": "",
          "date": "2022-11-23",
          "time": "22:37:47",
          "terminate": "false"
        },
        {
          "speaker": "speaker2",
          "personaID": "93141",
          "participantID": "31916",
          "utterance": "ㅎㅎ 그렇죠? 그냥 TOP100같은거 틀어놓으세요~",
          "summary": "",
          "date": "2022-11-23",
          "time": "22:38:05",
          "terminate": "false"
        },
        {
          "speaker": "speaker1",
          "personaID": "93483",
          "participantID": "30078",
          "utterance": "오? 좋은데요? 그럼 호불호가 많이 안클거 같네요. 최신곡도 있을것이구요.",
          "summary": "",
          "date": "2022-11-23",
          "time": "22:38:26",
          "terminate": "false"
        },
        {
          "speaker": "speaker2",
          "personaID": "93141",
          "participantID": "31916",
          "utterance": "괜히 인기곡이 아니지요. ㅎㅎ 오픈은 언제에요?",
          "summary": "",
          "date": "2022-11-23",
          "time": "22:39:10",
          "terminate": "false"
        },
        {
          "speaker": "speaker1",
          "personaID": "93483",
          "participantID": "30078",
          "utterance": "지금 인테리어 중이라서요. 한달 안으로 오픈할거 같아요.",
          "summary": "",
          "date": "2022-11-23",
          "time": "22:39:21",
          "terminate": "false"
        },
        {
          "speaker": "speaker2",
          "personaID": "93141",
          "participantID": "31916",
          "utterance": "와 생각보다 금방 오픈하네요! 지역은 어디에요?",
          "summary": "",
          "date": "2022-11-23",
          "time": "22:39:39",
          "terminate": "false"
        },
        {
          "speaker": "speaker1",
          "personaID": "93483",
          "participantID": "30078",
          "utterance": "대구에 오픈을 합니다. 저희가 대구에서 살고 있거든요.",
          "summary": "나의 거주지는 대구이다.",
          "date": "2022-11-23",
          "time": "22:39:52",
          "terminate": "false"
        },
        {
          "speaker": "speaker2",
          "personaID": "93141",
          "participantID": "31916",
          "utterance": "아 대구구나~ 저는 창원에 사는데 거리가 좀 있네요.",
          "summary": "나의 거주지는 창원이다.",
          "date": "2022-11-23",
          "time": "22:40:18",
          "terminate": "false"
        },
        {
          "speaker": "speaker1",
          "personaID": "93483",
          "participantID": "30078",
          "utterance": "아쉽네요. 오픈할대 오시라고 할랬는데. 제 이름 말하면 잘 해줄텐데요.",
          "summary": "",
          "date": "2022-11-23",
          "time": "22:40:36",
          "terminate": "false"
        },
        {
          "speaker": "speaker2",
          "personaID": "93141",
          "participantID": "31916",
          "utterance": "그러게요. ㅎㅎ그래도 시간이 맞으면 방문해볼게요!",
          "summary": "",
          "date": "2022-11-23",
          "time": "22:40:58",
          "terminate": "false"
        },
        {
          "speaker": "speaker1",
          "personaID": "93483",
          "participantID": "30078",
          "utterance": "네. 나중에 대구에 놀러오실일 있으시면 한번 오세요. 제가 대구 소개도 해드릴게요.",
          "summary": "",
          "date": "2022-11-23",
          "time": "22:41:16",
          "terminate": "false"
        },
        {
          "speaker": "speaker2",
          "personaID": "93141",
          "participantID": "31916",
          "utterance": "ㅎㅎ 줄넘기 매일매일 해야겠는걸요? 님에게 잘 보이려면 살좀 빼야겠어요~",
          "summary": "나는 줄넘기를 매일 할 것이다.",
          "date": "2022-11-23",
          "time": "22:41:39",
          "terminate": "false"
        },
        {
          "speaker": "speaker1",
          "personaID": "93483",
          "participantID": "30078",
          "utterance": "저도 줄넘기 자주 하는데, 이제 매일매일 해보겠습니다. 그럼 우리 줄넘기 하러가요.",
          "summary": "",
          "date": "2022-11-23",
          "time": "22:41:57",
          "terminate": "false"
        },
        {
          "speaker": "speaker2",
          "personaID": "93141",
          "participantID": "31916",
          "utterance": "그래요~ ㅎㅎ 너무 무리해서 하진 마세요! 무릎 안좋아져요!",
          "summary": "",
          "date": "2022-11-23",
          "time": "22:42:16",
          "terminate": "true"
        }
      ],
      "sessionPersonaSummary": {
        "speaker1": [
          "나의 거주지는 대구이다."
        ],
        "speaker2": [
          "나의 거주지는 창원이다.",
          "나는 줄넘기를 매일 할 것이다."
        ]
      },
      "prevAggregatedpersonaSummary": {
        "speaker1": [
          "나는 50대 남성이다.",
          "나의 남자 형제는 미용사이다.",
          "나의 남자 형제는 개업을 준비한다.",
          "나는 줄넘기를 가끔 한다.",
          "나는 TV 교육 프로그램을 자주 본다.",
          "나는 혈액형이 AB형이다.",
          "나의 동생은 오픈하기로 결정했다.",
          "나는 동생이랑 나이 차이가 많이 난다."
        ],
        "speaker2": [
          "나는 40대 여성이다.",
          "나는 미용실에 자주 간다.",
          "나는 외모관리에 관심이 많다. 나는 줄넘기를 가끔 한다.",
          "나는 로큰롤 음악을 가끔 듣는다.",
          "나는 공부와 거리가 멀다.",
          "나는 혈액형이 b형이다.",
          "나는 무난한 음악이 더 좋을 거 같다."
        ]
      }
    },
    {
      "prevSessionID": "4-00539-3",
      "prevTimeInfo": {
        "timeNum": "10",
        "timeUnit": "일"
      },
      "nthSession": "4",
      "numberOfUtterances": "14",
      "numberOfTurns": "7",
      "sessionID": "4-00539-4",
      "dialog": [
        {
          "speaker": "speaker1",
          "personaID": "93483",
          "participantID": "30078",
          "utterance": "너무 오랜만입니다. 2주는 안넘겼지요?",
          "summary": "",
          "date": "2022-11-23",
          "time": "22:42:44",
          "terminate": "false"
        },
        {
          "speaker": "speaker2",
          "personaID": "93141",
          "participantID": "31916",
          "utterance": "그렇네요. ㅎㅎ 대화하기 싫은데 억지로 하는건 아니시지요?",
          "summary": "",
          "date": "2022-11-23",
          "time": "22:43:01",
          "terminate": "false"
        },
        {
          "speaker": "speaker1",
          "personaID": "93483",
          "participantID": "30078",
          "utterance": "설마요! 왜 그런 생각을 하셨나요.",
          "summary": "",
          "date": "2022-11-23",
          "time": "22:43:18",
          "terminate": "false"
        },
        {
          "speaker": "speaker2",
          "personaID": "93141",
          "participantID": "31916",
          "utterance": "아니 좀 대화가 뜸하시길래~ 혹시나 했지요. ㅎㅎ.",
          "summary": "",
          "date": "2022-11-23",
          "time": "22:43:53",
          "terminate": "false"
        },
        {
          "speaker": "speaker1",
          "personaID": "93483",
          "participantID": "30078",
          "utterance": "아닙니다. 하하 오해하지마세요. 저는 님이랑 대화 하는게 좋습니다.",
          "summary": "나는 상대방이랑 대화하는 게 좋다.",
          "date": "2022-11-23",
          "time": "22:44:22",
          "terminate": "false"
        },
        {
          "speaker": "speaker2",
          "personaID": "93141",
          "participantID": "31916",
          "utterance": "그럼 다행이구요. ㅎㅎ 동생 미용실 오픈 준비는 잘 되어가나요?",
          "summary": "",
          "date": "2022-11-23",
          "time": "22:44:39",
          "terminate": "false"
        },
        {
          "speaker": "speaker1",
          "personaID": "93483",
          "participantID": "30078",
          "utterance": "네. 이제 며칠 안남았습니다. 덩달아 바빠져서 매일 줄넘기를 못했네요. 님은요?",
          "summary": "나는 매일 줄넘기를 못했다.",
          "date": "2022-11-23",
          "time": "22:45:39",
          "terminate": "false"
        },
        {
          "speaker": "speaker2",
          "personaID": "93141",
          "participantID": "31916",
          "utterance": "저도 말만 매일 한다고 해놓고 매일 안했어요~ ㅋㅋ.",
          "summary": "",
          "date": "2022-11-23",
          "time": "22:46:00",
          "terminate": "false"
        },
        {
          "speaker": "speaker1",
          "personaID": "93483",
          "participantID": "30078",
          "utterance": "ㅋ그럼 공평하네요. 다른 운동은 안하셨나요?",
          "summary": "",
          "date": "2022-11-23",
          "time": "22:46:32",
          "terminate": "false"
        },
        {
          "speaker": "speaker2",
          "personaID": "93141",
          "participantID": "31916",
          "utterance": "ㅎㅎ 운동안했어요. 미용실 현금결제하면 더 싸게 해주시나요?",
          "summary": "나는 운동을 안 했다.",
          "date": "2022-11-23",
          "time": "22:47:11",
          "terminate": "false"
        },
        {
          "speaker": "speaker1",
          "personaID": "93483",
          "participantID": "30078",
          "utterance": "네. 맞습니다. 그건 그냥 동생한테 넘겨버렸어요. 사장이 알아서 결정하라구요.",
          "summary": "",
          "date": "2022-11-23",
          "time": "22:47:35",
          "terminate": "false"
        },
        {
          "speaker": "speaker2",
          "personaID": "93141",
          "participantID": "31916",
          "utterance": "ㅋㅋ잘 생각하셨네요. 그럼 그날 현금좀 뽑아가야겠네요~!",
          "summary": "",
          "date": "2022-11-23",
          "time": "22:47:50",
          "terminate": "false"
        },
        {
          "speaker": "speaker1",
          "personaID": "93483",
          "participantID": "30078",
          "utterance": "하하. 카드하셔도 할인 해드립니다. 특별히요. 그럼 오실때 미리 연락주세요.",
          "summary": "",
          "date": "2022-11-23",
          "time": "22:48:07",
          "terminate": "false"
        },
        {
          "speaker": "speaker2",
          "personaID": "93141",
          "participantID": "31916",
          "utterance": "와 정말요~? 그럼 그날 비싼머리 해야겠네요. ㅎㅎ 가기전에 연락드릴게요~!",
          "summary": "",
          "date": "2022-11-23",
          "time": "22:48:30",
          "terminate": "true"
        }
      ],
      "sessionPersonaSummary": {
        "speaker1": [
          "나는 상대방이랑 대화하는 게 좋다.",
          "나는 매일 줄넘기를 못했다."
        ],
        "speaker2": [
          "나는 운동을 안 했다."
        ]
      },
      "prevAggregatedpersonaSummary": {
        "speaker1": [
          "나는 50대 남성이다.",
          "나의 남자 형제는 미용사이다.",
          "나의 남자 형제는 개업을 준비한다.",
          "나는 줄넘기를 가끔 한다.",
          "나는 TV 교육 프로그램을 자주 본다.",
          "나는 혈액형이 AB형이다.",
          "나의 동생은 오픈하기로 결정했다.",
          "나는 동생이랑 나이 차이가 많이 난다.",
          "나의 거주지는 대구이다."
        ],
        "speaker2": [
          "나는 40대 여성이다.",
          "나는 미용실에 자주 간다.",
          "나는 외모관리에 관심이 많다. 나는 줄넘기를 가끔 한다.",
          "나는 로큰롤 음악을 가끔 듣는다.",
          "나는 공부와 거리가 멀다.",
          "나는 혈액형이 b형이다.",
          "나는 무난한 음악이 더 좋을 거 같다.",
          "나의 거주지는 창원이다.",
          "나는 줄넘기를 매일 할 것이다."
        ]
      }
    }
  ]
}