{
  "FileInfo": {
    "filename": "K4-00311-CL34283-CP61634-14-04-S4.json",
    "sessionLevel": "4"
  },
  "participantsInfo": {
    "numberOfParticipants": "2",
    "speaker1": {
      "participantID": "4290",
      "gender": "여성",
      "age": "30대",
      "occupation": "주부",
      "bPlace": "서울/경기/인천",
      "gPlace": "서울/경기/인천",
      "rPlace": "서울/경기/인천",
      "educationLevel": "대졸"
    },
    "speaker2": {
      "participantID": "4279",
      "gender": "여성",
      "age": "50대",
      "occupation": "주부",
      "bPlace": "부산/대구/울산/경상",
      "gPlace": "부산/대구/울산/경상",
      "rPlace": "부산/대구/울산/경상",
      "educationLevel": "대졸"
    }
  },
  "multisessionInfo": {
    "multisessionID": "4-00311"
  },
  "personaInfo": {
    "clInfo": {
      "personaID": "34283",
      "personaFeatures": [
        "나는 여자이다.",
        "나는 30대이다.",
        "나는 광고기획과를 전공했다",
        "나는 혈액형이 AB형이다",
        "나는 등산을 가끔 한다"
      ],
      "speakerType": "speaker1"
    },
    "cpInfo": {
      "personaID": "61634",
      "personaFeatures": [
        "나는 여자이다.",
        "나는 60대 이상이다.",
        "나는 다소 내성적이다",
        "나는 주말에 친구를 만난다",
        "나는 클라리넷 연주를 가끔 한다"
      ],
      "speakerType": "speaker2"
    }
  },
  "topicInfo": {
    "topicID": "14-04",
    "topicType": "시사/사회>사회이슈(국내)",
    "topicTitle": "법과 제도"
  },
  "sessionInfo": [
    {
      "prevSessionID": null,
      "prevTimeInfo": {
        "timeNum": null,
        "timeUnit": null
      },
      "nthSession": "1",
      "numberOfUtterances": "15",
      "numberOfTurns": "7",
      "sessionID": "4-00311-1",
      "dialog": [
        {
          "speaker": "speaker1",
          "personaID": "34283",
          "participantID": "4290",
          "utterance": "안녕하세요? 저는 30대 여성입니다. 만나서 반갑습니다.^^",
          "summary": "나는 30대 여성이다.",
          "date": "2022-11-03",
          "time": "22:06:11",
          "terminate": "false"
        },
        {
          "speaker": "speaker2",
          "personaID": "61634",
          "participantID": "4279",
          "utterance": "안녕하세요! 60대 여성입니다.",
          "summary": "나는 60대 여성이다.",
          "date": "2022-11-03",
          "time": "22:06:44",
          "terminate": "false"
        },
        {
          "speaker": "speaker1",
          "personaID": "34283",
          "participantID": "4290",
          "utterance": "오늘 날씨가 매우 쌀쌀하네요. 옷은 따뜻하게 입으셨나요?  저는 등산을 가끔해요~ 이번주에도 가려고 하는데 옷을 어떻게 입어야 할지 모르겠어요.",
          "summary": "나는 오늘 날씨가 쌀쌀하다고 생각한다. 나는 등산을 가끔 한다.",
          "date": "2022-11-04",
          "time": "15:27:43",
          "terminate": "false"
        },
        {
          "speaker": "speaker2",
          "personaID": "61634",
          "participantID": "4279",
          "utterance": "등산을 좋아하시군요 저는 다소 내성적이여서 요가를 해요!",
          "summary": "나는 내성적이어서 요가를 한다.",
          "date": "2022-11-04",
          "time": "15:36:58",
          "terminate": "false"
        },
        {
          "speaker": "speaker1",
          "personaID": "34283",
          "participantID": "4290",
          "utterance": "저도 요가를 좋아합니다. 답답할때 요가를 하면 기분이 편안해지고 스트레스가 풀리는 기분이 들어요.!  혹시 지금 무슨일을 하시나요? 저는 광고기획과를 전공하여 관련 업종에서 일하고 있습니다.",
          "summary": "나는 요가를 좋아한다. 나는 광고기획 업종에서 일한다.",
          "date": "2022-11-04",
          "time": "15:40:29",
          "terminate": "false"
        },
        {
          "speaker": "speaker2",
          "personaID": "61634",
          "participantID": "4279",
          "utterance": "저는 변호사를 일을 하다가 은퇴했습니다! 주말에는 뭐하시나요? 저는 친구를 주로 만나요",
          "summary": "나는 변호사를 하다가 은퇴했다. 나는 주말에 주로 친구를 만난다.",
          "date": "2022-11-04",
          "time": "17:04:55",
          "terminate": "false"
        },
        {
          "speaker": "speaker1",
          "personaID": "34283",
          "participantID": "4290",
          "utterance": "변호사를 하셨군요~! 말씀도 잘하시고 법지식이 엄청 많으시겠어요. 저도 요즘 세법을 공부하고 싶어요. 저도 친구들 만나는 것을 좋아합니다. 혹시 만나면 주로 무엇을 하시나요?",
          "summary": "나는 세법을 공부하고 싶다. 나는 친구를 만나는 것을 좋아한다.",
          "date": "2022-11-04",
          "time": "17:26:59",
          "terminate": "false"
        },
        {
          "speaker": "speaker2",
          "personaID": "61634",
          "participantID": "4279",
          "utterance": "법 공부를 한다니 멋있네요. 저는 수다를 떤답니다. 악기연주 좋아하나요? 저는 클라리넷 연주를 가끔 해요",
          "summary": "나는 클라리넷 연주를 가끔 한다.",
          "date": "2022-11-04",
          "time": "18:34:36",
          "terminate": "false"
        },
        {
          "speaker": "speaker1",
          "personaID": "34283",
          "participantID": "4290",
          "utterance": "어렸을때 피아노를 배웠었어요. 잠깐 합주부에서 합주도 했었구요. 그때 클라리넷 플루트 부는 친구들이 부러웠는데 멋지세요~! 혹시 혈액형은 어떻게 되시나요? 전  AB 형입니다.",
          "summary": "나는 피아노를 배웠다. 나는 AB형이다.",
          "date": "2022-11-05",
          "time": "17:01:26",
          "terminate": "false"
        },
        {
          "speaker": "speaker2",
          "personaID": "61634",
          "participantID": "4279",
          "utterance": "저는 B형이예요! 좋아하는 음식 있나요?",
          "summary": "나는 B형이다.",
          "date": "2022-11-05",
          "time": "17:18:52",
          "terminate": "false"
        },
        {
          "speaker": "speaker1",
          "personaID": "34283",
          "participantID": "4290",
          "utterance": "네 겨울에는 따뜻한 쌀국수를 좋아해요. 저는 고수도 좋아해서 많이 넣어 먹습니다.  요즘 자주 먹는 음식이 있으신가요?",
          "summary": "나는 쌀국수를 좋아한다.",
          "date": "2022-11-05",
          "time": "17:25:32",
          "terminate": "false"
        },
        {
          "speaker": "speaker2",
          "personaID": "61634",
          "participantID": "4279",
          "utterance": "저도 요즘 쌀쌀해서 그런지 쌀국수 많이 먹어요. 고수는 안 먹지만요!",
          "summary": "나는 요즘 쌀쌀해서 그런지 쌀국수를 많이 먹는다. 고수는 먹지 않는다.",
          "date": "2022-11-05",
          "time": "17:26:58",
          "terminate": "false"
        },
        {
          "speaker": "speaker1",
          "personaID": "34283",
          "participantID": "4290",
          "utterance": "쌀국수 국물이 뜨끈하고 소화도 잘되서 자주 먹습니다. 또 먹고 싶네요~! 월남쌈 뷔페도 좋아합니다. 한번 가면 몇시간 있다가 나오게 되네요. 월남쌈도 좋아하시나요?",
          "summary": " 나는 월남쌈 뷔페를 좋아한다.",
          "date": "2022-11-05",
          "time": "17:27:55",
          "terminate": "false"
        },
        {
          "speaker": "speaker2",
          "personaID": "61634",
          "participantID": "4279",
          "utterance": "월남쌈 좋아합니다~ 월남쌈 뷔페도 있다니 너무 좋네요 다음에 가봐야겠어요. 이제 저녁을 먹으러 가야겠어요. 저녁 맛있게 드세요~",
          "summary": "나는 월남쌈을 좋아한다.",
          "date": "2022-11-05",
          "time": "17:30:38",
          "terminate": "false"
        },
        {
          "speaker": "speaker1",
          "personaID": "34283",
          "participantID": "4290",
          "utterance": "네 저녁 맛있게 드세요~다음에 또 뵈요",
          "summary": "",
          "date": "2022-11-05",
          "time": "17:33:30",
          "terminate": "true"
        }
      ],
      "sessionPersonaSummary": {
        "speaker1": [
          "나는 30대 여성이다.",
          "나는 오늘 날씨가 쌀쌀하다고 생각한다.",
          "나는 등산을 가끔 한다.",
          "나는 요가를 좋아한다.",
          "나는 광고기획 업종에서 일한다.",
          "나는 세법을 공부하고 싶다.",
          "나는 친구를 만나는 것을 좋아한다.",
          "나는 피아노를 배웠다.",
          "나는 AB형이다.",
          "나는 쌀국수를 좋아한다.",
          "나는 월남쌈 뷔페를 좋아한다."
        ],
        "speaker2": [
          "나는 60대 여성이다.",
          "나는 내성적이어서 요가를 한다.",
          "나는 변호사를 하다가 은퇴했다. 나는 주말에 주로 친구를 만난다.",
          "나는 클라리넷 연주를 가끔 한다.",
          "나는 B형이다.",
          "나는 요즘 쌀쌀해서 그런지 쌀국수를 많이 먹는다. 고수는 먹지 않는다.",
          "나는 월남쌈을 좋아한다."
        ]
      },
      "prevAggregatedpersonaSummary": {
        "speaker1": [],
        "speaker2": []
      }
    },
    {
      "prevSessionID": "4-00311-1",
      "prevTimeInfo": {
        "timeNum": "8",
        "timeUnit": "일"
      },
      "nthSession": "2",
      "numberOfUtterances": "15",
      "numberOfTurns": "7",
      "sessionID": "4-00311-2",
      "dialog": [
        {
          "speaker": "speaker1",
          "personaID": "34283",
          "participantID": "4290",
          "utterance": "안녕하세요~ 벌써 일주일 하고도 하루가 지났네요. 잘 지내셨나요?",
          "summary": "",
          "date": "2022-11-05",
          "time": "17:40:18",
          "terminate": "false"
        },
        {
          "speaker": "speaker2",
          "personaID": "61634",
          "participantID": "4279",
          "utterance": "네 잘 지냈어요~ 님도 잘 지내셨죠? 뉴스를 보니 악법이 많은거 같아요",
          "summary": "나는 뉴스를 보니 악법이 많은 것 같다.",
          "date": "2022-11-05",
          "time": "18:36:28",
          "terminate": "false"
        },
        {
          "speaker": "speaker1",
          "personaID": "34283",
          "participantID": "4290",
          "utterance": "무슨 법을 보셨나요? 제가 뉴스를 가끔 보다 보니 지나치는 기사들도 많네요.",
          "summary": "",
          "date": "2022-11-05",
          "time": "20:13:30",
          "terminate": "false"
        },
        {
          "speaker": "speaker2",
          "personaID": "61634",
          "participantID": "4279",
          "utterance": "여러가지 악법이 많았지만 스토킹 법이 이상하다고 느껴졌어요. 남자든 여자든 스토킹을 하고 집에도 무단침입을 하는데 경찰이 해줄수 없다는게 놀랐어요",
          "summary": "나는 여러 가지 악법이 많지만 스토킹 법이 이상하다고 느꼈다. 남자든 여자든 스토킹을 하고 집에도 무단 침입을 하는데 경찰이 해줄 수 없다는 게 놀라웠다.",
          "date": "2022-11-05",
          "time": "20:19:23",
          "terminate": "false"
        },
        {
          "speaker": "speaker1",
          "personaID": "34283",
          "participantID": "4290",
          "utterance": "네~ 맞아요. 저도 그것에 대해서는 기사를 본 것 같아요. 무단침입을 하는데 해줄 수 있는게 없다니 이게 말이 되나요? 무단침입 자체가 저는 끔찍한 범죄 라고 생각해요.",
          "summary": "나는 스토킹에 관한 기사를 봤다. 나는 무단침입은 끔찍한 범죄라고 생각한다.",
          "date": "2022-11-05",
          "time": "20:20:20",
          "terminate": "false"
        },
        {
          "speaker": "speaker2",
          "personaID": "61634",
          "participantID": "4279",
          "utterance": "저도요. 법으로 체포 할 수 있는 명분이 없으니까 경찰도 해줄수 없는건데 정말 무섭더라구요. 법이 어서 개정되었으면 좋겠어요",
          "summary": "나는 법으로 체포할 수 있는 명분이 없으니 경찰도 해줄 수 없는 것이 무섭다. 나는 법이 어서 개정되었으면 좋겠다.",
          "date": "2022-11-05",
          "time": "20:21:24",
          "terminate": "false"
        },
        {
          "speaker": "speaker1",
          "personaID": "34283",
          "participantID": "4290",
          "utterance": "맞아요. 특히 여자 입장에서는 밖에서 모르는 남자와 눈만 마주쳐도 사실 무섭더라구요. 저는 겁이 많아서요.  누구는 도끼병 아니냐고 하는데 제가 무서운데 어떻게 하나요. 얼마전에 여러 스토킹 범죄 보고 더욱 조심하게 됩니다. ",
          "summary": "나는 겁이 많다. 나는 스토킹 범죄를 보고 조심하게 되었다.",
          "date": "2022-11-05",
          "time": "20:50:31",
          "terminate": "false"
        },
        {
          "speaker": "speaker2",
          "personaID": "61634",
          "participantID": "4279",
          "utterance": "맞아요. 저도 여자지만 꼭 여자에 국한된 문제는 아니더라구요. 남자도 스토킹 당하는거 보면 너무 무서워보였어요. 님은 악법이라고 생각된 법이 있으신가요?",
          "summary": "나는 여자지만 꼭 여자에 국한된 문제는 아니라고 생각한다. 남자도 스토킹 당하는 것을 보면 너무 무서워 보인다.",
          "date": "2022-11-05",
          "time": "21:01:22",
          "terminate": "false"
        },
        {
          "speaker": "speaker1",
          "personaID": "34283",
          "participantID": "4290",
          "utterance": "저는 글쎄요. 평소에 법을 생각할 만한 사건이 없어서, 깊게 생각해 본적이 없어요. 다만 생겼으면 좋겠다고 생각한 법은 있어요. 제가 걸어다니는 것을 좋아하고 자전거로 이동을 많이 하는데, 신호등이 초록 불이어도 무서워서 건널 수가 없어요. 우회전 하는 차량 때문에요.",
          "summary": "나는 법에 대해 생각해본 적이 없다.",
          "date": "2022-11-05",
          "time": "22:32:12",
          "terminate": "false"
        },
        {
          "speaker": "speaker2",
          "personaID": "61634",
          "participantID": "4279",
          "utterance": "무섭겠네요. 최근에 우회전 교통법이 개정된걸로 아는데 이제 걱정없이 다니셔도 될꺼예요~ 초록불이 아니라 빨간불이여도 사람이 있으면 우회전 하면 안되거든요!",
          "summary": "나는 최근에 우회전 교통법이 개정된 것으로 아는데 걱정 없이 다녀도 될 것 같다. 초록불이 아니라, 빨간불이어도 사람이 있으면 우회전하면 안 된다.",
          "date": "2022-11-06",
          "time": "11:27:09",
          "terminate": "false"
        },
        {
          "speaker": "speaker1",
          "personaID": "34283",
          "participantID": "4290",
          "utterance": "네 맞아요. 저도 개정됐다고 알고 있는데, 여전히 많은 차들이 초록불에 운전하더라구요. ㅠ 카메라를 들어 찍기에 시간도 짧고 화가나요. 제재가 좀 더 강화 되어야 할거 같아요.  몸에 카메라를 들고 다니면서 찍어볼까도 생각했어요. 저 너무 예민한가요? ",
          "summary": "나는 우회전 신호를 지키지 않는 차량들이 화가 난다. 나는 제재가 강화되어야 한다고 생각한다.",
          "date": "2022-11-06",
          "time": "16:50:43",
          "terminate": "false"
        },
        {
          "speaker": "speaker2",
          "personaID": "61634",
          "participantID": "4279",
          "utterance": "아니예요~ 직접 경험하지 못하면 그 마음을 알 수 없죠! 법을 잘 지키는 세상이 되었으면 좋겠어요",
          "summary": "나는 법을 잘 지키는 세상이 되었으면 좋겠다.",
          "date": "2022-11-06",
          "time": "17:12:47",
          "terminate": "false"
        },
        {
          "speaker": "speaker1",
          "personaID": "34283",
          "participantID": "4290",
          "utterance": "네 이해해주시니 감사해요. 사람들이 다 같은 마음이면 좋겠지만 그럼 법이 없겠죠?",
          "summary": "",
          "date": "2022-11-06",
          "time": "17:14:48",
          "terminate": "false"
        },
        {
          "speaker": "speaker2",
          "personaID": "61634",
          "participantID": "4279",
          "utterance": "그러니까요. 법은 지키라고 있는데 잘 안 지키는거 같아요. 약속을 나가봐야겠어요. 오늘도 대화 즐거웠어요~",
          "summary": "",
          "date": "2022-11-06",
          "time": "17:15:24",
          "terminate": "false"
        },
        {
          "speaker": "speaker1",
          "personaID": "34283",
          "participantID": "4290",
          "utterance": "네 다음에 또 봐요. 대화 즐거웠어요~",
          "summary": "",
          "date": "2022-11-06",
          "time": "18:33:02",
          "terminate": "true"
        }
      ],
      "sessionPersonaSummary": {
        "speaker1": [
          "나는 스토킹에 관한 기사를 봤다.",
          "나는 무단침입은 끔찍한 범죄라고 생각한다.",
          "나는 겁이 많다.",
          "나는 스토킹 범죄를 보고 조심하게 되었다.",
          "나는 법에 대해 생각해본 적이 없다.",
          "나는 우회전 신호를 지키지 않는 차량들이 화가 난다.",
          "나는 제재가 강화되어야 한다고 생각한다."
        ],
        "speaker2": [
          "나는 뉴스를 보니 악법이 많은 것 같다.",
          "나는 여러 가지 악법이 많지만 스토킹 법이 이상하다고 느꼈다. 남자든 여자든 스토킹을 하고 집에도 무단 침입을 하는데 경찰이 해줄 수 없다는 게 놀라웠다.",
          "나는 법으로 체포할 수 있는 명분이 없으니 경찰도 해줄 수 없는 것이 무섭다. 나는 법이 어서 개정되었으면 좋겠다.",
          "나는 여자지만 꼭 여자에 국한된 문제는 아니라고 생각한다. 남자도 스토킹 당하는 것을 보면 너무 무서워 보인다.",
          "나는 최근에 우회전 교통법이 개정된 것으로 아는데 걱정 없이 다녀도 될 것 같다. 초록불이 아니라, 빨간불이어도 사람이 있으면 우회전하면 안 된다.",
          "나는 법을 잘 지키는 세상이 되었으면 좋겠다."
        ]
      },
      "prevAggregatedpersonaSummary": {
        "speaker1": [
          "나는 30대 여성이다.",
          "나는 오늘 날씨가 쌀쌀하다고 생각한다.",
          "나는 등산을 가끔 한다.",
          "나는 요가를 좋아한다.",
          "나는 광고기획 업종에서 일한다.",
          "나는 세법을 공부하고 싶다.",
          "나는 친구를 만나는 것을 좋아한다.",
          "나는 피아노를 배웠다.",
          "나는 AB형이다.",
          "나는 쌀국수를 좋아한다.",
          "나는 월남쌈 뷔페를 좋아한다."
        ],
        "speaker2": [
          "나는 60대 여성이다.",
          "나는 내성적이어서 요가를 한다.",
          "나는 변호사를 하다가 은퇴했다. 나는 주말에 주로 친구를 만난다.",
          "나는 클라리넷 연주를 가끔 한다.",
          "나는 B형이다.",
          "나는 요즘 쌀쌀해서 그런지 쌀국수를 많이 먹는다. 고수는 먹지 않는다.",
          "나는 월남쌈을 좋아한다."
        ]
      }
    },
    {
      "prevSessionID": "4-00311-2",
      "prevTimeInfo": {
        "timeNum": "36",
        "timeUnit": "시간"
      },
      "nthSession": "3",
      "numberOfUtterances": "15",
      "numberOfTurns": "7",
      "sessionID": "4-00311-3",
      "dialog": [
        {
          "speaker": "speaker1",
          "personaID": "34283",
          "participantID": "4290",
          "utterance": "안녕하세요? 벌써 하루하고도 반나절이 지났네요. 잘 지내셨나요?",
          "summary": "",
          "date": "2022-11-06",
          "time": "19:54:38",
          "terminate": "false"
        },
        {
          "speaker": "speaker2",
          "personaID": "61634",
          "participantID": "4279",
          "utterance": "네 시간이 참 빠른거 같아요~ 님도 잘 지내셨나요?",
          "summary": "",
          "date": "2022-11-06",
          "time": "20:02:12",
          "terminate": "false"
        },
        {
          "speaker": "speaker1",
          "personaID": "34283",
          "participantID": "4290",
          "utterance": "네 잘 지냈습니다. 저번에 변호사님 덕분에 법얘기를 하다 보니 법에 대한 관심이 많이 생겼어요.  사실 제가 궁금했던 것이 있는데 방송인 사유리 씨가 아이를 혼자 가졌잖아요. 이런 경우는 워낙 특이해서 새로운 법이 생겨야 할거 같다는 생각이 들었어요.",
          "summary": "나는 법에 대한 관심이 생겼다. 나는 아이를 혼자 가지는 것에 대해 새로운 법이 생겼으면 한다.",
          "date": "2022-11-06",
          "time": "20:09:38",
          "terminate": "false"
        },
        {
          "speaker": "speaker2",
          "personaID": "61634",
          "participantID": "4279",
          "utterance": "오 맞아요. 요즘 결혼하지 않고 아이를 갖고 싶어하는 사람들이 늘어나는데 정자은행에서 기부 받는것이 우리나라는 불법이라고 들었어요",
          "summary": "요즘 결혼하지 않고 아이를 갖고 싶어 하는 사람들이 늘어나는데, 정자은행에서 기부받는 것이 우리나라는 불법이라 들었다.",
          "date": "2022-11-06",
          "time": "21:28:07",
          "terminate": "false"
        },
        {
          "speaker": "speaker1",
          "personaID": "34283",
          "participantID": "4290",
          "utterance": "아 그런가요? 우리나라에 그런 법이 있는 것은 처음 들었어요. 사유리 씨는 외국인이라 가능한 건가요?",
          "summary": "",
          "date": "2022-11-06",
          "time": "21:38:45",
          "terminate": "false"
        },
        {
          "speaker": "speaker2",
          "personaID": "61634",
          "participantID": "4279",
          "utterance": "네 제가 알아본바로는 일본에서 기증을 받았다고 하더라구요~ ",
          "summary": "내가 알기로는 일본에서 기증을 받았다고 한다.",
          "date": "2022-11-06",
          "time": "21:44:32",
          "terminate": "false"
        },
        {
          "speaker": "speaker1",
          "personaID": "34283",
          "participantID": "4290",
          "utterance": "우리나라는 왜 아직 법이 개정되지 않은 걸까요? 사실 중국에서도 정자은행을 통해서 아이를 가졌다는 소식을 들은 것 같아요.  법을 풀어주면 그런일들이 많이 발생할 것 같은지.. 실제로 사회에 혼란이 일어날 것 같으신가요?",
          "summary": "",
          "date": "2022-11-06",
          "time": "21:47:24",
          "terminate": "false"
        },
        {
          "speaker": "speaker2",
          "personaID": "61634",
          "participantID": "4279",
          "utterance": "저는 어느정도는 규제를 풀어주어야 한다고 생각해요. 지금 저출산이 너무 심각해서요!",
          "summary": "나는 어느 정도 규제를 풀어줘야 한다고 생각한다. 지금 저출산이 심각하다.",
          "date": "2022-11-06",
          "time": "21:57:06",
          "terminate": "false"
        },
        {
          "speaker": "speaker1",
          "personaID": "34283",
          "participantID": "4290",
          "utterance": "맞아요 저출산이 너무 심각해요. 그리고 저는 사실 법을 풀어줘도 혼자서 아이를 가질 생각을 하실 분들이 많지는 않을 것 같아요.  사유리씨는 연예인이고 돈이 많이 있으셔서 여유가 되실 것 같거든요. 보통 여자들은 애를 가지면 일을 그만둬야 하잖아요.",
          "summary": "나는 저출산이 심각하다고 생각한다.",
          "date": "2022-11-06",
          "time": "22:14:05",
          "terminate": "false"
        },
        {
          "speaker": "speaker2",
          "personaID": "61634",
          "participantID": "4279",
          "utterance": "그것도 일리는 있어요! 그래도 법이 좀 풀려서 소수라도 그런 분들이 많아진다면 저출산이 완화되지 않을까 생각도 들어요! 법은 생각할수록 심오한 주제인거 같아요!",
          "summary": "나는 법이 풀려서 소수라도 그런 분들이 많아지면 저출산이 완화될 것 같다. 법은 생각할수록 심오한 주제인 것 같다.",
          "date": "2022-11-06",
          "time": "22:47:27",
          "terminate": "false"
        },
        {
          "speaker": "speaker1",
          "personaID": "34283",
          "participantID": "4290",
          "utterance": "맞아요. 사실 법이라는게 많은 사람들이 같이 살다 보니까 규칙을 만든거 같은데, 규칙이 너무 많아지니까 복잡해요. 제가 운전면허를 옛날에 따고 요즘 운전을 하는데, 교통법이 너무 어려운 것 같아요.",
          "summary": "나는 규칙이 많아지니까 복잡하게 느껴진다. 나는 운전면허를 예전에 땄다.",
          "date": "2022-11-07",
          "time": "11:01:29",
          "terminate": "false"
        },
        {
          "speaker": "speaker2",
          "personaID": "61634",
          "participantID": "4279",
          "utterance": "맞아요. 저도 운전면허 딴지 오래인데 점점 공부해야 할게 많아지네요! 그래도 안전하게 다닐수 있다면 좋아요!",
          "summary": "나는 운전면허를 딴지 오래되었는데 점점 공부할게 많아진다.",
          "date": "2022-11-07",
          "time": "11:31:51",
          "terminate": "false"
        },
        {
          "speaker": "speaker1",
          "personaID": "34283",
          "participantID": "4290",
          "utterance": "네 맞아요 법과 제도를 좀더 공부하고 운전할때 조심해야겠어요.",
          "summary": "나는 법과 제도를 좀 더 공부하고 운전할 때 조심해야 한다고 생각한다.",
          "date": "2022-11-07",
          "time": "14:20:37",
          "terminate": "false"
        },
        {
          "speaker": "speaker2",
          "personaID": "61634",
          "participantID": "4279",
          "utterance": "저도 열심히 운전해야겠어요! 저는 약속이 있어서 가봐야 할것같아요! 안전운전하시고 건강하세요~",
          "summary": "나도 열심히 운전해야겠다.",
          "date": "2022-11-07",
          "time": "14:22:29",
          "terminate": "false"
        },
        {
          "speaker": "speaker1",
          "personaID": "34283",
          "participantID": "4290",
          "utterance": "네 다음에 또 얘기 나눠요. 반가웠습니다.",
          "summary": "",
          "date": "2022-11-07",
          "time": "14:23:56",
          "terminate": "true"
        }
      ],
      "sessionPersonaSummary": {
        "speaker1": [
          "나는 법에 대한 관심이 생겼다.",
          "나는 아이를 혼자 가지는 것에 대해 새로운 법이 생겼으면 한다.",
          "나는 저출산이 심각하다고 생각한다.",
          "나는 규칙이 많아지니까 복잡하게 느껴진다.",
          "나는 운전면허를 예전에 땄다.",
          "나는 법과 제도를 좀 더 공부하고 운전할 때 조심해야 한다고 생각한다."
        ],
        "speaker2": [
          "요즘 결혼하지 않고 아이를 갖고 싶어 하는 사람들이 늘어나는데, 정자은행에서 기부받는 것이 우리나라는 불법이라 들었다.",
          "내가 알기로는 일본에서 기증을 받았다고 한다.",
          "나는 어느 정도 규제를 풀어줘야 한다고 생각한다. 지금 저출산이 심각하다.",
          "나는 법이 풀려서 소수라도 그런 분들이 많아지면 저출산이 완화될 것 같다. 법은 생각할수록 심오한 주제인 것 같다.",
          "나는 운전면허를 딴지 오래되었는데 점점 공부할게 많아진다.",
          "나도 열심히 운전해야겠다."
        ]
      },
      "prevAggregatedpersonaSummary": {
        "speaker1": [
          "나는 30대 여성이다.",
          "나는 오늘 날씨가 쌀쌀하다고 생각한다.",
          "나는 등산을 가끔 한다.",
          "나는 요가를 좋아한다.",
          "나는 광고기획 업종에서 일한다.",
          "나는 세법을 공부하고 싶다.",
          "나는 친구를 만나는 것을 좋아한다.",
          "나는 피아노를 배웠다.",
          "나는 AB형이다.",
          "나는 쌀국수를 좋아한다.",
          "나는 월남쌈 뷔페를 좋아한다.",
          "나는 스토킹에 관한 기사를 봤다.",
          "나는 무단침입은 끔찍한 범죄라고 생각한다.",
          "나는 겁이 많다.",
          "나는 스토킹 범죄를 보고 조심하게 되었다.",
          "나는 법에 대해 생각해본 적이 없다.",
          "나는 우회전 신호를 지키지 않는 차량들이 화가 난다.",
          "나는 제재가 강화되어야 한다고 생각한다."
        ],
        "speaker2": [
          "나는 60대 여성이다.",
          "나는 내성적이어서 요가를 한다.",
          "나는 변호사를 하다가 은퇴했다. 나는 주말에 주로 친구를 만난다.",
          "나는 클라리넷 연주를 가끔 한다.",
          "나는 B형이다.",
          "나는 요즘 쌀쌀해서 그런지 쌀국수를 많이 먹는다. 고수는 먹지 않는다.",
          "나는 월남쌈을 좋아한다.",
          "나는 뉴스를 보니 악법이 많은 것 같다.",
          "나는 여러 가지 악법이 많지만 스토킹 법이 이상하다고 느꼈다. 남자든 여자든 스토킹을 하고 집에도 무단 침입을 하는데 경찰이 해줄 수 없다는 게 놀라웠다.",
          "나는 법으로 체포할 수 있는 명분이 없으니 경찰도 해줄 수 없는 것이 무섭다. 나는 법이 어서 개정되었으면 좋겠다.",
          "나는 여자지만 꼭 여자에 국한된 문제는 아니라고 생각한다. 남자도 스토킹 당하는 것을 보면 너무 무서워 보인다.",
          "나는 최근에 우회전 교통법이 개정된 것으로 아는데 걱정 없이 다녀도 될 것 같다. 초록불이 아니라, 빨간불이어도 사람이 있으면 우회전하면 안 된다.",
          "나는 법을 잘 지키는 세상이 되었으면 좋겠다."
        ]
      }
    },
    {
      "prevSessionID": "4-00311-3",
      "prevTimeInfo": {
        "timeNum": "8",
        "timeUnit": "시간"
      },
      "nthSession": "4",
      "numberOfUtterances": "15",
      "numberOfTurns": "7",
      "sessionID": "4-00311-4",
      "dialog": [
        {
          "speaker": "speaker1",
          "personaID": "34283",
          "participantID": "4290",
          "utterance": "벌써 8시간이나 지났네요. 그동안 뭘 하고  계셨나요?",
          "summary": "",
          "date": "2022-11-07",
          "time": "14:27:05",
          "terminate": "false"
        },
        {
          "speaker": "speaker2",
          "personaID": "61634",
          "participantID": "4279",
          "utterance": "저는 쉬거나 뉴스를 보고 있었어요. 어제 기차가 탈선이 되었더군요",
          "summary": "나는 쉬거나 뉴스를 보고 있었다.",
          "date": "2022-11-07",
          "time": "14:33:15",
          "terminate": "false"
        },
        {
          "speaker": "speaker1",
          "personaID": "34283",
          "participantID": "4290",
          "utterance": "그런가요? 저는 몰랐어요. 어쩌다가 그런일이 일어난 건가요?",
          "summary": "",
          "date": "2022-11-07",
          "time": "14:34:19",
          "terminate": "false"
        },
        {
          "speaker": "speaker2",
          "personaID": "61634",
          "participantID": "4279",
          "utterance": "그건 안 알려져 있어요. 부상자가 많이 없어서 다행이예요. 최근 공사장에서 중대재해법이 시행되고 있는데 이 법에 대해서 어떻게 생각하세요?",
          "summary": "최근 공사장 중대재해 법이 시행되고 있다.",
          "date": "2022-11-07",
          "time": "14:35:13",
          "terminate": "false"
        },
        {
          "speaker": "speaker1",
          "personaID": "34283",
          "participantID": "4290",
          "utterance": "우리나라  기차가 많이 발전했다고 생각했는데 아직도 사건사고가 많군요. 빨리 원상복구 되었으면 좋겠네요. 중대재해법은 무조건 실시해야 한다고 생각합니다. 공사장에서 정말 어이없이 돌아가시는 분들이 많더라구요.",
          "summary": "나는 기차가 빨리 원상복구 되었으면 좋겠다. 나는 중대재해 법은 무조건 실시해야 한다고 생각한다.",
          "date": "2022-11-07",
          "time": "14:38:49",
          "terminate": "false"
        },
        {
          "speaker": "speaker2",
          "personaID": "61634",
          "participantID": "4279",
          "utterance": "맞아요. 저도 그렇게 생각해요~ 법을 시행해도 사고가 발생하는데 법이 없으면 더 많을것같아요",
          "summary": "법을 시행해도 사고가 많이 발생하는데, 법이 없으면 사고가 더 많을 것 같다.",
          "date": "2022-11-07",
          "time": "14:41:16",
          "terminate": "false"
        },
        {
          "speaker": "speaker1",
          "personaID": "34283",
          "participantID": "4290",
          "utterance": "사실 동네 아파트 건설장에서 콘크리트를 뿜어내는 기계에 맞아 한분이 돌아가셨다고 해요. 제가 너무 놀라 검색해보니,  기계가 노후화가 되거나 주의 부족으로 같은 이유로 돌아가신 분들이 엄청 많더라구요..!! 왜 공사장에서는 조심하지 않는 걸까요?",
          "summary": "나는 동네 아파트 건설장에서 사망사고가 났다고 들었다.",
          "date": "2022-11-07",
          "time": "14:42:43",
          "terminate": "false"
        },
        {
          "speaker": "speaker2",
          "personaID": "61634",
          "participantID": "4279",
          "utterance": "어머 많이 놀라셨겠네요. 공사장이 제일 위험한데 안전 관리를 열심히 했으면 좋겠어요. 사람 목숨은 귀하니까요",
          "summary": "공사장이 제일 위험한데 안전 관리를 열심히 했으면 좋겠다.",
          "date": "2022-11-07",
          "time": "14:43:25",
          "terminate": "false"
        },
        {
          "speaker": "speaker1",
          "personaID": "34283",
          "participantID": "4290",
          "utterance": "그런데 생각보다 사람 목숨을 우습게 보는 분들이 많은 것 같네요. 중대 재해법은 더 강화되어야 한다고 생각합니다. 그래야 근로자들을 위한 안전장치를 더 만들테니까요. 혹시 사업주들이 다른 꼼수들을 부리시진 않겠죠?",
          "summary": "나는 중대 재해 법은 더 강화되어야 한다고 생각한다.",
          "date": "2022-11-07",
          "time": "14:44:47",
          "terminate": "false"
        },
        {
          "speaker": "speaker2",
          "personaID": "61634",
          "participantID": "4279",
          "utterance": "맞아요. 저는 하청을 주는것도 문제지만 하청업체도 문제가 있다고 생각해요. 물론 하청을 제대로 선택하지 않은 기업이 제일 큰 잘못이지만요!",
          "summary": "나는 하청을 주는 것도 문제지만 하청업체도 문제가 있다고 생각한다. 물론 하청을 제대로 선택하지 않은 기업이 제일 큰 잘못이다.",
          "date": "2022-11-07",
          "time": "14:45:31",
          "terminate": "false"
        },
        {
          "speaker": "speaker1",
          "personaID": "34283",
          "participantID": "4290",
          "utterance": "혹시나 하청을 주고 위에서는 나몰라라 할 수도 있겠군요. 법을 만드는 사람들이 좀더 꼼꼼히 알아봐야 할 부분일 것 같아요. 이렇게 말하다 보니 저도 법 공부를 하고 싶은 생각이 드네요. 사회 이슈와 법은 뗄수 없는 관계네요.",
          "summary": "나는 법을 만드는 사람이 꼼꼼해야 한다고 생각한다. 나는 법 공부를 하고 싶다.",
          "date": "2022-11-07",
          "time": "14:46:59",
          "terminate": "false"
        },
        {
          "speaker": "speaker2",
          "personaID": "61634",
          "participantID": "4279",
          "utterance": "확실히 법에 대해 많이 알고 있어야 억울한 일을 당하지 않겠다는 생각이 드네요!! 저도 열심히 공부를 해야겠어요",
          "summary": "법에 대해 많이 알고 있어야 억울한 일을 당하지 않겠다는 생각이 든다.",
          "date": "2022-11-07",
          "time": "14:47:26",
          "terminate": "false"
        },
        {
          "speaker": "speaker1",
          "personaID": "34283",
          "participantID": "4290",
          "utterance": "맞아요. 아는 만큼 보이는 거니까요. 사는데 필요한 법과 제도 정도는 공부를 해야겠어요.",
          "summary": "나는 법과 제도 정도는 공부를 해야겠다고 느꼈다.",
          "date": "2022-11-07",
          "time": "14:48:47",
          "terminate": "false"
        },
        {
          "speaker": "speaker2",
          "personaID": "61634",
          "participantID": "4279",
          "utterance": "이제 저는 가봐야할것같아요~ 대화 즐거웠어요!",
          "summary": "",
          "date": "2022-11-07",
          "time": "14:49:39",
          "terminate": "false"
        },
        {
          "speaker": "speaker1",
          "personaID": "34283",
          "participantID": "4290",
          "utterance": "네 감사합니다 또 만나서 이야기 나눠요.",
          "summary": "",
          "date": "2022-11-07",
          "time": "14:50:28",
          "terminate": "true"
        }
      ],
      "sessionPersonaSummary": {
        "speaker1": [
          "나는 기차가 빨리 원상복구 되었으면 좋겠다.",
          "나는 중대재해 법은 무조건 실시해야 한다고 생각한다.",
          "나는 동네 아파트 건설장에서 사망사고가 났다고 들었다.",
          "나는 중대 재해 법은 더 강화되어야 한다고 생각한다.",
          "나는 법을 만드는 사람이 꼼꼼해야 한다고 생각한다.",
          "나는 법 공부를 하고 싶다.",
          "나는 법과 제도 정도는 공부를 해야겠다고 느꼈다."
        ],
        "speaker2": [
          "나는 쉬거나 뉴스를 보고 있었다.",
          "최근 공사장 중대재해 법이 시행되고 있다.",
          "법을 시행해도 사고가 많이 발생하는데, 법이 없으면 사고가 더 많을 것 같다.",
          "공사장이 제일 위험한데 안전 관리를 열심히 했으면 좋겠다.",
          "나는 하청을 주는 것도 문제지만 하청업체도 문제가 있다고 생각한다. 물론 하청을 제대로 선택하지 않은 기업이 제일 큰 잘못이다.",
          "법에 대해 많이 알고 있어야 억울한 일을 당하지 않겠다는 생각이 든다."
        ]
      },
      "prevAggregatedpersonaSummary": {
        "speaker1": [
          "나는 30대 여성이다.",
          "나는 오늘 날씨가 쌀쌀하다고 생각한다.",
          "나는 등산을 가끔 한다.",
          "나는 요가를 좋아한다.",
          "나는 광고기획 업종에서 일한다.",
          "나는 세법을 공부하고 싶다.",
          "나는 친구를 만나는 것을 좋아한다.",
          "나는 피아노를 배웠다.",
          "나는 AB형이다.",
          "나는 쌀국수를 좋아한다.",
          "나는 월남쌈 뷔페를 좋아한다.",
          "나는 스토킹에 관한 기사를 봤다.",
          "나는 무단침입은 끔찍한 범죄라고 생각한다.",
          "나는 겁이 많다.",
          "나는 스토킹 범죄를 보고 조심하게 되었다.",
          "나는 법에 대해 생각해본 적이 없다.",
          "나는 우회전 신호를 지키지 않는 차량들이 화가 난다.",
          "나는 제재가 강화되어야 한다고 생각한다.",
          "나는 법에 대한 관심이 생겼다.",
          "나는 아이를 혼자 가지는 것에 대해 새로운 법이 생겼으면 한다.",
          "나는 저출산이 심각하다고 생각한다.",
          "나는 규칙이 많아지니까 복잡하게 느껴진다.",
          "나는 운전면허를 예전에 땄다.",
          "나는 법과 제도를 좀 더 공부하고 운전할 때 조심해야 한다고 생각한다."
        ],
        "speaker2": [
          "나는 60대 여성이다.",
          "나는 내성적이어서 요가를 한다.",
          "나는 변호사를 하다가 은퇴했다. 나는 주말에 주로 친구를 만난다.",
          "나는 클라리넷 연주를 가끔 한다.",
          "나는 B형이다.",
          "나는 요즘 쌀쌀해서 그런지 쌀국수를 많이 먹는다. 고수는 먹지 않는다.",
          "나는 월남쌈을 좋아한다.",
          "나는 뉴스를 보니 악법이 많은 것 같다.",
          "나는 여러 가지 악법이 많지만 스토킹 법이 이상하다고 느꼈다. 남자든 여자든 스토킹을 하고 집에도 무단 침입을 하는데 경찰이 해줄 수 없다는 게 놀라웠다.",
          "나는 법으로 체포할 수 있는 명분이 없으니 경찰도 해줄 수 없는 것이 무섭다. 나는 법이 어서 개정되었으면 좋겠다.",
          "나는 여자지만 꼭 여자에 국한된 문제는 아니라고 생각한다. 남자도 스토킹 당하는 것을 보면 너무 무서워 보인다.",
          "나는 최근에 우회전 교통법이 개정된 것으로 아는데 걱정 없이 다녀도 될 것 같다. 초록불이 아니라, 빨간불이어도 사람이 있으면 우회전하면 안 된다.",
          "나는 법을 잘 지키는 세상이 되었으면 좋겠다.",
          "요즘 결혼하지 않고 아이를 갖고 싶어 하는 사람들이 늘어나는데, 정자은행에서 기부받는 것이 우리나라는 불법이라 들었다.",
          "내가 알기로는 일본에서 기증을 받았다고 한다.",
          "나는 어느 정도 규제를 풀어줘야 한다고 생각한다. 지금 저출산이 심각하다.",
          "나는 법이 풀려서 소수라도 그런 분들이 많아지면 저출산이 완화될 것 같다. 법은 생각할수록 심오한 주제인 것 같다.",
          "나는 운전면허를 딴지 오래되었는데 점점 공부할게 많아진다.",
          "나도 열심히 운전해야겠다."
        ]
      }
    }
  ]
}