{
  "FileInfo": {
    "filename": "K4-00121-CL00183-CP01804-02-08-S4.json",
    "sessionLevel": "4"
  },
  "participantsInfo": {
    "numberOfParticipants": "2",
    "speaker1": {
      "participantID": "0535",
      "gender": "여성",
      "age": "20대",
      "occupation": "기타",
      "bPlace": "광주/전라/제주",
      "gPlace": "광주/전라/제주",
      "rPlace": "광주/전라/제주",
      "educationLevel": "대졸"
    },
    "speaker2": {
      "participantID": "0533",
      "gender": "여성",
      "age": "20대",
      "occupation": "학생",
      "bPlace": "서울/경기/인천",
      "gPlace": "서울/경기/인천",
      "rPlace": "서울/경기/인천",
      "educationLevel": "고졸"
    }
  },
  "multisessionInfo": {
    "multisessionID": "4-00121"
  },
  "personaInfo": {
    "clInfo": {
      "personaID": "00183",
      "personaFeatures": [
        "나는 여자이다.",
        "나는 20대이다.",
        "나는 매일 자차로 출퇴근한다.",
        "나는 체험 여행을 좋아한다.",
        "나는 단 음식을 싫어한다."
      ],
      "speakerType": "speaker1"
    },
    "cpInfo": {
      "personaID": "01804",
      "personaFeatures": [
        "나는 여자이다.",
        "나는 20대이다.",
        "나의 거주지는 서울이다.",
        "나는 매운 음식을 안 먹는다.",
        "나는 색소폰을 배우고 있다."
      ],
      "speakerType": "speaker2"
    }
  },
  "topicInfo": {
    "topicID": "02-08",
    "topicType": "주거와 생활",
    "topicTitle": "역세권"
  },
  "sessionInfo": [
    {
      "prevSessionID": null,
      "prevTimeInfo": {
        "timeNum": null,
        "timeUnit": null
      },
      "nthSession": "1",
      "numberOfUtterances": "16",
      "numberOfTurns": "8",
      "sessionID": "4-00121-1",
      "dialog": [
        {
          "speaker": "speaker1",
          "personaID": "00183",
          "participantID": "0535",
          "utterance": "반갑습니다 저는 20대 여자라고해요^^ 그쪽은요?",
          "summary": "나는 20대 여자이다.",
          "date": "2022-10-11",
          "time": "22:05:49",
          "terminate": "false"
        },
        {
          "speaker": "speaker2",
          "personaID": "01804",
          "participantID": "0533",
          "utterance": "처음뵙겠습니다 저는 20대 여자입니ㄷ^^",
          "summary": "나는 20대 여자이다.",
          "date": "2022-10-11",
          "time": "22:18:49",
          "terminate": "false"
        },
        {
          "speaker": "speaker1",
          "personaID": "00183",
          "participantID": "0535",
          "utterance": "이런대화는 처음이라 어색하지만 잘 부탁드려요.",
          "summary": "",
          "date": "2022-10-11",
          "time": "22:19:29",
          "terminate": "false"
        },
        {
          "speaker": "speaker2",
          "personaID": "01804",
          "participantID": "0533",
          "utterance": "저도 채팅은 처음인데 즐거울거같아요! 동년배이시네요^^",
          "summary": "",
          "date": "2022-10-11",
          "time": "22:21:24",
          "terminate": "false"
        },
        {
          "speaker": "speaker1",
          "personaID": "00183",
          "participantID": "0535",
          "utterance": "우리 그럼 편하게 말놓고 시작할까 친구야? 하하.",
          "summary": "",
          "date": "2022-10-11",
          "time": "22:21:28",
          "terminate": "false"
        },
        {
          "speaker": "speaker2",
          "personaID": "01804",
          "participantID": "0533",
          "utterance": "좋은데? 너 성격이 아주 시원시원하니 좋구먼?",
          "summary": "",
          "date": "2022-10-11",
          "time": "22:21:43",
          "terminate": "false"
        },
        {
          "speaker": "speaker1",
          "personaID": "00183",
          "participantID": "0535",
          "utterance": "고마워^^ 친구야 너는 어디에 살고있니? 하하.",
          "summary": "",
          "date": "2022-10-11",
          "time": "22:21:50",
          "terminate": "false"
        },
        {
          "speaker": "speaker2",
          "personaID": "01804",
          "participantID": "0533",
          "utterance": "나는 서울살고있어 친구는 어디살아?",
          "summary": "나의 거주지는 서울이다.",
          "date": "2022-10-11",
          "time": "22:21:59",
          "terminate": "false"
        },
        {
          "speaker": "speaker1",
          "personaID": "00183",
          "participantID": "0535",
          "utterance": "오그래? 나도 서울에 살아! 신기하네이거.",
          "summary": "나의 거주지는 서울이다.",
          "date": "2022-10-11",
          "time": "22:22:05",
          "terminate": "false"
        },
        {
          "speaker": "speaker2",
          "personaID": "01804",
          "participantID": "0533",
          "utterance": "우와 같은 지역이네? 동네친구였으면 좋겟다 서울어디살아?",
          "summary": "",
          "date": "2022-10-11",
          "time": "22:22:13",
          "terminate": "false"
        },
        {
          "speaker": "speaker1",
          "personaID": "00183",
          "participantID": "0535",
          "utterance": "나는 @주소1@에 살아~ 너는 어디살아? 과연 두근구든.",
          "summary": "나는 @주소1@에 산다.",
          "date": "2022-10-11",
          "time": "22:22:29",
          "terminate": "false"
        },
        {
          "speaker": "speaker2",
          "personaID": "01804",
          "participantID": "0533",
          "utterance": "대박 가까이에 사고있네 나는 @주소2@살아~",
          "summary": "나는 @주소2@에 산다.",
          "date": "2022-10-11",
          "time": "22:22:41",
          "terminate": "false"
        },
        {
          "speaker": "speaker1",
          "personaID": "00183",
          "participantID": "0535",
          "utterance": "와 진짜 신기하다~ 우리 어쩌면 마주쳤을수도있겠다.",
          "summary": "",
          "date": "2022-10-11",
          "time": "22:22:57",
          "terminate": "false"
        },
        {
          "speaker": "speaker2",
          "personaID": "01804",
          "participantID": "0533",
          "utterance": "그러게! 너 혼자살아? 아니면 가족들하고 살아?",
          "summary": "",
          "date": "2022-10-11",
          "time": "22:23:10",
          "terminate": "false"
        },
        {
          "speaker": "speaker1",
          "personaID": "00183",
          "participantID": "0535",
          "utterance": "잠깐만 나 지금 출근중 운전중이라 차가 너무 막힌다~이따 연락할게.",
          "summary": "나는 매일 자차로 출퇴근한다.",
          "date": "2022-10-11",
          "time": "22:23:25",
          "terminate": "false"
        },
        {
          "speaker": "speaker2",
          "personaID": "01804",
          "participantID": "0533",
          "utterance": "알겠어! 그럼 안전운전하고 이따가 연락줘^^",
          "summary": "",
          "date": "2022-10-11",
          "time": "22:23:38",
          "terminate": "true"
        }
      ],
      "sessionPersonaSummary": {
        "speaker1": [
          "나는 20대 여자이다.",
          "나의 거주지는 서울이다.",
          "나는 @주소1@에 산다.",
          "나는 매일 자차로 출퇴근한다."
        ],
        "speaker2": [
          "나는 20대 여자이다.",
          "나의 거주지는 서울이다.",
          "나는 @주소2@에 산다."
        ]
      },
      "prevAggregatedpersonaSummary": {
        "speaker1": [],
        "speaker2": []
      }
    },
    {
      "prevSessionID": "4-00121-1",
      "prevTimeInfo": {
        "timeNum": "1",
        "timeUnit": "시간"
      },
      "nthSession": "2",
      "numberOfUtterances": "16",
      "numberOfTurns": "8",
      "sessionID": "4-00121-2",
      "dialog": [
        {
          "speaker": "speaker1",
          "personaID": "00183",
          "participantID": "0535",
          "utterance": "친구야~ 나 겨우 출근했어~ 와 진짜 서울은 차가 너무 막혀.",
          "summary": "",
          "date": "2022-10-11",
          "time": "22:23:48",
          "terminate": "false"
        },
        {
          "speaker": "speaker2",
          "personaID": "01804",
          "participantID": "0533",
          "utterance": "맞아! ㅠㅠ 너는 자가용을 이용하는구나?",
          "summary": "",
          "date": "2022-10-11",
          "time": "22:24:02",
          "terminate": "false"
        },
        {
          "speaker": "speaker1",
          "personaID": "00183",
          "participantID": "0535",
          "utterance": "웅 차한대 샀지 맞아~ 너는 대중교통을 이용하니?",
          "summary": "",
          "date": "2022-10-11",
          "time": "22:24:21",
          "terminate": "false"
        },
        {
          "speaker": "speaker2",
          "personaID": "01804",
          "participantID": "0533",
          "utterance": "나는 역세권살아서~ 대중교통이용해 거의 지하철을 타^^",
          "summary": "나는 역세권에 산다.",
          "date": "2022-10-11",
          "time": "22:24:29",
          "terminate": "false"
        },
        {
          "speaker": "speaker1",
          "personaID": "00183",
          "participantID": "0535",
          "utterance": "아그럼~ 무조건 지하철타야지~ 역세권 부럽다^^",
          "summary": "",
          "date": "2022-10-11",
          "time": "22:24:43",
          "terminate": "false"
        },
        {
          "speaker": "speaker2",
          "personaID": "01804",
          "participantID": "0533",
          "utterance": "집값너무 비싸 ㅠㅠ 근데 친구야 서울에서 주차하기 너무 빡세지않아?",
          "summary": "",
          "date": "2022-10-11",
          "time": "22:25:06",
          "terminate": "false"
        },
        {
          "speaker": "speaker1",
          "personaID": "00183",
          "participantID": "0535",
          "utterance": "그러니까~ 주차요금도 만만치않고~ 그래도 너는 역세권이면 이런 고민은 없겠다.",
          "summary": "",
          "date": "2022-10-11",
          "time": "22:25:26",
          "terminate": "false"
        },
        {
          "speaker": "speaker2",
          "personaID": "01804",
          "participantID": "0533",
          "utterance": "근데 역세권이 좋긴좋은거같아 없는게없어~",
          "summary": "",
          "date": "2022-10-11",
          "time": "22:25:48",
          "terminate": "false"
        },
        {
          "speaker": "speaker1",
          "personaID": "00183",
          "participantID": "0535",
          "utterance": "그러니까~ 나는 역세권도 아니고~ 차도 매일 막히고~",
          "summary": "",
          "date": "2022-10-11",
          "time": "22:26:10",
          "terminate": "false"
        },
        {
          "speaker": "speaker2",
          "personaID": "01804",
          "participantID": "0533",
          "utterance": "나 오피스텔사는데 우리오피스텔 1층에 24시빨래방이있어!",
          "summary": "나는 오피스텔에 산다.",
          "date": "2022-10-11",
          "time": "22:26:14",
          "terminate": "false"
        },
        {
          "speaker": "speaker1",
          "personaID": "00183",
          "participantID": "0535",
          "utterance": "와 진짜 ? 너네동네 짱이다? 너 잘골랐다! 설마 편의점도 1분거리야?",
          "summary": "",
          "date": "2022-10-11",
          "time": "22:26:35",
          "terminate": "false"
        },
        {
          "speaker": "speaker2",
          "personaID": "01804",
          "participantID": "0533",
          "utterance": "맞아! 빨래방옆이 편의점이야! 대박이지? 하핫.",
          "summary": "나의 집 근처에는 빨래방과 편의점이 있다.",
          "date": "2022-10-11",
          "time": "22:26:46",
          "terminate": "false"
        },
        {
          "speaker": "speaker1",
          "personaID": "00183",
          "participantID": "0535",
          "utterance": "와 진짜 얼마면 돼? 차팔고 너네동네로 이사갈까.",
          "summary": "",
          "date": "2022-10-11",
          "time": "22:27:03",
          "terminate": "false"
        },
        {
          "speaker": "speaker2",
          "personaID": "01804",
          "participantID": "0533",
          "utterance": "그래도 근데 자가용이 훨씬좋지 ㅠㅠ나 출퇴근맨날 지옥이야 진짜 ㅠㅠ.",
          "summary": "나는 출퇴근이 힘들다.",
          "date": "2022-10-11",
          "time": "22:27:19",
          "terminate": "false"
        },
        {
          "speaker": "speaker1",
          "personaID": "00183",
          "participantID": "0535",
          "utterance": "나 아침회의때문에~ 다녀올게 이따 연락줘~",
          "summary": "",
          "date": "2022-10-11",
          "time": "22:27:25",
          "terminate": "false"
        },
        {
          "speaker": "speaker2",
          "personaID": "01804",
          "participantID": "0533",
          "utterance": "알겠어 이따가 연락줘^^ 나도 이제 업무좀 봐야겠어!",
          "summary": "",
          "date": "2022-10-11",
          "time": "22:27:39",
          "terminate": "true"
        }
      ],
      "sessionPersonaSummary": {
        "speaker1": [],
        "speaker2": [
          "나는 역세권에 산다.",
          "나는 오피스텔에 산다.",
          "나의 집 근처에는 빨래방과 편의점이 있다.",
          "나는 출퇴근이 힘들다."
        ]
      },
      "prevAggregatedpersonaSummary": {
        "speaker1": [
          "나는 20대 여자이다.",
          "나의 거주지는 서울이다.",
          "나는 @주소1@에 산다.",
          "나는 매일 자차로 출퇴근한다."
        ],
        "speaker2": [
          "나는 20대 여자이다.",
          "나의 거주지는 서울이다.",
          "나는 @주소2@에 산다."
        ]
      }
    },
    {
      "prevSessionID": "4-00121-2",
      "prevTimeInfo": {
        "timeNum": "3",
        "timeUnit": "시간"
      },
      "nthSession": "3",
      "numberOfUtterances": "16",
      "numberOfTurns": "8",
      "sessionID": "4-00121-3",
      "dialog": [
        {
          "speaker": "speaker1",
          "personaID": "00183",
          "participantID": "0535",
          "utterance": "와진짜 팀장님 말 너무 많아~ 졸려 죽는줄알았네.",
          "summary": "",
          "date": "2022-10-11",
          "time": "22:27:42",
          "terminate": "false"
        },
        {
          "speaker": "speaker2",
          "personaID": "01804",
          "participantID": "0533",
          "utterance": "진짜? 너네회사는 근데 회식잘안해?",
          "summary": "",
          "date": "2022-10-11",
          "time": "22:27:50",
          "terminate": "false"
        },
        {
          "speaker": "speaker1",
          "personaID": "00183",
          "participantID": "0535",
          "utterance": "우리는 회식은 잘안해~ 너네는 잘하나봐?",
          "summary": "나의 회사는 회식을 잘 안 한다.",
          "date": "2022-10-11",
          "time": "22:28:01",
          "terminate": "false"
        },
        {
          "speaker": "speaker2",
          "personaID": "01804",
          "participantID": "0533",
          "utterance": "웅 우리는 진짜 자주해 ㅠㅠ 너무 스트레스받아!",
          "summary": "",
          "date": "2022-10-11",
          "time": "22:28:12",
          "terminate": "false"
        },
        {
          "speaker": "speaker1",
          "personaID": "00183",
          "participantID": "0535",
          "utterance": "좋은거아니야? 맛있는거 많이 먹을수있잖아.",
          "summary": "",
          "date": "2022-10-11",
          "time": "22:28:28",
          "terminate": "false"
        },
        {
          "speaker": "speaker2",
          "personaID": "01804",
          "participantID": "0533",
          "utterance": "심지어 우리 팀장님은 매운음식만먹어 ㅠㅠ나 매운음식안먹는데..",
          "summary": "나는 매운 음식을 안 먹는다.",
          "date": "2022-10-11",
          "time": "22:28:34",
          "terminate": "false"
        },
        {
          "speaker": "speaker1",
          "personaID": "00183",
          "participantID": "0535",
          "utterance": "와 그건 쫌 나같아도 싫을 듯 똥꼬에 불나는거 아니야?",
          "summary": "",
          "date": "2022-10-11",
          "time": "22:28:50",
          "terminate": "false"
        },
        {
          "speaker": "speaker2",
          "personaID": "01804",
          "participantID": "0533",
          "utterance": "맞아 나 진짜 화장실 엄청가...친구는 매운음식 잘먹어?",
          "summary": "",
          "date": "2022-10-11",
          "time": "22:29:07",
          "terminate": "false"
        },
        {
          "speaker": "speaker1",
          "personaID": "00183",
          "participantID": "0535",
          "utterance": "나 못먹어~ 나진짜 먹으면 화장실에 화산이야~",
          "summary": "나는 매운 음식을 못 먹는다.",
          "date": "2022-10-11",
          "time": "22:29:19",
          "terminate": "false"
        },
        {
          "speaker": "speaker2",
          "personaID": "01804",
          "participantID": "0533",
          "utterance": "우리 둘이 입맛이좀 비슷한가보다! 그럼넌 어떤음식제일좋아해?",
          "summary": "",
          "date": "2022-10-11",
          "time": "22:29:35",
          "terminate": "false"
        },
        {
          "speaker": "speaker1",
          "personaID": "00183",
          "participantID": "0535",
          "utterance": "나는 라면 좋아해~ 너는 어떤 음식 좋아해?",
          "summary": "나는 라면을 좋아한다.",
          "date": "2022-10-11",
          "time": "22:29:49",
          "terminate": "false"
        },
        {
          "speaker": "speaker2",
          "personaID": "01804",
          "participantID": "0533",
          "utterance": "나도라면! 나는 면종류는 다좋아하는거같아!",
          "summary": "나는 면 종류를 다 좋아한다.",
          "date": "2022-10-11",
          "time": "22:30:16",
          "terminate": "false"
        },
        {
          "speaker": "speaker1",
          "personaID": "00183",
          "participantID": "0535",
          "utterance": "아그래? 나는 근데 짜장면처럼 약간 단 음식은 싫더라고~",
          "summary": "나는 단 음식을 싫어한다.",
          "date": "2022-10-11",
          "time": "22:30:32",
          "terminate": "false"
        },
        {
          "speaker": "speaker2",
          "personaID": "01804",
          "participantID": "0533",
          "utterance": "그래? 나도 근데 자장면보다는 짬뽕이더 좋아.",
          "summary": "나는 짜장면보다 짬뽕이 더 좋다.",
          "date": "2022-10-11",
          "time": "22:30:47",
          "terminate": "false"
        },
        {
          "speaker": "speaker1",
          "personaID": "00183",
          "participantID": "0535",
          "utterance": "오 말한사이에 점심시간이네? 우리 밥먹고오자.",
          "summary": "",
          "date": "2022-10-11",
          "time": "22:31:05",
          "terminate": "false"
        },
        {
          "speaker": "speaker2",
          "personaID": "01804",
          "participantID": "0533",
          "utterance": "그러게 어쩐지 배꼽시계 울리더라 맛있게 먹고와^^",
          "summary": "",
          "date": "2022-10-11",
          "time": "22:31:21",
          "terminate": "true"
        }
      ],
      "sessionPersonaSummary": {
        "speaker1": [
          "나의 회사는 회식을 잘 안 한다.",
          "나는 매운 음식을 못 먹는다.",
          "나는 라면을 좋아한다.",
          "나는 단 음식을 싫어한다."
        ],
        "speaker2": [
          "나는 매운 음식을 안 먹는다.",
          "나는 면 종류를 다 좋아한다.",
          "나는 짜장면보다 짬뽕이 더 좋다."
        ]
      },
      "prevAggregatedpersonaSummary": {
        "speaker1": [
          "나는 20대 여자이다.",
          "나의 거주지는 서울이다.",
          "나는 @주소1@에 산다.",
          "나는 매일 자차로 출퇴근한다."
        ],
        "speaker2": [
          "나는 20대 여자이다.",
          "나의 거주지는 서울이다.",
          "나는 @주소2@에 산다.",
          "나는 역세권에 산다.",
          "나는 오피스텔에 산다.",
          "나의 집 근처에는 빨래방과 편의점이 있다.",
          "나는 출퇴근이 힘들다."
        ]
      }
    },
    {
      "prevSessionID": "4-00121-3",
      "prevTimeInfo": {
        "timeNum": "1",
        "timeUnit": "시간"
      },
      "nthSession": "4",
      "numberOfUtterances": "16",
      "numberOfTurns": "8",
      "sessionID": "4-00121-4",
      "dialog": [
        {
          "speaker": "speaker1",
          "personaID": "00183",
          "participantID": "0535",
          "utterance": "진짜 점심시간 한시간으 너무 짧아~ 졸립다 졸려~",
          "summary": "",
          "date": "2022-10-11",
          "time": "22:31:25",
          "terminate": "false"
        },
        {
          "speaker": "speaker2",
          "personaID": "01804",
          "participantID": "0533",
          "utterance": "나는 그래서 커피사러왔다네~ 스버억~ 너는 커피 안먹어?",
          "summary": "나는 커피를 먹을 것이다.",
          "date": "2022-10-11",
          "time": "22:31:38",
          "terminate": "false"
        },
        {
          "speaker": "speaker1",
          "personaID": "00183",
          "participantID": "0535",
          "utterance": "당연히 먹지~그래도 내일 쉬는날이니까 참는거야^^",
          "summary": "",
          "date": "2022-10-11",
          "time": "22:31:42",
          "terminate": "false"
        },
        {
          "speaker": "speaker2",
          "personaID": "01804",
          "participantID": "0533",
          "utterance": "맞아 공휴일은 언제나 옳아 맞지?",
          "summary": "",
          "date": "2022-10-11",
          "time": "22:31:53",
          "terminate": "false"
        },
        {
          "speaker": "speaker1",
          "personaID": "00183",
          "participantID": "0535",
          "utterance": "맞아^^ 쉬는날인데 너는 스케줄 없어?",
          "summary": "",
          "date": "2022-10-11",
          "time": "22:32:03",
          "terminate": "false"
        },
        {
          "speaker": "speaker2",
          "personaID": "01804",
          "participantID": "0533",
          "utterance": "나 요즘 섹소폰배우고있어! 너는 일정있어?",
          "summary": "나는 색소폰을 배우고 있다.",
          "date": "2022-10-11",
          "time": "22:32:13",
          "terminate": "false"
        },
        {
          "speaker": "speaker1",
          "personaID": "00183",
          "participantID": "0535",
          "utterance": "나는 체험여행을 다녀올 생각이야~ 명상을 하는 체험이야.",
          "summary": "나는 체험 여행을 좋아한다.",
          "date": "2022-10-11",
          "time": "22:32:31",
          "terminate": "false"
        },
        {
          "speaker": "speaker2",
          "personaID": "01804",
          "participantID": "0533",
          "utterance": "정말? 와 명상이 그렇게 좋다던데! 어디로 가?",
          "summary": "",
          "date": "2022-10-11",
          "time": "22:32:41",
          "terminate": "false"
        },
        {
          "speaker": "speaker1",
          "personaID": "00183",
          "participantID": "0535",
          "utterance": "한강에서 한다는데? 너도 명상을 좋아하니?",
          "summary": "",
          "date": "2022-10-11",
          "time": "22:32:50",
          "terminate": "false"
        },
        {
          "speaker": "speaker2",
          "personaID": "01804",
          "participantID": "0533",
          "utterance": "정말? 대박 불꽃놀이도 하고 그거 맞아?",
          "summary": "",
          "date": "2022-10-11",
          "time": "22:33:07",
          "terminate": "false"
        },
        {
          "speaker": "speaker1",
          "personaID": "00183",
          "participantID": "0535",
          "utterance": "맞아~ 너네동네 어차피 역세권이니까 지하철 타고 나와~",
          "summary": "",
          "date": "2022-10-11",
          "time": "22:33:23",
          "terminate": "false"
        },
        {
          "speaker": "speaker2",
          "personaID": "01804",
          "participantID": "0533",
          "utterance": "맞아! 흠 근데 나 사람많은거 진짜 딱 질색인데..",
          "summary": "나는 사람 많은 곳을 싫어한다.",
          "date": "2022-10-11",
          "time": "22:33:40",
          "terminate": "false"
        },
        {
          "speaker": "speaker1",
          "personaID": "00183",
          "participantID": "0535",
          "utterance": "아그래? 나는 사람많으면 흥겹고 신나던데~ 헤헤.",
          "summary": "",
          "date": "2022-10-11",
          "time": "22:33:52",
          "terminate": "false"
        },
        {
          "speaker": "speaker2",
          "personaID": "01804",
          "participantID": "0533",
          "utterance": "정말? 더 mbti가 뭐야? 궁금해지네?",
          "summary": "",
          "date": "2022-10-11",
          "time": "22:34:05",
          "terminate": "false"
        },
        {
          "speaker": "speaker1",
          "personaID": "00183",
          "participantID": "0535",
          "utterance": "나는 isfp야 ^^ 하하 안맞지? 나는 마무리 업무하구올게~",
          "summary": "나의 mbti는 isfp이다.",
          "date": "2022-10-11",
          "time": "22:34:22",
          "terminate": "false"
        },
        {
          "speaker": "speaker2",
          "personaID": "01804",
          "participantID": "0533",
          "utterance": "그렇구나! 알겠어 그럼 오늘도 마무리 잘하자구^^",
          "summary": "",
          "date": "2022-10-11",
          "time": "22:34:21",
          "terminate": "true"
        }
      ],
      "sessionPersonaSummary": {
        "speaker1": [
          "나는 체험 여행을 좋아한다.",
          "나의 mbti는 isfp이다."
        ],
        "speaker2": [
          "나는 커피를 먹을 것이다.",
          "나는 색소폰을 배우고 있다.",
          "나는 사람 많은 곳을 싫어한다."
        ]
      },
      "prevAggregatedpersonaSummary": {
        "speaker1": [
          "나는 20대 여자이다.",
          "나의 거주지는 서울이다.",
          "나는 @주소1@에 산다.",
          "나는 매일 자차로 출퇴근한다.",
          "나의 회사는 회식을 잘 안 한다.",
          "나는 매운 음식을 못 먹는다.",
          "나는 라면을 좋아한다.",
          "나는 단 음식을 싫어한다."
        ],
        "speaker2": [
          "나는 20대 여자이다.",
          "나의 거주지는 서울이다.",
          "나는 @주소2@에 산다.",
          "나는 역세권에 산다.",
          "나는 오피스텔에 산다.",
          "나의 집 근처에는 빨래방과 편의점이 있다.",
          "나는 출퇴근이 힘들다.",
          "나는 매운 음식을 안 먹는다.",
          "나는 면 종류를 다 좋아한다.",
          "나는 짜장면보다 짬뽕이 더 좋다."
        ]
      }
    }
  ]
}