{
  "FileInfo": {
    "filename": "K4-00424-CL67497-CP66765-13-05-S4.json",
    "sessionLevel": "4"
  },
  "participantsInfo": {
    "numberOfParticipants": "2",
    "speaker1": {
      "participantID": "31268",
      "gender": "여성",
      "age": "20대",
      "occupation": "주부",
      "bPlace": "대전/세종/충청/강원",
      "gPlace": "대전/세종/충청/강원",
      "rPlace": "대전/세종/충청/강원",
      "educationLevel": "대졸"
    },
    "speaker2": {
      "participantID": "30431",
      "gender": "남성",
      "age": "20대",
      "occupation": "학생",
      "bPlace": "광주/전라/제주",
      "gPlace": "광주/전라/제주",
      "rPlace": "광주/전라/제주",
      "educationLevel": "고졸"
    }
  },
  "multisessionInfo": {
    "multisessionID": "4-00424"
  },
  "personaInfo": {
    "clInfo": {
      "personaID": "67497",
      "personaFeatures": [
        "나는 여자이다.",
        "나는 20대이다.",
        "나는 형제와 친하게 지낸다.",
        "나는 혈액형이 B형이다.",
        "나는 디스코 음악을 자주 듣는다.",
        "나는 별로 좋아하는 음식이 없다."
      ],
      "speakerType": "speaker1"
    },
    "cpInfo": {
      "personaID": "66765",
      "personaFeatures": [
        "나는 남자이다.",
        "나는 20대이다.",
        "나는 바람 부는 날을 좋아한다.",
        "나의 생일은 2월이다.",
        "내가 가장 설레던 때는 여행 짐을 꾸릴 때이다.",
        "나는 맛있는 음식을 먹으면 기분이 좋아진다.",
        "나는 혈액형이 A형이다."
      ],
      "speakerType": "speaker2"
    }
  },
  "topicInfo": {
    "topicID": "13-05",
    "topicType": "기후>계절/날씨",
    "topicTitle": "하늘"
  },
  "sessionInfo": [
    {
      "prevSessionID": null,
      "prevTimeInfo": {
        "timeNum": null,
        "timeUnit": null
      },
      "nthSession": "1",
      "numberOfUtterances": "14",
      "numberOfTurns": "7",
      "sessionID": "4-00424-1",
      "dialog": [
        {
          "speaker": "speaker1",
          "personaID": "67497",
          "participantID": "31268",
          "utterance": "안녕하세요 ! 20대 여자입니다 ~ 그쪽도 소개 부탁드려요 !",
          "summary": "나는 20대 여자이다.",
          "date": "2022-12-06",
          "time": "11:25:39",
          "terminate": "false"
        },
        {
          "speaker": "speaker2",
          "personaID": "66765",
          "participantID": "30431",
          "utterance": "반갑습니다! 저도 20대 남자입니다~좋은 대화 해요!",
          "summary": "나는 20대 남자이다.",
          "date": "2022-12-06",
          "time": "11:25:40",
          "terminate": "false"
        },
        {
          "speaker": "speaker1",
          "personaID": "67497",
          "participantID": "31268",
          "utterance": "친구네요 ~ 편하게 대화해요 ! 뭐하고 있었어요?",
          "summary": "",
          "date": "2022-12-06",
          "time": "11:25:53",
          "terminate": "false"
        },
        {
          "speaker": "speaker2",
          "personaID": "66765",
          "participantID": "30431",
          "utterance": "그러게요~저는 여행 짐 싸고있었어요~",
          "summary": "나는 여행 짐을 싸고 있다.",
          "date": "2022-12-06",
          "time": "11:26:00",
          "terminate": "false"
        },
        {
          "speaker": "speaker1",
          "personaID": "67497",
          "participantID": "31268",
          "utterance": "오! 어디로 여행 가는데요? 요즘 여행 가기 딱 좋긴하지 ㅎㅎ.",
          "summary": "",
          "date": "2022-12-06",
          "time": "11:26:09",
          "terminate": "false"
        },
        {
          "speaker": "speaker2",
          "personaID": "66765",
          "participantID": "30431",
          "utterance": "부산으로 여행갈려고요~제가 가장 설레던 때는 여행짐을 꾸릴때입니다~",
          "summary": "내가 가장 설레던 때는 여행 짐을 꾸릴 때이다.",
          "date": "2022-12-06",
          "time": "11:26:18",
          "terminate": "false"
        },
        {
          "speaker": "speaker1",
          "personaID": "67497",
          "participantID": "31268",
          "utterance": "오. 진짜 설레긴 하죠. 부산 도 선선하니 딱 좋을꺼 같은데요?",
          "summary": "",
          "date": "2022-12-06",
          "time": "11:26:32",
          "terminate": "false"
        },
        {
          "speaker": "speaker2",
          "personaID": "66765",
          "participantID": "30431",
          "utterance": "네~제가 또 바람부는 날을 좋아해서 딱이죠~",
          "summary": "나는 바람 부는 날을 좋아한다.",
          "date": "2022-12-06",
          "time": "11:26:37",
          "terminate": "false"
        },
        {
          "speaker": "speaker1",
          "personaID": "67497",
          "participantID": "31268",
          "utterance": "바람부는날 좋지. 근데 온도도 적당 해가지고 ! 가면서 들을 음악도 정했어요?",
          "summary": "",
          "date": "2022-12-06",
          "time": "11:26:49",
          "terminate": "false"
        },
        {
          "speaker": "speaker2",
          "personaID": "66765",
          "participantID": "30431",
          "utterance": "그렇죠~온도도 적당하죠! 음악이 중요한가요 여행에?",
          "summary": "",
          "date": "2022-12-06",
          "time": "11:26:53",
          "terminate": "false"
        },
        {
          "speaker": "speaker1",
          "personaID": "67497",
          "participantID": "31268",
          "utterance": "하하. 여행에 음악 빠질수가 있나.. 나는 디스코음악 완전 자주 듣는데, 디스코 음악 추천 !",
          "summary": "나는 디스코 음악을 자주 듣는다.",
          "date": "2022-12-06",
          "time": "11:27:07",
          "terminate": "false"
        },
        {
          "speaker": "speaker2",
          "personaID": "66765",
          "participantID": "30431",
          "utterance": "아~그래요? 디스코음악 신나긴 하겠네요~감사요~",
          "summary": "",
          "date": "2022-12-06",
          "time": "11:27:11",
          "terminate": "false"
        },
        {
          "speaker": "speaker1",
          "personaID": "67497",
          "participantID": "31268",
          "utterance": "네 ~ 내가 또 B형이라 취향이 좋걸랑요.. 리스트 보내줄께요 ~ 또연락해요 !",
          "summary": "나는 혈액형이 B형이다.",
          "date": "2022-12-06",
          "time": "11:27:25",
          "terminate": "false"
        },
        {
          "speaker": "speaker2",
          "personaID": "66765",
          "participantID": "30431",
          "utterance": "그래요~저는 A형이라 추천 잘 받아요! 또 연락해요~",
          "summary": "나는 혈액형이 A형이다.",
          "date": "2022-12-06",
          "time": "11:27:29",
          "terminate": "true"
        }
      ],
      "sessionPersonaSummary": {
        "speaker1": [
          "나는 20대 여자이다.",
          "나는 디스코 음악을 자주 듣는다.",
          "나는 혈액형이 B형이다."
        ],
        "speaker2": [
          "나는 20대 남자이다.",
          "나는 여행 짐을 싸고 있다.",
          "내가 가장 설레던 때는 여행 짐을 꾸릴 때이다.",
          "나는 바람 부는 날을 좋아한다.",
          "나는 혈액형이 A형이다."
        ]
      },
      "prevAggregatedpersonaSummary": {
        "speaker1": [],
        "speaker2": []
      }
    },
    {
      "prevSessionID": "4-00424-1",
      "prevTimeInfo": {
        "timeNum": "2",
        "timeUnit": "일"
      },
      "nthSession": "2",
      "numberOfUtterances": "14",
      "numberOfTurns": "7",
      "sessionID": "4-00424-2",
      "dialog": [
        {
          "speaker": "speaker1",
          "personaID": "67497",
          "participantID": "31268",
          "utterance": "하이~ 엊그제 연락했었는데 !! 잘지내셨어요?",
          "summary": "",
          "date": "2022-12-06",
          "time": "11:27:51",
          "terminate": "false"
        },
        {
          "speaker": "speaker2",
          "personaID": "66765",
          "participantID": "30431",
          "utterance": "네~안녕하세요~저야 너무 잘 지내고 있었죠~",
          "summary": "",
          "date": "2022-12-06",
          "time": "11:27:53",
          "terminate": "false"
        },
        {
          "speaker": "speaker1",
          "personaID": "67497",
          "participantID": "31268",
          "utterance": "여행은 잘 다녀 왔어요? 날씨 진짜 좋았는데 ~",
          "summary": "",
          "date": "2022-12-06",
          "time": "11:28:04",
          "terminate": "false"
        },
        {
          "speaker": "speaker2",
          "personaID": "66765",
          "participantID": "30431",
          "utterance": "아직도 하고있어요~지금 부산에 있습니다!",
          "summary": "나는 지금 부산에 있다.",
          "date": "2022-12-06",
          "time": "11:28:06",
          "terminate": "false"
        },
        {
          "speaker": "speaker1",
          "personaID": "67497",
          "participantID": "31268",
          "utterance": "아 그래요? 오늘 하늘 진짜 이쁘던데 ! 부산은 어때요?",
          "summary": "",
          "date": "2022-12-06",
          "time": "11:28:13",
          "terminate": "false"
        },
        {
          "speaker": "speaker2",
          "personaID": "66765",
          "participantID": "30431",
          "utterance": "와..진짜 하늘도 너무 이쁘고 부산 너무 좋은데요?",
          "summary": "",
          "date": "2022-12-06",
          "time": "11:28:15",
          "terminate": "false"
        },
        {
          "speaker": "speaker1",
          "personaID": "67497",
          "participantID": "31268",
          "utterance": "좋겠다. 저도 부산은 저번에 친오빠랑 한번 다녀 왔거든요!",
          "summary": "나는 저번에 친오빠랑 부산을 갔다 왔다.",
          "date": "2022-12-06",
          "time": "11:28:25",
          "terminate": "false"
        },
        {
          "speaker": "speaker2",
          "personaID": "66765",
          "participantID": "30431",
          "utterance": "오~그렇구나! 친오빠랑 사이가 좋으신가봐요~ㅎㅎ.",
          "summary": "",
          "date": "2022-12-06",
          "time": "11:28:28",
          "terminate": "false"
        },
        {
          "speaker": "speaker1",
          "personaID": "67497",
          "participantID": "31268",
          "utterance": "완전 친하게 지내요. 형제끼리 친하게 지내야죠 !",
          "summary": "나는 형제와 친하게 지낸다.",
          "date": "2022-12-06",
          "time": "11:28:34",
          "terminate": "false"
        },
        {
          "speaker": "speaker2",
          "personaID": "66765",
          "participantID": "30431",
          "utterance": "오! 좋네요! 부산은 언제 갔다오셨는데요?",
          "summary": "",
          "date": "2022-12-06",
          "time": "11:28:38",
          "terminate": "false"
        },
        {
          "speaker": "speaker1",
          "personaID": "67497",
          "participantID": "31268",
          "utterance": "작년 이맘때쯤 갔어요 ! 그때도 하늘 진짜 이뻤는데.. 가을바다도 좋고요.",
          "summary": "",
          "date": "2022-12-06",
          "time": "11:28:49",
          "terminate": "false"
        },
        {
          "speaker": "speaker2",
          "personaID": "66765",
          "participantID": "30431",
          "utterance": "오~저랑 비슷한 시기에 가셨네요! 최고긴 하네요 하늘이~",
          "summary": "",
          "date": "2022-12-06",
          "time": "11:28:53",
          "terminate": "false"
        },
        {
          "speaker": "speaker1",
          "personaID": "67497",
          "participantID": "31268",
          "utterance": "지금 뭐 쉬고 있나봐요 ~ 빨리 놀러 나가요 ! 저도 할꺼 하러 가볼께요 ~",
          "summary": "",
          "date": "2022-12-06",
          "time": "11:29:03",
          "terminate": "false"
        },
        {
          "speaker": "speaker2",
          "personaID": "66765",
          "participantID": "30431",
          "utterance": "그래요~내년 제 2월 생일에 또 오고싶네요~할꺼 하고와요~",
          "summary": "나의 생일은 2월이다.",
          "date": "2022-12-06",
          "time": "11:29:06",
          "terminate": "true"
        }
      ],
      "sessionPersonaSummary": {
        "speaker1": [
          "나는 저번에 친오빠랑 부산을 갔다 왔다.",
          "나는 형제와 친하게 지낸다."
        ],
        "speaker2": [
          "나는 지금 부산에 있다.",
          "나의 생일은 2월이다."
        ]
      },
      "prevAggregatedpersonaSummary": {
        "speaker1": [
          "나는 20대 여자이다.",
          "나는 디스코 음악을 자주 듣는다.",
          "나는 혈액형이 B형이다."
        ],
        "speaker2": [
          "나는 20대 남자이다.",
          "나는 여행 짐을 싸고 있다.",
          "내가 가장 설레던 때는 여행 짐을 꾸릴 때이다.",
          "나는 바람 부는 날을 좋아한다.",
          "나는 혈액형이 A형이다."
        ]
      }
    },
    {
      "prevSessionID": "4-00424-2",
      "prevTimeInfo": {
        "timeNum": "5",
        "timeUnit": "일"
      },
      "nthSession": "3",
      "numberOfUtterances": "14",
      "numberOfTurns": "7",
      "sessionID": "4-00424-3",
      "dialog": [
        {
          "speaker": "speaker1",
          "personaID": "67497",
          "participantID": "31268",
          "utterance": "안녕하세요 ! 주말이라 심심해서 또 연락해봤어요 ~ 시간 꽤 흘렀네요.",
          "summary": "",
          "date": "2022-12-06",
          "time": "11:29:26",
          "terminate": "false"
        },
        {
          "speaker": "speaker2",
          "personaID": "66765",
          "participantID": "30431",
          "utterance": "반갑습니다~잘하셨어요! 반갑긴 반갑네요~",
          "summary": "",
          "date": "2022-12-06",
          "time": "11:29:29",
          "terminate": "false"
        },
        {
          "speaker": "speaker1",
          "personaID": "67497",
          "participantID": "31268",
          "utterance": "한 1주만인가 ㅎㅎ.. 뭐 부산은 잘 다녀 왔어요?",
          "summary": "",
          "date": "2022-12-06",
          "time": "11:29:35",
          "terminate": "false"
        },
        {
          "speaker": "speaker2",
          "personaID": "66765",
          "participantID": "30431",
          "utterance": "네~부산은 너무 잘 다녀왔죠..정말 좋은 추억이였네요~",
          "summary": "나는 부산에 잘 다녀왔다.",
          "date": "2022-12-06",
          "time": "11:29:37",
          "terminate": "false"
        },
        {
          "speaker": "speaker1",
          "personaID": "67497",
          "participantID": "31268",
          "utterance": "사진도 많이 찍었어요? 남는건 사진이잖아요 ~",
          "summary": "",
          "date": "2022-12-06",
          "time": "11:29:46",
          "terminate": "false"
        },
        {
          "speaker": "speaker2",
          "personaID": "66765",
          "participantID": "30431",
          "utterance": "네~바다사진하고 하늘사진좀 많이 찍었어요..하늘이 진짜 최고였어서~",
          "summary": "나는 부산에서 바다사진 하고 하늘사진을 많이 찍었다.",
          "date": "2022-12-06",
          "time": "11:29:53",
          "terminate": "false"
        },
        {
          "speaker": "speaker1",
          "personaID": "67497",
          "participantID": "31268",
          "utterance": "이야.. 감성사진 좀 찍으셨나보네. 근데 누구랑 여행 갔어요?",
          "summary": "",
          "date": "2022-12-06",
          "time": "11:30:00",
          "terminate": "false"
        },
        {
          "speaker": "speaker2",
          "personaID": "66765",
          "participantID": "30431",
          "utterance": "친구들이랑 갔다왔습니다! 너무 행복했네요~",
          "summary": "나는 부산에 친구들이랑 갔다 왔다.",
          "date": "2022-12-06",
          "time": "11:30:04",
          "terminate": "false"
        },
        {
          "speaker": "speaker1",
          "personaID": "67497",
          "participantID": "31268",
          "utterance": "오호. 애들끼리 가면 또 좋지 ! 맛난거 많이 먹었어요?",
          "summary": "",
          "date": "2022-12-06",
          "time": "11:30:12",
          "terminate": "false"
        },
        {
          "speaker": "speaker2",
          "personaID": "66765",
          "participantID": "30431",
          "utterance": "네~애들이랑 가서 회도먹고 좋았어요!",
          "summary": "나는 부산에서 친구들이랑 회를 먹었다.",
          "date": "2022-12-06",
          "time": "11:30:14",
          "terminate": "false"
        },
        {
          "speaker": "speaker1",
          "personaID": "67497",
          "participantID": "31268",
          "utterance": "뭐 당연한거 물어 본건가.. 부산가면 회는 뭐 당연하죠.",
          "summary": "",
          "date": "2022-12-06",
          "time": "11:30:23",
          "terminate": "false"
        },
        {
          "speaker": "speaker2",
          "personaID": "66765",
          "participantID": "30431",
          "utterance": "진짜 부산에서 먹는 회는 다르더라고요..맛있었어요!",
          "summary": "",
          "date": "2022-12-06",
          "time": "11:30:25",
          "terminate": "false"
        },
        {
          "speaker": "speaker1",
          "personaID": "67497",
          "participantID": "31268",
          "utterance": "잘했네요 ~ 저는 좀 쉬다가 또 연락드릴께요 !",
          "summary": "",
          "date": "2022-12-06",
          "time": "11:30:31",
          "terminate": "false"
        },
        {
          "speaker": "speaker2",
          "personaID": "66765",
          "participantID": "30431",
          "utterance": "그래요! 저도 좀 쉬러 가야겠네요~ 또연락하죠~",
          "summary": "",
          "date": "2022-12-06",
          "time": "11:30:32",
          "terminate": "true"
        }
      ],
      "sessionPersonaSummary": {
        "speaker1": [],
        "speaker2": [
          "나는 부산에 잘 다녀왔다.",
          "나는 부산에서 바다사진 하고 하늘사진을 많이 찍었다.",
          "나는 부산에 친구들이랑 갔다 왔다.",
          "나는 부산에서 친구들이랑 회를 먹었다."
        ]
      },
      "prevAggregatedpersonaSummary": {
        "speaker1": [
          "나는 20대 여자이다.",
          "나는 디스코 음악을 자주 듣는다.",
          "나는 혈액형이 B형이다.",
          "나는 저번에 친오빠랑 부산을 갔다 왔다.",
          "나는 형제와 친하게 지낸다."
        ],
        "speaker2": [
          "나는 20대 남자이다.",
          "나는 여행 짐을 싸고 있다.",
          "내가 가장 설레던 때는 여행 짐을 꾸릴 때이다.",
          "나는 바람 부는 날을 좋아한다.",
          "나는 혈액형이 A형이다.",
          "나는 지금 부산에 있다.",
          "나의 생일은 2월이다."
        ]
      }
    },
    {
      "prevSessionID": "4-00424-3",
      "prevTimeInfo": {
        "timeNum": "4",
        "timeUnit": "시간"
      },
      "nthSession": "4",
      "numberOfUtterances": "14",
      "numberOfTurns": "7",
      "sessionID": "4-00424-4",
      "dialog": [
        {
          "speaker": "speaker1",
          "personaID": "67497",
          "participantID": "31268",
          "utterance": "이런저런 집안일 하다 보니까 4시간그냥 지나가 버렸네..",
          "summary": "나는 집안일을 하고 왔다.",
          "date": "2022-12-06",
          "time": "11:30:45",
          "terminate": "false"
        },
        {
          "speaker": "speaker2",
          "personaID": "66765",
          "participantID": "30431",
          "utterance": "수고하셨네요~저는 낮잠좀 자고왔습니다~",
          "summary": "나는 낮잠을 자고 왔다.",
          "date": "2022-12-06",
          "time": "11:30:48",
          "terminate": "false"
        },
        {
          "speaker": "speaker1",
          "personaID": "67497",
          "participantID": "31268",
          "utterance": "주말 낮잠 또 꿀이죠. 점심 먹어야죠 ! 먹었어요?",
          "summary": "",
          "date": "2022-12-06",
          "time": "11:30:57",
          "terminate": "false"
        },
        {
          "speaker": "speaker2",
          "personaID": "66765",
          "participantID": "30431",
          "utterance": "네~저는 그냥 라면 끓여 먹었어요~",
          "summary": "나는 라면을 끓여먹었다.",
          "date": "2022-12-06",
          "time": "11:30:59",
          "terminate": "false"
        },
        {
          "speaker": "speaker1",
          "personaID": "67497",
          "participantID": "31268",
          "utterance": "저는 뭐 카레먹을까 해서요 ~ 장보러 가야되는데 ㅎㅎ..",
          "summary": "나는 카레를 먹으려고 장을 보러 가야 한다.",
          "date": "2022-12-06",
          "time": "11:31:14",
          "terminate": "false"
        },
        {
          "speaker": "speaker2",
          "personaID": "66765",
          "participantID": "30431",
          "utterance": "오~카레 좋죠! 근데 혹시 자취하시나요?",
          "summary": "",
          "date": "2022-12-06",
          "time": "11:31:17",
          "terminate": "false"
        },
        {
          "speaker": "speaker1",
          "personaID": "67497",
          "participantID": "31268",
          "utterance": "자취해요. 자취하면서 요리실력 꽤나 늘었네요 !",
          "summary": "나는 자취를 한다.",
          "date": "2022-12-06",
          "time": "11:31:28",
          "terminate": "false"
        },
        {
          "speaker": "speaker2",
          "personaID": "66765",
          "participantID": "30431",
          "utterance": "오~그렇구나! 요즘 날씨 좋은데 장 보러가면서 하늘좀 보세요~",
          "summary": "",
          "date": "2022-12-06",
          "time": "11:31:30",
          "terminate": "false"
        },
        {
          "speaker": "speaker1",
          "personaID": "67497",
          "participantID": "31268",
          "utterance": "그래요? 요즘 날씨가 그냥 계속 좋아 버리네요 ~",
          "summary": "",
          "date": "2022-12-06",
          "time": "11:31:37",
          "terminate": "false"
        },
        {
          "speaker": "speaker2",
          "personaID": "66765",
          "participantID": "30431",
          "utterance": "그러니까요~가을이라 그런지 정말 하늘이 높더라고요~",
          "summary": "",
          "date": "2022-12-06",
          "time": "11:31:38",
          "terminate": "false"
        },
        {
          "speaker": "speaker1",
          "personaID": "67497",
          "participantID": "31268",
          "utterance": "그러게요. 가을이면 공기 안좋은데. 요즘은 미세먼지도 없네요 ~",
          "summary": "",
          "date": "2022-12-06",
          "time": "11:31:58",
          "terminate": "false"
        },
        {
          "speaker": "speaker2",
          "personaID": "66765",
          "participantID": "30431",
          "utterance": "그냥 진짜 전체적으로 다 좋은것 같네요!!",
          "summary": "",
          "date": "2022-12-06",
          "time": "11:32:05",
          "terminate": "false"
        },
        {
          "speaker": "speaker1",
          "personaID": "67497",
          "participantID": "31268",
          "utterance": "하하. 저는 장보러 가볼께요 ~ 카레 재료가 하나도 없어서 ~",
          "summary": "",
          "date": "2022-12-06",
          "time": "11:32:14",
          "terminate": "false"
        },
        {
          "speaker": "speaker2",
          "personaID": "66765",
          "participantID": "30431",
          "utterance": "그래요! 그럼 장 잘 보고 식사 맛있게 하세요~",
          "summary": "",
          "date": "2022-12-06",
          "time": "11:32:16",
          "terminate": "true"
        }
      ],
      "sessionPersonaSummary": {
        "speaker1": [
          "나는 집안일을 하고 왔다.",
          "나는 카레를 먹으려고 장을 보러 가야 한다.",
          "나는 자취를 한다."
        ],
        "speaker2": [
          "나는 낮잠을 자고 왔다.",
          "나는 라면을 끓여먹었다."
        ]
      },
      "prevAggregatedpersonaSummary": {
        "speaker1": [
          "나는 20대 여자이다.",
          "나는 디스코 음악을 자주 듣는다.",
          "나는 혈액형이 B형이다.",
          "나는 저번에 친오빠랑 부산을 갔다 왔다.",
          "나는 형제와 친하게 지낸다."
        ],
        "speaker2": [
          "나는 20대 남자이다.",
          "나는 여행 짐을 싸고 있다.",
          "내가 가장 설레던 때는 여행 짐을 꾸릴 때이다.",
          "나는 바람 부는 날을 좋아한다.",
          "나는 혈액형이 A형이다.",
          "나는 지금 부산에 있다.",
          "나의 생일은 2월이다.",
          "나는 부산에 잘 다녀왔다.",
          "나는 부산에서 바다사진 하고 하늘사진을 많이 찍었다.",
          "나는 부산에 친구들이랑 갔다 왔다.",
          "나는 부산에서 친구들이랑 회를 먹었다."
        ]
      }
    }
  ]
}