{
  "FileInfo": {
    "filename": "K4-00601-CL97405-CP98001-13-07-S4.json",
    "sessionLevel": "4"
  },
  "participantsInfo": {
    "numberOfParticipants": "2",
    "speaker1": {
      "participantID": "20095",
      "gender": "여성",
      "age": "60대 이상",
      "occupation": "사무직",
      "bPlace": "서울/경기/인천",
      "gPlace": "서울/경기/인천",
      "rPlace": "서울/경기/인천",
      "educationLevel": "대졸"
    },
    "speaker2": {
      "participantID": "20355",
      "gender": "여성",
      "age": "60대 이상",
      "occupation": "자영업",
      "bPlace": "서울/경기/인천",
      "gPlace": "서울/경기/인천",
      "rPlace": "서울/경기/인천",
      "educationLevel": "대졸"
    }
  },
  "multisessionInfo": {
    "multisessionID": "4-00601"
  },
  "personaInfo": {
    "clInfo": {
      "personaID": "97405",
      "personaFeatures": [
        "나는 여자이다.",
        "나는 60대 이상이다.",
        "나는 맛집 여행에 관심 없다.",
        "나의 생일은 11월이다.",
        "나는 요즘, 매일 열등감을 느낀다.",
        "나는 점심에 인터넷 쇼핑을 한다."
      ],
      "speakerType": "speaker1"
    },
    "cpInfo": {
      "personaID": "98001",
      "personaFeatures": [
        "나는 여자이다.",
        "나는 60대 이상이다.",
        "나는 아침에 우유를 마신다.",
        "나의 생일은 3월이다.",
        "나는 가끔 열등감을 느낀다.",
        "나는 약을 먹는 것을 싫어한다.",
        "나는 혈액형이 B형이다."
      ],
      "speakerType": "speaker2"
    }
  },
  "topicInfo": {
    "topicID": "13-07",
    "topicType": "기후>계절/날씨",
    "topicTitle": "일기예보"
  },
  "sessionInfo": [
    {
      "prevSessionID": null,
      "prevTimeInfo": {
        "timeNum": null,
        "timeUnit": null
      },
      "nthSession": "1",
      "numberOfUtterances": "14",
      "numberOfTurns": "7",
      "sessionID": "4-00601-1",
      "dialog": [
        {
          "speaker": "speaker1",
          "personaID": "97405",
          "participantID": "20095",
          "utterance": "처음 보네요~ 잘 부탁드립니다. 저는 60대 여자이에요.",
          "summary": "나는 60대 여성이다.",
          "date": "2022-12-06",
          "time": "16:36:20",
          "terminate": "false"
        },
        {
          "speaker": "speaker2",
          "personaID": "98001",
          "participantID": "20355",
          "utterance": "반가워요. 저도 60대 여자인데. 우연이네요.",
          "summary": "나는 60대 여성이다.",
          "date": "2022-12-06",
          "time": "16:36:23",
          "terminate": "false"
        },
        {
          "speaker": "speaker1",
          "personaID": "97405",
          "participantID": "20095",
          "utterance": "그렇네요? 그러면 서로 알아가 볼까요?",
          "summary": "",
          "date": "2022-12-06",
          "time": "16:36:27",
          "terminate": "false"
        },
        {
          "speaker": "speaker2",
          "personaID": "98001",
          "participantID": "20355",
          "utterance": "글쎄요. 혈액형이라도 말할까요?ㅎㅎ 저는 b형이에요.",
          "summary": "나는 혈액형이 B형이다.",
          "date": "2022-12-06",
          "time": "16:36:51",
          "terminate": "false"
        },
        {
          "speaker": "speaker1",
          "personaID": "97405",
          "participantID": "20095",
          "utterance": "저는 잘 기억이 ㅎㅎ. B형이었던거같네요. 그럼 요즘은 뭐하시는거 있어요?",
          "summary": "",
          "date": "2022-12-06",
          "time": "16:37:02",
          "terminate": "false"
        },
        {
          "speaker": "speaker2",
          "personaID": "98001",
          "participantID": "20355",
          "utterance": "오 그래요? 같은 혈액형이군요. 요즘은 딱히 하는건 없어요.",
          "summary": "",
          "date": "2022-12-06",
          "time": "16:37:24",
          "terminate": "false"
        },
        {
          "speaker": "speaker1",
          "personaID": "97405",
          "participantID": "20095",
          "utterance": "저도 요즘은 뭐 하는게 별로 없으니 매일 사람이 못쓰는거같아서 힘드네요.",
          "summary": "나는 매일 열등감을 느낀다.",
          "date": "2022-12-06",
          "time": "16:37:27",
          "terminate": "false"
        },
        {
          "speaker": "speaker2",
          "personaID": "98001",
          "participantID": "20355",
          "utterance": "저도 그러니까 가끔 열등감이 느껴지기는 해요..ㅎㅎ.",
          "summary": "나는 가끔 열등감을 느낀다.",
          "date": "2022-12-06",
          "time": "16:37:42",
          "terminate": "false"
        },
        {
          "speaker": "speaker1",
          "personaID": "97405",
          "participantID": "20095",
          "utterance": "그러면 여행이라도 가보라는데. 저는 뭐 먹으러 가는건 별로더라구요.",
          "summary": "나는 맛집 여행에 관심 없다.",
          "date": "2022-12-06",
          "time": "16:37:50",
          "terminate": "false"
        },
        {
          "speaker": "speaker2",
          "personaID": "98001",
          "participantID": "20355",
          "utterance": "그래요? 그래도 저는 맛있는건 좋아하는데. 돈이 없어서 못먹지만요.ㅎ.",
          "summary": "나는 돈이 없다.",
          "date": "2022-12-06",
          "time": "16:38:09",
          "terminate": "false"
        },
        {
          "speaker": "speaker1",
          "personaID": "97405",
          "participantID": "20095",
          "utterance": "아 그러시구나. 그러면 생일때는 어디 가고 그러셨나요?",
          "summary": "",
          "date": "2022-12-06",
          "time": "16:38:13",
          "terminate": "false"
        },
        {
          "speaker": "speaker2",
          "personaID": "98001",
          "participantID": "20355",
          "utterance": "그래도 생일때는 맛있는거 먹으러 가죠. 3월에는 호텔뷔페도 갔었어요.",
          "summary": "나의 생일은 3월이다.",
          "date": "2022-12-06",
          "time": "16:38:41",
          "terminate": "false"
        },
        {
          "speaker": "speaker1",
          "personaID": "97405",
          "participantID": "20095",
          "utterance": "저는 11월인데. 저번달에 문화 여행이라도 좀 갔다왔었네요.",
          "summary": "나의 생일은 11월이다.",
          "date": "2022-12-06",
          "time": "16:38:43",
          "terminate": "false"
        },
        {
          "speaker": "speaker2",
          "personaID": "98001",
          "participantID": "20355",
          "utterance": "그러시구나.ㅎ 그럼 저 식사 준비 좀 해야할거 같은데 다음에 또 봐요 ~",
          "summary": "",
          "date": "2022-12-06",
          "time": "16:38:54",
          "terminate": "true"
        }
      ],
      "sessionPersonaSummary": {
        "speaker1": [
          "나는 60대 여성이다.",
          "나는 매일 열등감을 느낀다.",
          "나는 맛집 여행에 관심 없다.",
          "나의 생일은 11월이다."
        ],
        "speaker2": [
          "나는 60대 여성이다.",
          "나는 혈액형이 B형이다.",
          "나는 가끔 열등감을 느낀다.",
          "나는 돈이 없다.",
          "나의 생일은 3월이다."
        ]
      },
      "prevAggregatedpersonaSummary": {
        "speaker1": [],
        "speaker2": []
      }
    },
    {
      "prevSessionID": "4-00601-1",
      "prevTimeInfo": {
        "timeNum": "2",
        "timeUnit": "일"
      },
      "nthSession": "2",
      "numberOfUtterances": "14",
      "numberOfTurns": "7",
      "sessionID": "4-00601-2",
      "dialog": [
        {
          "speaker": "speaker1",
          "personaID": "97405",
          "participantID": "20095",
          "utterance": "저번에 얘기 하다가 재밌어서 또 얘기 걸었어요~ 이틀만인가요?",
          "summary": "",
          "date": "2022-12-06",
          "time": "16:38:58",
          "terminate": "false"
        },
        {
          "speaker": "speaker2",
          "personaID": "98001",
          "participantID": "20355",
          "utterance": "반갑습니다.ㅎㅎ 저번에 무슨얘기 했었죠? 먹는얘기 했었나요.",
          "summary": "",
          "date": "2022-12-06",
          "time": "16:39:15",
          "terminate": "false"
        },
        {
          "speaker": "speaker1",
          "personaID": "97405",
          "participantID": "20095",
          "utterance": "그랬던거같네요 ㅎㅎ. 오늘은 아침이라도 잘 드셨어요?",
          "summary": "",
          "date": "2022-12-06",
          "time": "16:39:22",
          "terminate": "false"
        },
        {
          "speaker": "speaker2",
          "personaID": "98001",
          "participantID": "20355",
          "utterance": "저는 아침은 그냥 우유 한잔으로 떄워요.ㅎ 그쪽은요?",
          "summary": "나는 아침에 우유를 마신다.",
          "date": "2022-12-06",
          "time": "16:39:35",
          "terminate": "false"
        },
        {
          "speaker": "speaker1",
          "personaID": "97405",
          "participantID": "20095",
          "utterance": "그러셨구나. 저는 오늘은 밖에 나갈일이 있어서 좀 든든하게 먹었네요.",
          "summary": "나는 외출을 한다.",
          "date": "2022-12-06",
          "time": "16:39:40",
          "terminate": "false"
        },
        {
          "speaker": "speaker2",
          "personaID": "98001",
          "participantID": "20355",
          "utterance": "그러시구나. 그러고보니 아침에 보니까 여긴 눈이 잔뜩 쌓여있더라구요.",
          "summary": "",
          "date": "2022-12-06",
          "time": "16:39:54",
          "terminate": "false"
        },
        {
          "speaker": "speaker1",
          "personaID": "97405",
          "participantID": "20095",
          "utterance": "그렇죠? 저도 일기예보를 잘 안봐서 깜짝 놀랐어요.",
          "summary": "나는 일기예보를 잘 안 본다.",
          "date": "2022-12-06",
          "time": "16:39:57",
          "terminate": "false"
        },
        {
          "speaker": "speaker2",
          "personaID": "98001",
          "participantID": "20355",
          "utterance": "그럼 오늘 나갈때 눈 때문에 좀 힘드셨겠다.",
          "summary": "",
          "date": "2022-12-06",
          "time": "16:40:16",
          "terminate": "false"
        },
        {
          "speaker": "speaker1",
          "personaID": "97405",
          "participantID": "20095",
          "utterance": "맞아요. 길이 미끄러우면 좀 무섭잖아요.",
          "summary": "나는 빙판길이 무섭다.",
          "date": "2022-12-06",
          "time": "16:40:20",
          "terminate": "false"
        },
        {
          "speaker": "speaker2",
          "personaID": "98001",
          "participantID": "20355",
          "utterance": "안에서 보면 이쁜데 막상 나가면 참 곤란하네요..ㅎㅎ.",
          "summary": "",
          "date": "2022-12-06",
          "time": "16:40:41",
          "terminate": "false"
        },
        {
          "speaker": "speaker1",
          "personaID": "97405",
          "participantID": "20095",
          "utterance": "그렇네요 ㅎㅎ. 이제 진짜 겨울같네요. 눈도 오고.",
          "summary": "",
          "date": "2022-12-06",
          "time": "16:40:46",
          "terminate": "false"
        },
        {
          "speaker": "speaker2",
          "personaID": "98001",
          "participantID": "20355",
          "utterance": "그래도 저는 밖에 잘 안나가고 집에만 있어서 그런지 눈이 좋아요.",
          "summary": "나는 눈을 좋아한다.",
          "date": "2022-12-06",
          "time": "16:41:06",
          "terminate": "false"
        },
        {
          "speaker": "speaker1",
          "personaID": "97405",
          "participantID": "20095",
          "utterance": "저는 이만 가봐야해서 ㅎㅎ. 그러면 다음에 또봐요.,",
          "summary": "",
          "date": "2022-12-06",
          "time": "16:41:14",
          "terminate": "false"
        },
        {
          "speaker": "speaker2",
          "personaID": "98001",
          "participantID": "20355",
          "utterance": "그래요~ 그럼 다음에 또 봐요. 연락 주세요.",
          "summary": "",
          "date": "2022-12-06",
          "time": "16:41:26",
          "terminate": "true"
        }
      ],
      "sessionPersonaSummary": {
        "speaker1": [
          "나는 외출을 한다.",
          "나는 일기예보를 잘 안 본다.",
          "나는 빙판길이 무섭다."
        ],
        "speaker2": [
          "나는 아침에 우유를 마신다.",
          "나는 눈을 좋아한다."
        ]
      },
      "prevAggregatedpersonaSummary": {
        "speaker1": [
          "나는 60대 여성이다.",
          "나는 매일 열등감을 느낀다.",
          "나는 맛집 여행에 관심 없다.",
          "나의 생일은 11월이다."
        ],
        "speaker2": [
          "나는 60대 여성이다.",
          "나는 혈액형이 B형이다.",
          "나는 가끔 열등감을 느낀다.",
          "나는 돈이 없다.",
          "나의 생일은 3월이다."
        ]
      }
    },
    {
      "prevSessionID": "4-00601-2",
      "prevTimeInfo": {
        "timeNum": "1",
        "timeUnit": "일"
      },
      "nthSession": "3",
      "numberOfUtterances": "14",
      "numberOfTurns": "7",
      "sessionID": "4-00601-3",
      "dialog": [
        {
          "speaker": "speaker1",
          "personaID": "97405",
          "participantID": "20095",
          "utterance": "어제는 일이 있어서 나가느라 얘기하다 끝났죠?",
          "summary": "",
          "date": "2022-12-06",
          "time": "16:41:33",
          "terminate": "false"
        },
        {
          "speaker": "speaker2",
          "personaID": "98001",
          "participantID": "20355",
          "utterance": "그렇네요 .ㅎ 뭐 바쁜일이 있으셨어요?",
          "summary": "",
          "date": "2022-12-06",
          "time": "16:41:48",
          "terminate": "false"
        },
        {
          "speaker": "speaker1",
          "personaID": "97405",
          "participantID": "20095",
          "utterance": "어제는 좀 병원을 가느라요. 다녀오니까 해가 지네요.",
          "summary": "나는 병원을 다닌다.",
          "date": "2022-12-06",
          "time": "16:41:53",
          "terminate": "false"
        },
        {
          "speaker": "speaker2",
          "personaID": "98001",
          "participantID": "20355",
          "utterance": "아 그러셨구나. 어디가 안좋으세요? 병원에 가시구.",
          "summary": "",
          "date": "2022-12-06",
          "time": "16:42:15",
          "terminate": "false"
        },
        {
          "speaker": "speaker1",
          "personaID": "97405",
          "participantID": "20095",
          "utterance": "그냥 다들 있을만한 혈압 좀 있어요. 큰일은 아니구요.",
          "summary": "나는 고혈압이 있다.",
          "date": "2022-12-06",
          "time": "16:42:24",
          "terminate": "false"
        },
        {
          "speaker": "speaker2",
          "personaID": "98001",
          "participantID": "20355",
          "utterance": "아~ 그럼 혈압약 받으러 가셨나보구나.",
          "summary": "",
          "date": "2022-12-06",
          "time": "16:42:35",
          "terminate": "false"
        },
        {
          "speaker": "speaker1",
          "personaID": "97405",
          "participantID": "20095",
          "utterance": "맞아요. 그쪽은 그러면 좀 지병 같은건 없어요?",
          "summary": "",
          "date": "2022-12-06",
          "time": "16:42:37",
          "terminate": "false"
        },
        {
          "speaker": "speaker2",
          "personaID": "98001",
          "participantID": "20355",
          "utterance": "저는 혈압은 괜찮아요.ㅎㅎ 디스크가 좀 있지만요.",
          "summary": "나는 디스크가 있다.",
          "date": "2022-12-06",
          "time": "16:42:54",
          "terminate": "false"
        },
        {
          "speaker": "speaker1",
          "personaID": "97405",
          "participantID": "20095",
          "utterance": "아이구. 그게 더 힘들겠다. 혈압은 티는 안나잖아요.",
          "summary": "",
          "date": "2022-12-06",
          "time": "16:43:01",
          "terminate": "false"
        },
        {
          "speaker": "speaker2",
          "personaID": "98001",
          "participantID": "20355",
          "utterance": "맞아요. 디스크는 일상생활에서 좀 힘들죠.",
          "summary": "",
          "date": "2022-12-06",
          "time": "16:43:12",
          "terminate": "false"
        },
        {
          "speaker": "speaker1",
          "personaID": "97405",
          "participantID": "20095",
          "utterance": "그러면 요즘은 집안일 할때도 힘드시겠네요.",
          "summary": "",
          "date": "2022-12-06",
          "time": "16:43:16",
          "terminate": "false"
        },
        {
          "speaker": "speaker2",
          "personaID": "98001",
          "participantID": "20355",
          "utterance": "그쵸... 그래서 집안일 할때마다 스트레칭을 자주 해요.",
          "summary": "나는 스트레칭을 자주 한다.",
          "date": "2022-12-06",
          "time": "16:43:33",
          "terminate": "false"
        },
        {
          "speaker": "speaker1",
          "personaID": "97405",
          "participantID": "20095",
          "utterance": "좋은 습관인걸요. 저도 좀 해봐야겠네요. 스트레칭 좀 하고올게요~",
          "summary": "나는 스트레칭을 한다.",
          "date": "2022-12-06",
          "time": "16:43:41",
          "terminate": "false"
        },
        {
          "speaker": "speaker2",
          "personaID": "98001",
          "participantID": "20355",
          "utterance": "그쪽도 자주자주 해보셔요.ㅎ 그럼 다음에 봐요~",
          "summary": "",
          "date": "2022-12-06",
          "time": "16:43:52",
          "terminate": "true"
        }
      ],
      "sessionPersonaSummary": {
        "speaker1": [
          "나는 병원을 다닌다.",
          "나는 고혈압이 있다.",
          "나는 스트레칭을 한다."
        ],
        "speaker2": [
          "나는 디스크가 있다.",
          "나는 스트레칭을 자주 한다."
        ]
      },
      "prevAggregatedpersonaSummary": {
        "speaker1": [
          "나는 60대 여성이다.",
          "나는 매일 열등감을 느낀다.",
          "나는 맛집 여행에 관심 없다.",
          "나의 생일은 11월이다.",
          "나는 외출을 한다.",
          "나는 일기예보를 잘 안 본다.",
          "나는 빙판길이 무섭다."
        ],
        "speaker2": [
          "나는 60대 여성이다.",
          "나는 혈액형이 B형이다.",
          "나는 가끔 열등감을 느낀다.",
          "나는 돈이 없다.",
          "나의 생일은 3월이다.",
          "나는 아침에 우유를 마신다.",
          "나는 눈을 좋아한다."
        ]
      }
    },
    {
      "prevSessionID": "4-00601-3",
      "prevTimeInfo": {
        "timeNum": "3",
        "timeUnit": "시간"
      },
      "nthSession": "4",
      "numberOfUtterances": "14",
      "numberOfTurns": "7",
      "sessionID": "4-00601-4",
      "dialog": [
        {
          "speaker": "speaker1",
          "personaID": "97405",
          "participantID": "20095",
          "utterance": "아까 스트레칭하고 집안일 하니까 몇시간해도 수월하네요~",
          "summary": "나는 집안일을 했다.",
          "date": "2022-12-06",
          "time": "16:43:59",
          "terminate": "false"
        },
        {
          "speaker": "speaker2",
          "personaID": "98001",
          "participantID": "20355",
          "utterance": "시간이 벌써 이렇게 됐네요.ㅎㅎ 저녁 먹을 시간이군요.",
          "summary": "",
          "date": "2022-12-06",
          "time": "16:44:13",
          "terminate": "false"
        },
        {
          "speaker": "speaker1",
          "personaID": "97405",
          "participantID": "20095",
          "utterance": "맞아요. 어제 눈이 온거때문에 오늘은 장을 안봤네요.",
          "summary": "나는 장을 안 봤다.",
          "date": "2022-12-06",
          "time": "16:44:21",
          "terminate": "false"
        },
        {
          "speaker": "speaker2",
          "personaID": "98001",
          "participantID": "20355",
          "utterance": "아이구 장은 그러면 배달시키시지. 요새는 마트도 배달이 되던데.",
          "summary": "나는 장을 배달로 본다.",
          "date": "2022-12-06",
          "time": "16:44:37",
          "terminate": "false"
        },
        {
          "speaker": "speaker1",
          "personaID": "97405",
          "participantID": "20095",
          "utterance": "오늘은 그냥 배달 시켜 먹으려구요~ 좀 귀찮기도하고.",
          "summary": "나는 배달음식을 시킬 것이다.",
          "date": "2022-12-06",
          "time": "16:44:48",
          "terminate": "false"
        },
        {
          "speaker": "speaker2",
          "personaID": "98001",
          "participantID": "20355",
          "utterance": "그것도 괜찮겠네요.ㅎ 그럼 오늘은 뭐 드시려구요?",
          "summary": "",
          "date": "2022-12-06",
          "time": "16:44:56",
          "terminate": "false"
        },
        {
          "speaker": "speaker1",
          "personaID": "97405",
          "participantID": "20095",
          "utterance": "족발 좋아하세요? 저는 많이 좋아하는데.",
          "summary": "나는 족발을 좋아한다.",
          "date": "2022-12-06",
          "time": "16:45:02",
          "terminate": "false"
        },
        {
          "speaker": "speaker2",
          "personaID": "98001",
          "participantID": "20355",
          "utterance": "족발 좋아하죠~ 어제 저도 먹었어요.ㅎ 그래서 오늘 땡기진 않네요.",
          "summary": "나는 족발을 좋아한다.",
          "date": "2022-12-06",
          "time": "16:45:16",
          "terminate": "false"
        },
        {
          "speaker": "speaker1",
          "personaID": "97405",
          "participantID": "20095",
          "utterance": "그러시구나~ 저는 오늘 그러면 한번 먹어야겠어요.",
          "summary": "",
          "date": "2022-12-06",
          "time": "16:45:20",
          "terminate": "false"
        },
        {
          "speaker": "speaker2",
          "personaID": "98001",
          "participantID": "20355",
          "utterance": "보쌈보다 족발을 좋아하시는 편이신가요?",
          "summary": "",
          "date": "2022-12-06",
          "time": "16:45:39",
          "terminate": "false"
        },
        {
          "speaker": "speaker1",
          "personaID": "97405",
          "participantID": "20095",
          "utterance": "네. 보쌈은 집에서 해먹는 편이라 잘 주문 안해요.",
          "summary": "",
          "date": "2022-12-06",
          "time": "16:45:44",
          "terminate": "false"
        },
        {
          "speaker": "speaker2",
          "personaID": "98001",
          "participantID": "20355",
          "utterance": "저는 뭔가 짜장 짬뽕처럼 고르기 어렵더라구요.ㅎ.",
          "summary": "나는 보쌈을 좋아한다.",
          "date": "2022-12-06",
          "time": "16:45:54",
          "terminate": "false"
        },
        {
          "speaker": "speaker1",
          "personaID": "97405",
          "participantID": "20095",
          "utterance": "보쌈 김치가 맛있긴해요~ 그러면 다음에 또 연락해요~",
          "summary": "",
          "date": "2022-12-06",
          "time": "16:46:00",
          "terminate": "false"
        },
        {
          "speaker": "speaker2",
          "personaID": "98001",
          "participantID": "20355",
          "utterance": "그래요~ 그럼 식사 맛있게 하시고 다음에 또 봐요.ㅎ.",
          "summary": "",
          "date": "2022-12-06",
          "time": "16:46:05",
          "terminate": "true"
        }
      ],
      "sessionPersonaSummary": {
        "speaker1": [
          "나는 집안일을 했다.",
          "나는 장을 안 봤다.",
          "나는 배달음식을 시킬 것이다.",
          "나는 족발을 좋아한다."
        ],
        "speaker2": [
          "나는 장을 배달로 본다.",
          "나는 족발을 좋아한다.",
          "나는 보쌈을 좋아한다."
        ]
      },
      "prevAggregatedpersonaSummary": {
        "speaker1": [
          "나는 60대 여성이다.",
          "나는 매일 열등감을 느낀다.",
          "나는 맛집 여행에 관심 없다.",
          "나의 생일은 11월이다.",
          "나는 외출을 한다.",
          "나는 일기예보를 잘 안 본다.",
          "나는 빙판길이 무섭다.",
          "나는 병원을 다닌다.",
          "나는 고혈압이 있다.",
          "나는 스트레칭을 한다."
        ],
        "speaker2": [
          "나는 60대 여성이다.",
          "나는 혈액형이 B형이다.",
          "나는 가끔 열등감을 느낀다.",
          "나는 돈이 없다.",
          "나의 생일은 3월이다.",
          "나는 아침에 우유를 마신다.",
          "나는 눈을 좋아한다.",
          "나는 디스크가 있다.",
          "나는 스트레칭을 자주 한다."
        ]
      }
    }
  ]
}