{
  "FileInfo": {
    "filename": "K4-00444-CL03927-CP01526-06-10-S4.json",
    "sessionLevel": "4"
  },
  "participantsInfo": {
    "numberOfParticipants": "2",
    "speaker1": {
      "participantID": "0037",
      "gender": "여성",
      "age": "40대",
      "occupation": "무직",
      "bPlace": "부산/대구/울산/경상",
      "gPlace": "부산/대구/울산/경상",
      "rPlace": "부산/대구/울산/경상",
      "educationLevel": "대졸"
    },
    "speaker2": {
      "participantID": "0116",
      "gender": "여성",
      "age": "20대",
      "occupation": "학생",
      "bPlace": "서울/경기/인천",
      "gPlace": "서울/경기/인천",
      "rPlace": "서울/경기/인천",
      "educationLevel": "고졸"
    }
  },
  "multisessionInfo": {
    "multisessionID": "4-00444"
  },
  "personaInfo": {
    "clInfo": {
      "personaID": "03927",
      "personaFeatures": [
        "나는 여자이다.",
        "나는 40대이다.",
        "나의 거주지는 경기도이다.",
        "나는 백화점에 가는 게 짜증난다.",
        "나는 판타지 영화를 싫어한다."
      ],
      "speakerType": "speaker1"
    },
    "cpInfo": {
      "personaID": "01526",
      "personaFeatures": [
        "나는 여자이다.",
        "나는 20대이다.",
        "나는 가족과 이야기를 많이 나눈다.",
        "나는 홈트레이닝을 싫어한다.",
        "나는 응급 구조사이다."
      ],
      "speakerType": "speaker2"
    }
  },
  "topicInfo": {
    "topicID": "06-10",
    "topicType": "교육",
    "topicTitle": "수업"
  },
  "sessionInfo": [
    {
      "prevSessionID": null,
      "prevTimeInfo": {
        "timeNum": null,
        "timeUnit": null
      },
      "nthSession": "1",
      "numberOfUtterances": "20",
      "numberOfTurns": "10",
      "sessionID": "4-00444-1",
      "dialog": [
        {
          "speaker": "speaker1",
          "personaID": "03927",
          "participantID": "0037",
          "utterance": "반가워요 저는 40대 여자입니다.",
          "summary": "나는 40대 여자이다.",
          "date": "2022-08-18",
          "time": "01:49:50",
          "terminate": "false"
        },
        {
          "speaker": "speaker2",
          "personaID": "01526",
          "participantID": "0116",
          "utterance": "안녕하세요 저는 20대 여자에요 반갑습니다.",
          "summary": "",
          "date": "2022-08-18",
          "time": "01:49:50",
          "terminate": "false"
        },
        {
          "speaker": "speaker1",
          "personaID": "03927",
          "participantID": "0037",
          "utterance": "처음뵙겠습니다 어디 사시는 분인가요?",
          "summary": "",
          "date": "2022-08-18",
          "time": "01:49:50",
          "terminate": "false"
        },
        {
          "speaker": "speaker2",
          "personaID": "01526",
          "participantID": "0116",
          "utterance": "저는 서울에 살고있어요 님은 어디 사세용?",
          "summary": "나의 거주지는 서울이다.",
          "date": "2022-08-18",
          "time": "01:49:50",
          "terminate": "false"
        },
        {
          "speaker": "speaker1",
          "personaID": "03927",
          "participantID": "0037",
          "utterance": "저는 경기도에 살고 있어요 반가워요~",
          "summary": "나의 거주지는 경기도이다.",
          "date": "2022-08-18",
          "time": "01:49:50",
          "terminate": "false"
        },
        {
          "speaker": "speaker2",
          "personaID": "01526",
          "participantID": "0116",
          "utterance": "오 그렇군요 서울에서 가깝나요?",
          "summary": "",
          "date": "2022-08-18",
          "time": "01:49:50",
          "terminate": "false"
        },
        {
          "speaker": "speaker1",
          "personaID": "03927",
          "participantID": "0037",
          "utterance": "저는 부천이니까 바로 붙어있어요~",
          "summary": "",
          "date": "2022-08-18",
          "time": "01:49:50",
          "terminate": "false"
        },
        {
          "speaker": "speaker2",
          "personaID": "01526",
          "participantID": "0116",
          "utterance": "그렇군요~ 혹시 뭐하시는분인지 여줘봐도 될까요?",
          "summary": "",
          "date": "2022-08-18",
          "time": "01:49:50",
          "terminate": "false"
        },
        {
          "speaker": "speaker1",
          "personaID": "03927",
          "participantID": "0037",
          "utterance": "저는 지금 대학에서 강사 하고 있어요.",
          "summary": "나는 대학 강사이다.",
          "date": "2022-08-18",
          "time": "01:49:50",
          "terminate": "false"
        },
        {
          "speaker": "speaker2",
          "personaID": "01526",
          "participantID": "0116",
          "utterance": "오 똑똑하신분인거같네요 저는 응급 구조사에요~",
          "summary": "나는 응급구조 사이다.",
          "date": "2022-08-18",
          "time": "01:49:50",
          "terminate": "false"
        },
        {
          "speaker": "speaker1",
          "personaID": "03927",
          "participantID": "0037",
          "utterance": "응급 구조사라니 정말 좋은 일 하시네요.",
          "summary": "",
          "date": "2022-08-18",
          "time": "01:49:50",
          "terminate": "false"
        },
        {
          "speaker": "speaker2",
          "personaID": "01526",
          "participantID": "0116",
          "utterance": "힘들지만 보람있어요ㅎㅎ 대학교 강사도 멋진걸요.",
          "summary": "",
          "date": "2022-08-18",
          "time": "01:49:50",
          "terminate": "false"
        },
        {
          "speaker": "speaker1",
          "personaID": "03927",
          "participantID": "0037",
          "utterance": "저는 매일 수업 준비 하느라 바빠요.",
          "summary": "나는 수업 준비에 바쁘다.",
          "date": "2022-08-18",
          "time": "01:49:50",
          "terminate": "false"
        },
        {
          "speaker": "speaker2",
          "personaID": "01526",
          "participantID": "0116",
          "utterance": "저도 갑자기 응급상황일때가 많아서 정신없어요.",
          "summary": "나는 일이 바쁘다.",
          "date": "2022-08-18",
          "time": "01:49:50",
          "terminate": "false"
        },
        {
          "speaker": "speaker1",
          "personaID": "03927",
          "participantID": "0037",
          "utterance": "그러시겠어요... 못볼것도 볼거같네요.",
          "summary": "",
          "date": "2022-08-18",
          "time": "01:49:50",
          "terminate": "false"
        },
        {
          "speaker": "speaker2",
          "personaID": "01526",
          "participantID": "0116",
          "utterance": "네 그치만 제가 힘내야 한명의 생명이라도 더 구하죠.",
          "summary": "",
          "date": "2022-08-18",
          "time": "01:49:50",
          "terminate": "false"
        },
        {
          "speaker": "speaker1",
          "personaID": "03927",
          "participantID": "0037",
          "utterance": "좋은 자세네요 저도 힘을 내서 준비해야겠어요.",
          "summary": "",
          "date": "2022-08-18",
          "time": "01:49:50",
          "terminate": "false"
        },
        {
          "speaker": "speaker2",
          "personaID": "01526",
          "participantID": "0116",
          "utterance": "그래요 수업 열심히 하세요 저도 운동을 좀 해야겠네요.",
          "summary": "나는 운동을 한다.",
          "date": "2022-08-18",
          "time": "01:49:50",
          "terminate": "false"
        },
        {
          "speaker": "speaker1",
          "personaID": "03927",
          "participantID": "0037",
          "utterance": "운동을 하시는구나 저는 곧 수업 들어가서 또 연락할게요.",
          "summary": "",
          "date": "2022-08-18",
          "time": "01:49:50",
          "terminate": "false"
        },
        {
          "speaker": "speaker2",
          "personaID": "01526",
          "participantID": "0116",
          "utterance": "그래요 다음에 봐요~ 또 연락하세요!",
          "summary": "",
          "date": "2022-08-18",
          "time": "01:49:54",
          "terminate": "true"
        }
      ],
      "sessionPersonaSummary": {
        "speaker1": [
          "나는 40대 여자이다.",
          "나의 거주지는 경기도이다.",
          "나는 대학 강사이다.",
          "나는 수업 준비에 바쁘다."
        ],
        "speaker2": [
          "나의 거주지는 서울이다.",
          "나는 응급구조 사이다.",
          "나는 일이 바쁘다.",
          "나는 운동을 한다."
        ]
      },
      "prevAggregatedpersonaSummary": {
        "speaker1": [],
        "speaker2": []
      }
    },
    {
      "prevSessionID": "4-00444-1",
      "prevTimeInfo": {
        "timeNum": "1",
        "timeUnit": "일"
      },
      "nthSession": "2",
      "numberOfUtterances": "20",
      "numberOfTurns": "10",
      "sessionID": "4-00444-2",
      "dialog": [
        {
          "speaker": "speaker1",
          "personaID": "03927",
          "participantID": "0037",
          "utterance": "어제 보니까 운동 하신댔죠? 어떤 운동 하시나요?",
          "summary": "",
          "date": "2022-08-18",
          "time": "01:50:06",
          "terminate": "false"
        },
        {
          "speaker": "speaker2",
          "personaID": "01526",
          "participantID": "0116",
          "utterance": "아 응급상황에 대비해서 항상 몸을 단련해요.",
          "summary": "",
          "date": "2022-08-18",
          "time": "01:49:50",
          "terminate": "false"
        },
        {
          "speaker": "speaker1",
          "personaID": "03927",
          "participantID": "0037",
          "utterance": "아 그러시구나 그러면 헬스 같은거 하시나봐요.",
          "summary": "",
          "date": "2022-08-18",
          "time": "01:50:45",
          "terminate": "false"
        },
        {
          "speaker": "speaker2",
          "personaID": "01526",
          "participantID": "0116",
          "utterance": "네 근데 제가 힘든걸 싫어해서 사실 별로 좋아하진 않아요ㅎㅎ 홈트레이닝도 그렇고.",
          "summary": "나는 홈트레이닝을 싫어한다.",
          "date": "2022-08-18",
          "time": "01:51:06",
          "terminate": "false"
        },
        {
          "speaker": "speaker1",
          "personaID": "03927",
          "participantID": "0037",
          "utterance": "그걸 참고 운동으로 다져진 몸이라니 멋지네요~",
          "summary": "",
          "date": "2022-08-18",
          "time": "01:51:12",
          "terminate": "false"
        },
        {
          "speaker": "speaker2",
          "personaID": "01526",
          "participantID": "0116",
          "utterance": "어쩔수없죠 갑작스러운 상황에서 구조활동을 하려면요.",
          "summary": "",
          "date": "2022-08-18",
          "time": "01:51:28",
          "terminate": "false"
        },
        {
          "speaker": "speaker1",
          "personaID": "03927",
          "participantID": "0037",
          "utterance": "저는 지금도 교양 수업 준비 중이에요.",
          "summary": "나는 교양 수업 준비 중이다.",
          "date": "2022-08-18",
          "time": "01:51:39",
          "terminate": "false"
        },
        {
          "speaker": "speaker2",
          "personaID": "01526",
          "participantID": "0116",
          "utterance": "수업준비를 되게 열심히 하시네요.",
          "summary": "",
          "date": "2022-08-18",
          "time": "01:51:55",
          "terminate": "false"
        },
        {
          "speaker": "speaker1",
          "personaID": "03927",
          "participantID": "0037",
          "utterance": "제가 디자인 교양 수업 강사거든요 새로운 교재가 필요해요.",
          "summary": "나는 디자인 강사이다.",
          "date": "2022-08-18",
          "time": "01:52:04",
          "terminate": "false"
        },
        {
          "speaker": "speaker2",
          "personaID": "01526",
          "participantID": "0116",
          "utterance": "디자인이면 되게 감각적이시겠네요 멋지다.",
          "summary": "",
          "date": "2022-08-18",
          "time": "01:52:17",
          "terminate": "false"
        },
        {
          "speaker": "speaker1",
          "personaID": "03927",
          "participantID": "0037",
          "utterance": "ㅎㅎ... 그게 또 뭐 부업같은거긴해요.",
          "summary": "",
          "date": "2022-08-18",
          "time": "01:52:27",
          "terminate": "false"
        },
        {
          "speaker": "speaker2",
          "personaID": "01526",
          "participantID": "0116",
          "utterance": "아 그래요? 그럼 부업으로 어떤걸 하시는데요?",
          "summary": "",
          "date": "2022-08-18",
          "time": "01:52:44",
          "terminate": "false"
        },
        {
          "speaker": "speaker1",
          "personaID": "03927",
          "participantID": "0037",
          "utterance": "원래는 디자인 회사 운영하는게 메인이에요.",
          "summary": "나는 회사를 운영한다.",
          "date": "2022-08-18",
          "time": "01:52:47",
          "terminate": "false"
        },
        {
          "speaker": "speaker2",
          "personaID": "01526",
          "participantID": "0116",
          "utterance": "아 대학 강사가 부업이에요...? 신기하네요.",
          "summary": "",
          "date": "2022-08-18",
          "time": "01:52:59",
          "terminate": "false"
        },
        {
          "speaker": "speaker1",
          "personaID": "03927",
          "participantID": "0037",
          "utterance": "이러신분들 많아요~ 제 주변에도 몇분 계세요.",
          "summary": "",
          "date": "2022-08-18",
          "time": "01:53:05",
          "terminate": "false"
        },
        {
          "speaker": "speaker2",
          "personaID": "01526",
          "participantID": "0116",
          "utterance": "멋지네요 회사도 운영하시고 돈 되게 많으시겠어요.",
          "summary": "",
          "date": "2022-08-18",
          "time": "02:02:37",
          "terminate": "false"
        },
        {
          "speaker": "speaker1",
          "personaID": "03927",
          "participantID": "0037",
          "utterance": "뭐 돈은 별로 없어요 되게 작거든요.",
          "summary": "",
          "date": "2022-08-18",
          "time": "02:02:37",
          "terminate": "false"
        },
        {
          "speaker": "speaker2",
          "personaID": "01526",
          "participantID": "0116",
          "utterance": "아 그렇군요 저도 힘내서 열심히 해야겠어요.",
          "summary": "",
          "date": "2022-08-18",
          "time": "02:02:37",
          "terminate": "false"
        },
        {
          "speaker": "speaker1",
          "personaID": "03927",
          "participantID": "0037",
          "utterance": "직원들 월급 주려고 강사도 하는거죠 또 연락해요~",
          "summary": "",
          "date": "2022-08-18",
          "time": "02:02:37",
          "terminate": "false"
        },
        {
          "speaker": "speaker2",
          "personaID": "01526",
          "participantID": "0116",
          "utterance": "그래요 다음에 또 봐요 대화 즐거웠어요.",
          "summary": "",
          "date": "2022-08-18",
          "time": "02:02:37",
          "terminate": "true"
        }
      ],
      "sessionPersonaSummary": {
        "speaker1": [
          "나는 교양 수업 준비 중이다.",
          "나는 디자인 강사이다.",
          "나는 회사를 운영한다."
        ],
        "speaker2": [
          "나는 홈트레이닝을 싫어한다."
        ]
      },
      "prevAggregatedpersonaSummary": {
        "speaker1": [
          "나는 40대 여자이다.",
          "나의 거주지는 경기도이다.",
          "나는 대학 강사이다.",
          "나는 수업 준비에 바쁘다."
        ],
        "speaker2": [
          "나의 거주지는 서울이다.",
          "나는 응급구조 사이다.",
          "나는 일이 바쁘다.",
          "나는 운동을 한다."
        ]
      }
    },
    {
      "prevSessionID": "4-00444-2",
      "prevTimeInfo": {
        "timeNum": "3",
        "timeUnit": "일"
      },
      "nthSession": "3",
      "numberOfUtterances": "20",
      "numberOfTurns": "10",
      "sessionID": "4-00444-3",
      "dialog": [
        {
          "speaker": "speaker1",
          "personaID": "03927",
          "participantID": "0037",
          "utterance": "사흘만이네요 응급 구조사는 주말도 일하시나요?",
          "summary": "",
          "date": "2022-08-18",
          "time": "02:02:37",
          "terminate": "false"
        },
        {
          "speaker": "speaker2",
          "personaID": "01526",
          "participantID": "0116",
          "utterance": "그럼요 주말이라고 사고가 안나는건 아니니까요.",
          "summary": "",
          "date": "2022-08-18",
          "time": "02:02:37",
          "terminate": "false"
        },
        {
          "speaker": "speaker1",
          "personaID": "03927",
          "participantID": "0037",
          "utterance": "저는 오늘은 백화점에 나와있어요.",
          "summary": "나는 백화점에 왔다.",
          "date": "2022-08-18",
          "time": "02:02:37",
          "terminate": "false"
        },
        {
          "speaker": "speaker2",
          "personaID": "01526",
          "participantID": "0116",
          "utterance": "쇼핑하시나요? 부럽네요 뭐 사시러 간거에요?",
          "summary": "",
          "date": "2022-08-18",
          "time": "02:02:37",
          "terminate": "false"
        },
        {
          "speaker": "speaker1",
          "personaID": "03927",
          "participantID": "0037",
          "utterance": "저희 회사가 맡았던 프로젝트에 문제가 있어서요...",
          "summary": "",
          "date": "2022-08-18",
          "time": "02:02:37",
          "terminate": "false"
        },
        {
          "speaker": "speaker2",
          "personaID": "01526",
          "participantID": "0116",
          "utterance": "아 그래요...? 그래서 백화점에는 왜 가신거에요?",
          "summary": "",
          "date": "2022-08-18",
          "time": "02:02:37",
          "terminate": "false"
        },
        {
          "speaker": "speaker1",
          "personaID": "03927",
          "participantID": "0037",
          "utterance": "이런일이 왜 일어났는지 백화점 가는게 짜증나네요.",
          "summary": "나는 백화점 가는 게 짜증 난다.",
          "date": "2022-08-18",
          "time": "02:02:37",
          "terminate": "false"
        },
        {
          "speaker": "speaker2",
          "personaID": "01526",
          "participantID": "0116",
          "utterance": "백화점이랑 관련된 디자인 업무였나보네요.",
          "summary": "",
          "date": "2022-08-18",
          "time": "02:02:37",
          "terminate": "false"
        },
        {
          "speaker": "speaker1",
          "personaID": "03927",
          "participantID": "0037",
          "utterance": "제가 너무 짜증나서 잘 말이 안통했나보네요.",
          "summary": "나는 매우 짜증 난다.",
          "date": "2022-08-18",
          "time": "02:02:37",
          "terminate": "false"
        },
        {
          "speaker": "speaker2",
          "personaID": "01526",
          "participantID": "0116",
          "utterance": "그렇군요... 저도 업무 교대하면 가족이랑 백화점에 좀 가야겠어요.",
          "summary": "나는 가족과 백화점에 갈 것이다.",
          "date": "2022-08-18",
          "time": "02:02:37",
          "terminate": "false"
        },
        {
          "speaker": "speaker1",
          "personaID": "03927",
          "participantID": "0037",
          "utterance": "그러시군요 가족분이랑은 자주 만나시나요?",
          "summary": "",
          "date": "2022-08-18",
          "time": "02:02:37",
          "terminate": "false"
        },
        {
          "speaker": "speaker2",
          "personaID": "01526",
          "participantID": "0116",
          "utterance": "네 가족들이랑 대화를 좀 많이 나누는편이죠.",
          "summary": "나는 가족과 이야기를 많이 나눈다.",
          "date": "2022-08-18",
          "time": "02:02:37",
          "terminate": "false"
        },
        {
          "speaker": "speaker1",
          "personaID": "03927",
          "participantID": "0037",
          "utterance": "좋네요 저도 가족이랑은 좀 자주 만나야겠어요.",
          "summary": "",
          "date": "2022-08-18",
          "time": "02:02:37",
          "terminate": "false"
        },
        {
          "speaker": "speaker2",
          "personaID": "01526",
          "participantID": "0116",
          "utterance": "네ㅎㅎ 백화점에서 쇼핑도 하고 밥도 먹고 영화도 좀 봐야겠어요.",
          "summary": "나는 가족과 시간을 보낸다.",
          "date": "2022-08-18",
          "time": "02:02:37",
          "terminate": "false"
        },
        {
          "speaker": "speaker1",
          "personaID": "03927",
          "participantID": "0037",
          "utterance": "영화 보시는구나 어떤 영화 보시려고요?",
          "summary": "",
          "date": "2022-08-18",
          "time": "02:02:37",
          "terminate": "false"
        },
        {
          "speaker": "speaker2",
          "personaID": "01526",
          "participantID": "0116",
          "utterance": "판타지 영화요 이번에 호빗이 나왔대요.",
          "summary": "",
          "date": "2022-08-18",
          "time": "02:02:37",
          "terminate": "false"
        },
        {
          "speaker": "speaker1",
          "personaID": "03927",
          "participantID": "0037",
          "utterance": "저는 판타지 영화는 싫어서 잘 안보게 되네요.",
          "summary": "나는 판타지 영화를 싫어한다.",
          "date": "2022-08-18",
          "time": "02:02:37",
          "terminate": "false"
        },
        {
          "speaker": "speaker2",
          "personaID": "01526",
          "participantID": "0116",
          "utterance": "아 그렇군요 저는 좀 그런 만화같은 내용이 좋더라구요.",
          "summary": "",
          "date": "2022-08-18",
          "time": "02:02:37",
          "terminate": "false"
        },
        {
          "speaker": "speaker1",
          "personaID": "03927",
          "participantID": "0037",
          "utterance": "저는 그 보다보면 일 생각이 나서요... 또 연락해요.",
          "summary": "",
          "date": "2022-08-18",
          "time": "02:02:37",
          "terminate": "false"
        },
        {
          "speaker": "speaker2",
          "personaID": "01526",
          "participantID": "0116",
          "utterance": "아 직업병같은건가보네요.. 그래요 다음에 또 봐요.",
          "summary": "",
          "date": "2022-08-18",
          "time": "02:02:37",
          "terminate": "true"
        }
      ],
      "sessionPersonaSummary": {
        "speaker1": [
          "나는 백화점에 왔다.",
          "나는 백화점 가는 게 짜증 난다.",
          "나는 매우 짜증 난다.",
          "나는 판타지 영화를 싫어한다."
        ],
        "speaker2": [
          "나는 가족과 백화점에 갈 것이다.",
          "나는 가족과 이야기를 많이 나눈다.",
          "나는 가족과 시간을 보낸다."
        ]
      },
      "prevAggregatedpersonaSummary": {
        "speaker1": [
          "나는 40대 여자이다.",
          "나의 거주지는 경기도이다.",
          "나는 대학 강사이다.",
          "나는 수업 준비에 바쁘다.",
          "나는 교양 수업 준비 중이다.",
          "나는 디자인 강사이다.",
          "나는 회사를 운영한다."
        ],
        "speaker2": [
          "나의 거주지는 서울이다.",
          "나는 응급구조 사이다.",
          "나는 일이 바쁘다.",
          "나는 운동을 한다.",
          "나는 홈트레이닝을 싫어한다."
        ]
      }
    },
    {
      "prevSessionID": "4-00444-3",
      "prevTimeInfo": {
        "timeNum": "7",
        "timeUnit": "일"
      },
      "nthSession": "4",
      "numberOfUtterances": "20",
      "numberOfTurns": "10",
      "sessionID": "4-00444-4",
      "dialog": [
        {
          "speaker": "speaker1",
          "personaID": "03927",
          "participantID": "0037",
          "utterance": "오래만에 반가워요 일주일만이네요?",
          "summary": "",
          "date": "2022-08-18",
          "time": "02:02:37",
          "terminate": "false"
        },
        {
          "speaker": "speaker2",
          "personaID": "01526",
          "participantID": "0116",
          "utterance": "그러게요 오랜만이에요 그동안 잘 지내셨나요?",
          "summary": "",
          "date": "2022-08-18",
          "time": "02:02:37",
          "terminate": "false"
        },
        {
          "speaker": "speaker1",
          "personaID": "03927",
          "participantID": "0037",
          "utterance": "저는 잘 지냈어요 요즘 수업도 끝나고 방학이에요.",
          "summary": "나의 수업은 종강하였다.",
          "date": "2022-08-18",
          "time": "02:02:37",
          "terminate": "false"
        },
        {
          "speaker": "speaker2",
          "personaID": "01526",
          "participantID": "0116",
          "utterance": "그렇군요ㅎㅎ 저도 방학이란게 좀 있었으면 좋겠어요.",
          "summary": "",
          "date": "2022-08-18",
          "time": "02:02:37",
          "terminate": "false"
        },
        {
          "speaker": "speaker1",
          "personaID": "03927",
          "participantID": "0037",
          "utterance": "어서 휴가라도 받으시면 좋겠어요~",
          "summary": "",
          "date": "2022-08-18",
          "time": "02:02:37",
          "terminate": "false"
        },
        {
          "speaker": "speaker2",
          "personaID": "01526",
          "participantID": "0116",
          "utterance": "그러게요~ 휴가가 쉽게 따지는게 아니라서요.",
          "summary": "",
          "date": "2022-08-18",
          "time": "02:02:37",
          "terminate": "false"
        },
        {
          "speaker": "speaker1",
          "personaID": "03927",
          "participantID": "0037",
          "utterance": "혹시 세워둔 휴가 계획 같은거 있으신가요?",
          "summary": "",
          "date": "2022-08-18",
          "time": "02:02:37",
          "terminate": "false"
        },
        {
          "speaker": "speaker2",
          "personaID": "01526",
          "participantID": "0116",
          "utterance": "아뇨ㅋㅋ 제맘대로 계획을 세울 수 있는게 아니라서요 그래도 간다면 해외여행 가고싶네요.",
          "summary": "나는 해외여행에 가고 싶다.",
          "date": "2022-08-18",
          "time": "02:02:37",
          "terminate": "false"
        },
        {
          "speaker": "speaker1",
          "personaID": "03927",
          "participantID": "0037",
          "utterance": "해외여행 좋네요 저는 다른나라 유물 보러 가고싶어요.",
          "summary": "",
          "date": "2022-08-18",
          "time": "02:02:37",
          "terminate": "false"
        },
        {
          "speaker": "speaker2",
          "personaID": "01526",
          "participantID": "0116",
          "utterance": "그런걸 좋아하시나봐요? 본적 있으세요?",
          "summary": "",
          "date": "2022-08-18",
          "time": "02:02:37",
          "terminate": "false"
        },
        {
          "speaker": "speaker1",
          "personaID": "03927",
          "participantID": "0037",
          "utterance": "네 전에 교토를 갔는데 너무 이쁘더라고요.",
          "summary": "나는 역사 문화 여행을 간다.",
          "date": "2022-08-18",
          "time": "02:02:37",
          "terminate": "false"
        },
        {
          "speaker": "speaker2",
          "personaID": "01526",
          "participantID": "0116",
          "utterance": "멋지네요 교토~ 전 루브르 박물관에 간적있어요.",
          "summary": "나는 루브르 박물관에 갔었다.",
          "date": "2022-08-18",
          "time": "02:02:37",
          "terminate": "false"
        },
        {
          "speaker": "speaker1",
          "personaID": "03927",
          "participantID": "0037",
          "utterance": "저도 진짜 가보고싶네요 ㅠㅠ 디자이너가 되서 못가보다니.",
          "summary": "나는 루브르 박물관을 가고 싶다.",
          "date": "2022-08-18",
          "time": "02:02:37",
          "terminate": "false"
        },
        {
          "speaker": "speaker2",
          "personaID": "01526",
          "participantID": "0116",
          "utterance": "유명해서 꼭 가봐야한다길래 가봤는데 뭐가 뭔진 잘 모르겠더라구요.",
          "summary": "",
          "date": "2022-08-18",
          "time": "02:02:37",
          "terminate": "false"
        },
        {
          "speaker": "speaker1",
          "personaID": "03927",
          "participantID": "0037",
          "utterance": "그러시구나... 유럽은 역시 어릴때 가야해요 나이 먹곤 힘드네요.",
          "summary": "",
          "date": "2022-08-18",
          "time": "02:02:37",
          "terminate": "false"
        },
        {
          "speaker": "speaker2",
          "personaID": "01526",
          "participantID": "0116",
          "utterance": "맞아요 잘은 모르지만 그 공간에서 오는 분위기가 굉장했어요.",
          "summary": "",
          "date": "2022-08-18",
          "time": "02:02:37",
          "terminate": "false"
        },
        {
          "speaker": "speaker1",
          "personaID": "03927",
          "participantID": "0037",
          "utterance": "저도 한번 체험 해보고싶네요 파리의 공기를...",
          "summary": "",
          "date": "2022-08-18",
          "time": "02:02:37",
          "terminate": "false"
        },
        {
          "speaker": "speaker2",
          "personaID": "01526",
          "participantID": "0116",
          "utterance": "저도 교토에 한번 꼭 가보고싶네요 그렇게 거리가 이쁘다던데 솔직히 파리의 거리는 좀 불쾌해요...ㅎㅎ.",
          "summary": "나는 교토에 가보고 싶다.",
          "date": "2022-08-18",
          "time": "02:02:37",
          "terminate": "false"
        },
        {
          "speaker": "speaker1",
          "personaID": "03927",
          "participantID": "0037",
          "utterance": "그랬군요... 아쉽네요 그건 저는 회사 일 좀 보러 갔다올게요!",
          "summary": "",
          "date": "2022-08-18",
          "time": "02:02:37",
          "terminate": "false"
        },
        {
          "speaker": "speaker2",
          "personaID": "01526",
          "participantID": "0116",
          "utterance": "아 저도 응급상황이라! 가보겠습니다!",
          "summary": "",
          "date": "2022-08-18",
          "time": "02:02:37",
          "terminate": "true"
        }
      ],
      "sessionPersonaSummary": {
        "speaker1": [
          "나의 수업은 종강하였다.",
          "나는 역사 문화 여행을 간다.",
          "나는 루브르 박물관을 가고 싶다."
        ],
        "speaker2": [
          "나는 해외여행에 가고 싶다.",
          "나는 루브르 박물관에 갔었다.",
          "나는 교토에 가보고 싶다."
        ]
      },
      "prevAggregatedpersonaSummary": {
        "speaker1": [
          "나는 40대 여자이다.",
          "나의 거주지는 경기도이다.",
          "나는 대학 강사이다.",
          "나는 수업 준비에 바쁘다.",
          "나는 교양 수업 준비 중이다.",
          "나는 디자인 강사이다.",
          "나는 회사를 운영한다.",
          "나는 백화점에 왔다.",
          "나는 백화점 가는 게 짜증 난다.",
          "나는 매우 짜증 난다.",
          "나는 판타지 영화를 싫어한다."
        ],
        "speaker2": [
          "나의 거주지는 서울이다.",
          "나는 응급구조 사이다.",
          "나는 일이 바쁘다.",
          "나는 운동을 한다.",
          "나는 홈트레이닝을 싫어한다.",
          "나는 가족과 백화점에 갈 것이다.",
          "나는 가족과 이야기를 많이 나눈다.",
          "나는 가족과 시간을 보낸다."
        ]
      }
    }
  ]
}