{
  "FileInfo": {
    "filename": "K4-00307-CL21675-CP22675-04-07-S4.json",
    "sessionLevel": "4"
  },
  "participantsInfo": {
    "numberOfParticipants": "2",
    "speaker1": {
      "participantID": "0980",
      "gender": "여성",
      "age": "20대",
      "occupation": "무직",
      "bPlace": "서울/경기/인천",
      "gPlace": "서울/경기/인천",
      "rPlace": "서울/경기/인천",
      "educationLevel": "대졸"
    },
    "speaker2": {
      "participantID": "1001",
      "gender": "여성",
      "age": "20대",
      "occupation": "무직",
      "bPlace": "서울/경기/인천",
      "gPlace": "서울/경기/인천",
      "rPlace": "서울/경기/인천",
      "educationLevel": "대졸"
    }
  },
  "multisessionInfo": {
    "multisessionID": "4-00307"
  },
  "personaInfo": {
    "clInfo": {
      "personaID": "21675",
      "personaFeatures": [
        "나는 여자이다.",
        "나는 20대이다.",
        "나는 요즘, 가끔 남의 시선이 의식된다.",
        "나는 정치외교학부 전공이다.",
        "나는 서늘한 날씨를 좋아한다."
      ],
      "speakerType": "speaker1"
    },
    "cpInfo": {
      "personaID": "22675",
      "personaFeatures": [
        "나는 여자이다.",
        "나는 20대이다.",
        "나는 역사/문화 여행 자주 간다.",
        "나는 중어중문학 전공이다.",
        "나는 여름을 싫어한다."
      ],
      "speakerType": "speaker2"
    }
  },
  "topicInfo": {
    "topicID": "04-07",
    "topicType": "일과 직업>회사/아르바이트",
    "topicTitle": "회식"
  },
  "sessionInfo": [
    {
      "prevSessionID": null,
      "prevTimeInfo": {
        "timeNum": null,
        "timeUnit": null
      },
      "nthSession": "1",
      "numberOfUtterances": "18",
      "numberOfTurns": "9",
      "sessionID": "4-00307-1",
      "dialog": [
        {
          "speaker": "speaker1",
          "personaID": "21675",
          "participantID": "0980",
          "utterance": "안녕하세요. 저는 20대 여자예요.",
          "summary": "나는 20대 여성이다.",
          "date": "2022-10-24",
          "time": "10:02:17",
          "terminate": "false"
        },
        {
          "speaker": "speaker2",
          "personaID": "22675",
          "participantID": "1001",
          "utterance": "안녕하세요. 저도 20대 여자예요.",
          "summary": "나는 20대 여성이다.",
          "date": "2022-10-24",
          "time": "10:28:31",
          "terminate": "false"
        },
        {
          "speaker": "speaker1",
          "personaID": "21675",
          "participantID": "0980",
          "utterance": "잘 부탁해요. 저는 정치외교학과를 나와서 정치평론가를 하고 있어요.",
          "summary": "나는 정치평론가이다. 나는 정치외교학부 전공이다.",
          "date": "2022-10-24",
          "time": "10:28:35",
          "terminate": "false"
        },
        {
          "speaker": "speaker2",
          "personaID": "22675",
          "participantID": "1001",
          "utterance": "그렇군요. 저는 중어중문학 전공 대학생이에요.",
          "summary": "나는 대학생이다. 나는 중어중문학 전공이다.",
          "date": "2022-10-24",
          "time": "10:29:57",
          "terminate": "false"
        },
        {
          "speaker": "speaker1",
          "personaID": "21675",
          "participantID": "0980",
          "utterance": "한창 좋을 때네요. 사실 요즘 고민이 하나 있어요.",
          "summary": "나는 요즘 고민이 있다.",
          "date": "2022-10-24",
          "time": "10:30:20",
          "terminate": "false"
        },
        {
          "speaker": "speaker2",
          "personaID": "22675",
          "participantID": "1001",
          "utterance": "그러시구나. 무슨 일이세요?",
          "summary": "",
          "date": "2022-10-24",
          "time": "10:30:46",
          "terminate": "false"
        },
        {
          "speaker": "speaker1",
          "personaID": "21675",
          "participantID": "0980",
          "utterance": "요즘 가끔 남의 시선이 의식돼요. 어차피 남들은 나한테 관심이 없는 걸 알지만서도...",
          "summary": "나는 요즘, 가끔 남의 시선이 의식된다.",
          "date": "2022-10-24",
          "time": "10:31:15",
          "terminate": "false"
        },
        {
          "speaker": "speaker2",
          "personaID": "22675",
          "participantID": "1001",
          "utterance": "남들한테 피해만 안 준다면 괜찮다고 생각해요.",
          "summary": "",
          "date": "2022-10-24",
          "time": "10:32:20",
          "terminate": "false"
        },
        {
          "speaker": "speaker1",
          "personaID": "21675",
          "participantID": "0980",
          "utterance": "고마워요. 위로가 되네요. 취미는 어떻게 되세요?",
          "summary": "",
          "date": "2022-10-24",
          "time": "10:33:08",
          "terminate": "false"
        },
        {
          "speaker": "speaker2",
          "personaID": "22675",
          "participantID": "1001",
          "utterance": "전 역사나 문화 여행을 자주 가요.",
          "summary": "나는 역사/문화 여행을 자주 간다.",
          "date": "2022-10-24",
          "time": "10:33:51",
          "terminate": "false"
        },
        {
          "speaker": "speaker1",
          "personaID": "21675",
          "participantID": "0980",
          "utterance": "멋지네요. 아르바이트를 해서 여행비용을 모으시는 거예요?",
          "summary": "",
          "date": "2022-10-24",
          "time": "10:34:23",
          "terminate": "false"
        },
        {
          "speaker": "speaker2",
          "personaID": "22675",
          "participantID": "1001",
          "utterance": "네. 아르바이트를 하고 있어요.",
          "summary": "나는 아르바이트를 한다.",
          "date": "2022-10-24",
          "time": "10:35:00",
          "terminate": "false"
        },
        {
          "speaker": "speaker1",
          "personaID": "21675",
          "participantID": "0980",
          "utterance": "오, 무슨 아르바이트 하세요?",
          "summary": "",
          "date": "2022-10-24",
          "time": "10:35:28",
          "terminate": "false"
        },
        {
          "speaker": "speaker2",
          "personaID": "22675",
          "participantID": "1001",
          "utterance": "저는 카페 아르바이트를 해요.",
          "summary": "나는 카페 아르바이트를 한다.",
          "date": "2022-10-24",
          "time": "10:36:11",
          "terminate": "false"
        },
        {
          "speaker": "speaker1",
          "personaID": "21675",
          "participantID": "0980",
          "utterance": "그러시구나. 카페 아르바이트는 바쁠 것 같아요.",
          "summary": "",
          "date": "2022-10-24",
          "time": "10:36:46",
          "terminate": "false"
        },
        {
          "speaker": "speaker2",
          "personaID": "22675",
          "participantID": "1001",
          "utterance": "제가 일하는 카페는 매장이 한가해요.",
          "summary": "내가 일하는 카페는 매장이 한가하다.",
          "date": "2022-10-24",
          "time": "10:37:29",
          "terminate": "false"
        },
        {
          "speaker": "speaker1",
          "personaID": "21675",
          "participantID": "0980",
          "utterance": "다행이네요. 저는 이만 가볼게요. 대화 나눠서 즐거웠어요.",
          "summary": "",
          "date": "2022-10-24",
          "time": "10:37:37",
          "terminate": "false"
        },
        {
          "speaker": "speaker2",
          "personaID": "22675",
          "participantID": "1001",
          "utterance": "네. 그럼 다음에 또 이야기해요. 전 가볼게요.",
          "summary": "",
          "date": "2022-10-24",
          "time": "10:37:59",
          "terminate": "true"
        }
      ],
      "sessionPersonaSummary": {
        "speaker1": [
          "나는 20대 여성이다.",
          "나는 정치평론가이다. 나는 정치외교학부 전공이다.",
          "나는 요즘 고민이 있다.",
          "나는 요즘, 가끔 남의 시선이 의식된다."
        ],
        "speaker2": [
          "나는 20대 여성이다.",
          "나는 대학생이다. 나는 중어중문학 전공이다.",
          "나는 역사/문화 여행을 자주 간다.",
          "나는 아르바이트를 한다.",
          "나는 카페 아르바이트를 한다.",
          "내가 일하는 카페는 매장이 한가하다."
        ]
      },
      "prevAggregatedpersonaSummary": {
        "speaker1": [],
        "speaker2": []
      }
    },
    {
      "prevSessionID": "4-00307-1",
      "prevTimeInfo": {
        "timeNum": "1",
        "timeUnit": "일"
      },
      "nthSession": "2",
      "numberOfUtterances": "18",
      "numberOfTurns": "9",
      "sessionID": "4-00307-2",
      "dialog": [
        {
          "speaker": "speaker1",
          "personaID": "21675",
          "participantID": "0980",
          "utterance": "어젠 잘 들어가셨어요? 휴. 남자친구 회사에서 회식을 하는데 연락이 안 되네요.",
          "summary": "나는 남자 친구가 있다. 나의 남자 친구는 회사를 다닌다. 나의 남자 친구가 다니는 회사에서 회식을 한다. 나는 남자 친구와 연락이 안 된다.",
          "date": "2022-10-24",
          "time": "10:38:20",
          "terminate": "false"
        },
        {
          "speaker": "speaker2",
          "personaID": "22675",
          "participantID": "1001",
          "utterance": "그러시구나. 속상하시겠어요. 이해하세요.",
          "summary": "",
          "date": "2022-10-24",
          "time": "10:39:02",
          "terminate": "false"
        },
        {
          "speaker": "speaker1",
          "personaID": "21675",
          "participantID": "0980",
          "utterance": "무슨 회식을 이렇게 자주 하는지 모르겠어요.",
          "summary": "나의 남자 친구가 다니는 회사에서 회식을 자주 한다.",
          "date": "2022-10-24",
          "time": "10:39:25",
          "terminate": "false"
        },
        {
          "speaker": "speaker2",
          "personaID": "22675",
          "participantID": "1001",
          "utterance": "남자친구분 회사에서 회식을 자주 하나봐요?",
          "summary": "",
          "date": "2022-10-24",
          "time": "10:39:49",
          "terminate": "false"
        },
        {
          "speaker": "speaker1",
          "personaID": "21675",
          "participantID": "0980",
          "utterance": "네, 일주일에 한 번은 꼭 회식을 하네요.",
          "summary": "나의 남자 친구는 일주일에 한 번 이상 회식을 한다.",
          "date": "2022-10-24",
          "time": "10:40:02",
          "terminate": "false"
        },
        {
          "speaker": "speaker2",
          "personaID": "22675",
          "participantID": "1001",
          "utterance": "그렇군요. 정치평론가는 회식이 없나요?",
          "summary": "",
          "date": "2022-10-24",
          "time": "10:40:43",
          "terminate": "false"
        },
        {
          "speaker": "speaker1",
          "personaID": "21675",
          "participantID": "0980",
          "utterance": "회사에 소속된 게 아니니까요.",
          "summary": "나는 회식을 하지 않는다.",
          "date": "2022-10-24",
          "time": "10:41:22",
          "terminate": "false"
        },
        {
          "speaker": "speaker2",
          "personaID": "22675",
          "participantID": "1001",
          "utterance": "그러시구나. 저도 알바라 회식을 안 해봤어요.",
          "summary": "나는 회식을 안 해봤다.",
          "date": "2022-10-24",
          "time": "10:42:08",
          "terminate": "false"
        },
        {
          "speaker": "speaker1",
          "personaID": "21675",
          "participantID": "0980",
          "utterance": "그렇군요. 보통은 회식을 싫어하는데, 좋아하는 사람도 있잖아요. 회식해보고 싶으세요?",
          "summary": "",
          "date": "2022-10-24",
          "time": "10:42:39",
          "terminate": "false"
        },
        {
          "speaker": "speaker2",
          "personaID": "22675",
          "participantID": "1001",
          "utterance": "네. 뭐..안 해봐서 궁금하네요. 해보셨어요?",
          "summary": "나는 회식을 해보고 싶다.",
          "date": "2022-10-24",
          "time": "10:46:09",
          "terminate": "false"
        },
        {
          "speaker": "speaker1",
          "personaID": "21675",
          "participantID": "0980",
          "utterance": "해본 적은 있어요. 빨리 집에 가고 싶던데요.",
          "summary": "나는 회식을 해본 적이 있다. 나는 회식을 했을 때 빨리 집에 가고 싶었다.",
          "date": "2022-10-24",
          "time": "10:46:32",
          "terminate": "false"
        },
        {
          "speaker": "speaker2",
          "personaID": "22675",
          "participantID": "1001",
          "utterance": "그래요? 정치평론가 말고 다른 일도 하셨었나요?",
          "summary": "",
          "date": "2022-10-24",
          "time": "10:47:09",
          "terminate": "false"
        },
        {
          "speaker": "speaker1",
          "personaID": "21675",
          "participantID": "0980",
          "utterance": "네, 아르바이트도 했었죠. 중어중문 공부하시면서 아르바이트 하시려면 힘들텐데 카페가 한가해서 다행이네요.",
          "summary": "나는 아르바이트를 한 적이 있다.",
          "date": "2022-10-24",
          "time": "10:47:57",
          "terminate": "false"
        },
        {
          "speaker": "speaker2",
          "personaID": "22675",
          "participantID": "1001",
          "utterance": "무슨 아르바이트 하셨어요? 알아주셔서 고마워요.",
          "summary": "",
          "date": "2022-10-24",
          "time": "10:48:52",
          "terminate": "false"
        },
        {
          "speaker": "speaker1",
          "personaID": "21675",
          "participantID": "0980",
          "utterance": "저는 편의점 아르바이트를 했었어요.",
          "summary": "나는 편의점 아르바이트를 했었다.",
          "date": "2022-10-24",
          "time": "10:49:20",
          "terminate": "false"
        },
        {
          "speaker": "speaker2",
          "personaID": "22675",
          "participantID": "1001",
          "utterance": "알바는 그거 밖에 안 해봤어요?",
          "summary": "",
          "date": "2022-10-24",
          "time": "10:51:05",
          "terminate": "false"
        },
        {
          "speaker": "speaker1",
          "personaID": "21675",
          "participantID": "0980",
          "utterance": "네. 전 이만 가봐야할 것 같네요. 다음에 또 봐요.",
          "summary": "나는 편의점 아르바이트 외의 아르바이트는 하지 않았다.",
          "date": "2022-10-24",
          "time": "10:51:21",
          "terminate": "false"
        },
        {
          "speaker": "speaker2",
          "personaID": "22675",
          "participantID": "1001",
          "utterance": "그럼 저도 이만 가볼게요. 다음에 또 대화해요.",
          "summary": "",
          "date": "2022-10-24",
          "time": "10:51:31",
          "terminate": "true"
        }
      ],
      "sessionPersonaSummary": {
        "speaker1": [
          "나는 남자 친구가 있다. 나의 남자 친구는 회사를 다닌다. 나의 남자 친구가 다니는 회사에서 회식을 한다. 나는 남자 친구와 연락이 안 된다.",
          "나의 남자 친구가 다니는 회사에서 회식을 자주 한다.",
          "나의 남자 친구는 일주일에 한 번 이상 회식을 한다.",
          "나는 회식을 하지 않는다.",
          "나는 회식을 해본 적이 있다. 나는 회식을 했을 때 빨리 집에 가고 싶었다.",
          "나는 아르바이트를 한 적이 있다.",
          "나는 편의점 아르바이트를 했었다.",
          "나는 편의점 아르바이트 외의 아르바이트는 하지 않았다."
        ],
        "speaker2": [
          "나는 회식을 안 해봤다.",
          "나는 회식을 해보고 싶다."
        ]
      },
      "prevAggregatedpersonaSummary": {
        "speaker1": [
          "나는 20대 여성이다.",
          "나는 정치평론가이다. 나는 정치외교학부 전공이다.",
          "나는 요즘 고민이 있다.",
          "나는 요즘, 가끔 남의 시선이 의식된다."
        ],
        "speaker2": [
          "나는 20대 여성이다.",
          "나는 대학생이다. 나는 중어중문학 전공이다.",
          "나는 역사/문화 여행을 자주 간다.",
          "나는 아르바이트를 한다.",
          "나는 카페 아르바이트를 한다.",
          "내가 일하는 카페는 매장이 한가하다."
        ]
      }
    },
    {
      "prevSessionID": "4-00307-2",
      "prevTimeInfo": {
        "timeNum": "1",
        "timeUnit": "주"
      },
      "nthSession": "3",
      "numberOfUtterances": "18",
      "numberOfTurns": "9",
      "sessionID": "4-00307-3",
      "dialog": [
        {
          "speaker": "speaker1",
          "personaID": "21675",
          "participantID": "0980",
          "utterance": "오랜만이네요. 요즘 날씨가 서늘해서 좋아요.",
          "summary": "나는 서늘한 날씨를 좋아한다.",
          "date": "2022-10-24",
          "time": "10:51:48",
          "terminate": "false"
        },
        {
          "speaker": "speaker2",
          "personaID": "22675",
          "participantID": "1001",
          "utterance": "그러게요. 전 여름을 싫어하는데 가을이 와서 좋아요.",
          "summary": "나는 여름을 싫어한다. 나는 가을이 와서 좋다.",
          "date": "2022-10-24",
          "time": "10:52:15",
          "terminate": "false"
        },
        {
          "speaker": "speaker1",
          "personaID": "21675",
          "participantID": "0980",
          "utterance": "그렇죠? 가을이 제일 좋다니까요. 날씨가 선선해서 여행 가시기도 좋겠네요.",
          "summary": "나는 가을이 가장 좋다.",
          "date": "2022-10-24",
          "time": "10:52:45",
          "terminate": "false"
        },
        {
          "speaker": "speaker2",
          "personaID": "22675",
          "participantID": "1001",
          "utterance": "그러게요. 전 여행이 취민데 취미가 어떻게 되세요?",
          "summary": "",
          "date": "2022-10-24",
          "time": "10:53:13",
          "terminate": "false"
        },
        {
          "speaker": "speaker1",
          "personaID": "21675",
          "participantID": "0980",
          "utterance": "저는 스케이트보드 타는 걸 좋아해요.",
          "summary": "나는 스케이트보드 타는 것을 좋아한다.",
          "date": "2022-10-24",
          "time": "10:53:39",
          "terminate": "false"
        },
        {
          "speaker": "speaker2",
          "personaID": "22675",
          "participantID": "1001",
          "utterance": "그런 취미가 있으신지 몰랐네요. 자주 타세요?",
          "summary": "",
          "date": "2022-10-24",
          "time": "10:54:30",
          "terminate": "false"
        },
        {
          "speaker": "speaker1",
          "personaID": "21675",
          "participantID": "0980",
          "utterance": "가끔 타요. 스케이트보드 타는 사람들이 멋져보여서 시작했어요.",
          "summary": "나는 스케이트보드를 자주 탄다. 나는 스케이트보드를 타는 사람들이 멋있어 보여서 스케이트보드 타기를 시작했다.",
          "date": "2022-10-24",
          "time": "10:54:53",
          "terminate": "false"
        },
        {
          "speaker": "speaker2",
          "personaID": "22675",
          "participantID": "1001",
          "utterance": "그렇군요. 하긴 정치평론가 일로 바쁘시겠네요.",
          "summary": "",
          "date": "2022-10-24",
          "time": "10:56:16",
          "terminate": "false"
        },
        {
          "speaker": "speaker1",
          "personaID": "21675",
          "participantID": "0980",
          "utterance": "일은 그렇게 바쁘지 않은데 사람들이 조금 의식되더라고요.",
          "summary": "나는 일이 바쁘지 않다. 나는 스케이트보드를 탈 때 사람들이 의식된다.",
          "date": "2022-10-24",
          "time": "10:56:50",
          "terminate": "false"
        },
        {
          "speaker": "speaker2",
          "personaID": "22675",
          "participantID": "1001",
          "utterance": "직업 때문에 그러셨던거군요. 얼굴도 밝히시나요?",
          "summary": "",
          "date": "2022-10-24",
          "time": "10:57:34",
          "terminate": "false"
        },
        {
          "speaker": "speaker1",
          "personaID": "21675",
          "participantID": "0980",
          "utterance": "아뇨, 직업 때문이 아니라 사람들이 지나가다 힐끔 쳐다보는 것도 약간 부끄러워서요.",
          "summary": "나는 사람들이 쳐다보면 다소 부끄럽다.",
          "date": "2022-10-24",
          "time": "10:58:17",
          "terminate": "false"
        },
        {
          "speaker": "speaker2",
          "personaID": "22675",
          "participantID": "1001",
          "utterance": "아. 보드 타는 모습이 신경 쓰이신다고요?",
          "summary": "",
          "date": "2022-10-24",
          "time": "10:59:01",
          "terminate": "false"
        },
        {
          "speaker": "speaker1",
          "personaID": "21675",
          "participantID": "0980",
          "utterance": "네. 그러고보니 오늘은 강의가 없나요?",
          "summary": "나는 스케이트보드 타는 모습이 신경 쓰인다.",
          "date": "2022-10-24",
          "time": "10:59:25",
          "terminate": "false"
        },
        {
          "speaker": "speaker2",
          "personaID": "22675",
          "participantID": "1001",
          "utterance": "중어중문학 강의 듣고 왔어요. 재밌었어요.",
          "summary": "나는 중어중문학 강의를 들었다. 나는 중어중문학 강의가 재밌었다.",
          "date": "2022-10-24",
          "time": "11:01:04",
          "terminate": "false"
        },
        {
          "speaker": "speaker1",
          "personaID": "21675",
          "participantID": "0980",
          "utterance": "오, 강의가 재밌으시다니 중국어를 좋아해서 중어중문학과에 진학한 건가요?",
          "summary": "",
          "date": "2022-10-24",
          "time": "11:01:34",
          "terminate": "false"
        },
        {
          "speaker": "speaker2",
          "personaID": "22675",
          "participantID": "1001",
          "utterance": "네. 그렇죠. 정치외교학과는 어쩌다 들어가신거에요?",
          "summary": "나는 중국어를 좋아한다.",
          "date": "2022-10-24",
          "time": "11:02:03",
          "terminate": "false"
        },
        {
          "speaker": "speaker1",
          "personaID": "21675",
          "participantID": "0980",
          "utterance": "정치 쪽으로 나가고 싶었거든요. 저는 이만 들어갈게요. 대화 즐거웠어요.",
          "summary": "나는 정치 쪽 진로로 나가고 싶어 정치외교학과에 진학했다.",
          "date": "2022-10-24",
          "time": "11:02:40",
          "terminate": "false"
        },
        {
          "speaker": "speaker2",
          "personaID": "22675",
          "participantID": "1001",
          "utterance": "그러시구나. 그럼 저도 이만 가볼게요. 다음에 또 대화해요.",
          "summary": "",
          "date": "2022-10-24",
          "time": "11:03:01",
          "terminate": "true"
        }
      ],
      "sessionPersonaSummary": {
        "speaker1": [
          "나는 서늘한 날씨를 좋아한다.",
          "나는 가을이 가장 좋다.",
          "나는 스케이트보드 타는 것을 좋아한다.",
          "나는 스케이트보드를 자주 탄다. 나는 스케이트보드를 타는 사람들이 멋있어 보여서 스케이트보드 타기를 시작했다.",
          "나는 일이 바쁘지 않다. 나는 스케이트보드를 탈 때 사람들이 의식된다.",
          "나는 사람들이 쳐다보면 다소 부끄럽다.",
          "나는 스케이트보드 타는 모습이 신경 쓰인다.",
          "나는 정치 쪽 진로로 나가고 싶어 정치외교학과에 진학했다."
        ],
        "speaker2": [
          "나는 여름을 싫어한다. 나는 가을이 와서 좋다.",
          "나는 중어중문학 강의를 들었다. 나는 중어중문학 강의가 재밌었다.",
          "나는 중국어를 좋아한다."
        ]
      },
      "prevAggregatedpersonaSummary": {
        "speaker1": [
          "나는 20대 여성이다.",
          "나는 정치평론가이다. 나는 정치외교학부 전공이다.",
          "나는 요즘 고민이 있다.",
          "나는 요즘, 가끔 남의 시선이 의식된다.",
          "나는 남자 친구가 있다. 나의 남자 친구는 회사를 다닌다. 나의 남자 친구가 다니는 회사에서 회식을 한다. 나는 남자 친구와 연락이 안 된다.",
          "나의 남자 친구가 다니는 회사에서 회식을 자주 한다.",
          "나의 남자 친구는 일주일에 한 번 이상 회식을 한다.",
          "나는 회식을 하지 않는다.",
          "나는 회식을 해본 적이 있다. 나는 회식을 했을 때 빨리 집에 가고 싶었다.",
          "나는 아르바이트를 한 적이 있다.",
          "나는 편의점 아르바이트를 했었다.",
          "나는 편의점 아르바이트 외의 아르바이트는 하지 않았다."
        ],
        "speaker2": [
          "나는 20대 여성이다.",
          "나는 대학생이다. 나는 중어중문학 전공이다.",
          "나는 역사/문화 여행을 자주 간다.",
          "나는 아르바이트를 한다.",
          "나는 카페 아르바이트를 한다.",
          "내가 일하는 카페는 매장이 한가하다.",
          "나는 회식을 안 해봤다.",
          "나는 회식을 해보고 싶다."
        ]
      }
    },
    {
      "prevSessionID": "4-00307-3",
      "prevTimeInfo": {
        "timeNum": "4",
        "timeUnit": "일"
      },
      "nthSession": "4",
      "numberOfUtterances": "18",
      "numberOfTurns": "9",
      "sessionID": "4-00307-4",
      "dialog": [
        {
          "speaker": "speaker1",
          "personaID": "21675",
          "participantID": "0980",
          "utterance": "나흘만이네요. 그러고보니 여름을 싫어하시는데 지구온난화 때문에 여름이 더 길어져서 힘드시겠어요.",
          "summary": "지구온난화로 인해 여름이 더 길어진다.",
          "date": "2022-10-24",
          "time": "11:04:42",
          "terminate": "false"
        },
        {
          "speaker": "speaker2",
          "personaID": "22675",
          "participantID": "1001",
          "utterance": "그런가요. 그래도 어쩔 수 없죠. 지구온난화가 사라지면 좋겠네요.",
          "summary": "나는 지구온난화가 사라지길 바란다.",
          "date": "2022-10-24",
          "time": "11:07:42",
          "terminate": "false"
        },
        {
          "speaker": "speaker1",
          "personaID": "21675",
          "participantID": "0980",
          "utterance": "저도요. 이제 편의점에서 비닐봉투도 금지된다고 하더라고요.",
          "summary": "나는 지구온난화가 사라지길 바란다. 편의점에서 비닐봉지가 금지된다.",
          "date": "2022-10-24",
          "time": "11:08:10",
          "terminate": "false"
        },
        {
          "speaker": "speaker2",
          "personaID": "22675",
          "participantID": "1001",
          "utterance": "우와, 정말요? 언제부터요? 그럼 아예 안 팔아요?",
          "summary": "",
          "date": "2022-10-24",
          "time": "11:09:02",
          "terminate": "false"
        },
        {
          "speaker": "speaker1",
          "personaID": "21675",
          "participantID": "0980",
          "utterance": "11월부터요. 봉투가 필요하면 종량제 봉투를 사야 한대요.",
          "summary": "11월부터 편의점에서 비닐봉지가 금지된다. 편의점에서 비닐봉지 대신 종량제 봉투를 제공한다.",
          "date": "2022-10-24",
          "time": "11:09:45",
          "terminate": "false"
        },
        {
          "speaker": "speaker2",
          "personaID": "22675",
          "participantID": "1001",
          "utterance": "헉. 그렇군요. 그거로라도 지구 온난화가 막아지면 좋겠네요.",
          "summary": "나는 지구 온난화가 막아지길 바란다.",
          "date": "2022-10-24",
          "time": "11:11:15",
          "terminate": "false"
        },
        {
          "speaker": "speaker1",
          "personaID": "21675",
          "participantID": "0980",
          "utterance": "그러게요. 그건 그렇고 뭐하고 계셨어요?",
          "summary": "나는 지구 온난화가 막아지길 바란다.",
          "date": "2022-10-24",
          "time": "11:11:36",
          "terminate": "false"
        },
        {
          "speaker": "speaker2",
          "personaID": "22675",
          "participantID": "1001",
          "utterance": "약속이 없어서 그냥 누워있었어요.",
          "summary": "나는 약속이 없다. 나는 누워있다.",
          "date": "2022-10-24",
          "time": "11:13:19",
          "terminate": "false"
        },
        {
          "speaker": "speaker1",
          "personaID": "21675",
          "participantID": "0980",
          "utterance": "그렇군요. 요즘 중간고사 기간으로 기억하는데, 아닌가요?",
          "summary": "",
          "date": "2022-10-24",
          "time": "11:14:23",
          "terminate": "false"
        },
        {
          "speaker": "speaker2",
          "personaID": "22675",
          "participantID": "1001",
          "utterance": "맞아요. 같은 대학생도 아니신데 잘 아시네요.",
          "summary": "내가 다니는 학교는 중간고사 기간이다.",
          "date": "2022-10-24",
          "time": "11:15:18",
          "terminate": "false"
        },
        {
          "speaker": "speaker1",
          "personaID": "21675",
          "participantID": "0980",
          "utterance": "저도 대학교를 다녔으니까요. 공부 안 하셔도 되나요?",
          "summary": "",
          "date": "2022-10-24",
          "time": "11:15:36",
          "terminate": "false"
        },
        {
          "speaker": "speaker2",
          "personaID": "22675",
          "participantID": "1001",
          "utterance": "보통 졸업하면 그런 거 신경 안 쓰잖아요. 공부 해야죠.",
          "summary": "나는 공부를 해야 한다.",
          "date": "2022-10-24",
          "time": "11:17:03",
          "terminate": "false"
        },
        {
          "speaker": "speaker1",
          "personaID": "21675",
          "participantID": "0980",
          "utterance": "그래요. 시험 잘 보세요. 밥 잘 챙겨드시고요.",
          "summary": "",
          "date": "2022-10-24",
          "time": "11:17:41",
          "terminate": "false"
        },
        {
          "speaker": "speaker2",
          "personaID": "22675",
          "participantID": "1001",
          "utterance": "고마워요. 이따 공부 할게요. 평론가님은 뭐 하세요?",
          "summary": "나는 공부를 할 예정이다.",
          "date": "2022-10-24",
          "time": "11:18:35",
          "terminate": "false"
        },
        {
          "speaker": "speaker1",
          "personaID": "21675",
          "participantID": "0980",
          "utterance": "저는 투고할 글을 쓰고 있어요.",
          "summary": "나는 글을 투고할 예정이다. 나는 글을 쓰고 있다.",
          "date": "2022-10-24",
          "time": "11:18:54",
          "terminate": "false"
        },
        {
          "speaker": "speaker2",
          "personaID": "22675",
          "participantID": "1001",
          "utterance": "막히는데 없이 쭉 잘 쓰셨으면 좋겠네요.",
          "summary": "",
          "date": "2022-10-24",
          "time": "11:19:42",
          "terminate": "false"
        },
        {
          "speaker": "speaker1",
          "personaID": "21675",
          "participantID": "0980",
          "utterance": "고마워요. 전 이만 가볼게요. 다음에 또 봬요.",
          "summary": "",
          "date": "2022-10-24",
          "time": "11:19:54",
          "terminate": "false"
        },
        {
          "speaker": "speaker2",
          "personaID": "22675",
          "participantID": "1001",
          "utterance": "그럼 저도 이만 가볼게요. 다음에 또 대화해요.",
          "summary": "",
          "date": "2022-10-24",
          "time": "11:19:57",
          "terminate": "true"
        }
      ],
      "sessionPersonaSummary": {
        "speaker1": [
          "지구온난화로 인해 여름이 더 길어진다.",
          "나는 지구온난화가 사라지길 바란다. 편의점에서 비닐봉지가 금지된다.",
          "11월부터 편의점에서 비닐봉지가 금지된다. 편의점에서 비닐봉지 대신 종량제 봉투를 제공한다.",
          "나는 지구 온난화가 막아지길 바란다.",
          "나는 글을 투고할 예정이다. 나는 글을 쓰고 있다."
        ],
        "speaker2": [
          "나는 지구온난화가 사라지길 바란다.",
          "나는 지구 온난화가 막아지길 바란다.",
          "나는 약속이 없다. 나는 누워있다.",
          "내가 다니는 학교는 중간고사 기간이다.",
          "나는 공부를 해야 한다.",
          "나는 공부를 할 예정이다."
        ]
      },
      "prevAggregatedpersonaSummary": {
        "speaker1": [
          "나는 20대 여성이다.",
          "나는 정치평론가이다. 나는 정치외교학부 전공이다.",
          "나는 요즘 고민이 있다.",
          "나는 요즘, 가끔 남의 시선이 의식된다.",
          "나는 남자 친구가 있다. 나의 남자 친구는 회사를 다닌다. 나의 남자 친구가 다니는 회사에서 회식을 한다. 나는 남자 친구와 연락이 안 된다.",
          "나의 남자 친구가 다니는 회사에서 회식을 자주 한다.",
          "나의 남자 친구는 일주일에 한 번 이상 회식을 한다.",
          "나는 회식을 하지 않는다.",
          "나는 회식을 해본 적이 있다. 나는 회식을 했을 때 빨리 집에 가고 싶었다.",
          "나는 아르바이트를 한 적이 있다.",
          "나는 편의점 아르바이트를 했었다.",
          "나는 편의점 아르바이트 외의 아르바이트는 하지 않았다.",
          "나는 서늘한 날씨를 좋아한다.",
          "나는 가을이 가장 좋다.",
          "나는 스케이트보드 타는 것을 좋아한다.",
          "나는 스케이트보드를 자주 탄다. 나는 스케이트보드를 타는 사람들이 멋있어 보여서 스케이트보드 타기를 시작했다.",
          "나는 일이 바쁘지 않다. 나는 스케이트보드를 탈 때 사람들이 의식된다.",
          "나는 사람들이 쳐다보면 다소 부끄럽다.",
          "나는 스케이트보드 타는 모습이 신경 쓰인다.",
          "나는 정치 쪽 진로로 나가고 싶어 정치외교학과에 진학했다."
        ],
        "speaker2": [
          "나는 20대 여성이다.",
          "나는 대학생이다. 나는 중어중문학 전공이다.",
          "나는 역사/문화 여행을 자주 간다.",
          "나는 아르바이트를 한다.",
          "나는 카페 아르바이트를 한다.",
          "내가 일하는 카페는 매장이 한가하다.",
          "나는 회식을 안 해봤다.",
          "나는 회식을 해보고 싶다.",
          "나는 여름을 싫어한다. 나는 가을이 와서 좋다.",
          "나는 중어중문학 강의를 들었다. 나는 중어중문학 강의가 재밌었다.",
          "나는 중국어를 좋아한다."
        ]
      }
    }
  ]
}