{
  "FileInfo": {
    "filename": "K4-00292-CL30339-CP11580-05-03-S4.json",
    "sessionLevel": "4"
  },
  "participantsInfo": {
    "numberOfParticipants": "2",
    "speaker1": {
      "participantID": "0219",
      "gender": "남성",
      "age": "30대",
      "occupation": "기타",
      "bPlace": "서울/경기/인천",
      "gPlace": "서울/경기/인천",
      "rPlace": "서울/경기/인천",
      "educationLevel": "고졸"
    },
    "speaker2": {
      "participantID": "0231",
      "gender": "여성",
      "age": "20대",
      "occupation": "학생",
      "bPlace": "서울/경기/인천",
      "gPlace": "서울/경기/인천",
      "rPlace": "서울/경기/인천",
      "educationLevel": "고졸"
    }
  },
  "multisessionInfo": {
    "multisessionID": "4-00292"
  },
  "personaInfo": {
    "clInfo": {
      "personaID": "30339",
      "personaFeatures": [
        "나는 남자이다.",
        "나는 30대이다.",
        "나의 거주지는 원주이다",
        "나는 햄스터 두 마리를 키운다",
        "나는 치킨을 안 먹는다"
      ],
      "speakerType": "speaker1"
    },
    "cpInfo": {
      "personaID": "11580",
      "personaFeatures": [
        "나는 여자이다.",
        "나는 10대이다.",
        "내가 사는 곳은 서울이다",
        "나는 소방관이 되고 싶다",
        "나는 클래식 음악을 가끔 듣는다"
      ],
      "speakerType": "speaker2"
    }
  },
  "topicInfo": {
    "topicID": "05-03",
    "topicType": "일과 직업>군대",
    "topicTitle": "입대"
  },
  "sessionInfo": [
    {
      "prevSessionID": null,
      "prevTimeInfo": {
        "timeNum": null,
        "timeUnit": null
      },
      "nthSession": "1",
      "numberOfUtterances": "15",
      "numberOfTurns": "7",
      "sessionID": "4-00292-1",
      "dialog": [
        {
          "speaker": "speaker1",
          "personaID": "30339",
          "participantID": "0219",
          "utterance": "안녕하세요~ 30대 남자입니다.",
          "summary": "나는 30대다. 나는 남자다.",
          "date": "2022-11-04",
          "time": "03:45:50",
          "terminate": "false"
        },
        {
          "speaker": "speaker2",
          "personaID": "11580",
          "participantID": "0231",
          "utterance": "안녕하세요! 저는 서울 사는 10대 여성입니다ㅎㅎ",
          "summary": "나는 10대 여자다. 나는 서울에 거주 중이다.",
          "date": "2022-11-04",
          "time": "03:46:10",
          "terminate": "false"
        },
        {
          "speaker": "speaker1",
          "personaID": "30339",
          "participantID": "0219",
          "utterance": "반가워요~! 저는 원주에 사는데 어디사세요?",
          "summary": "나는 원주에 산다.",
          "date": "2022-11-04",
          "time": "03:46:28",
          "terminate": "false"
        },
        {
          "speaker": "speaker2",
          "personaID": "11580",
          "participantID": "0231",
          "utterance": "서울이요! @주소@ 쪽에 살아요ㅎㅎ",
          "summary": "나는 @주소@ 쪽에 거주한다.",
          "date": "2022-11-04",
          "time": "03:47:05",
          "terminate": "false"
        },
        {
          "speaker": "speaker1",
          "personaID": "30339",
          "participantID": "0219",
          "utterance": "그렇군요~! 저는 햄스터 두 마리를 키우는데 동물 키우시나요~?",
          "summary": "나는 햄스터 두 마리를 키운다.",
          "date": "2022-11-04",
          "time": "03:47:40",
          "terminate": "false"
        },
        {
          "speaker": "speaker2",
          "personaID": "11580",
          "participantID": "0231",
          "utterance": "강아지 한 마리 키워요! 너무 활발해서, 제가 가끔 클래식 음악을 듣는데, 어느새 사고를 쳐놔서 여유롭게 듣지를 못해요ㅋㅋ",
          "summary": "나는 강아지 한 마리를 키운다. 나는 가끔 클래식 음악을 듣는다.",
          "date": "2022-11-04",
          "time": "03:48:51",
          "terminate": "false"
        },
        {
          "speaker": "speaker1",
          "personaID": "30339",
          "participantID": "0219",
          "utterance": "오~! 강아지 엄청 좋아하는데 저도 키우고 싶은데 못 키워서 아쉽네요. 혹시 안 드시는 음식이 있으실까요?",
          "summary": "나는 강아지를 좋아한다.",
          "date": "2022-11-04",
          "time": "03:49:21",
          "terminate": "false"
        },
        {
          "speaker": "speaker2",
          "personaID": "11580",
          "participantID": "0231",
          "utterance": "가리는 음식은 없는 거 같네요~ 그쪽은요?",
          "summary": "나는 음식을 가리지 않는다.",
          "date": "2022-11-04",
          "time": "03:49:43",
          "terminate": "false"
        },
        {
          "speaker": "speaker1",
          "personaID": "30339",
          "participantID": "0219",
          "utterance": "저는 치킨을 안 먹거든요~! 그래서 @브랜드명@ 주문 하면 피자만 먹어요~! ㅎ",
          "summary": "나는 치킨을 안 먹는다. 나는 @브랜드명@ 주문하면 피자만 먹는다.",
          "date": "2022-11-04",
          "time": "03:50:10",
          "terminate": "false"
        },
        {
          "speaker": "speaker2",
          "personaID": "11580",
          "participantID": "0231",
          "utterance": "헉, 어떻게 치킨을 안 먹죠ㅋㅋㅋ 신기하네요.",
          "summary": "",
          "date": "2022-11-04",
          "time": "03:50:37",
          "terminate": "false"
        },
        {
          "speaker": "speaker1",
          "personaID": "30339",
          "participantID": "0219",
          "utterance": "가지나물 좋아하세요 혹시? 저는 가지도 못 먹거든요!",
          "summary": "나는 가지를 못 먹는다.",
          "date": "2022-11-04",
          "time": "03:50:54",
          "terminate": "false"
        },
        {
          "speaker": "speaker2",
          "personaID": "11580",
          "participantID": "0231",
          "utterance": "저는 가지도 잘 먹어요ㅋ 부모님이 엄격해서 편식도 안했거든요. 제가 소방관이 되고 싶은데, 힘든 일도 잘 참겠다 싶어요ㅋㅋ",
          "summary": "나는 편식을 하지 않는다. 나는 소방관이 되고 싶다.",
          "date": "2022-11-04",
          "time": "03:53:10",
          "terminate": "false"
        },
        {
          "speaker": "speaker1",
          "personaID": "30339",
          "participantID": "0219",
          "utterance": "오~! 음식 안 가리는게 너무 부럽네요~! 저는 못 먹는 음식이 많거든요! ",
          "summary": "나는 못 먹는 음식이 많다.",
          "date": "2022-11-04",
          "time": "03:53:59",
          "terminate": "false"
        },
        {
          "speaker": "speaker2",
          "personaID": "11580",
          "participantID": "0231",
          "utterance": "그러고 보니 식사는 하셨나요? 전 이제 슬슬 먹으러 가려고요ㅎㅎ 이만 가볼게요!",
          "summary": "",
          "date": "2022-11-04",
          "time": "03:54:35",
          "terminate": "false"
        },
        {
          "speaker": "speaker1",
          "personaID": "30339",
          "participantID": "0219",
          "utterance": "네~! 맛있게 드시고 오세요! 저도 맛있게 먹고 올게요!",
          "summary": "",
          "date": "2022-11-04",
          "time": "03:54:42",
          "terminate": "true"
        }
      ],
      "sessionPersonaSummary": {
        "speaker1": [
          "나는 30대다. 나는 남자다.",
          "나는 원주에 산다.",
          "나는 햄스터 두 마리를 키운다.",
          "나는 강아지를 좋아한다.",
          "나는 치킨을 안 먹는다. 나는 @브랜드명@ 주문하면 피자만 먹는다.",
          "나는 가지를 못 먹는다.",
          "나는 못 먹는 음식이 많다."
        ],
        "speaker2": [
          "나는 10대 여자다. 나는 서울에 거주 중이다.",
          "나는 @주소@ 쪽에 거주한다.",
          "나는 강아지 한 마리를 키운다. 나는 가끔 클래식 음악을 듣는다.",
          "나는 음식을 가리지 않는다.",
          "나는 편식을 하지 않는다. 나는 소방관이 되고 싶다."
        ]
      },
      "prevAggregatedpersonaSummary": {
        "speaker1": [],
        "speaker2": []
      }
    },
    {
      "prevSessionID": "4-00292-1",
      "prevTimeInfo": {
        "timeNum": "1",
        "timeUnit": "주"
      },
      "nthSession": "2",
      "numberOfUtterances": "15",
      "numberOfTurns": "7",
      "sessionID": "4-00292-2",
      "dialog": [
        {
          "speaker": "speaker1",
          "personaID": "30339",
          "participantID": "0219",
          "utterance": "1주일 동안 잘 지내셨나요? 소방관은 언제 부터 시험 보시나요?",
          "summary": "",
          "date": "2022-11-04",
          "time": "03:56:51",
          "terminate": "false"
        },
        {
          "speaker": "speaker2",
          "personaID": "11580",
          "participantID": "0231",
          "utterance": "일단 대학 소방학과에 진학해야죠ㅠㅠ 열심히 공부 중이에요.",
          "summary": "나는 소방학과에 진학할 것이다.",
          "date": "2022-11-04",
          "time": "03:57:45",
          "terminate": "false"
        },
        {
          "speaker": "speaker1",
          "personaID": "30339",
          "participantID": "0219",
          "utterance": "아~ 대학교도 소방 쪽으로 노리고 계시는군요?ㅎ 여성 소방관이라 멋있네요~! ",
          "summary": "",
          "date": "2022-11-04",
          "time": "03:58:25",
          "terminate": "false"
        },
        {
          "speaker": "speaker2",
          "personaID": "11580",
          "participantID": "0231",
          "utterance": "아버지가 직업군인 하셔서 영향을 받았을 지도 모르겠네요ㅋㅋ",
          "summary": "나의 아버지는 직업 군인이다.",
          "date": "2022-11-04",
          "time": "03:58:56",
          "terminate": "false"
        },
        {
          "speaker": "speaker1",
          "personaID": "30339",
          "participantID": "0219",
          "utterance": "오~ 아버지가 직업 군인이세요!? 군인이라고 하니까 군대 입대 했을 때 생각나네요~!",
          "summary": "",
          "date": "2022-11-04",
          "time": "03:59:20",
          "terminate": "false"
        },
        {
          "speaker": "speaker2",
          "personaID": "11580",
          "participantID": "0231",
          "utterance": "오, 그때 어땠어요?  저희 오빠도 곧 입대하거든요ㅋㅋ",
          "summary": "나의 오빠는 곧 군대에 입대한다.",
          "date": "2022-11-04",
          "time": "03:59:42",
          "terminate": "false"
        },
        {
          "speaker": "speaker1",
          "personaID": "30339",
          "participantID": "0219",
          "utterance": "진짜 머리 빡빡 밀고 너무 긴장되서 죽는 줄 알았어요~! 저는 친구랑 동반 입대여서 그나마 좋았던 것 같아요~!",
          "summary": "나는 입대할 때 긴장했었다. 나는 친구와 동반 입대를 했었다.",
          "date": "2022-11-04",
          "time": "04:01:04",
          "terminate": "false"
        },
        {
          "speaker": "speaker2",
          "personaID": "11580",
          "participantID": "0231",
          "utterance": "와, 적어도 외롭지는 않으셨겠네요ㅋㅋ 저희 오빠는 혼자 가는데 벌써 입대하기 싫다고 난리치는 중이라ㅋㅋ",
          "summary": "나의 오빠는 군대에 가기 싫어한다.",
          "date": "2022-11-04",
          "time": "04:02:20",
          "terminate": "false"
        },
        {
          "speaker": "speaker1",
          "personaID": "30339",
          "participantID": "0219",
          "utterance": "근데 입대 할 때만 동반 입대였지 막상 자대 배치 받을 때 결국 친구랑 떨어졌어요..ㅠ 오빠분은 친구랑 같이 안 가신데요?",
          "summary": "나는 친구와 자대 배치받을 때 떨어졌었다.",
          "date": "2022-11-04",
          "time": "04:03:25",
          "terminate": "false"
        },
        {
          "speaker": "speaker2",
          "personaID": "11580",
          "participantID": "0231",
          "utterance": "앗 저런ㅋㅋ 네, 휴학하고 가는 건데 엇학기라서 친구들이랑은 일정이 안 맞나봐요ㅋㅋ",
          "summary": "",
          "date": "2022-11-04",
          "time": "04:04:15",
          "terminate": "false"
        },
        {
          "speaker": "speaker1",
          "personaID": "30339",
          "participantID": "0219",
          "utterance": "와 군대 가기 싫은 사람이 입대 하려면 정말 싫겠어요! 저는 군대 입대 하고 싶었거든요~!",
          "summary": "나는 입대가 하고 싶었다.",
          "date": "2022-11-04",
          "time": "04:05:01",
          "terminate": "false"
        },
        {
          "speaker": "speaker2",
          "personaID": "11580",
          "participantID": "0231",
          "utterance": "진짜요? 보통은 엄청 싫어하지 않나요ㅋㅋ 그것도 신기하네요.",
          "summary": "",
          "date": "2022-11-04",
          "time": "04:05:28",
          "terminate": "false"
        },
        {
          "speaker": "speaker1",
          "personaID": "30339",
          "participantID": "0219",
          "utterance": "저는 나라를 지키는게 당연하다고 생각해서요~! 물론 총도 쏘고 싶었구요!",
          "summary": "나는 군대에서 총이 쏘고 싶었다.",
          "date": "2022-11-04",
          "time": "04:06:20",
          "terminate": "false"
        },
        {
          "speaker": "speaker2",
          "personaID": "11580",
          "participantID": "0231",
          "utterance": "진짜 멋지네요~ 이따 오빠 놀릴 때 써먹어야겠어요. 입대 전에 가족 다같이 밥먹기로 해서요~ 잠깐 다녀올게요!",
          "summary": "",
          "date": "2022-11-04",
          "time": "04:07:06",
          "terminate": "false"
        },
        {
          "speaker": "speaker1",
          "personaID": "30339",
          "participantID": "0219",
          "utterance": "네~! 맛있게 드시고 오세요! 저도 맛있게 먹고 올게요!",
          "summary": "",
          "date": "2022-11-04",
          "time": "04:07:31",
          "terminate": "true"
        }
      ],
      "sessionPersonaSummary": {
        "speaker1": [
          "나는 입대할 때 긴장했었다. 나는 친구와 동반 입대를 했었다.",
          "나는 친구와 자대 배치받을 때 떨어졌었다.",
          "나는 입대가 하고 싶었다.",
          "나는 군대에서 총이 쏘고 싶었다."
        ],
        "speaker2": [
          "나는 소방학과에 진학할 것이다.",
          "나의 아버지는 직업 군인이다.",
          "나의 오빠는 곧 군대에 입대한다.",
          "나의 오빠는 군대에 가기 싫어한다."
        ]
      },
      "prevAggregatedpersonaSummary": {
        "speaker1": [
          "나는 30대다. 나는 남자다.",
          "나는 원주에 산다.",
          "나는 햄스터 두 마리를 키운다.",
          "나는 강아지를 좋아한다.",
          "나는 치킨을 안 먹는다. 나는 @브랜드명@ 주문하면 피자만 먹는다.",
          "나는 가지를 못 먹는다.",
          "나는 못 먹는 음식이 많다."
        ],
        "speaker2": [
          "나는 10대 여자다. 나는 서울에 거주 중이다.",
          "나는 @주소@ 쪽에 거주한다.",
          "나는 강아지 한 마리를 키운다. 나는 가끔 클래식 음악을 듣는다.",
          "나는 음식을 가리지 않는다.",
          "나는 편식을 하지 않는다. 나는 소방관이 되고 싶다."
        ]
      }
    },
    {
      "prevSessionID": "4-00292-2",
      "prevTimeInfo": {
        "timeNum": "39",
        "timeUnit": "시간"
      },
      "nthSession": "3",
      "numberOfUtterances": "15",
      "numberOfTurns": "7",
      "sessionID": "4-00292-3",
      "dialog": [
        {
          "speaker": "speaker1",
          "personaID": "30339",
          "participantID": "0219",
          "utterance": "39시간이면 ~ 하루 하고 14시간이 지났네요~! 오빠는 좀 어때여?",
          "summary": "",
          "date": "2022-11-04",
          "time": "04:09:09",
          "terminate": "false"
        },
        {
          "speaker": "speaker2",
          "personaID": "11580",
          "participantID": "0231",
          "utterance": "나라 지키는 게 당연하지 않냐고 놀리니까 반박을 못해서 웃겼어요ㅋㅋ",
          "summary": "나는 오빠를 놀렸다.",
          "date": "2022-11-04",
          "time": "04:09:52",
          "terminate": "false"
        },
        {
          "speaker": "speaker1",
          "personaID": "30339",
          "participantID": "0219",
          "utterance": "하하핫 요즘 여군도 많던데 입대할 생각은 없으세요?ㅎ 부사관 갔다가 소방직으로 옮기는 사람도 많던데요?",
          "summary": "",
          "date": "2022-11-04",
          "time": "04:10:13",
          "terminate": "false"
        },
        {
          "speaker": "speaker2",
          "personaID": "11580",
          "participantID": "0231",
          "utterance": "여군도 생각은 해봤지만 그냥 바로 소방관으로 가는 게 더 끌리더라고요! 그쪽은 직업이 어떻게 되세요?",
          "summary": "",
          "date": "2022-11-04",
          "time": "04:11:16",
          "terminate": "false"
        },
        {
          "speaker": "speaker1",
          "personaID": "30339",
          "participantID": "0219",
          "utterance": "저는 지금 경찰관으로 근무 중이에요~! ",
          "summary": "나는 경찰관이다.",
          "date": "2022-11-04",
          "time": "04:11:52",
          "terminate": "false"
        },
        {
          "speaker": "speaker2",
          "personaID": "11580",
          "participantID": "0231",
          "utterance": "와, 전부 공무원이네요ㅋㅋ 경찰이라니 너무 멋있어요ㅠㅠ",
          "summary": "나는 경찰이 멋있다.",
          "date": "2022-11-04",
          "time": "04:12:17",
          "terminate": "false"
        },
        {
          "speaker": "speaker1",
          "personaID": "30339",
          "participantID": "0219",
          "utterance": "이번에 경사 진급해서 요즘 너무 행복해요~! ",
          "summary": "나는 경사로 진급했다. 나는 요즘 행복하다.",
          "date": "2022-11-04",
          "time": "04:12:32",
          "terminate": "false"
        },
        {
          "speaker": "speaker2",
          "personaID": "11580",
          "participantID": "0231",
          "utterance": "진급까지 하시다니 실적도 좋으신가봐요!",
          "summary": "",
          "date": "2022-11-04",
          "time": "04:13:06",
          "terminate": "false"
        },
        {
          "speaker": "speaker1",
          "personaID": "30339",
          "participantID": "0219",
          "utterance": "실적도 실적이지만 진급 시험 공부를 진짜 열심히 했거든요! ",
          "summary": "나는 시험공부를 열심히 했다.",
          "date": "2022-11-04",
          "time": "04:14:14",
          "terminate": "false"
        },
        {
          "speaker": "speaker2",
          "personaID": "11580",
          "participantID": "0231",
          "utterance": "역시 사람은 학창시절뿐만 아니라 사회 나가서도 시험을 보는군요ㅋㅋㅠ",
          "summary": "",
          "date": "2022-11-04",
          "time": "04:15:13",
          "terminate": "false"
        },
        {
          "speaker": "speaker1",
          "personaID": "30339",
          "participantID": "0219",
          "utterance": "그럼요~! 소방직도 아마 그렇지 않나요? ",
          "summary": "",
          "date": "2022-11-04",
          "time": "04:16:02",
          "terminate": "false"
        },
        {
          "speaker": "speaker2",
          "personaID": "11580",
          "participantID": "0231",
          "utterance": "맞아요... 지금 시험도 힘든데 정말 시험이란 걸 인생에서 뺄 수가 없네요ㅋㅋ",
          "summary": "나는 시험이 너무 힘들다.",
          "date": "2022-11-04",
          "time": "04:16:40",
          "terminate": "false"
        },
        {
          "speaker": "speaker1",
          "personaID": "30339",
          "participantID": "0219",
          "utterance": "지금 삶 자체도 뭔가 부모님이 물려주신 시험 같기도 하고.. 어쩔 수 없죠!! ",
          "summary": "",
          "date": "2022-11-04",
          "time": "04:17:06",
          "terminate": "false"
        },
        {
          "speaker": "speaker2",
          "personaID": "11580",
          "participantID": "0231",
          "utterance": "늘 열심히 공부해야죠... 그런 의미에서 저 공부 좀 마저 하고 올게요ㅠㅠ",
          "summary": "",
          "date": "2022-11-04",
          "time": "04:17:36",
          "terminate": "false"
        },
        {
          "speaker": "speaker1",
          "personaID": "30339",
          "participantID": "0219",
          "utterance": "힘내세요~! 저도 다음 진급 시험 범위 공부 좀 해야겠어요!",
          "summary": "",
          "date": "2022-11-04",
          "time": "04:17:56",
          "terminate": "true"
        }
      ],
      "sessionPersonaSummary": {
        "speaker1": [
          "나는 경찰관이다.",
          "나는 경사로 진급했다. 나는 요즘 행복하다.",
          "나는 시험공부를 열심히 했다."
        ],
        "speaker2": [
          "나는 오빠를 놀렸다.",
          "나는 경찰이 멋있다.",
          "나는 시험이 너무 힘들다."
        ]
      },
      "prevAggregatedpersonaSummary": {
        "speaker1": [
          "나는 30대다. 나는 남자다.",
          "나는 원주에 산다.",
          "나는 햄스터 두 마리를 키운다.",
          "나는 강아지를 좋아한다.",
          "나는 치킨을 안 먹는다. 나는 @브랜드명@ 주문하면 피자만 먹는다.",
          "나는 가지를 못 먹는다.",
          "나는 못 먹는 음식이 많다.",
          "나는 입대할 때 긴장했었다. 나는 친구와 동반 입대를 했었다.",
          "나는 친구와 자대 배치받을 때 떨어졌었다.",
          "나는 입대가 하고 싶었다.",
          "나는 군대에서 총이 쏘고 싶었다."
        ],
        "speaker2": [
          "나는 10대 여자다. 나는 서울에 거주 중이다.",
          "나는 @주소@ 쪽에 거주한다.",
          "나는 강아지 한 마리를 키운다. 나는 가끔 클래식 음악을 듣는다.",
          "나는 음식을 가리지 않는다.",
          "나는 편식을 하지 않는다. 나는 소방관이 되고 싶다.",
          "나는 소방학과에 진학할 것이다.",
          "나의 아버지는 직업 군인이다.",
          "나의 오빠는 곧 군대에 입대한다.",
          "나의 오빠는 군대에 가기 싫어한다."
        ]
      }
    },
    {
      "prevSessionID": "4-00292-3",
      "prevTimeInfo": {
        "timeNum": "4",
        "timeUnit": "주"
      },
      "nthSession": "4",
      "numberOfUtterances": "15",
      "numberOfTurns": "7",
      "sessionID": "4-00292-4",
      "dialog": [
        {
          "speaker": "speaker1",
          "personaID": "30339",
          "participantID": "0219",
          "utterance": "1달이 지났네요~! 별일 없었죠?",
          "summary": "",
          "date": "2022-11-04",
          "time": "04:19:03",
          "terminate": "false"
        },
        {
          "speaker": "speaker2",
          "personaID": "11580",
          "participantID": "0231",
          "utterance": "저는 별일이 없는데, 저번주에 드디어 오빠가 입대를 했어요ㅋㅋ",
          "summary": "나의 오빠는 입대를 했다.",
          "date": "2022-11-04",
          "time": "04:19:27",
          "terminate": "false"
        },
        {
          "speaker": "speaker1",
          "personaID": "30339",
          "participantID": "0219",
          "utterance": "아 정말요!? 와 대박 사건 오빠 입대할 때 안 울던가요?ㅋㅋ",
          "summary": "",
          "date": "2022-11-04",
          "time": "04:20:09",
          "terminate": "false"
        },
        {
          "speaker": "speaker2",
          "personaID": "11580",
          "participantID": "0231",
          "utterance": "엄청 징징거렸지만 울지는 않더라고요!ㅋㅋ",
          "summary": "",
          "date": "2022-11-04",
          "time": "04:20:49",
          "terminate": "false"
        },
        {
          "speaker": "speaker1",
          "personaID": "30339",
          "participantID": "0219",
          "utterance": "하핫 오빠분 여자친구는 있으신가요? 군 입대 했으면 이제 고무신이라고 불리겠네요! 저도 군대 입대 할 때는 여자친구가 있었거든요!",
          "summary": "나는 입대할 때 여자 친구가 있었다.",
          "date": "2022-11-04",
          "time": "04:21:26",
          "terminate": "false"
        },
        {
          "speaker": "speaker2",
          "personaID": "11580",
          "participantID": "0231",
          "utterance": "헉, 이게 그 고무신 거꾸로 신지 말라 그거군요ㅋㅋ 저희 오빠는 솔로라 괜찮은데, 여친분이 잘 기다려 주시던가요?",
          "summary": "나의 오빠는 솔로다.",
          "date": "2022-11-04",
          "time": "04:22:17",
          "terminate": "false"
        },
        {
          "speaker": "speaker1",
          "personaID": "30339",
          "participantID": "0219",
          "utterance": "아뇨~! 일병 때 바람 나더라구요! 그래서 정말 악착 같이 군대에서 경찰 시험 준비 진짜 열심히 했어요!",
          "summary": "나는 일병 때 여자 친구가 바람이 났다.",
          "date": "2022-11-04",
          "time": "04:23:21",
          "terminate": "false"
        },
        {
          "speaker": "speaker2",
          "personaID": "11580",
          "participantID": "0231",
          "utterance": "악 저런ㅋㅋㅋㅋ웃프네요... 요즘은 군대에서 전화도 되고 그래서 헤어지는 커플이 많이 없다고는 하더라고요ㅋㅋㅠ",
          "summary": "",
          "date": "2022-11-04",
          "time": "04:24:07",
          "terminate": "false"
        },
        {
          "speaker": "speaker1",
          "personaID": "30339",
          "participantID": "0219",
          "utterance": "저도 지금 입대 했으면 진짜 그럴 것 같네요.. 그래도 덕분에 이렇게 원하던 꿈을 이뤄서 저는 요즘 만족해요!",
          "summary": "나는 요즘 만족스럽다.",
          "date": "2022-11-04",
          "time": "04:24:56",
          "terminate": "false"
        },
        {
          "speaker": "speaker2",
          "personaID": "11580",
          "participantID": "0231",
          "utterance": "더 좋은 미래와 인연을 위한 발판이었다고 생각해야죠ㅎㅎ",
          "summary": "",
          "date": "2022-11-04",
          "time": "04:25:35",
          "terminate": "false"
        },
        {
          "speaker": "speaker1",
          "personaID": "30339",
          "participantID": "0219",
          "utterance": "그렇게 생각하고 있어요! 저도 얼른 여자친구 만들어야져! 남자친구있어요?",
          "summary": "",
          "date": "2022-11-04",
          "time": "04:26:00",
          "terminate": "false"
        },
        {
          "speaker": "speaker2",
          "personaID": "11580",
          "participantID": "0231",
          "utterance": "저도 아직 솔로네요...ㅋㅋㅠ 대학 가서 CC 하는 게 꿈인데 가능할지 모르겠어요.",
          "summary": "나는 대학 CC가 꿈이다.",
          "date": "2022-11-04",
          "time": "04:26:27",
          "terminate": "false"
        },
        {
          "speaker": "speaker1",
          "personaID": "30339",
          "participantID": "0219",
          "utterance": "대학가면 다 생겨요! 라고 하는데 뻥인 것 같아요! ㅋㅋㅋㅋ ",
          "summary": "",
          "date": "2022-11-04",
          "time": "04:26:55",
          "terminate": "false"
        },
        {
          "speaker": "speaker2",
          "personaID": "11580",
          "participantID": "0231",
          "utterance": "그러니까요ㅋㅋㅋ 일단 대학이나 가고 말해야겠죠ㅠ저 그럼 마저 공부하러 가볼게요!",
          "summary": "",
          "date": "2022-11-04",
          "time": "04:27:36",
          "terminate": "false"
        },
        {
          "speaker": "speaker1",
          "personaID": "30339",
          "participantID": "0219",
          "utterance": "아자아자 오늘도 힘내자구요!!",
          "summary": "",
          "date": "2022-11-04",
          "time": "04:27:44",
          "terminate": "true"
        }
      ],
      "sessionPersonaSummary": {
        "speaker1": [
          "나는 입대할 때 여자 친구가 있었다.",
          "나는 일병 때 여자 친구가 바람이 났다.",
          "나는 요즘 만족스럽다."
        ],
        "speaker2": [
          "나의 오빠는 입대를 했다.",
          "나의 오빠는 솔로다.",
          "나는 대학 CC가 꿈이다."
        ]
      },
      "prevAggregatedpersonaSummary": {
        "speaker1": [
          "나는 30대다. 나는 남자다.",
          "나는 원주에 산다.",
          "나는 햄스터 두 마리를 키운다.",
          "나는 강아지를 좋아한다.",
          "나는 치킨을 안 먹는다. 나는 @브랜드명@ 주문하면 피자만 먹는다.",
          "나는 가지를 못 먹는다.",
          "나는 못 먹는 음식이 많다.",
          "나는 입대할 때 긴장했었다. 나는 친구와 동반 입대를 했었다.",
          "나는 친구와 자대 배치받을 때 떨어졌었다.",
          "나는 입대가 하고 싶었다.",
          "나는 군대에서 총이 쏘고 싶었다.",
          "나는 경찰관이다.",
          "나는 경사로 진급했다. 나는 요즘 행복하다.",
          "나는 시험공부를 열심히 했다."
        ],
        "speaker2": [
          "나는 10대 여자다. 나는 서울에 거주 중이다.",
          "나는 @주소@ 쪽에 거주한다.",
          "나는 강아지 한 마리를 키운다. 나는 가끔 클래식 음악을 듣는다.",
          "나는 음식을 가리지 않는다.",
          "나는 편식을 하지 않는다. 나는 소방관이 되고 싶다.",
          "나는 소방학과에 진학할 것이다.",
          "나의 아버지는 직업 군인이다.",
          "나의 오빠는 곧 군대에 입대한다.",
          "나의 오빠는 군대에 가기 싫어한다.",
          "나는 오빠를 놀렸다.",
          "나는 경찰이 멋있다.",
          "나는 시험이 너무 힘들다."
        ]
      }
    }
  ]
}