{
  "FileInfo": {
    "filename": "K4-00407-CL97237-CP97623-07-10-S4.json",
    "sessionLevel": "4"
  },
  "participantsInfo": {
    "numberOfParticipants": "2",
    "speaker1": {
      "participantID": "20156",
      "gender": "여성",
      "age": "60대 이상",
      "occupation": "자영업",
      "bPlace": "부산/대구/울산/경상",
      "gPlace": "부산/대구/울산/경상",
      "rPlace": "부산/대구/울산/경상",
      "educationLevel": "대졸"
    },
    "speaker2": {
      "participantID": "20427",
      "gender": "여성",
      "age": "60대 이상",
      "occupation": "자영업",
      "bPlace": "서울/경기/인천",
      "gPlace": "서울/경기/인천",
      "rPlace": "서울/경기/인천",
      "educationLevel": "대졸"
    }
  },
  "multisessionInfo": {
    "multisessionID": "4-00407"
  },
  "personaInfo": {
    "clInfo": {
      "personaID": "97237",
      "personaFeatures": [
        "나는 여자이다.",
        "나는 60대 이상이다.",
        "나는 선후배가 없다.",
        "나의 생일은 3월이다.",
        "나는 요즘, 매일 상처를 받는다.",
        "나는 자기계발서를 가끔 읽는다."
      ],
      "speakerType": "speaker1"
    },
    "cpInfo": {
      "personaID": "97623",
      "personaFeatures": [
        "나는 여자이다.",
        "나는 60대 이상이다.",
        "나는 아침에 커피를 마신다.",
        "나의 생일은 1월이다.",
        "나는 매일 기쁘다.",
        "나는 싱거운 음식을 좋아한다.",
        "나는 혈액형이 O형이다."
      ],
      "speakerType": "speaker2"
    }
  },
  "topicInfo": {
    "topicID": "07-10",
    "topicType": "개인 및 관계>가족",
    "topicTitle": "가족사진"
  },
  "sessionInfo": [
    {
      "prevSessionID": null,
      "prevTimeInfo": {
        "timeNum": null,
        "timeUnit": null
      },
      "nthSession": "1",
      "numberOfUtterances": "14",
      "numberOfTurns": "7",
      "sessionID": "4-00407-1",
      "dialog": [
        {
          "speaker": "speaker1",
          "personaID": "97237",
          "participantID": "20156",
          "utterance": "안녕하세요. 저는 60대 여성입니다 반가워요.",
          "summary": "나는 60대 여성이다.",
          "date": "2022-11-25",
          "time": "16:46:54",
          "terminate": "false"
        },
        {
          "speaker": "speaker2",
          "personaID": "97623",
          "participantID": "20427",
          "utterance": "저도 60대인 여성이에요. 연락해서 반가워요~",
          "summary": "나는 60대 여성이다.",
          "date": "2022-11-25",
          "time": "16:46:57",
          "terminate": "false"
        },
        {
          "speaker": "speaker1",
          "personaID": "97237",
          "participantID": "20156",
          "utterance": "대화하게 되니 너무 기뻐요. 님은 요새 어떻게 지내나요?",
          "summary": "",
          "date": "2022-11-25",
          "time": "16:47:19",
          "terminate": "false"
        },
        {
          "speaker": "speaker2",
          "personaID": "97623",
          "participantID": "20427",
          "utterance": "저는 요새 매일 기쁘게 살고있어요. 님은 어떻게 지내고있어요?",
          "summary": "나는 매일 기쁘다.",
          "date": "2022-11-25",
          "time": "16:47:23",
          "terminate": "false"
        },
        {
          "speaker": "speaker1",
          "personaID": "97237",
          "participantID": "20156",
          "utterance": "저랑 반대시네요. 저는 요즘 매일 상처를 받아요.",
          "summary": "나는 요즘 매일 상처를 받는다.",
          "date": "2022-11-25",
          "time": "16:47:37",
          "terminate": "false"
        },
        {
          "speaker": "speaker2",
          "personaID": "97623",
          "participantID": "20427",
          "utterance": "그렇구나. 저는 생일이 1월이거든요. 그래서 더욱 기뻐요. 님은 왜 상처를 받으세요?",
          "summary": "나의 생일은 1월이다.",
          "date": "2022-11-25",
          "time": "16:47:49",
          "terminate": "false"
        },
        {
          "speaker": "speaker1",
          "personaID": "97237",
          "participantID": "20156",
          "utterance": "제 생일이 3월이거든요? 그런데 제가 선후배가 없어서그런지 축하를 많이 못 받았어요.",
          "summary": "나의 생일은 3월이다. 나는 선후배가 없다.",
          "date": "2022-11-25",
          "time": "16:48:03",
          "terminate": "false"
        },
        {
          "speaker": "speaker2",
          "personaID": "97623",
          "participantID": "20427",
          "utterance": "그렇구나. 그럼 슬프시겠네요. 아 님은 취미활동 같은건 있어요?",
          "summary": "",
          "date": "2022-11-25",
          "time": "16:48:16",
          "terminate": "false"
        },
        {
          "speaker": "speaker1",
          "personaID": "97237",
          "participantID": "20156",
          "utterance": "저는 산책가는걸 좋아해요. 님은 무슨 취미가 있나요?",
          "summary": "나는 산책 가는 것을 좋아한다.",
          "date": "2022-11-25",
          "time": "16:48:30",
          "terminate": "false"
        },
        {
          "speaker": "speaker2",
          "personaID": "97623",
          "participantID": "20427",
          "utterance": "저는 커피마시는게 취미에요. 그래서 매일 아침에 커피를 마십니다.",
          "summary": "나는 아침에 커피를 마신다.",
          "date": "2022-11-25",
          "time": "16:48:38",
          "terminate": "false"
        },
        {
          "speaker": "speaker1",
          "personaID": "97237",
          "participantID": "20156",
          "utterance": "커피를 자주 마시면 잠을 못 자지 않아요?",
          "summary": "",
          "date": "2022-11-25",
          "time": "16:48:53",
          "terminate": "false"
        },
        {
          "speaker": "speaker2",
          "personaID": "97623",
          "participantID": "20427",
          "utterance": "제가 O형인데 워낙 활발한편이여서 저녁에는 잠이 잘와요~",
          "summary": "나는 혈액형이 O형이다. 나는 활발하다.",
          "date": "2022-11-25",
          "time": "16:49:01",
          "terminate": "false"
        },
        {
          "speaker": "speaker1",
          "personaID": "97237",
          "participantID": "20156",
          "utterance": "오 잠을 잘 자신다니 다행이네요. 저는 요새 불면증이거든요.",
          "summary": "나는 불면증이다.",
          "date": "2022-11-25",
          "time": "16:49:21",
          "terminate": "false"
        },
        {
          "speaker": "speaker2",
          "personaID": "97623",
          "participantID": "20427",
          "utterance": "불면증이라니 너무 힘드시겠네요ㅠ 아참 제가 오늘 일정이있어서 먼저 들어가볼께요. 다음에 또 연락해요.",
          "summary": "나는 일정이 있다.",
          "date": "2022-11-25",
          "time": "16:49:31",
          "terminate": "true"
        }
      ],
      "sessionPersonaSummary": {
        "speaker1": [
          "나는 60대 여성이다.",
          "나는 요즘 매일 상처를 받는다.",
          "나의 생일은 3월이다. 나는 선후배가 없다.",
          "나는 산책 가는 것을 좋아한다.",
          "나는 불면증이다."
        ],
        "speaker2": [
          "나는 60대 여성이다.",
          "나는 매일 기쁘다.",
          "나의 생일은 1월이다.",
          "나는 아침에 커피를 마신다.",
          "나는 혈액형이 O형이다. 나는 활발하다.",
          "나는 일정이 있다."
        ]
      },
      "prevAggregatedpersonaSummary": {
        "speaker1": [],
        "speaker2": []
      }
    },
    {
      "prevSessionID": "4-00407-1",
      "prevTimeInfo": {
        "timeNum": "3",
        "timeUnit": "일"
      },
      "nthSession": "2",
      "numberOfUtterances": "14",
      "numberOfTurns": "7",
      "sessionID": "4-00407-2",
      "dialog": [
        {
          "speaker": "speaker1",
          "personaID": "97237",
          "participantID": "20156",
          "utterance": "사흘동안 일정은 다 끝내셨어요?",
          "summary": "",
          "date": "2022-11-25",
          "time": "16:49:43",
          "terminate": "false"
        },
        {
          "speaker": "speaker2",
          "personaID": "97623",
          "participantID": "20427",
          "utterance": "네~ 일정은 다 마무리했어요. 님은 그간 잘 지내셨어요?",
          "summary": "나는 일정을 마무리했다.",
          "date": "2022-11-25",
          "time": "16:49:50",
          "terminate": "false"
        },
        {
          "speaker": "speaker1",
          "personaID": "97237",
          "participantID": "20156",
          "utterance": "네. 어제 가족사진을 처음 찍어봤어요.",
          "summary": "나는 어제 가족사진을 처음 찍었다.",
          "date": "2022-11-25",
          "time": "16:49:59",
          "terminate": "false"
        },
        {
          "speaker": "speaker2",
          "personaID": "97623",
          "participantID": "20427",
          "utterance": "아 정말요? 가족사진 좋죠. 가족사진은 예전에도 찍어보신적 있어요?",
          "summary": "",
          "date": "2022-11-25",
          "time": "16:50:07",
          "terminate": "false"
        },
        {
          "speaker": "speaker1",
          "personaID": "97237",
          "participantID": "20156",
          "utterance": "아뇨 이번이 태어나서 처음 찍는 가족사진 이에요. 님은 찍어 본 적 있나요?",
          "summary": "나는 이번에 가족사진을 처음 찍었다.",
          "date": "2022-11-25",
          "time": "16:50:27",
          "terminate": "false"
        },
        {
          "speaker": "speaker2",
          "personaID": "97623",
          "participantID": "20427",
          "utterance": "그렇구나. 저는 예전에 찍어본적 있어요. 처음이였으면 떨리셨겠는데요?",
          "summary": "나는 가족사진을 찍어본 적 있다.",
          "date": "2022-11-25",
          "time": "16:50:34",
          "terminate": "false"
        },
        {
          "speaker": "speaker1",
          "personaID": "97237",
          "participantID": "20156",
          "utterance": "어제 완전 떨었어요. 언제 찍으셨어요?",
          "summary": "나는 어제 떨었다.",
          "date": "2022-11-25",
          "time": "16:50:55",
          "terminate": "false"
        },
        {
          "speaker": "speaker2",
          "personaID": "97623",
          "participantID": "20427",
          "utterance": "저는 2년전에 찍었던 것 같아요. 자녀가 다 성인이된 기념으로 찍었답니다.",
          "summary": "나는 2년 전에 가족사진을 찍었다.",
          "date": "2022-11-25",
          "time": "16:51:01",
          "terminate": "false"
        },
        {
          "speaker": "speaker1",
          "personaID": "97237",
          "participantID": "20156",
          "utterance": "오 애들이 먼저 가족사진 찍자고 하던가요?",
          "summary": "",
          "date": "2022-11-25",
          "time": "16:51:16",
          "terminate": "false"
        },
        {
          "speaker": "speaker2",
          "personaID": "97623",
          "participantID": "20427",
          "utterance": "네~ 저희 @이름1@이 가족사진 없는게 너무 아쉽다고 찍자고 했어요. 님은 이번에 누가 찍자고 하셨어요?",
          "summary": "나의 자녀들은 가족사진을 찍자고 제안했다.",
          "date": "2022-11-25",
          "time": "16:51:22",
          "terminate": "false"
        },
        {
          "speaker": "speaker1",
          "personaID": "97237",
          "participantID": "20156",
          "utterance": "@이름1@이 기특하네요. 저희는 남편이 먼저 찍자고 했어요.",
          "summary": "나의 남편이 가족사진을 먼저 찍자고 했다.",
          "date": "2022-11-25",
          "time": "16:51:32",
          "terminate": "false"
        },
        {
          "speaker": "speaker2",
          "personaID": "97623",
          "participantID": "20427",
          "utterance": "그렇구나. 그럼 가족사진은 언제 받으시는거에요?",
          "summary": "",
          "date": "2022-11-25",
          "time": "16:51:41",
          "terminate": "false"
        },
        {
          "speaker": "speaker1",
          "personaID": "97237",
          "participantID": "20156",
          "utterance": "한 이틀뒤에는 나온다고 하더라고요. 잘 나올지 모르겠네요.",
          "summary": "",
          "date": "2022-11-25",
          "time": "16:51:52",
          "terminate": "false"
        },
        {
          "speaker": "speaker2",
          "personaID": "97623",
          "participantID": "20427",
          "utterance": "분명 잘 나올거에요. 그럼 사진 나오면 어땠는지 또 얘기해줘요~",
          "summary": "",
          "date": "2022-11-25",
          "time": "16:52:01",
          "terminate": "true"
        }
      ],
      "sessionPersonaSummary": {
        "speaker1": [
          "나는 어제 가족사진을 처음 찍었다.",
          "나는 이번에 가족사진을 처음 찍었다.",
          "나는 어제 떨었다.",
          "나의 남편이 가족사진을 먼저 찍자고 했다."
        ],
        "speaker2": [
          "나는 일정을 마무리했다.",
          "나는 가족사진을 찍어본 적 있다.",
          "나는 2년 전에 가족사진을 찍었다.",
          "나의 자녀들은 가족사진을 찍자고 제안했다."
        ]
      },
      "prevAggregatedpersonaSummary": {
        "speaker1": [
          "나는 60대 여성이다.",
          "나는 요즘 매일 상처를 받는다.",
          "나의 생일은 3월이다. 나는 선후배가 없다.",
          "나는 산책 가는 것을 좋아한다.",
          "나는 불면증이다."
        ],
        "speaker2": [
          "나는 60대 여성이다.",
          "나는 매일 기쁘다.",
          "나의 생일은 1월이다.",
          "나는 아침에 커피를 마신다.",
          "나는 혈액형이 O형이다. 나는 활발하다.",
          "나는 일정이 있다."
        ]
      }
    },
    {
      "prevSessionID": "4-00407-2",
      "prevTimeInfo": {
        "timeNum": "2",
        "timeUnit": "일"
      },
      "nthSession": "3",
      "numberOfUtterances": "14",
      "numberOfTurns": "7",
      "sessionID": "4-00407-3",
      "dialog": [
        {
          "speaker": "speaker1",
          "personaID": "97237",
          "participantID": "20156",
          "utterance": "이틀이 지나서 오늘 가족사진을 받으러 가는 중입니다. 님은 오늘 뭐 하시나요?",
          "summary": "나는 가족사진을 받으러 가는 중이다.",
          "date": "2022-11-25",
          "time": "16:52:23",
          "terminate": "false"
        },
        {
          "speaker": "speaker2",
          "personaID": "97623",
          "participantID": "20427",
          "utterance": "그렇구나~ 떨리겠어요. 저는 오늘 집에서 책을 읽으려고요.",
          "summary": "나는 집에서 책을 읽을 것이다.",
          "date": "2022-11-25",
          "time": "16:52:26",
          "terminate": "false"
        },
        {
          "speaker": "speaker1",
          "personaID": "97237",
          "participantID": "20156",
          "utterance": "정말요? 평소에 책 많이 읽으시는 편이세요?",
          "summary": "",
          "date": "2022-11-25",
          "time": "16:52:46",
          "terminate": "false"
        },
        {
          "speaker": "speaker2",
          "personaID": "97623",
          "participantID": "20427",
          "utterance": "네. 책을 즐겨읽는 편이에요. 그중에서도 시집을 즐겨읽습니다. 님은 책 좋아해요?",
          "summary": "나는 시집을 즐겨 읽는다.",
          "date": "2022-11-25",
          "time": "16:52:54",
          "terminate": "false"
        },
        {
          "speaker": "speaker1",
          "personaID": "97237",
          "participantID": "20156",
          "utterance": "네 저도 책 읽는거 좋아해요. 그런데 시집은 별로 안좋아해요.",
          "summary": "나는 시집을 별로 안 좋아한다.",
          "date": "2022-11-25",
          "time": "16:53:09",
          "terminate": "false"
        },
        {
          "speaker": "speaker2",
          "personaID": "97623",
          "participantID": "20427",
          "utterance": "그럴수 있죠. 그럼 님은 어떤 책을 가장 좋아해요?",
          "summary": "",
          "date": "2022-11-25",
          "time": "16:53:12",
          "terminate": "false"
        },
        {
          "speaker": "speaker1",
          "personaID": "97237",
          "participantID": "20156",
          "utterance": "저는 소설을 좋아합니다. 요새 자기계발서가 유행하던데, 읽어보셨어요?",
          "summary": "나는 소설을 좋아한다.",
          "date": "2022-11-25",
          "time": "16:53:32",
          "terminate": "false"
        },
        {
          "speaker": "speaker2",
          "personaID": "97623",
          "participantID": "20427",
          "utterance": "네 저는 읽어본적 있어요. 최근에 도서관에가서 빌려봤습니다. 님은 읽어보셨어요?",
          "summary": "나는 자기 계발서를 읽어봤다. 나는 도서관에 갔었다.",
          "date": "2022-11-25",
          "time": "16:53:39",
          "terminate": "false"
        },
        {
          "speaker": "speaker1",
          "personaID": "97237",
          "participantID": "20156",
          "utterance": "아뇨 저는 자기계발서는 좀 거부감 들더라고요. 님은 재밌게 보셨어요?",
          "summary": "나는 자기 계발서에 거부감이 든다.",
          "date": "2022-11-25",
          "time": "16:54:02",
          "terminate": "false"
        },
        {
          "speaker": "speaker2",
          "personaID": "97623",
          "participantID": "20427",
          "utterance": "조금 지루하긴했는데 그래도 나름 재미있게 읽었네요. 님은 그럼 평소 도서관도 자주가세요?",
          "summary": "",
          "date": "2022-11-25",
          "time": "16:54:07",
          "terminate": "false"
        },
        {
          "speaker": "speaker1",
          "personaID": "97237",
          "participantID": "20156",
          "utterance": "자주는 아니고 일주일 세네 번은 가는 것 같네요.",
          "summary": "나는 일주일에 세네 번 도서관에 간다.",
          "date": "2022-11-25",
          "time": "16:54:19",
          "terminate": "false"
        },
        {
          "speaker": "speaker2",
          "personaID": "97623",
          "participantID": "20427",
          "utterance": "그정도면 자주 가는거죠~ 저도 일주일에 서너 번 정도 도서관에 가거든요.",
          "summary": "나는 일주일에 서너 번 도서관에 간다.",
          "date": "2022-11-25",
          "time": "16:54:26",
          "terminate": "false"
        },
        {
          "speaker": "speaker1",
          "personaID": "97237",
          "participantID": "20156",
          "utterance": "아 그런가요? 사진관에 도착해서 나중에 연락드릴게요.",
          "summary": "나는 사진관에 도착했다.",
          "date": "2022-11-25",
          "time": "16:54:41",
          "terminate": "false"
        },
        {
          "speaker": "speaker2",
          "personaID": "97623",
          "participantID": "20427",
          "utterance": "벌써 도착하셨군요~ 그럼 사진 잘 받아보시고 다음에 또 연락해요.",
          "summary": "",
          "date": "2022-11-25",
          "time": "16:54:47",
          "terminate": "true"
        }
      ],
      "sessionPersonaSummary": {
        "speaker1": [
          "나는 가족사진을 받으러 가는 중이다.",
          "나는 시집을 별로 안 좋아한다.",
          "나는 소설을 좋아한다.",
          "나는 자기 계발서에 거부감이 든다.",
          "나는 일주일에 세네 번 도서관에 간다.",
          "나는 사진관에 도착했다."
        ],
        "speaker2": [
          "나는 집에서 책을 읽을 것이다.",
          "나는 시집을 즐겨 읽는다.",
          "나는 자기 계발서를 읽어봤다. 나는 도서관에 갔었다.",
          "나는 일주일에 서너 번 도서관에 간다."
        ]
      },
      "prevAggregatedpersonaSummary": {
        "speaker1": [
          "나는 60대 여성이다.",
          "나는 요즘 매일 상처를 받는다.",
          "나의 생일은 3월이다. 나는 선후배가 없다.",
          "나는 산책 가는 것을 좋아한다.",
          "나는 불면증이다.",
          "나는 어제 가족사진을 처음 찍었다.",
          "나는 이번에 가족사진을 처음 찍었다.",
          "나는 어제 떨었다.",
          "나의 남편이 가족사진을 먼저 찍자고 했다."
        ],
        "speaker2": [
          "나는 60대 여성이다.",
          "나는 매일 기쁘다.",
          "나의 생일은 1월이다.",
          "나는 아침에 커피를 마신다.",
          "나는 혈액형이 O형이다. 나는 활발하다.",
          "나는 일정이 있다.",
          "나는 일정을 마무리했다.",
          "나는 가족사진을 찍어본 적 있다.",
          "나는 2년 전에 가족사진을 찍었다.",
          "나의 자녀들은 가족사진을 찍자고 제안했다."
        ]
      }
    },
    {
      "prevSessionID": "4-00407-3",
      "prevTimeInfo": {
        "timeNum": "3",
        "timeUnit": "시간"
      },
      "nthSession": "4",
      "numberOfUtterances": "14",
      "numberOfTurns": "7",
      "sessionID": "4-00407-4",
      "dialog": [
        {
          "speaker": "speaker1",
          "personaID": "97237",
          "participantID": "20156",
          "utterance": "사진관에서 사진 받고 카페오니까 3시간이 지나있네요.",
          "summary": "나는 카페에 왔다.",
          "date": "2022-11-25",
          "time": "16:54:59",
          "terminate": "false"
        },
        {
          "speaker": "speaker2",
          "personaID": "97623",
          "participantID": "20427",
          "utterance": "그렇네요. 받은 사진은 마음에 드세요?",
          "summary": "",
          "date": "2022-11-25",
          "time": "16:55:03",
          "terminate": "false"
        },
        {
          "speaker": "speaker1",
          "personaID": "97237",
          "participantID": "20156",
          "utterance": "네 잘 나왔더라고요. 이번에 셔츠컨셉으로 찍었더니 화사하게 나왔네요.",
          "summary": "나는 셔츠 콘셉트로 가족사진을 찍었다.",
          "date": "2022-11-25",
          "time": "16:55:18",
          "terminate": "false"
        },
        {
          "speaker": "speaker2",
          "personaID": "97623",
          "participantID": "20427",
          "utterance": "셔츠컨셉이라니 멋지겠네요. 컨셉은 누구 아이디어였어요?",
          "summary": "",
          "date": "2022-11-25",
          "time": "16:55:25",
          "terminate": "false"
        },
        {
          "speaker": "speaker1",
          "personaID": "97237",
          "participantID": "20156",
          "utterance": "저희 딸아이 생각이었네요. 님은 무슨 컨셉으로 사진 찍었나요?",
          "summary": "",
          "date": "2022-11-25",
          "time": "16:55:46",
          "terminate": "false"
        },
        {
          "speaker": "speaker2",
          "personaID": "97623",
          "participantID": "20427",
          "utterance": "저희는 여자는 드레스 남자는 정장을 입고 찍었어요! 기억에 많이 남더라고요.",
          "summary": "나는 웨딩 콘셉트 사진을 찍었다.",
          "date": "2022-11-25",
          "time": "16:55:58",
          "terminate": "false"
        },
        {
          "speaker": "speaker1",
          "personaID": "97237",
          "participantID": "20156",
          "utterance": "오 그러면 옷은 어디서 대여하셨나요?",
          "summary": "",
          "date": "2022-11-25",
          "time": "16:56:12",
          "terminate": "false"
        },
        {
          "speaker": "speaker2",
          "personaID": "97623",
          "participantID": "20427",
          "utterance": "저희는 사진관에서 대여를 해줬어요! 요즘에는 옷을 대여해주는 사진관도 많더라고요.",
          "summary": "나는 사진관에서 옷을 대여했다.",
          "date": "2022-11-25",
          "time": "16:56:21",
          "terminate": "false"
        },
        {
          "speaker": "speaker1",
          "personaID": "97237",
          "participantID": "20156",
          "utterance": "그러면 대여비용이 비싸지 않아요? 엄청 비쌀것 같아요.",
          "summary": "",
          "date": "2022-11-25",
          "time": "16:56:38",
          "terminate": "false"
        },
        {
          "speaker": "speaker2",
          "personaID": "97623",
          "participantID": "20427",
          "utterance": "맞아요. 그래서 조금 비싸게 주고 사진을 찍었답니다. 아 님은 이번에 가족사진 찍은거 액자로 만드셨어요?",
          "summary": "나는 가족사진 촬영 비용이 비쌌다.",
          "date": "2022-11-25",
          "time": "16:56:45",
          "terminate": "false"
        },
        {
          "speaker": "speaker1",
          "personaID": "97237",
          "participantID": "20156",
          "utterance": "네 거실에 가족사진 액자로 만들어서 걸어두려고요. 님도 만드셨어요?",
          "summary": "나는 가족사진을 액자로 만들어 거실에 걸어 둘 것이다.",
          "date": "2022-11-25",
          "time": "16:56:58",
          "terminate": "false"
        },
        {
          "speaker": "speaker2",
          "personaID": "97623",
          "participantID": "20427",
          "utterance": "당연하죠~ 저희도 잘 보이는 거실에 가족사진을 걸어놓았어요.",
          "summary": "나는 거실에 가족사진을 걸어놓았다.",
          "date": "2022-11-25",
          "time": "16:57:04",
          "terminate": "false"
        },
        {
          "speaker": "speaker1",
          "personaID": "97237",
          "participantID": "20156",
          "utterance": "매일 보면 뿌듯하겠어요. 저도 얼른 가족사진을 걸어 둬야겠어요.",
          "summary": "",
          "date": "2022-11-25",
          "time": "16:57:26",
          "terminate": "false"
        },
        {
          "speaker": "speaker2",
          "personaID": "97623",
          "participantID": "20427",
          "utterance": "정말 뿌듯합니다. 그럼 집에 가서 잘 걸어두세요~ ㅎ.",
          "summary": "",
          "date": "2022-11-25",
          "time": "16:57:32",
          "terminate": "true"
        }
      ],
      "sessionPersonaSummary": {
        "speaker1": [
          "나는 카페에 왔다.",
          "나는 셔츠 콘셉트로 가족사진을 찍었다.",
          "나는 가족사진을 액자로 만들어 거실에 걸어 둘 것이다."
        ],
        "speaker2": [
          "나는 웨딩 콘셉트 사진을 찍었다.",
          "나는 사진관에서 옷을 대여했다.",
          "나는 가족사진 촬영 비용이 비쌌다.",
          "나는 거실에 가족사진을 걸어놓았다."
        ]
      },
      "prevAggregatedpersonaSummary": {
        "speaker1": [
          "나는 60대 여성이다.",
          "나는 요즘 매일 상처를 받는다.",
          "나의 생일은 3월이다. 나는 선후배가 없다.",
          "나는 산책 가는 것을 좋아한다.",
          "나는 불면증이다.",
          "나는 어제 가족사진을 처음 찍었다.",
          "나는 이번에 가족사진을 처음 찍었다.",
          "나는 어제 떨었다.",
          "나의 남편이 가족사진을 먼저 찍자고 했다.",
          "나는 가족사진을 받으러 가는 중이다.",
          "나는 시집을 별로 안 좋아한다.",
          "나는 소설을 좋아한다.",
          "나는 자기 계발서에 거부감이 든다.",
          "나는 일주일에 세네 번 도서관에 간다.",
          "나는 사진관에 도착했다."
        ],
        "speaker2": [
          "나는 60대 여성이다.",
          "나는 매일 기쁘다.",
          "나의 생일은 1월이다.",
          "나는 아침에 커피를 마신다.",
          "나는 혈액형이 O형이다. 나는 활발하다.",
          "나는 일정이 있다.",
          "나는 일정을 마무리했다.",
          "나는 가족사진을 찍어본 적 있다.",
          "나는 2년 전에 가족사진을 찍었다.",
          "나의 자녀들은 가족사진을 찍자고 제안했다.",
          "나는 집에서 책을 읽을 것이다.",
          "나는 시집을 즐겨 읽는다.",
          "나는 자기 계발서를 읽어봤다. 나는 도서관에 갔었다.",
          "나는 일주일에 서너 번 도서관에 간다."
        ]
      }
    }
  ]
}