{
  "FileInfo": {
    "filename": "K4-00272-CL92280-CP92876-01-06-S4.json",
    "sessionLevel": "4"
  },
  "participantsInfo": {
    "numberOfParticipants": "2",
    "speaker1": {
      "participantID": "20190",
      "gender": "여성",
      "age": "40대",
      "occupation": "무직",
      "bPlace": "서울/경기/인천",
      "gPlace": "서울/경기/인천",
      "rPlace": "서울/경기/인천",
      "educationLevel": "대졸"
    },
    "speaker2": {
      "participantID": "21353",
      "gender": "여성",
      "age": "40대",
      "occupation": "무직",
      "bPlace": "서울/경기/인천",
      "gPlace": "서울/경기/인천",
      "rPlace": "서울/경기/인천",
      "educationLevel": "대졸"
    }
  },
  "multisessionInfo": {
    "multisessionID": "4-00272"
  },
  "personaInfo": {
    "clInfo": {
      "personaID": "92280",
      "personaFeatures": [
        "나는 여자이다.",
        "나는 40대이다.",
        "나의 남자 형제는 세무사이다.",
        "나의 생일은 2월이다.",
        "나는 컨트리 음악을 가끔 듣는다.",
        "나는 키위를 안 먹는다."
      ],
      "speakerType": "speaker1"
    },
    "cpInfo": {
      "personaID": "92876",
      "personaFeatures": [
        "나는 여자이다.",
        "나는 40대이다.",
        "나는 추운 날씨를 좋아한다.",
        "나의 생일은 11월이다.",
        "나는 실내에서 배드민턴 치는 것을 좋아한다.",
        "나는 거북이를 키우고 싶다.",
        "나는 혈액형이 AB형이다."
      ],
      "speakerType": "speaker2"
    }
  },
  "topicInfo": {
    "topicID": "01-06",
    "topicType": "식음료",
    "topicTitle": "배달"
  },
  "sessionInfo": [
    {
      "prevSessionID": null,
      "prevTimeInfo": {
        "timeNum": null,
        "timeUnit": null
      },
      "nthSession": "1",
      "numberOfUtterances": "14",
      "numberOfTurns": "7",
      "sessionID": "4-00272-1",
      "dialog": [
        {
          "speaker": "speaker1",
          "personaID": "92280",
          "participantID": "20190",
          "utterance": "반가워요. 저는 40대 여자예요.",
          "summary": "나는 40대 여성이다.",
          "date": "2022-11-21",
          "time": "15:23:59",
          "terminate": "false"
        },
        {
          "speaker": "speaker2",
          "personaID": "92876",
          "participantID": "21353",
          "utterance": "안녕하세요. 저도 40대 여자예요.",
          "summary": "나는 40대 여성이다.",
          "date": "2022-11-21",
          "time": "15:24:05",
          "terminate": "false"
        },
        {
          "speaker": "speaker1",
          "personaID": "92280",
          "participantID": "20190",
          "utterance": "제 생일은 2월인데 생일이 어떻게 되세요?",
          "summary": "나의 생일은 2월이다.",
          "date": "2022-11-21",
          "time": "15:24:23",
          "terminate": "false"
        },
        {
          "speaker": "speaker2",
          "personaID": "92876",
          "participantID": "21353",
          "utterance": "저는 생일이 11월이고 혈액형은 AB형이에요.",
          "summary": "나의 생일은 11월이다. 는 혈액형이 AB형이다.",
          "date": "2022-11-21",
          "time": "15:24:48",
          "terminate": "false"
        },
        {
          "speaker": "speaker1",
          "personaID": "92280",
          "participantID": "20190",
          "utterance": "그렇군요. 저는 컨트리 음악을 가끔 들어요. 뭘 좋아하세요?",
          "summary": "나는 컨트리 음악을 가끔 듣는다.",
          "date": "2022-11-21",
          "time": "15:25:17",
          "terminate": "false"
        },
        {
          "speaker": "speaker2",
          "personaID": "92876",
          "participantID": "21353",
          "utterance": "저는 실내에서 배드민턴 치는 것을 좋아해요.",
          "summary": "나는 실내에서 배드민턴 치는 것을 좋아한다.",
          "date": "2022-11-21",
          "time": "15:25:56",
          "terminate": "false"
        },
        {
          "speaker": "speaker1",
          "personaID": "92280",
          "participantID": "20190",
          "utterance": "그렇군요. 저는 남동생이랑 같이 사는데, 혼자 사시나요?",
          "summary": "나는 남동생과 함께 산다.",
          "date": "2022-11-21",
          "time": "15:26:51",
          "terminate": "false"
        },
        {
          "speaker": "speaker2",
          "personaID": "92876",
          "participantID": "21353",
          "utterance": "저는 결혼해서 남편과 함께 살아요.",
          "summary": "나는 결혼을 했다. 나는 남편과 산다.",
          "date": "2022-11-21",
          "time": "15:27:27",
          "terminate": "false"
        },
        {
          "speaker": "speaker1",
          "personaID": "92280",
          "participantID": "20190",
          "utterance": "저는 미혼이에요. 세무사인 남동생한테 얹혀살죠.",
          "summary": "나는 미혼이다. 나의 남자 형제는 세무사이다.",
          "date": "2022-11-21",
          "time": "15:28:03",
          "terminate": "false"
        },
        {
          "speaker": "speaker2",
          "personaID": "92876",
          "participantID": "21353",
          "utterance": "그렇군요. 남동생은 결혼을 한거에요?",
          "summary": "",
          "date": "2022-11-21",
          "time": "15:28:16",
          "terminate": "false"
        },
        {
          "speaker": "speaker1",
          "personaID": "92280",
          "participantID": "20190",
          "utterance": "아뇨, 남동생도 미혼이에요. 그래서 같이 살아요.",
          "summary": "나의 남동생은 미혼이다.",
          "date": "2022-11-21",
          "time": "15:28:58",
          "terminate": "false"
        },
        {
          "speaker": "speaker2",
          "personaID": "92876",
          "participantID": "21353",
          "utterance": "알겠어요. 오늘 날씨가 참 춥네요. 전 오늘 같은 추운 날씨를 좋아해요.",
          "summary": "나는 추운 날씨를 좋아한다.",
          "date": "2022-11-21",
          "time": "15:29:06",
          "terminate": "false"
        },
        {
          "speaker": "speaker1",
          "personaID": "92280",
          "participantID": "20190",
          "utterance": "그러시구나. 저는 이만 들어가볼게요. 다음에 봬요.",
          "summary": "",
          "date": "2022-11-21",
          "time": "15:29:40",
          "terminate": "false"
        },
        {
          "speaker": "speaker2",
          "personaID": "92876",
          "participantID": "21353",
          "utterance": "그럼 저도 이만 가볼게요. 다음에 또 봐요.",
          "summary": "",
          "date": "2022-11-21",
          "time": "15:29:42",
          "terminate": "true"
        }
      ],
      "sessionPersonaSummary": {
        "speaker1": [
          "나는 40대 여성이다.",
          "나의 생일은 2월이다.",
          "나는 컨트리 음악을 가끔 듣는다.",
          "나는 남동생과 함께 산다.",
          "나는 미혼이다. 나의 남자 형제는 세무사이다.",
          "나의 남동생은 미혼이다."
        ],
        "speaker2": [
          "나는 40대 여성이다.",
          "나의 생일은 11월이다. 는 혈액형이 AB형이다.",
          "나는 실내에서 배드민턴 치는 것을 좋아한다.",
          "나는 결혼을 했다. 나는 남편과 산다.",
          "나는 추운 날씨를 좋아한다."
        ]
      },
      "prevAggregatedpersonaSummary": {
        "speaker1": [],
        "speaker2": []
      }
    },
    {
      "prevSessionID": "4-00272-1",
      "prevTimeInfo": {
        "timeNum": "1",
        "timeUnit": "일"
      },
      "nthSession": "2",
      "numberOfUtterances": "14",
      "numberOfTurns": "7",
      "sessionID": "4-00272-2",
      "dialog": [
        {
          "speaker": "speaker1",
          "personaID": "92280",
          "participantID": "20190",
          "utterance": "어젠 잘 들어가셨어요? 전 남동생 퇴근을 기다리고 있어요.",
          "summary": "나는 남동생의 퇴근을 기다린다.",
          "date": "2022-11-21",
          "time": "15:30:06",
          "terminate": "false"
        },
        {
          "speaker": "speaker2",
          "personaID": "92876",
          "participantID": "21353",
          "utterance": "남동생이랑 같이 저녁 드시려구 기다리세요?",
          "summary": "",
          "date": "2022-11-21",
          "time": "15:30:18",
          "terminate": "false"
        },
        {
          "speaker": "speaker1",
          "personaID": "92280",
          "participantID": "20190",
          "utterance": "네. 남동생이 세무사 일로 바빠서 자꾸 끼니를 거르거든요.",
          "summary": "나의 남동생은 일이 바쁘다. 나의 남동생은 끼니를 거른다.",
          "date": "2022-11-21",
          "time": "15:31:06",
          "terminate": "false"
        },
        {
          "speaker": "speaker2",
          "personaID": "92876",
          "participantID": "21353",
          "utterance": "누나가 남동생을 참 잘 챙겨주네요. 뭐 드시게요?",
          "summary": "",
          "date": "2022-11-21",
          "time": "15:31:30",
          "terminate": "false"
        },
        {
          "speaker": "speaker1",
          "personaID": "92280",
          "participantID": "20190",
          "utterance": "배달로 국밥을 시키게요. 직접 만든긴 힘들고 배달로 든든하게 먹으려고요.",
          "summary": "나는 배달로 국밥을 시킬 것이다.",
          "date": "2022-11-21",
          "time": "15:32:06",
          "terminate": "false"
        },
        {
          "speaker": "speaker2",
          "personaID": "92876",
          "participantID": "21353",
          "utterance": "맛있겠네요. 님은 어떤 국밥을 가장 좋아하세요?",
          "summary": "",
          "date": "2022-11-21",
          "time": "15:32:25",
          "terminate": "false"
        },
        {
          "speaker": "speaker1",
          "personaID": "92280",
          "participantID": "20190",
          "utterance": "저는 머릿고기국밥을 제일 좋아해요. 선생님은요?",
          "summary": "나는 머리 고기 국밥을 가장 좋아한다.",
          "date": "2022-11-21",
          "time": "15:32:45",
          "terminate": "false"
        },
        {
          "speaker": "speaker2",
          "personaID": "92876",
          "participantID": "21353",
          "utterance": "저는 설렁탕을 가장 좋아해요.",
          "summary": "나는 설렁탕을 가장 좋아한다.",
          "date": "2022-11-21",
          "time": "15:33:11",
          "terminate": "false"
        },
        {
          "speaker": "speaker1",
          "personaID": "92280",
          "participantID": "20190",
          "utterance": "그러시군요. 아직 코로나가 안 끝났으니까 외식보단 배달을 선호하게 되네요.",
          "summary": "나는 외식보다 배달을 선호한다.",
          "date": "2022-11-21",
          "time": "15:33:54",
          "terminate": "false"
        },
        {
          "speaker": "speaker2",
          "personaID": "92876",
          "participantID": "21353",
          "utterance": "그렇긴 하죠. 집 안에서 먹는게 안전한 것 같아요.",
          "summary": "나는 집 안에서 먹는 게 안전한 것 같다.",
          "date": "2022-11-21",
          "time": "15:34:22",
          "terminate": "false"
        },
        {
          "speaker": "speaker1",
          "personaID": "92280",
          "participantID": "20190",
          "utterance": "네. 선생님도 저녁에 배달시켜 드시는 거 어때요?",
          "summary": "",
          "date": "2022-11-21",
          "time": "15:34:39",
          "terminate": "false"
        },
        {
          "speaker": "speaker2",
          "personaID": "92876",
          "participantID": "21353",
          "utterance": "그럴까요? 저도 배달 시켜 먹어야겠네요.",
          "summary": "나는 배달을 시켜 먹을 것이다.",
          "date": "2022-11-21",
          "time": "15:35:11",
          "terminate": "false"
        },
        {
          "speaker": "speaker1",
          "personaID": "92280",
          "participantID": "20190",
          "utterance": "저희 같이 배달시켜먹어요ㅎㅎ. 저는 그럼 배달어플 보러 가볼게요.",
          "summary": "나는 배달 애플리케이션을 볼 것이다.",
          "date": "2022-11-21",
          "time": "15:35:27",
          "terminate": "false"
        },
        {
          "speaker": "speaker2",
          "personaID": "92876",
          "participantID": "21353",
          "utterance": "알겠어요. 그럼 저도 이만 가볼게요.",
          "summary": "",
          "date": "2022-11-21",
          "time": "15:35:47",
          "terminate": "true"
        }
      ],
      "sessionPersonaSummary": {
        "speaker1": [
          "나는 남동생의 퇴근을 기다린다.",
          "나의 남동생은 일이 바쁘다. 나의 남동생은 끼니를 거른다.",
          "나는 배달로 국밥을 시킬 것이다.",
          "나는 머리 고기 국밥을 가장 좋아한다.",
          "나는 외식보다 배달을 선호한다.",
          "나는 배달 애플리케이션을 볼 것이다."
        ],
        "speaker2": [
          "나는 설렁탕을 가장 좋아한다.",
          "나는 집 안에서 먹는 게 안전한 것 같다.",
          "나는 배달을 시켜 먹을 것이다."
        ]
      },
      "prevAggregatedpersonaSummary": {
        "speaker1": [
          "나는 40대 여성이다.",
          "나의 생일은 2월이다.",
          "나는 컨트리 음악을 가끔 듣는다.",
          "나는 남동생과 함께 산다.",
          "나는 미혼이다. 나의 남자 형제는 세무사이다.",
          "나의 남동생은 미혼이다."
        ],
        "speaker2": [
          "나는 40대 여성이다.",
          "나의 생일은 11월이다. 는 혈액형이 AB형이다.",
          "나는 실내에서 배드민턴 치는 것을 좋아한다.",
          "나는 결혼을 했다. 나는 남편과 산다.",
          "나는 추운 날씨를 좋아한다."
        ]
      }
    },
    {
      "prevSessionID": "4-00272-2",
      "prevTimeInfo": {
        "timeNum": "2",
        "timeUnit": "시간"
      },
      "nthSession": "3",
      "numberOfUtterances": "14",
      "numberOfTurns": "7",
      "sessionID": "4-00272-3",
      "dialog": [
        {
          "speaker": "speaker1",
          "personaID": "92280",
          "participantID": "20190",
          "utterance": "2시간만에 연락드리네요. 저녁은 맛있게 드셨나요?",
          "summary": "",
          "date": "2022-11-21",
          "time": "15:36:11",
          "terminate": "false"
        },
        {
          "speaker": "speaker2",
          "personaID": "92876",
          "participantID": "21353",
          "utterance": "네. 맛있게 먹었어요. 배달로 생태탕을 시켰어요.",
          "summary": "나는 저녁을 먹었다. 나는 배달로 생태탕을 시켰다.",
          "date": "2022-11-21",
          "time": "15:36:41",
          "terminate": "false"
        },
        {
          "speaker": "speaker1",
          "personaID": "92280",
          "participantID": "20190",
          "utterance": "맛있었겠네요. 저는 남동생과 국밥을 먹고 용기를 씻어서 분리배출했어요.",
          "summary": "나는 남동생과 국밥을 먹었다. 나는 배달용기를 씻어서 분리배출했다.",
          "date": "2022-11-21",
          "time": "15:37:30",
          "terminate": "false"
        },
        {
          "speaker": "speaker2",
          "personaID": "92876",
          "participantID": "21353",
          "utterance": "잘하셨어요. 배달 음식 용기가 환경오염될까봐 걱정되더라구요.",
          "summary": "나는 배달 음식 용기가 환경오염이 될까 봐 걱정된다.",
          "date": "2022-11-21",
          "time": "15:37:49",
          "terminate": "false"
        },
        {
          "speaker": "speaker1",
          "personaID": "92280",
          "participantID": "20190",
          "utterance": "맞아요. 플라스틱이 너무 많이 나와요.",
          "summary": "",
          "date": "2022-11-21",
          "time": "15:38:17",
          "terminate": "false"
        },
        {
          "speaker": "speaker2",
          "personaID": "92876",
          "participantID": "21353",
          "utterance": "그쵸? 그래서 숟가락이랑 젓가락은 집에 있는거 써요.",
          "summary": "나는 배달음식을 먹을 때 집에 있는 수저를 쓴다.",
          "date": "2022-11-21",
          "time": "15:38:33",
          "terminate": "false"
        },
        {
          "speaker": "speaker1",
          "personaID": "92280",
          "participantID": "20190",
          "utterance": "훌륭하시네요. 예전 중국집처럼 그릇이 와서 그릇을 수거해가면 좋겠어요.",
          "summary": "나는 배달 그릇을 수거해가면 좋겠다고 생각한다.",
          "date": "2022-11-21",
          "time": "15:39:24",
          "terminate": "false"
        },
        {
          "speaker": "speaker2",
          "personaID": "92876",
          "participantID": "21353",
          "utterance": "그러게요. 근데 안그래도 배달요금이 비싼데 직접 수거해가면 더 오르겠어요.",
          "summary": "",
          "date": "2022-11-21",
          "time": "15:39:44",
          "terminate": "false"
        },
        {
          "speaker": "speaker1",
          "personaID": "92280",
          "participantID": "20190",
          "utterance": "그렇겠네요. 배달 대행 업체말고 직원을 직접 고용해야겠는데요.",
          "summary": "",
          "date": "2022-11-21",
          "time": "15:40:14",
          "terminate": "false"
        },
        {
          "speaker": "speaker2",
          "personaID": "92876",
          "participantID": "21353",
          "utterance": "그렇겠네요. 그래도 저희가 내는 배달비 자체는 오르지 않을까요?",
          "summary": "",
          "date": "2022-11-21",
          "time": "15:40:55",
          "terminate": "false"
        },
        {
          "speaker": "speaker1",
          "personaID": "92280",
          "participantID": "20190",
          "utterance": "하긴 그렇겠어요. 이래나저래나 답이 없군요.",
          "summary": "",
          "date": "2022-11-21",
          "time": "15:41:13",
          "terminate": "false"
        },
        {
          "speaker": "speaker2",
          "personaID": "92876",
          "participantID": "21353",
          "utterance": "님은 배달비가 더 오른다면 어떡하실거에요?",
          "summary": "",
          "date": "2022-11-21",
          "time": "15:41:34",
          "terminate": "false"
        },
        {
          "speaker": "speaker1",
          "personaID": "92280",
          "participantID": "20190",
          "utterance": "음, 그래도 그냥 시켜먹을 것 같아요. 이만 가볼게요.",
          "summary": "나는 배달비가 올라도 계속 배달을 시켜먹을 것 같다.",
          "date": "2022-11-21",
          "time": "15:42:17",
          "terminate": "false"
        },
        {
          "speaker": "speaker2",
          "personaID": "92876",
          "participantID": "21353",
          "utterance": "그러시구나. 그럼 저도 이만 가볼게요. 다음에 봐요.",
          "summary": "",
          "date": "2022-11-21",
          "time": "15:42:25",
          "terminate": "true"
        }
      ],
      "sessionPersonaSummary": {
        "speaker1": [
          "나는 남동생과 국밥을 먹었다. 나는 배달용기를 씻어서 분리배출했다.",
          "나는 배달 그릇을 수거해가면 좋겠다고 생각한다.",
          "나는 배달비가 올라도 계속 배달을 시켜먹을 것 같다."
        ],
        "speaker2": [
          "나는 저녁을 먹었다. 나는 배달로 생태탕을 시켰다.",
          "나는 배달 음식 용기가 환경오염이 될까 봐 걱정된다.",
          "나는 배달음식을 먹을 때 집에 있는 수저를 쓴다."
        ]
      },
      "prevAggregatedpersonaSummary": {
        "speaker1": [
          "나는 40대 여성이다.",
          "나의 생일은 2월이다.",
          "나는 컨트리 음악을 가끔 듣는다.",
          "나는 남동생과 함께 산다.",
          "나는 미혼이다. 나의 남자 형제는 세무사이다.",
          "나의 남동생은 미혼이다.",
          "나는 남동생의 퇴근을 기다린다.",
          "나의 남동생은 일이 바쁘다. 나의 남동생은 끼니를 거른다.",
          "나는 배달로 국밥을 시킬 것이다.",
          "나는 머리 고기 국밥을 가장 좋아한다.",
          "나는 외식보다 배달을 선호한다.",
          "나는 배달 애플리케이션을 볼 것이다."
        ],
        "speaker2": [
          "나는 40대 여성이다.",
          "나의 생일은 11월이다. 는 혈액형이 AB형이다.",
          "나는 실내에서 배드민턴 치는 것을 좋아한다.",
          "나는 결혼을 했다. 나는 남편과 산다.",
          "나는 추운 날씨를 좋아한다.",
          "나는 설렁탕을 가장 좋아한다.",
          "나는 집 안에서 먹는 게 안전한 것 같다.",
          "나는 배달을 시켜 먹을 것이다."
        ]
      }
    },
    {
      "prevSessionID": "4-00272-3",
      "prevTimeInfo": {
        "timeNum": "1",
        "timeUnit": "주"
      },
      "nthSession": "4",
      "numberOfUtterances": "14",
      "numberOfTurns": "7",
      "sessionID": "4-00272-4",
      "dialog": [
        {
          "speaker": "speaker1",
          "personaID": "92280",
          "participantID": "20190",
          "utterance": "일주일만이네요. 요즘도 배드민턴 치시나요?",
          "summary": "",
          "date": "2022-11-21",
          "time": "15:42:45",
          "terminate": "false"
        },
        {
          "speaker": "speaker2",
          "personaID": "92876",
          "participantID": "21353",
          "utterance": "네. 저번 주말에 배드민턴 치고 왔어요.",
          "summary": "나는 저번 주말에 배드민턴을 쳤다.",
          "date": "2022-11-21",
          "time": "15:42:57",
          "terminate": "false"
        },
        {
          "speaker": "speaker1",
          "personaID": "92280",
          "participantID": "20190",
          "utterance": "저는 배드민턴 쳐본 적이 없는데, 어때요? 재미있나요?",
          "summary": "나는 배드민턴을 쳐본 적이 없다.",
          "date": "2022-11-21",
          "time": "15:43:49",
          "terminate": "false"
        },
        {
          "speaker": "speaker2",
          "personaID": "92876",
          "participantID": "21353",
          "utterance": "네. 재밌죠. 배드민턴은 치기도 쉬우니까 님도 쳐보세요.",
          "summary": "나는 배드민턴이 재밌다.",
          "date": "2022-11-21",
          "time": "15:44:01",
          "terminate": "false"
        },
        {
          "speaker": "speaker1",
          "personaID": "92280",
          "participantID": "20190",
          "utterance": "좋아요. 저는 오늘 너무 추워서 따뜻하게 집에 있어요.",
          "summary": "나는 춥다. 나는 집에 있다.",
          "date": "2022-11-21",
          "time": "15:44:53",
          "terminate": "false"
        },
        {
          "speaker": "speaker2",
          "personaID": "92876",
          "participantID": "21353",
          "utterance": "그러시구나. 전 추운 날씨에 바깥공기가 좋더라구요.",
          "summary": "",
          "date": "2022-11-21",
          "time": "15:45:32",
          "terminate": "false"
        },
        {
          "speaker": "speaker1",
          "personaID": "92280",
          "participantID": "20190",
          "utterance": "추운 날씨 좋아하시니까 오늘 날씨도 좋아하시겠어요.",
          "summary": "",
          "date": "2022-11-21",
          "time": "15:45:56",
          "terminate": "false"
        },
        {
          "speaker": "speaker2",
          "personaID": "92876",
          "participantID": "21353",
          "utterance": "네. 그렇죠. 오늘 외출을 했는데 기분이 좋았어요.",
          "summary": "나는 외출을 했다. 나는 기분이 좋다.",
          "date": "2022-11-21",
          "time": "15:46:10",
          "terminate": "false"
        },
        {
          "speaker": "speaker1",
          "personaID": "92280",
          "participantID": "20190",
          "utterance": "잘 됐네요. 감기 걸리지 않게 조심하세요.",
          "summary": "",
          "date": "2022-11-21",
          "time": "15:46:56",
          "terminate": "false"
        },
        {
          "speaker": "speaker2",
          "personaID": "92876",
          "participantID": "21353",
          "utterance": "네. 그래서 따뜻하게 입었죠. 님은 집에서 뭐하세요?",
          "summary": "나는 따뜻하게 입었다.",
          "date": "2022-11-21",
          "time": "15:47:14",
          "terminate": "false"
        },
        {
          "speaker": "speaker1",
          "personaID": "92280",
          "participantID": "20190",
          "utterance": "저는 집에서 귤을 먹어요. 귤이 맛있네요.",
          "summary": "나는 집에서 귤을 먹는다. 나는 귤이 맛있다.",
          "date": "2022-11-21",
          "time": "15:47:33",
          "terminate": "false"
        },
        {
          "speaker": "speaker2",
          "personaID": "92876",
          "participantID": "21353",
          "utterance": "귤 맛있겠네요. 귤은 구워먹으면 더 달대요.",
          "summary": "",
          "date": "2022-11-21",
          "time": "15:47:55",
          "terminate": "false"
        },
        {
          "speaker": "speaker1",
          "personaID": "92280",
          "participantID": "20190",
          "utterance": "오, 정말요? 신기하네요. 이만 들어가볼게요. 또 대화해요.",
          "summary": "나는 신기하다.",
          "date": "2022-11-21",
          "time": "15:48:38",
          "terminate": "false"
        },
        {
          "speaker": "speaker2",
          "personaID": "92876",
          "participantID": "21353",
          "utterance": "그럼 저도 이만 가볼게요. 다음에 봐요.",
          "summary": "",
          "date": "2022-11-21",
          "time": "15:49:03",
          "terminate": "true"
        }
      ],
      "sessionPersonaSummary": {
        "speaker1": [
          "나는 배드민턴을 쳐본 적이 없다.",
          "나는 춥다. 나는 집에 있다.",
          "나는 집에서 귤을 먹는다. 나는 귤이 맛있다.",
          "나는 신기하다."
        ],
        "speaker2": [
          "나는 저번 주말에 배드민턴을 쳤다.",
          "나는 배드민턴이 재밌다.",
          "나는 외출을 했다. 나는 기분이 좋다.",
          "나는 따뜻하게 입었다."
        ]
      },
      "prevAggregatedpersonaSummary": {
        "speaker1": [
          "나는 40대 여성이다.",
          "나의 생일은 2월이다.",
          "나는 컨트리 음악을 가끔 듣는다.",
          "나는 남동생과 함께 산다.",
          "나는 미혼이다. 나의 남자 형제는 세무사이다.",
          "나의 남동생은 미혼이다.",
          "나는 남동생의 퇴근을 기다린다.",
          "나의 남동생은 일이 바쁘다. 나의 남동생은 끼니를 거른다.",
          "나는 배달로 국밥을 시킬 것이다.",
          "나는 머리 고기 국밥을 가장 좋아한다.",
          "나는 외식보다 배달을 선호한다.",
          "나는 배달 애플리케이션을 볼 것이다.",
          "나는 남동생과 국밥을 먹었다. 나는 배달용기를 씻어서 분리배출했다.",
          "나는 배달 그릇을 수거해가면 좋겠다고 생각한다.",
          "나는 배달비가 올라도 계속 배달을 시켜먹을 것 같다."
        ],
        "speaker2": [
          "나는 40대 여성이다.",
          "나의 생일은 11월이다. 는 혈액형이 AB형이다.",
          "나는 실내에서 배드민턴 치는 것을 좋아한다.",
          "나는 결혼을 했다. 나는 남편과 산다.",
          "나는 추운 날씨를 좋아한다.",
          "나는 설렁탕을 가장 좋아한다.",
          "나는 집 안에서 먹는 게 안전한 것 같다.",
          "나는 배달을 시켜 먹을 것이다.",
          "나는 저녁을 먹었다. 나는 배달로 생태탕을 시켰다.",
          "나는 배달 음식 용기가 환경오염이 될까 봐 걱정된다.",
          "나는 배달음식을 먹을 때 집에 있는 수저를 쓴다."
        ]
      }
    }
  ]
}