{
  "FileInfo": {
    "filename": "K4-00047-CL25296-CP42265-07-11-S4.json",
    "sessionLevel": "4"
  },
  "participantsInfo": {
    "numberOfParticipants": "2",
    "speaker1": {
      "participantID": "4344",
      "gender": "남성",
      "age": "20대",
      "occupation": "학생",
      "bPlace": "부산/대구/울산/경상",
      "gPlace": "대전/세종/충청/강원",
      "rPlace": "서울/경기/인천",
      "educationLevel": "고졸"
    },
    "speaker2": {
      "participantID": "3458",
      "gender": "여성",
      "age": "30대",
      "occupation": "사무직",
      "bPlace": "서울/경기/인천",
      "gPlace": "서울/경기/인천",
      "rPlace": "서울/경기/인천",
      "educationLevel": "대학원졸"
    }
  },
  "multisessionInfo": {
    "multisessionID": "4-00047"
  },
  "personaInfo": {
    "clInfo": {
      "personaID": "25296",
      "personaFeatures": [
        "나는 남자이다.",
        "나는 20대이다.",
        "나는 가족과 별로 연락을 하지 않는다",
        "나는 댄스스포츠부 동아리에 관심 있다",
        "나는 트럼펫 연주를 배우고 싶다",
        "나는 일식을 좋아한다",
        "나는 요즘, 가끔 감사하다"
      ],
      "speakerType": "speaker1"
    },
    "cpInfo": {
      "personaID": "42265",
      "personaFeatures": [
        "나는 여자이다.",
        "나는 40대이다.",
        "나는 혈액형이 O형이다",
        "나는 걷기를 자주 한다",
        "나는 전자기기를 수집한다"
      ],
      "speakerType": "speaker2"
    }
  },
  "topicInfo": {
    "topicID": "07-11",
    "topicType": "개인 및 관계>가족",
    "topicTitle": "자녀"
  },
  "sessionInfo": [
    {
      "prevSessionID": null,
      "prevTimeInfo": {
        "timeNum": null,
        "timeUnit": null
      },
      "nthSession": "1",
      "numberOfUtterances": "14",
      "numberOfTurns": "7",
      "sessionID": "4-00047-1",
      "dialog": [
        {
          "speaker": "speaker1",
          "personaID": "25296",
          "participantID": "4344",
          "utterance": "안녕하세요, 저는 20대 남성입니다.",
          "summary": "나는 20대 남성이다",
          "date": "2022-11-08",
          "time": "12:03:53",
          "terminate": "false"
        },
        {
          "speaker": "speaker2",
          "personaID": "42265",
          "participantID": "3458",
          "utterance": "안녕하세요 저는 40대 여성입니다.",
          "summary": "나는 40대 여성이다.",
          "date": "2022-11-08",
          "time": "17:16:39",
          "terminate": "false"
        },
        {
          "speaker": "speaker1",
          "personaID": "25296",
          "participantID": "4344",
          "utterance": "저는 최근에 트럼펫 연주를 배우고 싶더라고요. 당신은 어떤 취미생활을 가지고 있나요?",
          "summary": "나는 트럼펫 연주를 배우고 싶다",
          "date": "2022-11-08",
          "time": "17:53:00",
          "terminate": "false"
        },
        {
          "speaker": "speaker2",
          "personaID": "42265",
          "participantID": "3458",
          "utterance": "멋있는 취미네요~ 저는 전자기기 수집하는 것이 취미에요!",
          "summary": "나는 전자기기를 수집하는 취미가 있다.",
          "date": "2022-11-08",
          "time": "22:42:08",
          "terminate": "false"
        },
        {
          "speaker": "speaker1",
          "personaID": "25296",
          "participantID": "4344",
          "utterance": "전자기기를 수집하시는군요! 전 댄스스포츠부 동아리에 관심이 생겨서, 알아보고 있어요. 혹시 선호하는 음식이 있으신가요?",
          "summary": "나는 댄스스포츠부 동아리에 관심이 생겼다",
          "date": "2022-11-09",
          "time": "02:19:36",
          "terminate": "false"
        },
        {
          "speaker": "speaker2",
          "personaID": "42265",
          "participantID": "3458",
          "utterance": "저는 삼겹살을 좋아해요~ 댄스스포츠 하면 너무 신날거 같아요~",
          "summary": "나는 삼겹살을 좋아한다.",
          "date": "2022-11-09",
          "time": "10:48:25",
          "terminate": "false"
        },
        {
          "speaker": "speaker1",
          "personaID": "25296",
          "participantID": "4344",
          "utterance": "삼겹살 저도 좋아해요. 전 일식도 정말 좋아하거든요, 되게 맛있어요. 최근에 먹을 일이 많았어서, 요즘 가끔 그냥 감사하더라고요.",
          "summary": "나는 일식을 정말 좋아한다. 나는 요즘 가끔 감사하다",
          "date": "2022-11-09",
          "time": "12:20:16",
          "terminate": "false"
        },
        {
          "speaker": "speaker2",
          "personaID": "42265",
          "participantID": "3458",
          "utterance": "감사하는 마음은 언제든지 좋은거 같아요~",
          "summary": "",
          "date": "2022-11-09",
          "time": "12:36:34",
          "terminate": "false"
        },
        {
          "speaker": "speaker1",
          "personaID": "25296",
          "participantID": "4344",
          "utterance": "그러게요. 당신은 가족들과 원만한 관계를 유지하고 계신가요?",
          "summary": "",
          "date": "2022-11-09",
          "time": "12:53:53",
          "terminate": "false"
        },
        {
          "speaker": "speaker2",
          "personaID": "42265",
          "participantID": "3458",
          "utterance": "저는 가족들과 잘지내는 편이에요! 어떤편이신가요?",
          "summary": "나는 가족들과 화목하다.",
          "date": "2022-11-09",
          "time": "12:54:12",
          "terminate": "false"
        },
        {
          "speaker": "speaker1",
          "personaID": "25296",
          "participantID": "4344",
          "utterance": "저는 최근에는 가족과 별로 연락을 하지 않아서요. 조금 슬퍼요.",
          "summary": "나는 최근에 가족과 연락을 하지 않아서 슬프다",
          "date": "2022-11-09",
          "time": "15:13:02",
          "terminate": "false"
        },
        {
          "speaker": "speaker2",
          "personaID": "42265",
          "participantID": "3458",
          "utterance": "가족들과 연락을 자주 하지 않게 된 이유가 있나요?",
          "summary": "",
          "date": "2022-11-10",
          "time": "13:21:17",
          "terminate": "false"
        },
        {
          "speaker": "speaker1",
          "personaID": "25296",
          "participantID": "4344",
          "utterance": "바빠져서요, 자연스럽게 멀어지는 느낌이에요.",
          "summary": "나는 바빠서 가족들과 자연스럽게 멀어진 느낌이다",
          "date": "2022-11-10",
          "time": "15:33:13",
          "terminate": "false"
        },
        {
          "speaker": "speaker2",
          "personaID": "42265",
          "participantID": "3458",
          "utterance": "저는 걷기를 자주 하는 편인데 가족들과 걷기를 해보시는건 어때요?  아참 저 헌혈을 하러 가야해서요 ~ 제가 o형인데 o형 피가 많이 부족하다네요,,,",
          "summary": "나는 자주 걷는다. 나는 O형이다.",
          "date": "2022-11-10",
          "time": "15:40:18",
          "terminate": "true"
        }
      ],
      "sessionPersonaSummary": {
        "speaker1": [
          "나는 20대 남성이다",
          "나는 트럼펫 연주를 배우고 싶다",
          "나는 댄스스포츠부 동아리에 관심이 생겼다",
          "나는 일식을 정말 좋아한다. 나는 요즘 가끔 감사하다",
          "나는 최근에 가족과 연락을 하지 않아서 슬프다",
          "나는 바빠서 가족들과 자연스럽게 멀어진 느낌이다"
        ],
        "speaker2": [
          "나는 40대 여성이다.",
          "나는 전자기기를 수집하는 취미가 있다.",
          "나는 삼겹살을 좋아한다.",
          "나는 가족들과 화목하다.",
          "나는 자주 걷는다.",
          "나는 O형이다."
        ]
      },
      "prevAggregatedpersonaSummary": {
        "speaker1": [],
        "speaker2": []
      }
    },
    {
      "prevSessionID": "4-00047-1",
      "prevTimeInfo": {
        "timeNum": "36",
        "timeUnit": "시간"
      },
      "nthSession": "2",
      "numberOfUtterances": "14",
      "numberOfTurns": "7",
      "sessionID": "4-00047-2",
      "dialog": [
        {
          "speaker": "speaker1",
          "personaID": "25296",
          "participantID": "4344",
          "utterance": "하루하고도 반나절 만이네요. O형이라고 하셨죠? 헌혈은 잘 다녀오셨어요?",
          "summary": "",
          "date": "2022-11-10",
          "time": "17:07:23",
          "terminate": "false"
        },
        {
          "speaker": "speaker2",
          "personaID": "42265",
          "participantID": "3458",
          "utterance": "맞아요~ 잘 다녀왔어요 ㅎㅎ 요즘 자녀 때문에 고민이 많아요..",
          "summary": "나는 자녀 문제로 고민 중이다.",
          "date": "2022-11-10",
          "time": "22:53:43",
          "terminate": "false"
        },
        {
          "speaker": "speaker1",
          "personaID": "25296",
          "participantID": "4344",
          "utterance": "그렇군요. 어떤 문제가 있으신가요?",
          "summary": "",
          "date": "2022-11-11",
          "time": "00:43:08",
          "terminate": "false"
        },
        {
          "speaker": "speaker2",
          "personaID": "42265",
          "participantID": "3458",
          "utterance": "자녀가 사춘기거든요.. 그래서 어떻게 다가가야할지 고민입니다..",
          "summary": "나의 자녀는 사춘기다.",
          "date": "2022-11-11",
          "time": "09:12:33",
          "terminate": "false"
        },
        {
          "speaker": "speaker1",
          "personaID": "25296",
          "participantID": "4344",
          "utterance": "아, 혹시 자녀의 나이가 어떻게 되나요? 저는 아직 자녀가 없어서요.",
          "summary": "나는 자녀가 없다",
          "date": "2022-11-11",
          "time": "09:28:03",
          "terminate": "false"
        },
        {
          "speaker": "speaker2",
          "personaID": "42265",
          "participantID": "3458",
          "utterance": "저의 자녀는 중학생이에요.. 중학생이라 이제 너무 커버려서 어렵네요",
          "summary": "나의 자녀는 중학생이다.",
          "date": "2022-11-11",
          "time": "09:54:54",
          "terminate": "false"
        },
        {
          "speaker": "speaker1",
          "personaID": "25296",
          "participantID": "4344",
          "utterance": "사춘기가 올 시기네요. 대화를 많이 하면, 극복에 도움이 되지 않을까요?",
          "summary": "나는 대화를 하면 자녀와의 사이가 좋아질 거라고 생각한다",
          "date": "2022-11-11",
          "time": "10:11:24",
          "terminate": "false"
        },
        {
          "speaker": "speaker2",
          "personaID": "42265",
          "participantID": "3458",
          "utterance": "어떤 대화를 하면서 다가가야 좋을까요? 가족 사이에는 대화가 정말 중요하군요",
          "summary": "",
          "date": "2022-11-11",
          "time": "11:18:43",
          "terminate": "false"
        },
        {
          "speaker": "speaker1",
          "personaID": "25296",
          "participantID": "4344",
          "utterance": "그냥 아이들의 일상을 들어주고, 공감하기만 해도 어느 정도 친밀감이 형성되지 않을까요?",
          "summary": "나는 아이의 일상을 듣고 공감하면 친밀감 형성이 된다고 생각한다",
          "date": "2022-11-11",
          "time": "12:13:48",
          "terminate": "false"
        },
        {
          "speaker": "speaker2",
          "personaID": "42265",
          "participantID": "3458",
          "utterance": "일상을 먼저 자녀에게 물어보고 더 큰 관심을 주어야겠어요.. 제가 가족들에게 너무 소홀했나봐요",
          "summary": "",
          "date": "2022-11-11",
          "time": "13:14:51",
          "terminate": "false"
        },
        {
          "speaker": "speaker1",
          "personaID": "25296",
          "participantID": "4344",
          "utterance": "아니에요, 잘 하고 계실 거에요. 앞으로도 잘 하실 거고요.",
          "summary": "",
          "date": "2022-11-11",
          "time": "14:57:45",
          "terminate": "false"
        },
        {
          "speaker": "speaker2",
          "personaID": "42265",
          "participantID": "3458",
          "utterance": "그런 대답을 들으니 힘이 나네요~ 또다른 추천하실게 있나요?",
          "summary": "",
          "date": "2022-11-11",
          "time": "15:09:03",
          "terminate": "false"
        },
        {
          "speaker": "speaker1",
          "personaID": "25296",
          "participantID": "4344",
          "utterance": "음, 따로 더 없는 것 같아요. 저도 이만 가봐야 할 것 같아요.",
          "summary": "나는 일정이 생겼다",
          "date": "2022-11-11",
          "time": "15:32:25",
          "terminate": "false"
        },
        {
          "speaker": "speaker2",
          "personaID": "42265",
          "participantID": "3458",
          "utterance": "좋은 이야기 나눠서 감사합니다 다시 이야기해요~",
          "summary": "",
          "date": "2022-11-11",
          "time": "15:52:12",
          "terminate": "true"
        }
      ],
      "sessionPersonaSummary": {
        "speaker1": [
          "나는 자녀가 없다",
          "나는 대화를 하면 자녀와의 사이가 좋아질 거라고 생각한다",
          "나는 아이의 일상을 듣고 공감하면 친밀감 형성이 된다고 생각한다",
          "나는 일정이 생겼다"
        ],
        "speaker2": [
          "나는 자녀 문제로 고민 중이다.",
          "나의 자녀는 사춘기다.",
          "나의 자녀는 중학생이다."
        ]
      },
      "prevAggregatedpersonaSummary": {
        "speaker1": [
          "나는 20대 남성이다",
          "나는 트럼펫 연주를 배우고 싶다",
          "나는 댄스스포츠부 동아리에 관심이 생겼다",
          "나는 일식을 정말 좋아한다. 나는 요즘 가끔 감사하다",
          "나는 최근에 가족과 연락을 하지 않아서 슬프다",
          "나는 바빠서 가족들과 자연스럽게 멀어진 느낌이다"
        ],
        "speaker2": [
          "나는 40대 여성이다.",
          "나는 전자기기를 수집하는 취미가 있다.",
          "나는 삼겹살을 좋아한다.",
          "나는 가족들과 화목하다.",
          "나는 자주 걷는다.",
          "나는 O형이다."
        ]
      }
    },
    {
      "prevSessionID": "4-00047-2",
      "prevTimeInfo": {
        "timeNum": "4",
        "timeUnit": "일"
      },
      "nthSession": "3",
      "numberOfUtterances": "14",
      "numberOfTurns": "7",
      "sessionID": "4-00047-3",
      "dialog": [
        {
          "speaker": "speaker1",
          "personaID": "25296",
          "participantID": "4344",
          "utterance": "나흘 만이네요, 잘 지내셨나요?",
          "summary": "나는 4일 만에 연락했다",
          "date": "2022-11-11",
          "time": "16:44:39",
          "terminate": "false"
        },
        {
          "speaker": "speaker2",
          "personaID": "42265",
          "participantID": "3458",
          "utterance": "네~ 지난번에 해주신 얘기 너무 감사했어요~",
          "summary": "",
          "date": "2022-11-11",
          "time": "16:50:53",
          "terminate": "false"
        },
        {
          "speaker": "speaker1",
          "personaID": "25296",
          "participantID": "4344",
          "utterance": "오, 자녀와는 좀 괜찮아지셨나요?",
          "summary": "",
          "date": "2022-11-11",
          "time": "17:04:47",
          "terminate": "false"
        },
        {
          "speaker": "speaker2",
          "personaID": "42265",
          "participantID": "3458",
          "utterance": "네! 요즘 나아지고 있는거 같아요 ㅎㅎ ",
          "summary": "",
          "date": "2022-11-11",
          "time": "17:29:48",
          "terminate": "false"
        },
        {
          "speaker": "speaker1",
          "personaID": "25296",
          "participantID": "4344",
          "utterance": "다행이네요. 결국 자녀들이 성장할수록, 부모님의 마음을 이해하게 될 거에요. 저도 그랬거든요!",
          "summary": "나는 자녀들이 성장할수록 부모님의 마음을 이해한다고 생각한다",
          "date": "2022-11-11",
          "time": "19:11:43",
          "terminate": "false"
        },
        {
          "speaker": "speaker2",
          "personaID": "42265",
          "participantID": "3458",
          "utterance": "감사해요 ㅠㅠ 어떻게 이해가 되시던가요~?",
          "summary": "",
          "date": "2022-11-12",
          "time": "18:18:49",
          "terminate": "false"
        },
        {
          "speaker": "speaker1",
          "personaID": "25296",
          "participantID": "4344",
          "utterance": "그냥 나이가 들다 보니, 감정적이기보다는 이성적으로 생각하게 되더라고요.",
          "summary": "나는 나이가 들면서 이성적으로 바뀐다",
          "date": "2022-11-13",
          "time": "13:01:47",
          "terminate": "false"
        },
        {
          "speaker": "speaker2",
          "personaID": "42265",
          "participantID": "3458",
          "utterance": "맞아요 감정적인것보다 가족의 마음을 이해하려면 이성적인 부분도 필요하죠",
          "summary": "나는 가족의 마음을 이해하는 데 이성적인 부분이 더욱 중요하다고 생각한다.",
          "date": "2022-11-13",
          "time": "22:11:03",
          "terminate": "false"
        },
        {
          "speaker": "speaker1",
          "personaID": "25296",
          "participantID": "4344",
          "utterance": "그러게요. 항상 감사하고 있어요. 자녀에게 많은 시간을 투자하시는 걸 추천드려요.",
          "summary": "나는 자녀에게 많은 시간을 투자하는 것을 추천한다",
          "date": "2022-11-13",
          "time": "23:26:04",
          "terminate": "false"
        },
        {
          "speaker": "speaker2",
          "personaID": "42265",
          "participantID": "3458",
          "utterance": "저도 개인 시간이 필요하다보니 자녀에게 소홀했나봐요ㅜㅜ",
          "summary": "나는 개인 시간을 중시한다.",
          "date": "2022-11-14",
          "time": "10:38:14",
          "terminate": "false"
        },
        {
          "speaker": "speaker1",
          "personaID": "25296",
          "participantID": "4344",
          "utterance": "어쩔 수 없죠. 그래도 가족이니까 이해할거에요.",
          "summary": "나는 가족끼리 이해가 가능하다고 생각한다",
          "date": "2022-11-14",
          "time": "21:02:07",
          "terminate": "false"
        },
        {
          "speaker": "speaker2",
          "personaID": "42265",
          "participantID": "3458",
          "utterance": "자녀에게 많은 시간을 지금은 투자를 못하지만 말씀해주신대로 시간을 갖도록 해야겠어요~",
          "summary": "",
          "date": "2022-11-15",
          "time": "09:01:40",
          "terminate": "false"
        },
        {
          "speaker": "speaker1",
          "personaID": "25296",
          "participantID": "4344",
          "utterance": "넵, 저도 이제 가봐야겠어요.",
          "summary": "",
          "date": "2022-11-15",
          "time": "14:30:47",
          "terminate": "false"
        },
        {
          "speaker": "speaker2",
          "personaID": "42265",
          "participantID": "3458",
          "utterance": "좋은 대화 너무 감사해요~ 나중에 또 대화해요",
          "summary": "",
          "date": "2022-11-15",
          "time": "14:41:03",
          "terminate": "true"
        }
      ],
      "sessionPersonaSummary": {
        "speaker1": [
          "나는 4일 만에 연락했다",
          "나는 자녀들이 성장할수록 부모님의 마음을 이해한다고 생각한다",
          "나는 나이가 들면서 이성적으로 바뀐다",
          "나는 자녀에게 많은 시간을 투자하는 것을 추천한다",
          "나는 가족끼리 이해가 가능하다고 생각한다"
        ],
        "speaker2": [
          "나는 가족의 마음을 이해하는 데 이성적인 부분이 더욱 중요하다고 생각한다.",
          "나는 개인 시간을 중시한다."
        ]
      },
      "prevAggregatedpersonaSummary": {
        "speaker1": [
          "나는 20대 남성이다",
          "나는 트럼펫 연주를 배우고 싶다",
          "나는 댄스스포츠부 동아리에 관심이 생겼다",
          "나는 일식을 정말 좋아한다. 나는 요즘 가끔 감사하다",
          "나는 최근에 가족과 연락을 하지 않아서 슬프다",
          "나는 바빠서 가족들과 자연스럽게 멀어진 느낌이다",
          "나는 자녀가 없다",
          "나는 대화를 하면 자녀와의 사이가 좋아질 거라고 생각한다",
          "나는 아이의 일상을 듣고 공감하면 친밀감 형성이 된다고 생각한다",
          "나는 일정이 생겼다"
        ],
        "speaker2": [
          "나는 40대 여성이다.",
          "나는 전자기기를 수집하는 취미가 있다.",
          "나는 삼겹살을 좋아한다.",
          "나는 가족들과 화목하다.",
          "나는 자주 걷는다.",
          "나는 O형이다.",
          "나는 자녀 문제로 고민 중이다.",
          "나의 자녀는 사춘기다.",
          "나의 자녀는 중학생이다."
        ]
      }
    },
    {
      "prevSessionID": "4-00047-3",
      "prevTimeInfo": {
        "timeNum": "5",
        "timeUnit": "주"
      },
      "nthSession": "4",
      "numberOfUtterances": "14",
      "numberOfTurns": "7",
      "sessionID": "4-00047-4",
      "dialog": [
        {
          "speaker": "speaker1",
          "personaID": "25296",
          "participantID": "4344",
          "utterance": "5주만이네요. 잘 지내셨나요?",
          "summary": "",
          "date": "2022-11-15",
          "time": "14:49:32",
          "terminate": "false"
        },
        {
          "speaker": "speaker2",
          "personaID": "42265",
          "participantID": "3458",
          "utterance": "네~ 잘지내셨나요~? 저는 별일은 없었어요~",
          "summary": "",
          "date": "2022-11-15",
          "time": "15:22:21",
          "terminate": "false"
        },
        {
          "speaker": "speaker1",
          "personaID": "25296",
          "participantID": "4344",
          "utterance": "다행이네요. 아이와는 많은 시간을 보내셨나요?",
          "summary": "",
          "date": "2022-11-15",
          "time": "15:51:34",
          "terminate": "false"
        },
        {
          "speaker": "speaker2",
          "personaID": "42265",
          "participantID": "3458",
          "utterance": "네 ~ 그때 말씀해주시고 나서 같이 산책도 하고 여행도 가려고 계획중이에요!",
          "summary": "나는 산책과 여행을 계획 중이다.",
          "date": "2022-11-15",
          "time": "15:57:05",
          "terminate": "false"
        },
        {
          "speaker": "speaker1",
          "personaID": "25296",
          "participantID": "4344",
          "utterance": "오, 부럽네요. 저는 바빠서 가족들과 여행 다닐 시간도 없네요. 어디로 가시려고요?",
          "summary": "나는 바빠서 가족들과 여행 다닐 시간이 없다",
          "date": "2022-11-15",
          "time": "15:57:44",
          "terminate": "false"
        },
        {
          "speaker": "speaker2",
          "personaID": "42265",
          "participantID": "3458",
          "utterance": "가족들과 여행가면 정말 좋은 추억을 남길 수 있어서 좋은거 같아요~저는 바닷가 근처로 가려구요~",
          "summary": "나는 바닷가 근처로 여행을 가려고 한다.",
          "date": "2022-11-15",
          "time": "15:58:51",
          "terminate": "false"
        },
        {
          "speaker": "speaker1",
          "personaID": "25296",
          "participantID": "4344",
          "utterance": "바닷가 근처, 좋네요. 사진도 많이 남겨두시면, 후에 좋은 추억이 될 거에요.",
          "summary": "나는 가족들과 사진을 많이 남겨두는 것을 추천한다",
          "date": "2022-11-15",
          "time": "16:49:12",
          "terminate": "false"
        },
        {
          "speaker": "speaker2",
          "personaID": "42265",
          "participantID": "3458",
          "utterance": "사진찍는거를 생각 못했는데! 카메라를 가족 여행에서 꼭 챙겨야겠어요~",
          "summary": "나는 여행을 갈 때 카메라를 챙기려고 한다.",
          "date": "2022-11-15",
          "time": "16:59:54",
          "terminate": "false"
        },
        {
          "speaker": "speaker1",
          "personaID": "25296",
          "participantID": "4344",
          "utterance": "꼭 챙겨가세요. 남는 게 사진뿐이라는 말도 있잖아요!",
          "summary": "나는 사진기를 가져가는 것을 추천한다",
          "date": "2022-11-15",
          "time": "17:55:54",
          "terminate": "false"
        },
        {
          "speaker": "speaker2",
          "personaID": "42265",
          "participantID": "3458",
          "utterance": "카메라에 맞는 삼각대도 구매해야겠어요 ㅎㅎ",
          "summary": "나는 삼각대를 구매하려고 한다.",
          "date": "2022-11-15",
          "time": "18:16:49",
          "terminate": "false"
        },
        {
          "speaker": "speaker1",
          "personaID": "25296",
          "participantID": "4344",
          "utterance": "오, 아이디어 좋으시네요. 저도 부모님 모시고 여행 다니고 싶네요.",
          "summary": "나는 부모님과 여행 가고 싶다",
          "date": "2022-11-15",
          "time": "23:30:21",
          "terminate": "false"
        },
        {
          "speaker": "speaker2",
          "personaID": "42265",
          "participantID": "3458",
          "utterance": "가족들과 여행은 일년에 몇번이 적당할까요?",
          "summary": "",
          "date": "2022-11-15",
          "time": "23:31:34",
          "terminate": "false"
        },
        {
          "speaker": "speaker1",
          "personaID": "25296",
          "participantID": "4344",
          "utterance": "저는 여유되면 자주 가는 것도 좋다고 생각해요! 자주 갈수록 돈독해지죠.",
          "summary": "",
          "date": "2022-11-15",
          "time": "23:33:05",
          "terminate": "false"
        },
        {
          "speaker": "speaker2",
          "personaID": "42265",
          "participantID": "3458",
          "utterance": "자주갈수있도록 자녀와 남편과 이야기해봐야겠네요~ 저는 이만 자러 가볼게요~다시 이야기 나눠요!",
          "summary": "",
          "date": "2022-11-16",
          "time": "09:40:37",
          "terminate": "true"
        }
      ],
      "sessionPersonaSummary": {
        "speaker1": [
          "나는 바빠서 가족들과 여행 다닐 시간이 없다",
          "나는 가족들과 사진을 많이 남겨두는 것을 추천한다",
          "나는 사진기를 가져가는 것을 추천한다",
          "나는 부모님과 여행 가고 싶다"
        ],
        "speaker2": [
          "나는 산책과 여행을 계획 중이다.",
          "나는 바닷가 근처로 여행을 가려고 한다.",
          "나는 여행을 갈 때 카메라를 챙기려고 한다.",
          "나는 삼각대를 구매하려고 한다."
        ]
      },
      "prevAggregatedpersonaSummary": {
        "speaker1": [
          "나는 20대 남성이다",
          "나는 트럼펫 연주를 배우고 싶다",
          "나는 댄스스포츠부 동아리에 관심이 생겼다",
          "나는 일식을 정말 좋아한다. 나는 요즘 가끔 감사하다",
          "나는 최근에 가족과 연락을 하지 않아서 슬프다",
          "나는 바빠서 가족들과 자연스럽게 멀어진 느낌이다",
          "나는 자녀가 없다",
          "나는 대화를 하면 자녀와의 사이가 좋아질 거라고 생각한다",
          "나는 아이의 일상을 듣고 공감하면 친밀감 형성이 된다고 생각한다",
          "나는 일정이 생겼다",
          "나는 4일 만에 연락했다",
          "나는 자녀들이 성장할수록 부모님의 마음을 이해한다고 생각한다",
          "나는 나이가 들면서 이성적으로 바뀐다",
          "나는 자녀에게 많은 시간을 투자하는 것을 추천한다",
          "나는 가족끼리 이해가 가능하다고 생각한다"
        ],
        "speaker2": [
          "나는 40대 여성이다.",
          "나는 전자기기를 수집하는 취미가 있다.",
          "나는 삼겹살을 좋아한다.",
          "나는 가족들과 화목하다.",
          "나는 자주 걷는다.",
          "나는 O형이다.",
          "나는 자녀 문제로 고민 중이다.",
          "나의 자녀는 사춘기다.",
          "나의 자녀는 중학생이다.",
          "나는 가족의 마음을 이해하는 데 이성적인 부분이 더욱 중요하다고 생각한다.",
          "나는 개인 시간을 중시한다."
        ]
      }
    }
  ]
}