{
  "FileInfo": {
    "filename": "K4-00115-CL11090-CP42325-08-08-S4.json",
    "sessionLevel": "4"
  },
  "participantsInfo": {
    "numberOfParticipants": "2",
    "speaker1": {
      "participantID": "0179",
      "gender": "여성",
      "age": "20대",
      "occupation": "기타",
      "bPlace": "부산/대구/울산/경상",
      "gPlace": "부산/대구/울산/경상",
      "rPlace": "부산/대구/울산/경상",
      "educationLevel": "고졸"
    },
    "speaker2": {
      "participantID": "0193",
      "gender": "여성",
      "age": "30대",
      "occupation": "전문직",
      "bPlace": "서울/경기/인천",
      "gPlace": "서울/경기/인천",
      "rPlace": "서울/경기/인천",
      "educationLevel": "대졸"
    }
  },
  "multisessionInfo": {
    "multisessionID": "4-00115"
  },
  "personaInfo": {
    "clInfo": {
      "personaID": "11090",
      "personaFeatures": [
        "나는 여자이다.",
        "나는 10대이다.",
        "나의 생일은 11월이다",
        "나는 전기전자과에 진학하고 싶다",
        "나는 자기계발서를 가끔 읽는다"
      ],
      "speakerType": "speaker1"
    },
    "cpInfo": {
      "personaID": "42325",
      "personaFeatures": [
        "나는 여자이다.",
        "나는 40대이다.",
        "나는 혈액형이 A형이다",
        "나는 일본어 공부를 좋아한다",
        "나는 동물을 좋아한다"
      ],
      "speakerType": "speaker2"
    }
  },
  "topicInfo": {
    "topicID": "08-08",
    "topicType": "개인 및 관계>연애/결혼",
    "topicTitle": "이상형"
  },
  "sessionInfo": [
    {
      "prevSessionID": null,
      "prevTimeInfo": {
        "timeNum": null,
        "timeUnit": null
      },
      "nthSession": "1",
      "numberOfUtterances": "15",
      "numberOfTurns": "7",
      "sessionID": "4-00115-1",
      "dialog": [
        {
          "speaker": "speaker1",
          "personaID": "11090",
          "participantID": "0179",
          "utterance": "반갑습니다. 저는 11월이 생일인 10대 여성입니다~!",
          "summary": "나는 11월생이다. 나는 10대 여자이다.",
          "date": "2022-11-03",
          "time": "10:17:51",
          "terminate": "false"
        },
        {
          "speaker": "speaker2",
          "personaID": "42325",
          "participantID": "0193",
          "utterance": "반갑습니다~ 저는 A형 40대 여자입니다!",
          "summary": "나는 40대 여자이다, 나는 A형이다",
          "date": "2022-11-03",
          "time": "10:18:10",
          "terminate": "false"
        },
        {
          "speaker": "speaker1",
          "personaID": "11090",
          "participantID": "0179",
          "utterance": "저도 A형이예요~!  혈액형이 같아서 반갑네요~!",
          "summary": "나는 에이형이다.",
          "date": "2022-11-03",
          "time": "10:18:41",
          "terminate": "false"
        },
        {
          "speaker": "speaker2",
          "personaID": "42325",
          "participantID": "0193",
          "utterance": "그렇군요^^ 그럼 혹시 동물도 좋아하세요? 저느 동물 좋아하거든요~",
          "summary": "나는 동물을 좋아한다",
          "date": "2022-11-03",
          "time": "10:19:02",
          "terminate": "false"
        },
        {
          "speaker": "speaker1",
          "personaID": "11090",
          "participantID": "0179",
          "utterance": "네~! 저는 특히 강아지와 고양이를 좋아해요~!",
          "summary": "나는 강아지와 고양이를 좋아한다.",
          "date": "2022-11-03",
          "time": "10:19:45",
          "terminate": "false"
        },
        {
          "speaker": "speaker2",
          "personaID": "42325",
          "participantID": "0193",
          "utterance": "오! 저도 강아지 좋아해요! 강아지 나 고양이 키우시나요?",
          "summary": "나는 강아지를 좋아한다",
          "date": "2022-11-03",
          "time": "10:20:49",
          "terminate": "false"
        },
        {
          "speaker": "speaker1",
          "personaID": "11090",
          "participantID": "0179",
          "utterance": "부모님이 허락을 안해서 못키워요ㅜ",
          "summary": "",
          "date": "2022-11-03",
          "time": "10:21:17",
          "terminate": "false"
        },
        {
          "speaker": "speaker2",
          "personaID": "42325",
          "participantID": "0193",
          "utterance": "아이고... 그렇군요 ㅠㅠ 선생님 혹시 어학에 관심있어용?",
          "summary": "",
          "date": "2022-11-03",
          "time": "10:21:50",
          "terminate": "false"
        },
        {
          "speaker": "speaker1",
          "personaID": "11090",
          "participantID": "0179",
          "utterance": "아니요ㅜ 어학은 관심이 없네요ㅜ 전 전기쪽에 관심있어서  대학가면 전기전자과를 진학하고싶어요. 혹시 어떤 어학에 관심있나요?",
          "summary": "나는 어학에 관심이 없다 나는 전기 쪽에 관심이 있어 전기전자과를 진학하고 싶다.",
          "date": "2022-11-03",
          "time": "10:23:16",
          "terminate": "false"
        },
        {
          "speaker": "speaker2",
          "personaID": "42325",
          "participantID": "0193",
          "utterance": "그렇군요~~ 네! 저는 일본어 공부하는 걸 좋아해서 요즘 푹 빠졌거든요!",
          "summary": "나는 일본어 공부하는 걸 좋아한다",
          "date": "2022-11-03",
          "time": "10:23:51",
          "terminate": "false"
        },
        {
          "speaker": "speaker1",
          "personaID": "11090",
          "participantID": "0179",
          "utterance": "저는 일본어는 기본만 알고있머요~!하지메마시데 왓다시와 칸코쿠 데스!",
          "summary": "나는 일본어는 기본만 알고 있다.",
          "date": "2022-11-03",
          "time": "10:24:52",
          "terminate": "false"
        },
        {
          "speaker": "speaker2",
          "personaID": "42325",
          "participantID": "0193",
          "utterance": "스고이~~~ ㅋㅋㅋ 잘하시네요^^ 하하하",
          "summary": "",
          "date": "2022-11-03",
          "time": "10:26:44",
          "terminate": "false"
        },
        {
          "speaker": "speaker1",
          "personaID": "11090",
          "participantID": "0179",
          "utterance": "ㅋㅋ 아는거 별로없어요ㅋㅋ 그냥 생각나는걸 해봤네요.",
          "summary": "",
          "date": "2022-11-03",
          "time": "10:28:27",
          "terminate": "false"
        },
        {
          "speaker": "speaker2",
          "personaID": "42325",
          "participantID": "0193",
          "utterance": "하하하 그렇군요^^ 저 근데 잠시 볼일좀 보고 올게요!",
          "summary": "나는 볼일 보러 간다",
          "date": "2022-11-03",
          "time": "10:28:42",
          "terminate": "false"
        },
        {
          "speaker": "speaker1",
          "personaID": "11090",
          "participantID": "0179",
          "utterance": "네~! 그럼 볼일 보시고 다음에 연락주세요~!",
          "summary": "",
          "date": "2022-11-03",
          "time": "10:29:15",
          "terminate": "true"
        }
      ],
      "sessionPersonaSummary": {
        "speaker1": [
          "나는 11월생이다. 나는 10대 여자이다.",
          "나는 에이형이다.",
          "나는 강아지와 고양이를 좋아한다.",
          "나는 어학에 관심이 없다 나는 전기 쪽에 관심이 있어 전기전자과를 진학하고 싶다.",
          "나는 일본어는 기본만 알고 있다."
        ],
        "speaker2": [
          "나는 40대 여자이다, 나는 A형이다",
          "나는 동물을 좋아한다",
          "나는 강아지를 좋아한다",
          "나는 일본어 공부하는 걸 좋아한다",
          "나는 볼일 보러 간다"
        ]
      },
      "prevAggregatedpersonaSummary": {
        "speaker1": [],
        "speaker2": []
      }
    },
    {
      "prevSessionID": "4-00115-1",
      "prevTimeInfo": {
        "timeNum": "5",
        "timeUnit": "주"
      },
      "nthSession": "2",
      "numberOfUtterances": "15",
      "numberOfTurns": "7",
      "sessionID": "4-00115-2",
      "dialog": [
        {
          "speaker": "speaker1",
          "personaID": "11090",
          "participantID": "0179",
          "utterance": "5주가 지났네요~! A형이라고 했는데 혹시 이상형으로도 혈액형을 따지나요?",
          "summary": "",
          "date": "2022-11-03",
          "time": "10:31:51",
          "terminate": "false"
        },
        {
          "speaker": "speaker2",
          "personaID": "42325",
          "participantID": "0193",
          "utterance": "그러게요~ ㅎㅎ 아니요! 저는 저만에 이상형이 있어요^^",
          "summary": "나는 나만의 이상형이 있다",
          "date": "2022-11-03",
          "time": "10:32:05",
          "terminate": "false"
        },
        {
          "speaker": "speaker1",
          "personaID": "11090",
          "participantID": "0179",
          "utterance": "이상형이 어떤건지 궁금해지네요~!",
          "summary": "",
          "date": "2022-11-03",
          "time": "10:33:11",
          "terminate": "false"
        },
        {
          "speaker": "speaker2",
          "personaID": "42325",
          "participantID": "0193",
          "utterance": "저는 @이름@같은 남자를 좋아해요~^^ 음.. 이렇게 보니 저 외모 따지네요?",
          "summary": "나는 @이름@ 같은 남자가 좋다",
          "date": "2022-11-03",
          "time": "10:33:45",
          "terminate": "false"
        },
        {
          "speaker": "speaker1",
          "personaID": "11090",
          "participantID": "0179",
          "utterance": "ㅋㅋ 저는 연애인으로 따지자면 강동원이요. 외모도 준수하지만. 가치관이 멋있더라고요~!",
          "summary": "나는 강동원이 이상형이다.",
          "date": "2022-11-03",
          "time": "10:34:43",
          "terminate": "false"
        },
        {
          "speaker": "speaker2",
          "personaID": "42325",
          "participantID": "0193",
          "utterance": "하하하 그럻군요^^ 맞아요! 가치관을 봐야해요! 정말 어른스러운 성격이시네요? 연애는 하세여?",
          "summary": "",
          "date": "2022-11-03",
          "time": "10:35:22",
          "terminate": "false"
        },
        {
          "speaker": "speaker1",
          "personaID": "11090",
          "participantID": "0179",
          "utterance": "네 제가 자기계발서를 가끔 읽는데 저에게 좋은 자기계발서를 선물해준 남친이 이상형이랍니다~! ",
          "summary": "나는 자기 계발서를 가끔 읽는다.",
          "date": "2022-11-03",
          "time": "10:36:31",
          "terminate": "false"
        },
        {
          "speaker": "speaker2",
          "personaID": "42325",
          "participantID": "0193",
          "utterance": "아고고 그렇군요^^ 책도 읽으세요? 정말 대단한데요?",
          "summary": "",
          "date": "2022-11-03",
          "time": "10:37:19",
          "terminate": "false"
        },
        {
          "speaker": "speaker1",
          "personaID": "11090",
          "participantID": "0179",
          "utterance": "네! 자기계발서는 인생의 지침서같아요~!  깨닫게  해주는 글들이 많더라고요~!",
          "summary": "",
          "date": "2022-11-03",
          "time": "10:38:17",
          "terminate": "false"
        },
        {
          "speaker": "speaker2",
          "personaID": "42325",
          "participantID": "0193",
          "utterance": "그렇군요^^ 혹시 그럼 이상형도 지적인 사람인가요?",
          "summary": "",
          "date": "2022-11-03",
          "time": "10:38:50",
          "terminate": "false"
        },
        {
          "speaker": "speaker1",
          "personaID": "11090",
          "participantID": "0179",
          "utterance": "네 지적이고 가치관이 멋있는 강동원이요~!ㅋㅋ",
          "summary": "나는 지적이고 가치관 멋있는 강동원이 이상형이다.",
          "date": "2022-11-03",
          "time": "10:39:17",
          "terminate": "false"
        },
        {
          "speaker": "speaker2",
          "personaID": "42325",
          "participantID": "0193",
          "utterance": "그러게요^^ 지적이고 가치관멋진  얼굴잘생긴 사람이군요? 하하하 강동원은 얼굴도 멋지잖아요! ",
          "summary": "",
          "date": "2022-11-03",
          "time": "10:40:12",
          "terminate": "false"
        },
        {
          "speaker": "speaker1",
          "personaID": "11090",
          "participantID": "0179",
          "utterance": "맞아요ㅋㅋ 남자친구는 강동원은 안닮았지만 잘생기고 이상형에 맞는 사람이예요~!",
          "summary": "",
          "date": "2022-11-03",
          "time": "10:40:56",
          "terminate": "false"
        },
        {
          "speaker": "speaker2",
          "personaID": "42325",
          "participantID": "0193",
          "utterance": "선생님 눈이 정말 높네요^^ 저 이제 장보러 가야하는데 나중에 연락드려도 될까요?",
          "summary": "나는 장 보러 간다",
          "date": "2022-11-03",
          "time": "10:41:21",
          "terminate": "false"
        },
        {
          "speaker": "speaker1",
          "personaID": "11090",
          "participantID": "0179",
          "utterance": "ㅋㅋ 그렇네요~! 그래도 이상형을 만나서 좋네요. 그럼 장보시고오세요",
          "summary": "",
          "date": "2022-11-03",
          "time": "10:42:04",
          "terminate": "true"
        }
      ],
      "sessionPersonaSummary": {
        "speaker1": [
          "나는 강동원이 이상형이다.",
          "나는 자기 계발서를 가끔 읽는다.",
          "나는 지적이고 가치관 멋있는 강동원이 이상형이다."
        ],
        "speaker2": [
          "나는 나만의 이상형이 있다",
          "나는 @이름@ 같은 남자가 좋다",
          "나는 장 보러 간다"
        ]
      },
      "prevAggregatedpersonaSummary": {
        "speaker1": [
          "나는 11월생이다. 나는 10대 여자이다.",
          "나는 에이형이다.",
          "나는 강아지와 고양이를 좋아한다.",
          "나는 어학에 관심이 없다 나는 전기 쪽에 관심이 있어 전기전자과를 진학하고 싶다.",
          "나는 일본어는 기본만 알고 있다."
        ],
        "speaker2": [
          "나는 40대 여자이다, 나는 A형이다",
          "나는 동물을 좋아한다",
          "나는 강아지를 좋아한다",
          "나는 일본어 공부하는 걸 좋아한다",
          "나는 볼일 보러 간다"
        ]
      }
    },
    {
      "prevSessionID": "4-00115-2",
      "prevTimeInfo": {
        "timeNum": "44",
        "timeUnit": "시간"
      },
      "nthSession": "3",
      "numberOfUtterances": "15",
      "numberOfTurns": "7",
      "sessionID": "4-00115-3",
      "dialog": [
        {
          "speaker": "speaker1",
          "personaID": "11090",
          "participantID": "0179",
          "utterance": "44시간이 지났네요! 저번에 장은 잘 보셨나요?",
          "summary": "",
          "date": "2022-11-03",
          "time": "10:44:11",
          "terminate": "false"
        },
        {
          "speaker": "speaker2",
          "personaID": "42325",
          "participantID": "0193",
          "utterance": "네~~~~ 2일만에 연락을주셨네요~^^",
          "summary": "",
          "date": "2022-11-03",
          "time": "10:45:20",
          "terminate": "false"
        },
        {
          "speaker": "speaker1",
          "personaID": "11090",
          "participantID": "0179",
          "utterance": "네~!이틀동안 잘 지내셨나요?",
          "summary": "",
          "date": "2022-11-03",
          "time": "10:45:43",
          "terminate": "false"
        },
        {
          "speaker": "speaker2",
          "personaID": "42325",
          "participantID": "0193",
          "utterance": "그럼요^^ 저 근데 이상형이 바꼈잖아요!",
          "summary": "나는 이상형이 바뀌었다",
          "date": "2022-11-03",
          "time": "10:46:00",
          "terminate": "false"
        },
        {
          "speaker": "speaker1",
          "personaID": "11090",
          "participantID": "0179",
          "utterance": "헌 이틀만에요? 어떻게 바뀐건가요?",
          "summary": "",
          "date": "2022-11-03",
          "time": "10:46:42",
          "terminate": "false"
        },
        {
          "speaker": "speaker2",
          "personaID": "42325",
          "participantID": "0193",
          "utterance": "영화보다가 바껴버렸어요 ㅠㅠ 하... 이렇게 한순간에 바뀌다니",
          "summary": "나는 영화 보다가 바뀌었다",
          "date": "2022-11-03",
          "time": "10:48:38",
          "terminate": "false"
        },
        {
          "speaker": "speaker1",
          "personaID": "11090",
          "participantID": "0179",
          "utterance": "ㅋㅋ 지금은 누구로 바뀌셨나요?",
          "summary": "",
          "date": "2022-11-03",
          "time": "10:48:56",
          "terminate": "false"
        },
        {
          "speaker": "speaker2",
          "personaID": "42325",
          "participantID": "0193",
          "utterance": "지금은 누굴지 한번 마춰보세요!",
          "summary": "",
          "date": "2022-11-03",
          "time": "10:49:43",
          "terminate": "false"
        },
        {
          "speaker": "speaker1",
          "personaID": "11090",
          "participantID": "0179",
          "utterance": "@이름@맞죠? 아닌가ㅋㅋ @이름@도 괜찮더라고요.",
          "summary": "",
          "date": "2022-11-03",
          "time": "10:50:37",
          "terminate": "false"
        },
        {
          "speaker": "speaker2",
          "personaID": "42325",
          "participantID": "0193",
          "utterance": "헐.. 진짜 맞추셨어요.. 어떻게 아셨어요?",
          "summary": "",
          "date": "2022-11-03",
          "time": "10:55:50",
          "terminate": "false"
        },
        {
          "speaker": "speaker1",
          "personaID": "11090",
          "participantID": "0179",
          "utterance": "정말요?ㅋㅋ 신기하네요~! 어떤 영화보고 좋아지셨어요?저는 나의 해방일지보고 괜찮더라고요.",
          "summary": "",
          "date": "2022-11-03",
          "time": "10:56:54",
          "terminate": "false"
        },
        {
          "speaker": "speaker2",
          "personaID": "42325",
          "participantID": "0193",
          "utterance": "하하하 저도 그거 보고 좋아하게됬잖아요^^",
          "summary": "",
          "date": "2022-11-03",
          "time": "10:58:33",
          "terminate": "false"
        },
        {
          "speaker": "speaker1",
          "personaID": "11090",
          "participantID": "0179",
          "utterance": "그랬군요~!츤대레 캐릭터가 좋더라고요ㅋㅋ 근데 구씨가 그런사람일줄은 몰랐네요ㅋㅋ",
          "summary": "",
          "date": "2022-11-03",
          "time": "10:59:32",
          "terminate": "false"
        },
        {
          "speaker": "speaker2",
          "personaID": "42325",
          "participantID": "0193",
          "utterance": "그렇군요~ ㅎㅎ 저  좀만 마저 보고 올게요 ㅠㅠ 손석구님 홀릭홀릭",
          "summary": "",
          "date": "2022-11-03",
          "time": "11:00:36",
          "terminate": "false"
        },
        {
          "speaker": "speaker1",
          "personaID": "11090",
          "participantID": "0179",
          "utterance": "ㅋㅋ 네 갔다오세요~! 그럼 나중에 연락할게요~!",
          "summary": "",
          "date": "2022-11-03",
          "time": "11:01:19",
          "terminate": "true"
        }
      ],
      "sessionPersonaSummary": {
        "speaker1": [],
        "speaker2": [
          "나는 이상형이 바뀌었다",
          "나는 영화 보다가 바뀌었다"
        ]
      },
      "prevAggregatedpersonaSummary": {
        "speaker1": [
          "나는 11월생이다. 나는 10대 여자이다.",
          "나는 에이형이다.",
          "나는 강아지와 고양이를 좋아한다.",
          "나는 어학에 관심이 없다 나는 전기 쪽에 관심이 있어 전기전자과를 진학하고 싶다.",
          "나는 일본어는 기본만 알고 있다.",
          "나는 강동원이 이상형이다.",
          "나는 자기 계발서를 가끔 읽는다.",
          "나는 지적이고 가치관 멋있는 강동원이 이상형이다."
        ],
        "speaker2": [
          "나는 40대 여자이다, 나는 A형이다",
          "나는 동물을 좋아한다",
          "나는 강아지를 좋아한다",
          "나는 일본어 공부하는 걸 좋아한다",
          "나는 볼일 보러 간다",
          "나는 나만의 이상형이 있다",
          "나는 @이름@ 같은 남자가 좋다",
          "나는 장 보러 간다"
        ]
      }
    },
    {
      "prevSessionID": "4-00115-3",
      "prevTimeInfo": {
        "timeNum": "8",
        "timeUnit": "시간"
      },
      "nthSession": "4",
      "numberOfUtterances": "15",
      "numberOfTurns": "7",
      "sessionID": "4-00115-4",
      "dialog": [
        {
          "speaker": "speaker1",
          "personaID": "11090",
          "participantID": "0179",
          "utterance": "8시간이 지났네요~! 또 이상형 바뀌신건 아니죠?",
          "summary": "",
          "date": "2022-11-03",
          "time": "11:03:37",
          "terminate": "false"
        },
        {
          "speaker": "speaker2",
          "personaID": "42325",
          "participantID": "0193",
          "utterance": "하하하 아니에요~ 아직은 @이름@ 러버네요^^",
          "summary": "",
          "date": "2022-11-03",
          "time": "11:04:39",
          "terminate": "false"
        },
        {
          "speaker": "speaker1",
          "personaID": "11090",
          "participantID": "0179",
          "utterance": "ㅋㅋ 그렇군요~!  지금은 뭐하시고 있었어요?",
          "summary": "",
          "date": "2022-11-03",
          "time": "11:05:02",
          "terminate": "false"
        },
        {
          "speaker": "speaker2",
          "personaID": "42325",
          "participantID": "0193",
          "utterance": "지금은 오랜만에 요리를 해주려고요^^",
          "summary": "",
          "date": "2022-11-03",
          "time": "11:06:02",
          "terminate": "false"
        },
        {
          "speaker": "speaker1",
          "personaID": "11090",
          "participantID": "0179",
          "utterance": "우와 요리를  잘하시나봐요? 어떤 요리를 하세요?",
          "summary": "",
          "date": "2022-11-03",
          "time": "11:06:32",
          "terminate": "false"
        },
        {
          "speaker": "speaker2",
          "personaID": "42325",
          "participantID": "0193",
          "utterance": "저는 오늘 카레를 만들어보려고해요~^^ 요리하는걸 좋아하거든요.",
          "summary": "나는 오늘 카레를 만들 거다, 나는 요리하는 걸 좋아한다",
          "date": "2022-11-03",
          "time": "11:07:49",
          "terminate": "false"
        },
        {
          "speaker": "speaker1",
          "personaID": "11090",
          "participantID": "0179",
          "utterance": "카레 맛있겠어요~! 그럼 카레가루는 어떤거 쓰시게요?",
          "summary": "",
          "date": "2022-11-03",
          "time": "11:08:55",
          "terminate": "false"
        },
        {
          "speaker": "speaker2",
          "personaID": "42325",
          "participantID": "0193",
          "utterance": "저는 일본 고체 카레랑 국산 국내 카루를 혼용해서 써요~",
          "summary": "",
          "date": "2022-11-03",
          "time": "11:09:10",
          "terminate": "false"
        },
        {
          "speaker": "speaker1",
          "personaID": "11090",
          "participantID": "0179",
          "utterance": "우와ㅋㅋ 어떤맛일지 궁금하네요~!",
          "summary": "",
          "date": "2022-11-03",
          "time": "11:09:30",
          "terminate": "false"
        },
        {
          "speaker": "speaker2",
          "personaID": "42325",
          "participantID": "0193",
          "utterance": "그냥 보통 맛인데 저는 카레 만들때 우유를 조금 넣어요!",
          "summary": "나는 카레 만들 때 우유를 조금 넣는다",
          "date": "2022-11-03",
          "time": "11:10:03",
          "terminate": "false"
        },
        {
          "speaker": "speaker1",
          "personaID": "11090",
          "participantID": "0179",
          "utterance": "말하시는걸 보니 요리를 잘하실것같네요~!",
          "summary": "",
          "date": "2022-11-03",
          "time": "11:10:36",
          "terminate": "false"
        },
        {
          "speaker": "speaker2",
          "personaID": "42325",
          "participantID": "0193",
          "utterance": "하하하 요리하는걸 좋아해요~ 선생님은요?",
          "summary": "",
          "date": "2022-11-03",
          "time": "11:11:00",
          "terminate": "false"
        },
        {
          "speaker": "speaker1",
          "personaID": "11090",
          "participantID": "0179",
          "utterance": "ㅋㅋ 요리는 좋아만합니다. 해도 늘지가 않아요ㅋㅋ",
          "summary": "나는 요리를 좋아하지만 늘지 않는다.",
          "date": "2022-11-03",
          "time": "11:11:46",
          "terminate": "false"
        },
        {
          "speaker": "speaker2",
          "personaID": "42325",
          "participantID": "0193",
          "utterance": "하하하 근데 요리는 정말 조금씩 느는것같아요~ 저 그럼 요리좀 하고 다시 연락드릴게요^^",
          "summary": "나는 요리하러 간다~!",
          "date": "2022-11-03",
          "time": "11:12:50",
          "terminate": "false"
        },
        {
          "speaker": "speaker1",
          "personaID": "11090",
          "participantID": "0179",
          "utterance": "네 그럼 요리다하고 연락주세요~!",
          "summary": "",
          "date": "2022-11-03",
          "time": "11:15:23",
          "terminate": "true"
        }
      ],
      "sessionPersonaSummary": {
        "speaker1": [
          "나는 요리를 좋아하지만 늘지 않는다."
        ],
        "speaker2": [
          "나는 오늘 카레를 만들 거다, 나는 요리하는 걸 좋아한다",
          "나는 카레 만들 때 우유를 조금 넣는다",
          "나는 요리하러 간다~!"
        ]
      },
      "prevAggregatedpersonaSummary": {
        "speaker1": [
          "나는 11월생이다. 나는 10대 여자이다.",
          "나는 에이형이다.",
          "나는 강아지와 고양이를 좋아한다.",
          "나는 어학에 관심이 없다 나는 전기 쪽에 관심이 있어 전기전자과를 진학하고 싶다.",
          "나는 일본어는 기본만 알고 있다.",
          "나는 강동원이 이상형이다.",
          "나는 자기 계발서를 가끔 읽는다.",
          "나는 지적이고 가치관 멋있는 강동원이 이상형이다."
        ],
        "speaker2": [
          "나는 40대 여자이다, 나는 A형이다",
          "나는 동물을 좋아한다",
          "나는 강아지를 좋아한다",
          "나는 일본어 공부하는 걸 좋아한다",
          "나는 볼일 보러 간다",
          "나는 나만의 이상형이 있다",
          "나는 @이름@ 같은 남자가 좋다",
          "나는 장 보러 간다",
          "나는 이상형이 바뀌었다",
          "나는 영화 보다가 바뀌었다"
        ]
      }
    }
  ]
}