{
  "FileInfo": {
    "filename": "K4-00106-CL94995-CP94413-12-02-S4.json",
    "sessionLevel": "4"
  },
  "participantsInfo": {
    "numberOfParticipants": "2",
    "speaker1": {
      "participantID": "31347",
      "gender": "여성",
      "age": "50대",
      "occupation": "사무직",
      "bPlace": "대전/세종/충청/강원",
      "gPlace": "대전/세종/충청/강원",
      "rPlace": "대전/세종/충청/강원",
      "educationLevel": "대졸"
    },
    "speaker2": {
      "participantID": "30294",
      "gender": "남성",
      "age": "50대",
      "occupation": "기능직",
      "bPlace": "서울/경기/인천",
      "gPlace": "서울/경기/인천",
      "rPlace": "서울/경기/인천",
      "educationLevel": "고졸"
    }
  },
  "multisessionInfo": {
    "multisessionID": "4-00106"
  },
  "personaInfo": {
    "clInfo": {
      "personaID": "94995",
      "personaFeatures": [
        "나는 여자이다.",
        "나는 50대이다.",
        "나는 비 오는 날씨를 좋아한다.",
        "나의 생일은 5월이다.",
        "나는 눈치가 없는 편이다.",
        "나는 짬뽕을 즐겨 먹는다.",
        "나는 혈액형이 A형이다."
      ],
      "speakerType": "speaker1"
    },
    "cpInfo": {
      "personaID": "94413",
      "personaFeatures": [
        "나는 남자이다.",
        "나는 50대이다.",
        "나는 겨울을 좋아한다.",
        "나는 러시아에 가봤다.",
        "나는 소설을 꾸준히 읽는다.",
        "나는 복숭아를 싫어한다.",
        "나는 혈액형이 AB형이다."
      ],
      "speakerType": "speaker2"
    }
  },
  "topicInfo": {
    "topicID": "12-02",
    "topicType": "여가와 오락>여행",
    "topicTitle": "여행지"
  },
  "sessionInfo": [
    {
      "prevSessionID": null,
      "prevTimeInfo": {
        "timeNum": null,
        "timeUnit": null
      },
      "nthSession": "1",
      "numberOfUtterances": "14",
      "numberOfTurns": "7",
      "sessionID": "4-00106-1",
      "dialog": [
        {
          "speaker": "speaker1",
          "personaID": "94995",
          "participantID": "31347",
          "utterance": "처음 봐요. 저는 50대 여자인데. 그쪽은요?",
          "summary": "나는 50대 여성이다.",
          "date": "2022-11-24",
          "time": "23:08:15",
          "terminate": "false"
        },
        {
          "speaker": "speaker2",
          "personaID": "94413",
          "participantID": "30294",
          "utterance": "반가워요. 저는 50대 남자입니다. 잘 부탁해요.",
          "summary": "나는 50대 남성이다.",
          "date": "2022-11-24",
          "time": "23:08:38",
          "terminate": "false"
        },
        {
          "speaker": "speaker1",
          "personaID": "94995",
          "participantID": "31347",
          "utterance": "그래요 ㅎㅎ. 그러면 어떤거 좋아하는거 있어요?",
          "summary": "",
          "date": "2022-11-24",
          "time": "23:08:41",
          "terminate": "false"
        },
        {
          "speaker": "speaker2",
          "personaID": "94413",
          "participantID": "30294",
          "utterance": "저는 소설을 좋아해서 꾸준히 읽습니다.",
          "summary": "나는 소설을 꾸준히 읽는다.",
          "date": "2022-11-24",
          "time": "23:09:00",
          "terminate": "false"
        },
        {
          "speaker": "speaker1",
          "personaID": "94995",
          "participantID": "31347",
          "utterance": "그러시구나. 저도 A형이라 그런 감성적인거 좋아하는데 ㅎㅎ.",
          "summary": "나는 혈액형이 A형이다.",
          "date": "2022-11-24",
          "time": "23:09:29",
          "terminate": "false"
        },
        {
          "speaker": "speaker2",
          "personaID": "94413",
          "participantID": "30294",
          "utterance": "저는 AB형인데. 꼭 혈액형 따라 가는건 아닌거 같네요..ㅎㅎ.",
          "summary": "",
          "date": "2022-11-24",
          "time": "23:10:32",
          "terminate": "false"
        },
        {
          "speaker": "speaker1",
          "personaID": "94995",
          "participantID": "31347",
          "utterance": "그런가요? ㅎㅎ 그러면 요즘은 회사 다니시나요?",
          "summary": "",
          "date": "2022-11-24",
          "time": "23:10:36",
          "terminate": "false"
        },
        {
          "speaker": "speaker2",
          "personaID": "94413",
          "participantID": "30294",
          "utterance": "아뇨~ 저는 은퇴해서 이제는 여행 다니면서 놀아요.",
          "summary": "나는 은퇴했다.",
          "date": "2022-11-24",
          "time": "23:11:02",
          "terminate": "false"
        },
        {
          "speaker": "speaker1",
          "personaID": "94995",
          "participantID": "31347",
          "utterance": "저는 눈치가 없어서 사회생활은 힘들던데. 대단하시네요.",
          "summary": "나는 눈치가 없는 편이다.",
          "date": "2022-11-24",
          "time": "23:11:15",
          "terminate": "false"
        },
        {
          "speaker": "speaker2",
          "personaID": "94413",
          "participantID": "30294",
          "utterance": "그냥 다니다보니 그런거 같아요.ㅎ 제가 좀 우직한면이 있어서요.",
          "summary": "나는 우직하다.",
          "date": "2022-11-24",
          "time": "23:11:56",
          "terminate": "false"
        },
        {
          "speaker": "speaker1",
          "personaID": "94995",
          "participantID": "31347",
          "utterance": "그러면 요즘은 슬슬 추워지는데 이런 날도 여행가요?",
          "summary": "",
          "date": "2022-11-24",
          "time": "23:12:05",
          "terminate": "false"
        },
        {
          "speaker": "speaker2",
          "personaID": "94413",
          "participantID": "30294",
          "utterance": "제가 겨울을 좋아해서 여기저기 잘 돌아다녀요.ㅎ 러시아도 가봤을 정도인걸요.",
          "summary": "나는 겨울을 좋아한다. 나는 러시아에 가봤다.",
          "date": "2022-11-24",
          "time": "23:12:33",
          "terminate": "false"
        },
        {
          "speaker": "speaker1",
          "personaID": "94995",
          "participantID": "31347",
          "utterance": "그렇구나. 저는 추운건 별로고 비오는때가 좋은데 ㅎㅎ... 다음에 봐요.",
          "summary": "나는 비 오는 날씨를 좋아한다.",
          "date": "2022-11-24",
          "time": "23:12:41",
          "terminate": "false"
        },
        {
          "speaker": "speaker2",
          "personaID": "94413",
          "participantID": "30294",
          "utterance": "그러시구나. 특이하시네.ㅋㅋ 그럼 다음에 또 봐요.",
          "summary": "",
          "date": "2022-11-24",
          "time": "23:13:03",
          "terminate": "true"
        }
      ],
      "sessionPersonaSummary": {
        "speaker1": [
          "나는 50대 여성이다.",
          "나는 혈액형이 A형이다.",
          "나는 눈치가 없는 편이다.",
          "나는 비 오는 날씨를 좋아한다."
        ],
        "speaker2": [
          "나는 50대 남성이다.",
          "나는 소설을 꾸준히 읽는다.",
          "나는 은퇴했다.",
          "나는 우직하다.",
          "나는 겨울을 좋아한다. 나는 러시아에 가봤다."
        ]
      },
      "prevAggregatedpersonaSummary": {
        "speaker1": [],
        "speaker2": []
      }
    },
    {
      "prevSessionID": "4-00106-1",
      "prevTimeInfo": {
        "timeNum": "2",
        "timeUnit": "일"
      },
      "nthSession": "2",
      "numberOfUtterances": "14",
      "numberOfTurns": "7",
      "sessionID": "4-00106-2",
      "dialog": [
        {
          "speaker": "speaker1",
          "personaID": "94995",
          "participantID": "31347",
          "utterance": "이틀만이에요. 요즘도 잘 놀러가고 그러시나요?",
          "summary": "",
          "date": "2022-11-24",
          "time": "23:13:06",
          "terminate": "false"
        },
        {
          "speaker": "speaker2",
          "personaID": "94413",
          "participantID": "30294",
          "utterance": "반가워요. 저야 뭐 여행 다니면서 돌아다니는게 일이죠 이제는.",
          "summary": "",
          "date": "2022-11-24",
          "time": "23:13:40",
          "terminate": "false"
        },
        {
          "speaker": "speaker1",
          "personaID": "94995",
          "participantID": "31347",
          "utterance": "요즘은 그러면 어디를 다니시고 그러시나 ㅎㅎ?",
          "summary": "",
          "date": "2022-11-24",
          "time": "23:13:45",
          "terminate": "false"
        },
        {
          "speaker": "speaker2",
          "personaID": "94413",
          "participantID": "30294",
          "utterance": "이번에는 일본에 가보려구 알아보고 있어요.",
          "summary": "나는 일본에 간다.",
          "date": "2022-11-24",
          "time": "23:14:08",
          "terminate": "false"
        },
        {
          "speaker": "speaker1",
          "personaID": "94995",
          "participantID": "31347",
          "utterance": "일본은 여행지론 어디가 있나요? 제가 잘 몰라서요.",
          "summary": "나는 일본에 대해 모른다.",
          "date": "2022-11-24",
          "time": "23:14:16",
          "terminate": "false"
        },
        {
          "speaker": "speaker2",
          "personaID": "94413",
          "participantID": "30294",
          "utterance": "일본은 뭐 여기저기 다 좋죠. 교토가 여행지론 가장 이쁜거 같네요.",
          "summary": "",
          "date": "2022-11-24",
          "time": "23:14:36",
          "terminate": "false"
        },
        {
          "speaker": "speaker1",
          "personaID": "94995",
          "participantID": "31347",
          "utterance": "교토가 있군요. 그러면 그쪽은 봄에 여행가기 좋은가요?",
          "summary": "",
          "date": "2022-11-24",
          "time": "23:14:40",
          "terminate": "false"
        },
        {
          "speaker": "speaker2",
          "personaID": "94413",
          "participantID": "30294",
          "utterance": "어느 계절이던 이뻐요. 일본 애들도 자주 가는 여행지니까요.",
          "summary": "",
          "date": "2022-11-24",
          "time": "23:15:00",
          "terminate": "false"
        },
        {
          "speaker": "speaker1",
          "personaID": "94995",
          "participantID": "31347",
          "utterance": "제가 생일이 5월 봄에 있어서 물어봤어요 ㅎㅎ.",
          "summary": "나의 생일은 5월이다.",
          "date": "2022-11-24",
          "time": "23:15:02",
          "terminate": "false"
        },
        {
          "speaker": "speaker2",
          "personaID": "94413",
          "participantID": "30294",
          "utterance": "그러시군요.ㅎ 그러면 5월 생일때 한번 가보셔도 좋겠네요.",
          "summary": "",
          "date": "2022-11-24",
          "time": "23:15:11",
          "terminate": "false"
        },
        {
          "speaker": "speaker1",
          "personaID": "94995",
          "participantID": "31347",
          "utterance": "나중에 한번 고려해봐야겠네요. 아직 내년이니까요.",
          "summary": "",
          "date": "2022-11-24",
          "time": "23:15:14",
          "terminate": "false"
        },
        {
          "speaker": "speaker2",
          "personaID": "94413",
          "participantID": "30294",
          "utterance": "아무래도 가까워서 비행기 타는데도 안힘들고 고려해볼만 한거 같습니다.",
          "summary": "",
          "date": "2022-11-24",
          "time": "23:15:34",
          "terminate": "false"
        },
        {
          "speaker": "speaker1",
          "personaID": "94995",
          "participantID": "31347",
          "utterance": "나이 먹으니 가까운건 좀 장점이네요 ㅎㅎ. 그러면 다음에 연락할게요.",
          "summary": "",
          "date": "2022-11-24",
          "time": "23:15:39",
          "terminate": "false"
        },
        {
          "speaker": "speaker2",
          "personaID": "94413",
          "participantID": "30294",
          "utterance": "네~ 그럼 다음에 또 봐요. 대화 즐거웠어요.",
          "summary": "",
          "date": "2022-11-24",
          "time": "23:15:40",
          "terminate": "true"
        }
      ],
      "sessionPersonaSummary": {
        "speaker1": [
          "나는 일본에 대해 모른다.",
          "나의 생일은 5월이다."
        ],
        "speaker2": [
          "나는 일본에 간다."
        ]
      },
      "prevAggregatedpersonaSummary": {
        "speaker1": [
          "나는 50대 여성이다.",
          "나는 혈액형이 A형이다.",
          "나는 눈치가 없는 편이다.",
          "나는 비 오는 날씨를 좋아한다."
        ],
        "speaker2": [
          "나는 50대 남성이다.",
          "나는 소설을 꾸준히 읽는다.",
          "나는 은퇴했다.",
          "나는 우직하다.",
          "나는 겨울을 좋아한다. 나는 러시아에 가봤다."
        ]
      }
    },
    {
      "prevSessionID": "4-00106-2",
      "prevTimeInfo": {
        "timeNum": "1",
        "timeUnit": "일"
      },
      "nthSession": "3",
      "numberOfUtterances": "14",
      "numberOfTurns": "7",
      "sessionID": "4-00106-3",
      "dialog": [
        {
          "speaker": "speaker1",
          "personaID": "94995",
          "participantID": "31347",
          "utterance": "어제 연락하고 또 연락드리네 ㅎㅎ. 하루만이죠?",
          "summary": "",
          "date": "2022-11-24",
          "time": "23:15:53",
          "terminate": "false"
        },
        {
          "speaker": "speaker2",
          "personaID": "94413",
          "participantID": "30294",
          "utterance": "안녕하세요. 그렇네요. 이렇게 자주 뵈니까 친해지는거 같습니다.ㅎ.",
          "summary": "",
          "date": "2022-11-24",
          "time": "23:16:12",
          "terminate": "false"
        },
        {
          "speaker": "speaker1",
          "personaID": "94995",
          "participantID": "31347",
          "utterance": "그러면 좋죠~ 슬슬 추워지는게 진짜 겨울이 오는거같아요.",
          "summary": "",
          "date": "2022-11-24",
          "time": "23:16:14",
          "terminate": "false"
        },
        {
          "speaker": "speaker2",
          "personaID": "94413",
          "participantID": "30294",
          "utterance": "그러게요. 전 이번에 일본 가기로 한거 온천여행으로 정했어요.",
          "summary": "나는 온천 여행을 가기로 했다.",
          "date": "2022-11-24",
          "time": "23:16:32",
          "terminate": "false"
        },
        {
          "speaker": "speaker1",
          "personaID": "94995",
          "participantID": "31347",
          "utterance": "아 그래요? 온천은 저는 안가봤는데. 어떤가요?",
          "summary": "나는 온천을 안 가봤다.",
          "date": "2022-11-24",
          "time": "23:16:37",
          "terminate": "false"
        },
        {
          "speaker": "speaker2",
          "personaID": "94413",
          "participantID": "30294",
          "utterance": "좋아요. 특히 제가 겨울을 좋아해서 그런진 몰라도 겨울 온천이 최고입니다.",
          "summary": "",
          "date": "2022-11-24",
          "time": "23:16:59",
          "terminate": "false"
        },
        {
          "speaker": "speaker1",
          "personaID": "94995",
          "participantID": "31347",
          "utterance": "겨울에 온천가면 궁금한게 온천물이 겨울에도 따뜻해요?",
          "summary": "",
          "date": "2022-11-24",
          "time": "23:17:05",
          "terminate": "false"
        },
        {
          "speaker": "speaker2",
          "personaID": "94413",
          "participantID": "30294",
          "utterance": "그럼요.ㅎㅎ 온탕처럼 뜨끈해서 겨울에 들어가면 분위기 좋아요.",
          "summary": "",
          "date": "2022-11-24",
          "time": "23:17:16",
          "terminate": "false"
        },
        {
          "speaker": "speaker1",
          "personaID": "94995",
          "participantID": "31347",
          "utterance": "물이 원래 되게 뜨겁나보다. 그러면 겨울에도 좋겠네요 ㅎㅎ.",
          "summary": "",
          "date": "2022-11-24",
          "time": "23:17:19",
          "terminate": "false"
        },
        {
          "speaker": "speaker2",
          "personaID": "94413",
          "participantID": "30294",
          "utterance": "요즘은 겨울에 실내 수영장도 다들 가고 그런다더라구요.",
          "summary": "",
          "date": "2022-11-24",
          "time": "23:17:41",
          "terminate": "false"
        },
        {
          "speaker": "speaker1",
          "personaID": "94995",
          "participantID": "31347",
          "utterance": "저는 수영은 못해서 ㅎㅎ. 수영장은 안가봤어요.",
          "summary": "나는 수영을 못한다.",
          "date": "2022-11-24",
          "time": "23:17:50",
          "terminate": "false"
        },
        {
          "speaker": "speaker2",
          "personaID": "94413",
          "participantID": "30294",
          "utterance": "저도 수영장은 안가봐서 말로만 들은거네요.ㅋㅋ.",
          "summary": "나는 수영장에 안 가봤다.",
          "date": "2022-11-24",
          "time": "23:18:02",
          "terminate": "false"
        },
        {
          "speaker": "speaker1",
          "personaID": "94995",
          "participantID": "31347",
          "utterance": "참. 저는 점심에 약속이 있어서 나가볼게요.",
          "summary": "",
          "date": "2022-11-24",
          "time": "23:18:06",
          "terminate": "false"
        },
        {
          "speaker": "speaker2",
          "personaID": "94413",
          "participantID": "30294",
          "utterance": "그래요. 식사 잘 하시고 다음에 또 봐요.",
          "summary": "",
          "date": "2022-11-24",
          "time": "23:18:18",
          "terminate": "true"
        }
      ],
      "sessionPersonaSummary": {
        "speaker1": [
          "나는 온천을 안 가봤다.",
          "나는 수영을 못한다."
        ],
        "speaker2": [
          "나는 온천 여행을 가기로 했다.",
          "나는 수영장에 안 가봤다."
        ]
      },
      "prevAggregatedpersonaSummary": {
        "speaker1": [
          "나는 50대 여성이다.",
          "나는 혈액형이 A형이다.",
          "나는 눈치가 없는 편이다.",
          "나는 비 오는 날씨를 좋아한다.",
          "나는 일본에 대해 모른다.",
          "나의 생일은 5월이다."
        ],
        "speaker2": [
          "나는 50대 남성이다.",
          "나는 소설을 꾸준히 읽는다.",
          "나는 은퇴했다.",
          "나는 우직하다.",
          "나는 겨울을 좋아한다. 나는 러시아에 가봤다.",
          "나는 일본에 간다."
        ]
      }
    },
    {
      "prevSessionID": "4-00106-3",
      "prevTimeInfo": {
        "timeNum": "3",
        "timeUnit": "시간"
      },
      "nthSession": "4",
      "numberOfUtterances": "14",
      "numberOfTurns": "7",
      "sessionID": "4-00106-4",
      "dialog": [
        {
          "speaker": "speaker1",
          "personaID": "94995",
          "participantID": "31347",
          "utterance": "약속 좀 다녀오니까 한 서너시간은 금방 가네요.",
          "summary": "",
          "date": "2022-11-24",
          "time": "23:18:26",
          "terminate": "false"
        },
        {
          "speaker": "speaker2",
          "personaID": "94413",
          "participantID": "30294",
          "utterance": "그래도 금방 오셨네요. 맛있는거 드셨어요?",
          "summary": "",
          "date": "2022-11-24",
          "time": "23:18:42",
          "terminate": "false"
        },
        {
          "speaker": "speaker1",
          "personaID": "94995",
          "participantID": "31347",
          "utterance": "그럼요~ 친구 만나서 밥 먹고 오니까 금방 시간이 가요.",
          "summary": "나는 친구를 만났다.",
          "date": "2022-11-24",
          "time": "23:18:55",
          "terminate": "false"
        },
        {
          "speaker": "speaker2",
          "personaID": "94413",
          "participantID": "30294",
          "utterance": "그러시구나.ㅎ 친구분이랑 어떤거 드시고 오셨어요?",
          "summary": "",
          "date": "2022-11-24",
          "time": "23:19:14",
          "terminate": "false"
        },
        {
          "speaker": "speaker1",
          "personaID": "94995",
          "participantID": "31347",
          "utterance": "친구랑 같이 한정식 먹고 왔네요. 얘기도 하고 좋았어요.",
          "summary": "나는 한정식을 먹었다.",
          "date": "2022-11-24",
          "time": "23:19:18",
          "terminate": "false"
        },
        {
          "speaker": "speaker2",
          "personaID": "94413",
          "participantID": "30294",
          "utterance": "역시 한식이 편하고 좋죠?ㅎㅎ 저도 좋아해요.",
          "summary": "나는 한식을 좋아한다.",
          "date": "2022-11-24",
          "time": "23:19:31",
          "terminate": "false"
        },
        {
          "speaker": "speaker1",
          "personaID": "94995",
          "participantID": "31347",
          "utterance": "맞아요. 참. 저는 외국 여행지 가면 음식이 안맞을까 걱정되던데.",
          "summary": "",
          "date": "2022-11-24",
          "time": "23:19:39",
          "terminate": "false"
        },
        {
          "speaker": "speaker2",
          "personaID": "94413",
          "participantID": "30294",
          "utterance": "그게 해외여행가면 전 가장 힘들더라구요. 그래서 일본 자주 가요.",
          "summary": "나는 해외여행할 때 음식이 힘들다.",
          "date": "2022-11-24",
          "time": "23:19:53",
          "terminate": "false"
        },
        {
          "speaker": "speaker1",
          "personaID": "94995",
          "participantID": "31347",
          "utterance": "그래요? 일식은 되게 입에 맞으시나봐요.",
          "summary": "",
          "date": "2022-11-24",
          "time": "23:20:02",
          "terminate": "false"
        },
        {
          "speaker": "speaker2",
          "personaID": "94413",
          "participantID": "30294",
          "utterance": "일식은 한국이랑 크게 안달라요. 아무래도 쌀 문화권이니까요.",
          "summary": "",
          "date": "2022-11-24",
          "time": "23:20:18",
          "terminate": "false"
        },
        {
          "speaker": "speaker1",
          "personaID": "94995",
          "participantID": "31347",
          "utterance": "아~ 서양은 가면 진짜 힘들겠죠? 빵은 밥도 안되는데.",
          "summary": "나는 빵을 싫어한다.",
          "date": "2022-11-24",
          "time": "23:20:23",
          "terminate": "false"
        },
        {
          "speaker": "speaker2",
          "personaID": "94413",
          "participantID": "30294",
          "utterance": "맞아요. 걔네는 진짜 아예 식습관이 다르니까..ㅎㅎ.",
          "summary": "",
          "date": "2022-11-24",
          "time": "23:20:35",
          "terminate": "false"
        },
        {
          "speaker": "speaker1",
          "personaID": "94995",
          "participantID": "31347",
          "utterance": "그럼 저는 이만 버스 좀 타야해서 ㅎㅎ. 다음에 봐요.",
          "summary": "",
          "date": "2022-11-24",
          "time": "23:20:42",
          "terminate": "false"
        },
        {
          "speaker": "speaker2",
          "personaID": "94413",
          "participantID": "30294",
          "utterance": "그래요~ 그러면 피곤하실텐데. 얼른 들어가 쉬시고 다음에 봐요.",
          "summary": "",
          "date": "2022-11-24",
          "time": "23:20:46",
          "terminate": "true"
        }
      ],
      "sessionPersonaSummary": {
        "speaker1": [
          "나는 친구를 만났다.",
          "나는 한정식을 먹었다.",
          "나는 빵을 싫어한다."
        ],
        "speaker2": [
          "나는 한식을 좋아한다.",
          "나는 해외여행할 때 음식이 힘들다."
        ]
      },
      "prevAggregatedpersonaSummary": {
        "speaker1": [
          "나는 50대 여성이다.",
          "나는 혈액형이 A형이다.",
          "나는 눈치가 없는 편이다.",
          "나는 비 오는 날씨를 좋아한다.",
          "나는 일본에 대해 모른다.",
          "나의 생일은 5월이다.",
          "나는 온천을 안 가봤다.",
          "나는 수영을 못한다."
        ],
        "speaker2": [
          "나는 50대 남성이다.",
          "나는 소설을 꾸준히 읽는다.",
          "나는 은퇴했다.",
          "나는 우직하다.",
          "나는 겨울을 좋아한다. 나는 러시아에 가봤다.",
          "나는 일본에 간다.",
          "나는 온천 여행을 가기로 했다.",
          "나는 수영장에 안 가봤다."
        ]
      }
    }
  ]
}