{
  "FileInfo": {
    "filename": "K4-00170-CL35371-CP35670-17-04-S4.json",
    "sessionLevel": "4"
  },
  "participantsInfo": {
    "numberOfParticipants": "2",
    "speaker1": {
      "participantID": "3405",
      "gender": "여성",
      "age": "40대",
      "occupation": "사무직",
      "bPlace": "서울/경기/인천",
      "gPlace": "서울/경기/인천",
      "rPlace": "서울/경기/인천",
      "educationLevel": "대졸"
    },
    "speaker2": {
      "participantID": "4555",
      "gender": "여성",
      "age": "20대",
      "occupation": "사무직",
      "bPlace": "대전/세종/충청/강원",
      "gPlace": "대전/세종/충청/강원",
      "rPlace": "서울/경기/인천",
      "educationLevel": "고졸"
    }
  },
  "multisessionInfo": {
    "multisessionID": "4-00170"
  },
  "personaInfo": {
    "clInfo": {
      "personaID": "35371",
      "personaFeatures": [
        "나는 여자이다.",
        "나는 30대이다.",
        "나의 거주지는 서울이다",
        "나는 쌀국수를 즐겨 먹는다",
        "나는 시원한 날씨를 싫어한다",
        "나의 생일은 11월이다"
      ],
      "speakerType": "speaker1"
    },
    "cpInfo": {
      "personaID": "35670",
      "personaFeatures": [
        "나는 여자이다.",
        "나는 30대이다.",
        "나의 아버지는 농사일을 한다",
        "나는 보라색을 좋아한다",
        "나는 청소하는 게 지루하다",
        "나의 생일은 8월이다"
      ],
      "speakerType": "speaker2"
    }
  },
  "topicInfo": {
    "topicID": "17-04",
    "topicType": "미용과 건강>건강",
    "topicTitle": "질병"
  },
  "sessionInfo": [
    {
      "prevSessionID": null,
      "prevTimeInfo": {
        "timeNum": null,
        "timeUnit": null
      },
      "nthSession": "1",
      "numberOfUtterances": "14",
      "numberOfTurns": "7",
      "sessionID": "4-00170-1",
      "dialog": [
        {
          "speaker": "speaker1",
          "personaID": "35371",
          "participantID": "3405",
          "utterance": "안녕하세요.저는 30대 여성입니다. 반갑습니다",
          "summary": "나는 30대 여성이다.",
          "date": "2022-11-26",
          "time": "11:04:26",
          "terminate": "false"
        },
        {
          "speaker": "speaker2",
          "personaID": "35670",
          "participantID": "4555",
          "utterance": "안녕하세요~ 저도 30대 여성입니다. 잘 부탁드려요! @이름@님은 생일이 몇 월이신가요?",
          "summary": "나는 30대 여성이다",
          "date": "2022-11-26",
          "time": "11:29:45",
          "terminate": "false"
        },
        {
          "speaker": "speaker1",
          "personaID": "35371",
          "participantID": "3405",
          "utterance": "제 생일은 11월이에요. @이름@님은 거주지가 어디에요? 제 거주지는 서울이에요",
          "summary": "나는 서울에 거주하고 있으며 11월이 생일이다.",
          "date": "2022-11-26",
          "time": "11:34:44",
          "terminate": "false"
        },
        {
          "speaker": "speaker2",
          "personaID": "35670",
          "participantID": "4555",
          "utterance": "저는 서울에서 일하고 있습니다! 다만 아버지가 농사일을 하셔서 가끔 농사 도와드리러 시골에 내려가고는 해요.",
          "summary": "나는 서울에서 일한다 나는 가끔 아버지가 하는 농사일을 도와드리러 시골에 간다",
          "date": "2022-11-26",
          "time": "11:36:11",
          "terminate": "false"
        },
        {
          "speaker": "speaker1",
          "personaID": "35371",
          "participantID": "3405",
          "utterance": "농사일이 쉽지 않은데 대단하시네요. 요즘 날씨가 겨울인데 겨울 같지 않아요. 저는 시원한 날씨를 싫어해요",
          "summary": "나는 시원한 날씨를 싫어하고 요즘 날씨가 겨울 같지 않다고 생각한다.",
          "date": "2022-11-26",
          "time": "11:37:42",
          "terminate": "false"
        },
        {
          "speaker": "speaker2",
          "personaID": "35670",
          "participantID": "4555",
          "utterance": "맞아요. 원래 수능쯤에 수능한파라고 했던 거 같은데 날씨가 애매하네요. 저는 청소 일을 도와드리고 있는데 청소 하는게 너무 지루하네요.",
          "summary": " 나는 청소하는 게 지루하다",
          "date": "2022-11-26",
          "time": "11:40:00",
          "terminate": "false"
        },
        {
          "speaker": "speaker1",
          "personaID": "35371",
          "participantID": "3405",
          "utterance": "저도 청소를 좋아하지 않아요. 그래서 로봇청소기를 샀어요. ㅋ",
          "summary": "나는 청소를 좋아하지 않아서 로봇 청소기를 샀다.",
          "date": "2022-11-26",
          "time": "11:42:33",
          "terminate": "false"
        },
        {
          "speaker": "speaker2",
          "personaID": "35670",
          "participantID": "4555",
          "utterance": "혹시 좋아하는 색 있으신가요? 저는 보라색을 좋아하거든요!",
          "summary": "나는 보라색을 좋아한다",
          "date": "2022-11-26",
          "time": "11:45:51",
          "terminate": "false"
        },
        {
          "speaker": "speaker1",
          "personaID": "35371",
          "participantID": "3405",
          "utterance": "저는 파란색을 좋아해요. @이름@님은 오늘 점심으로 뭘 드실건가요? 저는 쌀국수를 즐겨 먹어요",
          "summary": "나는 파란색을 좋아하고 쌀국수를 즐겨 먹는다.",
          "date": "2022-11-26",
          "time": "11:48:50",
          "terminate": "false"
        },
        {
          "speaker": "speaker2",
          "personaID": "35670",
          "participantID": "4555",
          "utterance": "저는 오늘 칼국수 먹으려구요! 국물이 땡기네요. 아까 생일을 여쭤보고 제 생일 답변을 안드렸네요. 저는 8월이 생일이에요!",
          "summary": "나는 칼국수를 먹을 것이다 나는 8월이 생일이다",
          "date": "2022-11-26",
          "time": "13:31:27",
          "terminate": "false"
        },
        {
          "speaker": "speaker1",
          "personaID": "35371",
          "participantID": "3405",
          "utterance": "오늘같은 날씨엔 쌀국수, 칼국수가 좋겠네요.",
          "summary": "나는 오늘 같은 날씨에 쌀국수, 칼국수가 좋다고 생각한다.",
          "date": "2022-11-26",
          "time": "14:27:38",
          "terminate": "false"
        },
        {
          "speaker": "speaker2",
          "personaID": "35670",
          "participantID": "4555",
          "utterance": "날이 추울 때는 국물이 땡기는 거 같아요. 시원한 날씨를 싫어하신다고 하셨는데 여기는 날씨가 좀 춥네요.",
          "summary": "나는 추울 땐 국물이 당긴다",
          "date": "2022-11-26",
          "time": "15:04:54",
          "terminate": "false"
        },
        {
          "speaker": "speaker1",
          "personaID": "35371",
          "participantID": "3405",
          "utterance": "오늘부터 겨울인듯 해요. 않이 추워졌어요 ",
          "summary": "",
          "date": "2022-11-26",
          "time": "18:46:30",
          "terminate": "false"
        },
        {
          "speaker": "speaker2",
          "personaID": "35670",
          "participantID": "4555",
          "utterance": "저도 이만 추워서 들어가봐야할 꺼 같아요. 나중에 봐요!",
          "summary": "",
          "date": "2022-11-26",
          "time": "18:58:48",
          "terminate": "true"
        }
      ],
      "sessionPersonaSummary": {
        "speaker1": [
          "나는 30대 여성이다.",
          "나는 서울에 거주하고 있으며 11월이 생일이다.",
          "나는 시원한 날씨를 싫어하고 요즘 날씨가 겨울 같지 않다고 생각한다.",
          "나는 청소를 좋아하지 않아서 로봇 청소기를 샀다.",
          "나는 파란색을 좋아하고 쌀국수를 즐겨 먹는다.",
          "나는 오늘 같은 날씨에 쌀국수, 칼국수가 좋다고 생각한다."
        ],
        "speaker2": [
          "나는 30대 여성이다",
          "나는 서울에서 일한다",
          "나는 가끔 아버지가 하는 농사일을 도와드리러 시골에 간다",
          "나는 청소하는 게 지루하다",
          "나는 보라색을 좋아한다",
          "나는 칼국수를 먹을 것이다",
          "나는 8월이 생일이다",
          "나는 추울 땐 국물이 당긴다"
        ]
      },
      "prevAggregatedpersonaSummary": {
        "speaker1": [],
        "speaker2": []
      }
    },
    {
      "prevSessionID": "4-00170-1",
      "prevTimeInfo": {
        "timeNum": "2",
        "timeUnit": "주"
      },
      "nthSession": "2",
      "numberOfUtterances": "14",
      "numberOfTurns": "7",
      "sessionID": "4-00170-2",
      "dialog": [
        {
          "speaker": "speaker1",
          "personaID": "35371",
          "participantID": "3405",
          "utterance": "벌써 2주가 지났네요. 잘 지내셨나요?",
          "summary": "",
          "date": "2022-11-26",
          "time": "19:53:23",
          "terminate": "false"
        },
        {
          "speaker": "speaker2",
          "personaID": "35670",
          "participantID": "4555",
          "utterance": "안녕하세요.2주만이네요 잘 지내셨나요",
          "summary": "",
          "date": "2022-11-26",
          "time": "20:33:58",
          "terminate": "false"
        },
        {
          "speaker": "speaker1",
          "personaID": "35371",
          "participantID": "3405",
          "utterance": "저는 고사이에 코로나에 걸렸어요.ㅜㅜ",
          "summary": "나는 코로나에 걸렸다.",
          "date": "2022-11-26",
          "time": "20:36:27",
          "terminate": "false"
        },
        {
          "speaker": "speaker2",
          "personaID": "35670",
          "participantID": "4555",
          "utterance": "요즘 코로나 재유행이라 근처에서 많이 걸리더라구요! 저도 오늘 몸이 으슬으슬해서 일단 전기장판 꺼내놨어요. 괜찮으신가요?",
          "summary": " 나는 전기장판을 꺼내놨다",
          "date": "2022-11-26",
          "time": "20:51:53",
          "terminate": "false"
        },
        {
          "speaker": "speaker1",
          "personaID": "35371",
          "participantID": "3405",
          "utterance": "코로나 별거 아닌게 되어버려서 크게 걱정 안했는데 제가 잘못 생각한 것 같아요. 정말 너무 아프더라구요",
          "summary": "나는 크게 코로나를 걱정하지 않았으나 너무 아프다.\n",
          "date": "2022-11-26",
          "time": "21:09:33",
          "terminate": "false"
        },
        {
          "speaker": "speaker2",
          "personaID": "35670",
          "participantID": "4555",
          "utterance": "요즘 독감도 유행하고 있어서 조심해야하더라구요. 독감이랑 코로나랑 같이 안걸린 게 다행입니다. 그래도 코로나 너무 힘들 꺼 같아요.",
          "summary": "",
          "date": "2022-11-26",
          "time": "21:37:10",
          "terminate": "false"
        },
        {
          "speaker": "speaker1",
          "personaID": "35371",
          "participantID": "3405",
          "utterance": "저는 그래서 독감예방 접종 했어요. 코로나도 그나마 3차까지 접종해서 심각한 상황까지 가지는 않은 것 같이요",
          "summary": "나는 독감 예방 접종을 하였다. 나는 코로나를 3차까지 접종해서 심각한 상황까지는 가지 않은 것 같다.",
          "date": "2022-11-27",
          "time": "08:02:36",
          "terminate": "false"
        },
        {
          "speaker": "speaker2",
          "personaID": "35670",
          "participantID": "4555",
          "utterance": "저는 독감 예방 접종안 받았는데 이번에 받으려구요. 저는 최근에 결막염에 걸려서 고생했네요.",
          "summary": "나는 독감 예방 접종을 안 받았었다 나는 최근에 결막염에 걸렸다",
          "date": "2022-11-27",
          "time": "11:02:44",
          "terminate": "false"
        },
        {
          "speaker": "speaker1",
          "personaID": "35371",
          "participantID": "3405",
          "utterance": "근데 독감주사가 넘 비싸요.ㅜㅜ 그렇다고 안맞을 수도 없고 말이죠. 저도 재작년까지도 환절기에 결막염에 자주 걸렸었는데 어느 순간부터 괜찮아지더라구요",
          "summary": "나는 재작년까지 환절기에 결막염에 자주 걸렸는데 어느 순간부터 괜찮아졌다.",
          "date": "2022-11-27",
          "time": "14:16:57",
          "terminate": "false"
        },
        {
          "speaker": "speaker2",
          "personaID": "35670",
          "participantID": "4555",
          "utterance": "저는 비염이 있어서 수술까지 했는데, 알고보니 알레르기성 비염이었어요. 제가 수술한 건 구조적인 비염 수술이었구요. 알고보니 두개 다 갖고있던 거였어요. 알레르기성이라 결막염까지 같이 오네요.ㅜㅜ",
          "summary": "나는 비염 수술을 했다 나는 알레르기성 비염과 결막염이 같이 온다",
          "date": "2022-11-27",
          "time": "14:21:29",
          "terminate": "false"
        },
        {
          "speaker": "speaker1",
          "personaID": "35371",
          "participantID": "3405",
          "utterance": "에고고..그럼 환절기때마다 힘들겠어요. 비염. 하나만으로 힘들다고 하더라구요",
          "summary": "",
          "date": "2022-11-27",
          "time": "14:25:17",
          "terminate": "false"
        },
        {
          "speaker": "speaker2",
          "personaID": "35670",
          "participantID": "4555",
          "utterance": "그래도 꽃가루 알러지는 없어서 다행이에요. 그거마저 있었으면 정말 힘들었을 꺼 같아요.",
          "summary": "나는 꽃가루 알레르기는 없다",
          "date": "2022-11-27",
          "time": "14:42:52",
          "terminate": "false"
        },
        {
          "speaker": "speaker1",
          "personaID": "35371",
          "participantID": "3405",
          "utterance": "면역력 잘 챙기시고 몸에 좋은 음식도 많이 챙겨드세요",
          "summary": "",
          "date": "2022-11-27",
          "time": "14:54:31",
          "terminate": "false"
        },
        {
          "speaker": "speaker2",
          "personaID": "35670",
          "participantID": "4555",
          "utterance": "네.저도 이만 갈 시간이 되어 가봐야할 것 같네요! 나중에 뵈어요.",
          "summary": "",
          "date": "2022-11-27",
          "time": "14:55:58",
          "terminate": "true"
        }
      ],
      "sessionPersonaSummary": {
        "speaker1": [
          "나는 코로나에 걸렸다.",
          "나는 크게 코로나를 걱정하지 않았으나 너무 아프다.\n",
          "나는 독감 예방 접종을 하였다. 나는 코로나를 3차까지 접종해서 심각한 상황까지는 가지 않은 것 같다.",
          "나는 재작년까지 환절기에 결막염에 자주 걸렸는데 어느 순간부터 괜찮아졌다."
        ],
        "speaker2": [
          "나는 전기장판을 꺼내놨다",
          "나는 독감 예방 접종을 안 받았었다",
          "나는 최근에 결막염에 걸렸다",
          "나는 비염 수술을 했다",
          "나는 알레르기성 비염과 결막염이 같이 온다",
          "나는 꽃가루 알레르기는 없다"
        ]
      },
      "prevAggregatedpersonaSummary": {
        "speaker1": [
          "나는 30대 여성이다.",
          "나는 서울에 거주하고 있으며 11월이 생일이다.",
          "나는 시원한 날씨를 싫어하고 요즘 날씨가 겨울 같지 않다고 생각한다.",
          "나는 청소를 좋아하지 않아서 로봇 청소기를 샀다.",
          "나는 파란색을 좋아하고 쌀국수를 즐겨 먹는다.",
          "나는 오늘 같은 날씨에 쌀국수, 칼국수가 좋다고 생각한다."
        ],
        "speaker2": [
          "나는 30대 여성이다",
          "나는 서울에서 일한다",
          "나는 가끔 아버지가 하는 농사일을 도와드리러 시골에 간다",
          "나는 청소하는 게 지루하다",
          "나는 보라색을 좋아한다",
          "나는 칼국수를 먹을 것이다",
          "나는 8월이 생일이다",
          "나는 추울 땐 국물이 당긴다"
        ]
      }
    },
    {
      "prevSessionID": "4-00170-2",
      "prevTimeInfo": {
        "timeNum": "6",
        "timeUnit": "일"
      },
      "nthSession": "3",
      "numberOfUtterances": "14",
      "numberOfTurns": "7",
      "sessionID": "4-00170-3",
      "dialog": [
        {
          "speaker": "speaker1",
          "personaID": "35371",
          "participantID": "3405",
          "utterance": "벌써 6일이 지났네요. 한주동안 잘 지냈나요?",
          "summary": "",
          "date": "2022-11-27",
          "time": "23:06:19",
          "terminate": "false"
        },
        {
          "speaker": "speaker2",
          "personaID": "35670",
          "participantID": "4555",
          "utterance": "안녕하세요.6일만이네요. 코로나는 좀 괜찮아지셨나요?  저는 요즘 너무 피곤해서 수액 맞고 왔어요.",
          "summary": " 나는 요즘 피곤해서 수액을 맞았다",
          "date": "2022-11-27",
          "time": "23:08:41",
          "terminate": "false"
        },
        {
          "speaker": "speaker1",
          "personaID": "35371",
          "participantID": "3405",
          "utterance": "잘하셨네요. 저는 코로나보다 그 후유증이 아직 있어서조금 힘들어요. ",
          "summary": "나는 코로나 후유증이 아직 남아있어 조금 힘들다.",
          "date": "2022-11-27",
          "time": "23:12:13",
          "terminate": "false"
        },
        {
          "speaker": "speaker2",
          "personaID": "35670",
          "participantID": "4555",
          "utterance": "후유증이 제일 무섭더라구요. 어떤 증상이 나올 지 모르니까요. 쾌차하시길 바랄게요. 저는 몸이 피곤해지면 염증수치가 높아져서 잇몸이 붓고 몸이 피로해져서 힘드네요.",
          "summary": "나는 후유증이 제일 무섭다 나는 몸이 피곤하면 염증 수치가 높아져서 힘들다",
          "date": "2022-11-27",
          "time": "23:16:04",
          "terminate": "false"
        },
        {
          "speaker": "speaker1",
          "personaID": "35371",
          "participantID": "3405",
          "utterance": "평상시에 면역력이 떨어지지않게 관리하는게 중요한 것 같아요",
          "summary": "나는 평상시 면역력이 떨어지지 않게 관리하는 게 중요하다고 생각한다.",
          "date": "2022-11-28",
          "time": "08:01:06",
          "terminate": "false"
        },
        {
          "speaker": "speaker2",
          "personaID": "35670",
          "participantID": "4555",
          "utterance": "일찍 자는게 중요한데 마음은 알고 있어도 머리는 실천을 안하더라구요 코로나 후유증으로 인해 불편하신 건 없으세요?",
          "summary": "나는 일찍 자는 게 중요한 걸 안다",
          "date": "2022-11-28",
          "time": "08:06:56",
          "terminate": "false"
        },
        {
          "speaker": "speaker1",
          "personaID": "35371",
          "participantID": "3405",
          "utterance": "저는 불면증이랑 역류성 식도염이 생겼어요. 평소에 머리만 대면 자는 스타일이고 역류성 식도염은 생긴적이 없어서 그런지 많이 당황했어요. 그래도 지금은 많이 좋아졌답니다.",
          "summary": "나는 불면증과 역류성 식도염이 생겨 당황했다.",
          "date": "2022-11-28",
          "time": "08:08:48",
          "terminate": "false"
        },
        {
          "speaker": "speaker2",
          "personaID": "35670",
          "participantID": "4555",
          "utterance": "저도 역류성 식도염이 있어서 어떤 건지 알아요. 그거 굉장히 괴롭죠. 커피는 절대 마시면 안됩니다. 저는 모르고 커피마셨다가 정말 낭패봤어요!",
          "summary": "나는 역류성 식도염이 어떤지 안다 나는 커피 마시고 낭패를 봤다",
          "date": "2022-11-28",
          "time": "08:09:48",
          "terminate": "false"
        },
        {
          "speaker": "speaker1",
          "personaID": "35371",
          "participantID": "3405",
          "utterance": "맞아요. 커피 엄청 좋아하는데 요즘은 하루 한잔만 먹고 있어요. 그리고 이젠 몸이 아프면 예전처럼 회복이 빠르지 않아서 슬퍼요",
          "summary": "나는 커피를 좋아하는데 하루 한잔만 먹고 있다.",
          "date": "2022-11-28",
          "time": "08:12:21",
          "terminate": "false"
        },
        {
          "speaker": "speaker2",
          "personaID": "35670",
          "participantID": "4555",
          "utterance": "저도 커피는 줄이고 영양제는 늘렸답니다. 이제 신경 써야할 것 같아요. 예전에는 잠시 아프고 말았는데 이제는 아예 병이 되어버리더라구요.",
          "summary": "나는 커피는 줄이고 영양제를 늘렸다",
          "date": "2022-11-28",
          "time": "08:15:22",
          "terminate": "false"
        },
        {
          "speaker": "speaker1",
          "personaID": "35371",
          "participantID": "3405",
          "utterance": "ㅎㅎ 저도 요즘 챙겨먹는 영양제가 많아서 아침 안먹어도 배불러요. 정말 효과가 있는지는 잘 모르겠지만 이거라도 챙겨먹어야겠단 생각을 하게 되네요",
          "summary": "나는 요즘 챙겨 먹는 영양제가 많다.",
          "date": "2022-11-28",
          "time": "08:18:21",
          "terminate": "false"
        },
        {
          "speaker": "speaker2",
          "personaID": "35670",
          "participantID": "4555",
          "utterance": "나이를 먹을 수록 슬슬 건강을 챙겨야 한다는 게 느껴지네요. ㅎㅎ 지금 독감도 유행 중이라는데 독감 조심하세요.",
          "summary": "나는 나이를 먹을수록 건강을 챙겨야 한다는 것을 느낀다",
          "date": "2022-11-28",
          "time": "08:19:55",
          "terminate": "false"
        },
        {
          "speaker": "speaker1",
          "personaID": "35371",
          "participantID": "3405",
          "utterance": "독감예방 주사 맞았다고 자신하지 않으려구요. 그러다 걸리면 더 힘들 것 같아요. @이름@님도 독감 조심하시고 비타민c 잘 챙겨드세요~ 면역력이 떨어지면 아무리 좋은 약도소용이 없는 것 같아요",
          "summary": "나는 독감 예방 주사를 맞았다고 자신하지 않을 것이다.",
          "date": "2022-11-28",
          "time": "08:24:26",
          "terminate": "false"
        },
        {
          "speaker": "speaker2",
          "personaID": "35670",
          "participantID": "4555",
          "utterance": "정말로 면역력이 중요한 거 같아요. 저희 모두 건강 챙기자구요. 저는 이제 나가보겠습니다. 나중에 또 봬요!",
          "summary": "나는 면역력이 중요하다고 생각한다",
          "date": "2022-11-28",
          "time": "08:27:46",
          "terminate": "true"
        }
      ],
      "sessionPersonaSummary": {
        "speaker1": [
          "나는 코로나 후유증이 아직 남아있어 조금 힘들다.",
          "나는 평상시 면역력이 떨어지지 않게 관리하는 게 중요하다고 생각한다.",
          "나는 불면증과 역류성 식도염이 생겨 당황했다.",
          "나는 커피를 좋아하는데 하루 한잔만 먹고 있다.",
          "나는 요즘 챙겨 먹는 영양제가 많다.",
          "나는 독감 예방 주사를 맞았다고 자신하지 않을 것이다."
        ],
        "speaker2": [
          "나는 요즘 피곤해서 수액을 맞았다",
          "나는 후유증이 제일 무섭다",
          "나는 몸이 피곤하면 염증 수치가 높아져서 힘들다",
          "나는 일찍 자는 게 중요한 걸 안다",
          "나는 역류성 식도염이 어떤지 안다",
          "나는 커피 마시고 낭패를 봤다",
          "나는 커피는 줄이고 영양제를 늘렸다",
          "나는 나이를 먹을수록 건강을 챙겨야 한다는 것을 느낀다",
          "나는 면역력이 중요하다고 생각한다"
        ]
      },
      "prevAggregatedpersonaSummary": {
        "speaker1": [
          "나는 30대 여성이다.",
          "나는 서울에 거주하고 있으며 11월이 생일이다.",
          "나는 시원한 날씨를 싫어하고 요즘 날씨가 겨울 같지 않다고 생각한다.",
          "나는 청소를 좋아하지 않아서 로봇 청소기를 샀다.",
          "나는 파란색을 좋아하고 쌀국수를 즐겨 먹는다.",
          "나는 오늘 같은 날씨에 쌀국수, 칼국수가 좋다고 생각한다.",
          "나는 코로나에 걸렸다.",
          "나는 크게 코로나를 걱정하지 않았으나 너무 아프다.\n",
          "나는 독감 예방 접종을 하였다. 나는 코로나를 3차까지 접종해서 심각한 상황까지는 가지 않은 것 같다.",
          "나는 재작년까지 환절기에 결막염에 자주 걸렸는데 어느 순간부터 괜찮아졌다."
        ],
        "speaker2": [
          "나는 30대 여성이다",
          "나는 서울에서 일한다",
          "나는 가끔 아버지가 하는 농사일을 도와드리러 시골에 간다",
          "나는 청소하는 게 지루하다",
          "나는 보라색을 좋아한다",
          "나는 칼국수를 먹을 것이다",
          "나는 8월이 생일이다",
          "나는 추울 땐 국물이 당긴다",
          "나는 전기장판을 꺼내놨다",
          "나는 독감 예방 접종을 안 받았었다",
          "나는 최근에 결막염에 걸렸다",
          "나는 비염 수술을 했다",
          "나는 알레르기성 비염과 결막염이 같이 온다",
          "나는 꽃가루 알레르기는 없다"
        ]
      }
    },
    {
      "prevSessionID": "4-00170-3",
      "prevTimeInfo": {
        "timeNum": "7",
        "timeUnit": "주"
      },
      "nthSession": "4",
      "numberOfUtterances": "14",
      "numberOfTurns": "7",
      "sessionID": "4-00170-4",
      "dialog": [
        {
          "speaker": "speaker1",
          "personaID": "35371",
          "participantID": "3405",
          "utterance": "거의 7주만이네요. 그동안 어찌 지내셨어요?",
          "summary": "",
          "date": "2022-11-28",
          "time": "08:36:02",
          "terminate": "false"
        },
        {
          "speaker": "speaker2",
          "personaID": "35670",
          "participantID": "4555",
          "utterance": "7주만이네요! 잘 지내셨나요? 저는 요즘 병원에 다니고 있어요.",
          "summary": "나는 요즘 병원에 다니고 있다",
          "date": "2022-11-28",
          "time": "11:14:57",
          "terminate": "false"
        },
        {
          "speaker": "speaker1",
          "personaID": "35371",
          "participantID": "3405",
          "utterance": "어디 아프신거에요? 요즘 주변에 아픈 분들이 많아요",
          "summary": "나는 요즘 주변에 아픈 분들이 너무 많다.",
          "date": "2022-11-28",
          "time": "11:46:42",
          "terminate": "false"
        },
        {
          "speaker": "speaker2",
          "personaID": "35670",
          "participantID": "4555",
          "utterance": "예전부터 손목이 안좋았는데 요즘 상태가 너무 안좋더라구요. 고질병이네요.",
          "summary": "나는 예전부터 손목이 안 좋았다",
          "date": "2022-11-28",
          "time": "11:48:31",
          "terminate": "false"
        },
        {
          "speaker": "speaker1",
          "personaID": "35371",
          "participantID": "3405",
          "utterance": "에고..손목은 많이 사용하면 그렇더라구요. 저도 예전에 손목에 주사 한참 맞으러 다녔어요. 근데의사들 하는 말이 웃겨요. 안쓰면 낫는다는데 어찌 손목을 안쓸수 있나용",
          "summary": "나는 예전에 손목에 주사를 맞으러 다녔다.",
          "date": "2022-11-28",
          "time": "11:50:53",
          "terminate": "false"
        },
        {
          "speaker": "speaker2",
          "personaID": "35670",
          "participantID": "4555",
          "utterance": "그러게요. 손목은 안쓰면 좋다는데 직업상 손을 안쓸 수 없으니까요. @이름@님은 요즘 어떻게 지내시나요? 저는 손목이 팔꿈치까지 내려와서 좀 힘드네요.",
          "summary": "나는 직업상 손을 안 쓸 수가 없다",
          "date": "2022-11-28",
          "time": "11:52:07",
          "terminate": "false"
        },
        {
          "speaker": "speaker1",
          "personaID": "35371",
          "participantID": "3405",
          "utterance": "저는 갑상선기능저하증때문에 피검사를 하고 왔어요.",
          "summary": "나는 갑상선 기능 저하증 때문에 피검사를 하고 왔다.",
          "date": "2022-11-28",
          "time": "11:57:37",
          "terminate": "false"
        },
        {
          "speaker": "speaker2",
          "personaID": "35670",
          "participantID": "4555",
          "utterance": "요즘 갑상선으로 고생하시는 분들이 많으시더라구요. 결과 좋게 나와야할텐데요. 증상이 어떠셨나요? 저도 제가 모르고 있는 걸까봐 무섭네요.",
          "summary": " 나는 내가 모르고 있는 걸까 봐 무섭다",
          "date": "2022-11-28",
          "time": "12:21:48",
          "terminate": "false"
        },
        {
          "speaker": "speaker1",
          "personaID": "35371",
          "participantID": "3405",
          "utterance": "저는 사실 전혀 증상이 없어서 모르고 있다가 난임센터 다니면서 피검사로 알게 되었어요. 사실 지금 수치는 약을 안먹어도 되는데 임신준비때문에 먹는 거에요",
          "summary": "나는 난임센터를 다니면서 피검사로 알게 되었는데 약을 안 먹어도 되지만 임신 준비 때문에 먹고 있다.",
          "date": "2022-11-28",
          "time": "13:45:23",
          "terminate": "false"
        },
        {
          "speaker": "speaker2",
          "personaID": "35670",
          "participantID": "4555",
          "utterance": "피검사를 하면 갑상선 관련 질병도 나오는 군요.  저도 조만간 검사를 받아봐야겠어요. 산부인과에 안간지 꽤 되어서요.",
          "summary": " 나는 산부인과에 안 간 지 꽤 되었다",
          "date": "2022-11-28",
          "time": "13:47:11",
          "terminate": "false"
        },
        {
          "speaker": "speaker1",
          "personaID": "35371",
          "participantID": "3405",
          "utterance": "예방차원에서 검사해보는 거 나쁘지 않은것 같아요. ",
          "summary": "나는 예방차원에서 검사해보는 것도 나쁘지 않다고 생각한다.",
          "date": "2022-11-28",
          "time": "13:48:09",
          "terminate": "false"
        },
        {
          "speaker": "speaker2",
          "personaID": "35670",
          "participantID": "4555",
          "utterance": "손목에 정신 팔려서 관절만 생각했지 다른 질병은 생각을 안해봤네요.  네 내일쯤 시간나면 다녀와야겠어요.",
          "summary": "나는 손목에 정신 팔려서 관절만 생각했다",
          "date": "2022-11-28",
          "time": "13:48:54",
          "terminate": "false"
        },
        {
          "speaker": "speaker1",
          "personaID": "35371",
          "participantID": "3405",
          "utterance": "신기하게도 어릴땐 병원은 죽을만큼 안아프면 잘 안가게 되더라구요. 근데 이젠 나이가 드니 조금만 이상해도 가게 되네요. 병원 잘 다녀오세요 ",
          "summary": "나는 나이가 드니까 조금만 이상해도 병원에 가게 된다.",
          "date": "2022-11-28",
          "time": "14:15:45",
          "terminate": "false"
        },
        {
          "speaker": "speaker2",
          "personaID": "35670",
          "participantID": "4555",
          "utterance": "오늘 다녀와보려구요. 대화즐거웠습니다. 나중에 또 뵈어요.",
          "summary": "",
          "date": "2022-11-28",
          "time": "14:16:43",
          "terminate": "true"
        }
      ],
      "sessionPersonaSummary": {
        "speaker1": [
          "나는 요즘 주변에 아픈 분들이 너무 많다.",
          "나는 예전에 손목에 주사를 맞으러 다녔다.",
          "나는 갑상선 기능 저하증 때문에 피검사를 하고 왔다.",
          "나는 난임센터를 다니면서 피검사로 알게 되었는데 약을 안 먹어도 되지만 임신 준비 때문에 먹고 있다.",
          "나는 예방차원에서 검사해보는 것도 나쁘지 않다고 생각한다.",
          "나는 나이가 드니까 조금만 이상해도 병원에 가게 된다."
        ],
        "speaker2": [
          "나는 요즘 병원에 다니고 있다",
          "나는 예전부터 손목이 안 좋았다",
          "나는 직업상 손을 안 쓸 수가 없다",
          "나는 내가 모르고 있는 걸까 봐 무섭다",
          "나는 산부인과에 안 간 지 꽤 되었다",
          "나는 손목에 정신 팔려서 관절만 생각했다"
        ]
      },
      "prevAggregatedpersonaSummary": {
        "speaker1": [
          "나는 30대 여성이다.",
          "나는 서울에 거주하고 있으며 11월이 생일이다.",
          "나는 시원한 날씨를 싫어하고 요즘 날씨가 겨울 같지 않다고 생각한다.",
          "나는 청소를 좋아하지 않아서 로봇 청소기를 샀다.",
          "나는 파란색을 좋아하고 쌀국수를 즐겨 먹는다.",
          "나는 오늘 같은 날씨에 쌀국수, 칼국수가 좋다고 생각한다.",
          "나는 코로나에 걸렸다.",
          "나는 크게 코로나를 걱정하지 않았으나 너무 아프다.\n",
          "나는 독감 예방 접종을 하였다. 나는 코로나를 3차까지 접종해서 심각한 상황까지는 가지 않은 것 같다.",
          "나는 재작년까지 환절기에 결막염에 자주 걸렸는데 어느 순간부터 괜찮아졌다.",
          "나는 코로나 후유증이 아직 남아있어 조금 힘들다.",
          "나는 평상시 면역력이 떨어지지 않게 관리하는 게 중요하다고 생각한다.",
          "나는 불면증과 역류성 식도염이 생겨 당황했다.",
          "나는 커피를 좋아하는데 하루 한잔만 먹고 있다.",
          "나는 요즘 챙겨 먹는 영양제가 많다.",
          "나는 독감 예방 주사를 맞았다고 자신하지 않을 것이다."
        ],
        "speaker2": [
          "나는 30대 여성이다",
          "나는 서울에서 일한다",
          "나는 가끔 아버지가 하는 농사일을 도와드리러 시골에 간다",
          "나는 청소하는 게 지루하다",
          "나는 보라색을 좋아한다",
          "나는 칼국수를 먹을 것이다",
          "나는 8월이 생일이다",
          "나는 추울 땐 국물이 당긴다",
          "나는 전기장판을 꺼내놨다",
          "나는 독감 예방 접종을 안 받았었다",
          "나는 최근에 결막염에 걸렸다",
          "나는 비염 수술을 했다",
          "나는 알레르기성 비염과 결막염이 같이 온다",
          "나는 꽃가루 알레르기는 없다",
          "나는 요즘 피곤해서 수액을 맞았다",
          "나는 후유증이 제일 무섭다",
          "나는 몸이 피곤하면 염증 수치가 높아져서 힘들다",
          "나는 일찍 자는 게 중요한 걸 안다",
          "나는 역류성 식도염이 어떤지 안다",
          "나는 커피 마시고 낭패를 봤다",
          "나는 커피는 줄이고 영양제를 늘렸다",
          "나는 나이를 먹을수록 건강을 챙겨야 한다는 것을 느낀다",
          "나는 면역력이 중요하다고 생각한다"
        ]
      }
    }
  ]
}