{
  "FileInfo": {
    "filename": "K4-00419-CL02111-CP04984-12-01-S4.json",
    "sessionLevel": "4"
  },
  "participantsInfo": {
    "numberOfParticipants": "2",
    "speaker1": {
      "participantID": "0049",
      "gender": "남성",
      "age": "30대",
      "occupation": "자영업",
      "bPlace": "서울/경기/인천",
      "gPlace": "서울/경기/인천",
      "rPlace": "서울/경기/인천",
      "educationLevel": "고졸"
    },
    "speaker2": {
      "participantID": "0109",
      "gender": "여성",
      "age": "50대",
      "occupation": "주부",
      "bPlace": "대전/세종/충청/강원",
      "gPlace": "대전/세종/충청/강원",
      "rPlace": "대전/세종/충청/강원",
      "educationLevel": "고졸"
    }
  },
  "multisessionInfo": {
    "multisessionID": "4-00419"
  },
  "personaInfo": {
    "clInfo": {
      "personaID": "02111",
      "personaFeatures": [
        "나는 남자이다.",
        "나는 30대이다.",
        "나는 아버지와 갈등이 있다.",
        "나는 싱거운 음식을 즐겨 먹는다.",
        "나는 컨트리 음악을 좋아한다."
      ],
      "speakerType": "speaker1"
    },
    "cpInfo": {
      "personaID": "04984",
      "personaFeatures": [
        "나는 여자이다.",
        "나는 50대이다.",
        "나의 거주지는 경기도이다.",
        "나는 화덕 피자를 싫어한다.",
        "나는 위인전기를 좋아한다."
      ],
      "speakerType": "speaker2"
    }
  },
  "topicInfo": {
    "topicID": "12-01",
    "topicType": "여가와 오락>여행",
    "topicTitle": "휴양지"
  },
  "sessionInfo": [
    {
      "prevSessionID": null,
      "prevTimeInfo": {
        "timeNum": null,
        "timeUnit": null
      },
      "nthSession": "1",
      "numberOfUtterances": "14",
      "numberOfTurns": "7",
      "sessionID": "4-00419-1",
      "dialog": [
        {
          "speaker": "speaker1",
          "personaID": "02111",
          "participantID": "0049",
          "utterance": "안녕하세요! 저는 30대 남자입니다!",
          "summary": "나는 30대 남자이다.",
          "date": "2022-09-03",
          "time": "14:51:31",
          "terminate": "false"
        },
        {
          "speaker": "speaker2",
          "personaID": "04984",
          "participantID": "0109",
          "utterance": "안녕하세요~^^저는 50대 여자입니다!",
          "summary": "나는 50대 여자이다.",
          "date": "2022-09-03",
          "time": "14:51:51",
          "terminate": "false"
        },
        {
          "speaker": "speaker1",
          "personaID": "02111",
          "participantID": "0049",
          "utterance": "혹시 선생님께서는 어디에 거주 하시는지 여쭤봐도 되나요?",
          "summary": "",
          "date": "2022-09-03",
          "time": "14:51:59",
          "terminate": "false"
        },
        {
          "speaker": "speaker2",
          "personaID": "04984",
          "participantID": "0109",
          "utterance": "저는 경기도에 살고 있어요!~ 경기도 토박이입니다!",
          "summary": "나의 거주지는 경기도이다.",
          "date": "2022-09-03",
          "time": "14:52:26",
          "terminate": "false"
        },
        {
          "speaker": "speaker1",
          "personaID": "02111",
          "participantID": "0049",
          "utterance": "저는 제주도에 살고 있어요~^^ 제주도 와보신적 있나요?",
          "summary": "나의 거주지는 제주도이다.",
          "date": "2022-09-03",
          "time": "14:53:18",
          "terminate": "false"
        },
        {
          "speaker": "speaker2",
          "personaID": "04984",
          "participantID": "0109",
          "utterance": "아유 그럼요^^ 신혼여행도 제주도로 다녀왔었네요~",
          "summary": "나는 제주도로 신혼여행을 갔었다.",
          "date": "2022-09-03",
          "time": "14:53:36",
          "terminate": "false"
        },
        {
          "speaker": "speaker1",
          "personaID": "02111",
          "participantID": "0049",
          "utterance": "그러시군요~^^ 결혼하신지는 얼마나 되셨나요?",
          "summary": "",
          "date": "2022-09-03",
          "time": "14:53:57",
          "terminate": "false"
        },
        {
          "speaker": "speaker2",
          "personaID": "04984",
          "participantID": "0109",
          "utterance": "올해로 27년차네요~ 말하고보니 새삼 오래됐네요 하하하.",
          "summary": "나는 결혼 27년 차이다.",
          "date": "2022-09-03",
          "time": "14:54:34",
          "terminate": "false"
        },
        {
          "speaker": "speaker1",
          "personaID": "02111",
          "participantID": "0049",
          "utterance": "오 그러시군요! 선생님은 취미생활이 있으신가요?",
          "summary": "",
          "date": "2022-09-03",
          "time": "14:55:41",
          "terminate": "false"
        },
        {
          "speaker": "speaker2",
          "personaID": "04984",
          "participantID": "0109",
          "utterance": "여기서 나이먹은게 탄로날지도 모르겠네요^^위인 전기 읽는 걸 좋아해요~",
          "summary": "나는 위인전기를 좋아한다.",
          "date": "2022-09-03",
          "time": "14:57:05",
          "terminate": "false"
        },
        {
          "speaker": "speaker1",
          "personaID": "02111",
          "participantID": "0049",
          "utterance": "오~ 저는 어릴때 빼곤 한번도 안본 장르인데~ 신기해요! 하하.",
          "summary": "",
          "date": "2022-09-03",
          "time": "14:57:47",
          "terminate": "false"
        },
        {
          "speaker": "speaker2",
          "personaID": "04984",
          "participantID": "0109",
          "utterance": "허허허^^요즘 젊은 친구들은 취미 생활로 뭘 하나요?",
          "summary": "",
          "date": "2022-09-03",
          "time": "14:58:06",
          "terminate": "false"
        },
        {
          "speaker": "speaker1",
          "personaID": "02111",
          "participantID": "0049",
          "utterance": "저는 컨트리 음악을 좋아해서 자주 들어요!~^^ 요즘 또래는 음악을 자주 들어요!",
          "summary": "나는 컨트리 음악을 좋아한다. 나의 또래는 음악을 자주 듣는다.",
          "date": "2022-09-03",
          "time": "14:59:13",
          "terminate": "false"
        },
        {
          "speaker": "speaker2",
          "personaID": "04984",
          "participantID": "0109",
          "utterance": "노래 듣는걸 좋아하는군요~ 아이고 전화들어와서 통화 좀 하고올게요!",
          "summary": "",
          "date": "2022-09-03",
          "time": "15:00:17",
          "terminate": "true"
        }
      ],
      "sessionPersonaSummary": {
        "speaker1": [
          "나는 30대 남자이다.",
          "나의 거주지는 제주도이다.",
          "나는 컨트리 음악을 좋아한다. 나의 또래는 음악을 자주 듣는다."
        ],
        "speaker2": [
          "나는 50대 여자이다.",
          "나의 거주지는 경기도이다.",
          "나는 제주도로 신혼여행을 갔었다.",
          "나는 결혼 27년 차이다.",
          "나는 위인전기를 좋아한다."
        ]
      },
      "prevAggregatedpersonaSummary": {
        "speaker1": [],
        "speaker2": []
      }
    },
    {
      "prevSessionID": "4-00419-1",
      "prevTimeInfo": {
        "timeNum": "3",
        "timeUnit": "시간"
      },
      "nthSession": "2",
      "numberOfUtterances": "14",
      "numberOfTurns": "7",
      "sessionID": "4-00419-2",
      "dialog": [
        {
          "speaker": "speaker1",
          "personaID": "02111",
          "participantID": "0049",
          "utterance": "어머 저도 갑자기 볼일을 보다가 시계보니 3시간이 지났네요~^^",
          "summary": "",
          "date": "2022-09-03",
          "time": "14:59:58",
          "terminate": "false"
        },
        {
          "speaker": "speaker2",
          "personaID": "04984",
          "participantID": "0109",
          "utterance": "바쁘셨나봐요~ 무슨 일을 분이신가요?",
          "summary": "",
          "date": "2022-09-03",
          "time": "15:00:29",
          "terminate": "false"
        },
        {
          "speaker": "speaker1",
          "personaID": "02111",
          "participantID": "0049",
          "utterance": "저는 사진 작가에요!선생님은 또 다시 제주도로 여행 오실 계획은 없으신가요?",
          "summary": "나는 사진작가이다.",
          "date": "2022-09-03",
          "time": "15:00:32",
          "terminate": "false"
        },
        {
          "speaker": "speaker2",
          "personaID": "04984",
          "participantID": "0109",
          "utterance": "이번에 아들이 제주도로 크루즈 여행을 보내준가고해서 갈 계획이에요ㅎㅎ.",
          "summary": "나의 아들이 제주도 크루즈 여행을 계획 중이다.",
          "date": "2022-09-03",
          "time": "15:01:18",
          "terminate": "false"
        },
        {
          "speaker": "speaker1",
          "personaID": "02111",
          "participantID": "0049",
          "utterance": "오! 그러시군요~^^ 요즘 제주도가 다시 으뜸 휴양지로 돌아온것같아서 기분이 좋네요!",
          "summary": "",
          "date": "2022-09-03",
          "time": "15:01:42",
          "terminate": "false"
        },
        {
          "speaker": "speaker2",
          "personaID": "04984",
          "participantID": "0109",
          "utterance": "그러게요~ 근데 가보면 제주도가 참 좋더라구요~ 먹거리도 많고 자연도 너무 예쁘고! 제주도 살면 좋겠어요!",
          "summary": "",
          "date": "2022-09-03",
          "time": "15:02:34",
          "terminate": "false"
        },
        {
          "speaker": "speaker1",
          "personaID": "02111",
          "participantID": "0049",
          "utterance": "그리고 언어장벽도 안생기고요! 하하 맞죠?",
          "summary": "",
          "date": "2022-09-03",
          "time": "15:02:51",
          "terminate": "false"
        },
        {
          "speaker": "speaker2",
          "personaID": "04984",
          "participantID": "0109",
          "utterance": "그게 가장 중요한 것같네요~ 평상시에 여행을 자주 다니세요?",
          "summary": "",
          "date": "2022-09-03",
          "time": "15:03:09",
          "terminate": "false"
        },
        {
          "speaker": "speaker1",
          "personaID": "02111",
          "participantID": "0049",
          "utterance": "저는 아무래도 사진 작가다 보니까 제주도는 다 돌아다니고 있는 것같아요! 요즘 피크거든요!",
          "summary": "나는 요즘 피크이다.",
          "date": "2022-09-03",
          "time": "15:03:42",
          "terminate": "false"
        },
        {
          "speaker": "speaker2",
          "personaID": "04984",
          "participantID": "0109",
          "utterance": "아~ 그렇구나~저는 나이를 먹어서 그런지 관광보다는 휴양지만 찾게 되더라구요.",
          "summary": "나는 관광보다는 휴양지를 가는 게 더 좋다.",
          "date": "2022-09-03",
          "time": "15:04:06",
          "terminate": "false"
        },
        {
          "speaker": "speaker1",
          "personaID": "02111",
          "participantID": "0049",
          "utterance": "그러게요~^^ 저는 근데 요즘 발리나 칸쿤같은 해외 휴양지에 관심이 가더라구요!",
          "summary": "나는 해외 휴양지에 관심이 많다.",
          "date": "2022-09-03",
          "time": "15:04:24",
          "terminate": "false"
        },
        {
          "speaker": "speaker2",
          "personaID": "04984",
          "participantID": "0109",
          "utterance": "조만간 아들이 해외를 보내준다고는 했는데 과연 지킬지 모르겠어요^^하하.",
          "summary": "나는 아들이 해외여행을 보내준다고 했었다.",
          "date": "2022-09-03",
          "time": "15:04:49",
          "terminate": "false"
        },
        {
          "speaker": "speaker1",
          "personaID": "02111",
          "participantID": "0049",
          "utterance": "정말요? 어디 여행가시는 지 여쭤봐도 되나요?",
          "summary": "",
          "date": "2022-09-03",
          "time": "15:05:21",
          "terminate": "false"
        },
        {
          "speaker": "speaker2",
          "personaID": "04984",
          "participantID": "0109",
          "utterance": "괌 보내준다더라구요~ ^^전화해서 한번 물어봐야겠어요 잠시만요!",
          "summary": "",
          "date": "2022-09-03",
          "time": "15:05:49",
          "terminate": "true"
        }
      ],
      "sessionPersonaSummary": {
        "speaker1": [
          "나는 사진작가이다.",
          "나는 요즘 피크이다.",
          "나는 해외 휴양지에 관심이 많다."
        ],
        "speaker2": [
          "나의 아들이 제주도 크루즈 여행을 계획 중이다.",
          "나는 관광보다는 휴양지를 가는 게 더 좋다.",
          "나는 아들이 해외여행을 보내준다고 했었다."
        ]
      },
      "prevAggregatedpersonaSummary": {
        "speaker1": [
          "나는 30대 남자이다.",
          "나의 거주지는 제주도이다.",
          "나는 컨트리 음악을 좋아한다. 나의 또래는 음악을 자주 듣는다."
        ],
        "speaker2": [
          "나는 50대 여자이다.",
          "나의 거주지는 경기도이다.",
          "나는 제주도로 신혼여행을 갔었다.",
          "나는 결혼 27년 차이다.",
          "나는 위인전기를 좋아한다."
        ]
      }
    },
    {
      "prevSessionID": "4-00419-2",
      "prevTimeInfo": {
        "timeNum": "1",
        "timeUnit": "일"
      },
      "nthSession": "3",
      "numberOfUtterances": "14",
      "numberOfTurns": "7",
      "sessionID": "4-00419-3",
      "dialog": [
        {
          "speaker": "speaker1",
          "personaID": "02111",
          "participantID": "0049",
          "utterance": "어제 업무 예약을 잡으라 연락을 못드렸네요! 식사는 드셧나요?",
          "summary": "",
          "date": "2022-09-03",
          "time": "15:05:51",
          "terminate": "false"
        },
        {
          "speaker": "speaker2",
          "personaID": "04984",
          "participantID": "0109",
          "utterance": "동료들이랑 냉면 한그릇 먹고왔어요^^선생님은 식사하셨어요?",
          "summary": "나는 동료들이랑 냉면을 먹었다.",
          "date": "2022-09-03",
          "time": "15:06:23",
          "terminate": "false"
        },
        {
          "speaker": "speaker1",
          "personaID": "02111",
          "participantID": "0049",
          "utterance": "그렇군요~^^ 저는 간 안된 소바를 먹고 왔어요!",
          "summary": "나는 간 안된 소바를 먹고 왔다.",
          "date": "2022-09-03",
          "time": "15:06:55",
          "terminate": "false"
        },
        {
          "speaker": "speaker2",
          "personaID": "04984",
          "participantID": "0109",
          "utterance": "왜 하필 간이 안된 소바를 드셨을까요? 소바는 와사비맛 아닌가요?",
          "summary": "",
          "date": "2022-09-03",
          "time": "15:07:23",
          "terminate": "false"
        },
        {
          "speaker": "speaker1",
          "personaID": "02111",
          "participantID": "0049",
          "utterance": "저는 이상하게 싱거운 음식이 입에 잘맞더라구요~^^그래서 자주 즐겨먹어요!",
          "summary": "나는 싱거운 음식을 즐겨 먹는다.",
          "date": "2022-09-03",
          "time": "15:07:35",
          "terminate": "false"
        },
        {
          "speaker": "speaker2",
          "personaID": "04984",
          "participantID": "0109",
          "utterance": "아 그렇구나~ 나이먹으면 자꾸 짜게먹게되더라구요 저도 싱겁게먹어야할텐데..",
          "summary": "나는 나이를 먹으니 자꾸 짜게 먹게 된다.",
          "date": "2022-09-03",
          "time": "15:07:57",
          "terminate": "false"
        },
        {
          "speaker": "speaker1",
          "personaID": "02111",
          "participantID": "0049",
          "utterance": "저는 간이 쎈 음식을 먹으면 자꾸 화장실을 가게 되거든요!",
          "summary": "나는 간이 센 음식을 먹으면 자꾸 화장실을 가게 된다.",
          "date": "2022-09-03",
          "time": "15:08:36",
          "terminate": "false"
        },
        {
          "speaker": "speaker2",
          "personaID": "04984",
          "participantID": "0109",
          "utterance": "아 장이 좀 불편한가보네요~ 그러면 싱겁게먹는게 좋죠^^",
          "summary": "",
          "date": "2022-09-03",
          "time": "15:08:54",
          "terminate": "false"
        },
        {
          "speaker": "speaker1",
          "personaID": "02111",
          "participantID": "0049",
          "utterance": "네^^ 선생님은 입맛에 안맞는 음식이 있나요?",
          "summary": "",
          "date": "2022-09-03",
          "time": "15:09:26",
          "terminate": "false"
        },
        {
          "speaker": "speaker2",
          "personaID": "04984",
          "participantID": "0109",
          "utterance": "저는 이상하게 화덕피자를 안좋아해요~",
          "summary": "나는 화덕 피자를 싫어한다.",
          "date": "2022-09-03",
          "time": "15:10:43",
          "terminate": "false"
        },
        {
          "speaker": "speaker1",
          "personaID": "02111",
          "participantID": "0049",
          "utterance": "헉 화덕피자를 안좋아하시게 된 계기가 있나요?",
          "summary": "",
          "date": "2022-09-03",
          "time": "15:11:03",
          "terminate": "false"
        },
        {
          "speaker": "speaker2",
          "personaID": "04984",
          "participantID": "0109",
          "utterance": "그거먹고 탈이 한번 나더니 그뒤로는 못먹겠더라구요~",
          "summary": "나는 화덕 피자를 먹고 탈이 났었다.",
          "date": "2022-09-03",
          "time": "15:11:34",
          "terminate": "false"
        },
        {
          "speaker": "speaker1",
          "personaID": "02111",
          "participantID": "0049",
          "utterance": "앗 그러시군요! 다들 트라우마가 있죠! 앗 저 전화한통만 하구올게요~^^",
          "summary": "",
          "date": "2022-09-03",
          "time": "15:11:50",
          "terminate": "false"
        },
        {
          "speaker": "speaker2",
          "personaID": "04984",
          "participantID": "0109",
          "utterance": "네~^^천천히 하고오셔도 돼요~ 저도 일좀보고있을게요!",
          "summary": "",
          "date": "2022-09-03",
          "time": "15:12:08",
          "terminate": "true"
        }
      ],
      "sessionPersonaSummary": {
        "speaker1": [
          "나는 간 안된 소바를 먹고 왔다.",
          "나는 싱거운 음식을 즐겨 먹는다.",
          "나는 간이 센 음식을 먹으면 자꾸 화장실을 가게 된다."
        ],
        "speaker2": [
          "나는 동료들이랑 냉면을 먹었다.",
          "나는 나이를 먹으니 자꾸 짜게 먹게 된다.",
          "나는 화덕 피자를 싫어한다.",
          "나는 화덕 피자를 먹고 탈이 났었다."
        ]
      },
      "prevAggregatedpersonaSummary": {
        "speaker1": [
          "나는 30대 남자이다.",
          "나의 거주지는 제주도이다.",
          "나는 컨트리 음악을 좋아한다. 나의 또래는 음악을 자주 듣는다.",
          "나는 사진작가이다.",
          "나는 요즘 피크이다.",
          "나는 해외 휴양지에 관심이 많다."
        ],
        "speaker2": [
          "나는 50대 여자이다.",
          "나의 거주지는 경기도이다.",
          "나는 제주도로 신혼여행을 갔었다.",
          "나는 결혼 27년 차이다.",
          "나는 위인전기를 좋아한다.",
          "나의 아들이 제주도 크루즈 여행을 계획 중이다.",
          "나는 관광보다는 휴양지를 가는 게 더 좋다.",
          "나는 아들이 해외여행을 보내준다고 했었다."
        ]
      }
    },
    {
      "prevSessionID": "4-00419-3",
      "prevTimeInfo": {
        "timeNum": "1",
        "timeUnit": "시간"
      },
      "nthSession": "4",
      "numberOfUtterances": "14",
      "numberOfTurns": "7",
      "sessionID": "4-00419-4",
      "dialog": [
        {
          "speaker": "speaker1",
          "personaID": "02111",
          "participantID": "0049",
          "utterance": "아버지한테 전화가 왔는데 대판 싸우느라 1시간이 지난지도 몰랐네요!",
          "summary": "나는 아버지와 갈등이 있다.",
          "date": "2022-09-03",
          "time": "15:12:09",
          "terminate": "false"
        },
        {
          "speaker": "speaker2",
          "personaID": "04984",
          "participantID": "0109",
          "utterance": "아이고 무슨 일 있으신가요? 아버지랑 왜 대판 싸우셨대요?",
          "summary": "",
          "date": "2022-09-03",
          "time": "15:12:30",
          "terminate": "false"
        },
        {
          "speaker": "speaker1",
          "personaID": "02111",
          "participantID": "0049",
          "utterance": "제가 사실 비혼주의거든요.. 그것때문에 일주일에 한번은 아버지랑 싸우는 것같아요!",
          "summary": "나는 비혼 주의이다. 나는 아버지랑 일주일에 한 번씩 싸운다.",
          "date": "2022-09-03",
          "time": "15:12:52",
          "terminate": "false"
        },
        {
          "speaker": "speaker2",
          "personaID": "04984",
          "participantID": "0109",
          "utterance": "아이고 근데 저도 자식가진 입장으로서 부모님 마음이 조금 이해는 가네요.",
          "summary": "",
          "date": "2022-09-03",
          "time": "15:13:14",
          "terminate": "false"
        },
        {
          "speaker": "speaker1",
          "personaID": "02111",
          "participantID": "0049",
          "utterance": "그렇긴 하죠.. 근데 저는 결혼을 해야한다는 걸 못느끼는 편이에요..",
          "summary": "",
          "date": "2022-09-03",
          "time": "15:13:46",
          "terminate": "false"
        },
        {
          "speaker": "speaker2",
          "personaID": "04984",
          "participantID": "0109",
          "utterance": "근데 부모가 평생 함께 할수가없기때문에 내자식도 혼자 살아가는 것보다 또다른 가족들과 함께했으면 하는 마음일거에요~",
          "summary": "",
          "date": "2022-09-03",
          "time": "15:14:42",
          "terminate": "false"
        },
        {
          "speaker": "speaker1",
          "personaID": "02111",
          "participantID": "0049",
          "utterance": "그렇군요...오래전이지만 선생님은 결혼을 결심하게 되는 계기가 있으신가요?",
          "summary": "",
          "date": "2022-09-03",
          "time": "15:14:47",
          "terminate": "false"
        },
        {
          "speaker": "speaker2",
          "personaID": "04984",
          "participantID": "0109",
          "utterance": "저때는 그게 그냥 당연했어요^^중매서서 결혼했거든요~",
          "summary": "나는 중매로 결혼했다.",
          "date": "2022-09-03",
          "time": "15:15:27",
          "terminate": "false"
        },
        {
          "speaker": "speaker1",
          "personaID": "02111",
          "participantID": "0049",
          "utterance": "아 그렇군요! 저는 아직 제 인생을 함께 할 여자친구를 못만나서 그런걸지도 모르겠네요...",
          "summary": "",
          "date": "2022-09-03",
          "time": "15:15:59",
          "terminate": "false"
        },
        {
          "speaker": "speaker2",
          "personaID": "04984",
          "participantID": "0109",
          "utterance": "살다보면 연이 어딘가에는 있을거에요~ 그냥 부모님한테는 우선 알겠다고 대답만 하는게 나을지도몰라요~",
          "summary": "",
          "date": "2022-09-03",
          "time": "15:16:29",
          "terminate": "false"
        },
        {
          "speaker": "speaker1",
          "personaID": "02111",
          "participantID": "0049",
          "utterance": "하하 그래야겠네요.. 사실 너무 화를 내서 마음이 쓰이는데 어머니한테라도 전화해서 아버지 위로해드리라 해야겠어요!",
          "summary": "나는 어머니에게 전화할 예정이다.",
          "date": "2022-09-03",
          "time": "15:16:52",
          "terminate": "false"
        },
        {
          "speaker": "speaker2",
          "personaID": "04984",
          "participantID": "0109",
          "utterance": "그래요~ 결국은 또 마음쓰이는건 본인이니까ㅠㅠ너무 그러지말아요~",
          "summary": "",
          "date": "2022-09-03",
          "time": "15:17:15",
          "terminate": "false"
        },
        {
          "speaker": "speaker1",
          "personaID": "02111",
          "participantID": "0049",
          "utterance": "선생님 조언 덕에 다시한번 더 진지하게 생각해봐야겠네요~^^ 조언감사해요!",
          "summary": "",
          "date": "2022-09-03",
          "time": "15:17:19",
          "terminate": "false"
        },
        {
          "speaker": "speaker2",
          "personaID": "04984",
          "participantID": "0109",
          "utterance": "아이구 아니에요~ 그래도 대화하는동안 너무 즐거웠네요^^다음에 또 대화나눠요~",
          "summary": "",
          "date": "2022-09-03",
          "time": "15:17:39",
          "terminate": "true"
        }
      ],
      "sessionPersonaSummary": {
        "speaker1": [
          "나는 아버지와 갈등이 있다.",
          "나는 비혼 주의이다. 나는 아버지랑 일주일에 한 번씩 싸운다.",
          "나는 어머니에게 전화할 예정이다."
        ],
        "speaker2": [
          "나는 중매로 결혼했다."
        ]
      },
      "prevAggregatedpersonaSummary": {
        "speaker1": [
          "나는 30대 남자이다.",
          "나의 거주지는 제주도이다.",
          "나는 컨트리 음악을 좋아한다. 나의 또래는 음악을 자주 듣는다.",
          "나는 사진작가이다.",
          "나는 요즘 피크이다.",
          "나는 해외 휴양지에 관심이 많다.",
          "나는 간 안된 소바를 먹고 왔다.",
          "나는 싱거운 음식을 즐겨 먹는다.",
          "나는 간이 센 음식을 먹으면 자꾸 화장실을 가게 된다."
        ],
        "speaker2": [
          "나는 50대 여자이다.",
          "나의 거주지는 경기도이다.",
          "나는 제주도로 신혼여행을 갔었다.",
          "나는 결혼 27년 차이다.",
          "나는 위인전기를 좋아한다.",
          "나의 아들이 제주도 크루즈 여행을 계획 중이다.",
          "나는 관광보다는 휴양지를 가는 게 더 좋다.",
          "나는 아들이 해외여행을 보내준다고 했었다.",
          "나는 동료들이랑 냉면을 먹었다.",
          "나는 나이를 먹으니 자꾸 짜게 먹게 된다.",
          "나는 화덕 피자를 싫어한다.",
          "나는 화덕 피자를 먹고 탈이 났었다."
        ]
      }
    }
  ]
}