{
  "FileInfo": {
    "filename": "K4-00223-CL21418-CP22096-17-08-S4.json",
    "sessionLevel": "4"
  },
  "participantsInfo": {
    "numberOfParticipants": "2",
    "speaker1": {
      "participantID": "2219",
      "gender": "여성",
      "age": "20대",
      "occupation": "사무직",
      "bPlace": "부산/대구/울산/경상",
      "gPlace": "부산/대구/울산/경상",
      "rPlace": "부산/대구/울산/경상",
      "educationLevel": "대졸"
    },
    "speaker2": {
      "participantID": "2215",
      "gender": "여성",
      "age": "20대",
      "occupation": "주부",
      "bPlace": "서울/경기/인천",
      "gPlace": "서울/경기/인천",
      "rPlace": "서울/경기/인천",
      "educationLevel": "대졸"
    }
  },
  "multisessionInfo": {
    "multisessionID": "4-00223"
  },
  "personaInfo": {
    "clInfo": {
      "personaID": "21418",
      "personaFeatures": [
        "나는 여자이다.",
        "나는 20대이다.",
        "나의 거주지는 여수이다.",
        "나는 돈을 쓰는 것을 싫어한다.",
        "나는 에세이를 가끔 읽는다."
      ],
      "speakerType": "speaker1"
    },
    "cpInfo": {
      "personaID": "22096",
      "personaFeatures": [
        "나는 여자이다.",
        "나는 20대이다.",
        "나는 요즘, 가끔 우울하다.",
        "나는 토익스피킹 자격증을 준비한다.",
        "나는 액션 영화를 자주 본다."
      ],
      "speakerType": "speaker2"
    }
  },
  "topicInfo": {
    "topicID": "17-08",
    "topicType": "미용과 건강>건강",
    "topicTitle": "병원"
  },
  "sessionInfo": [
    {
      "prevSessionID": null,
      "prevTimeInfo": {
        "timeNum": null,
        "timeUnit": null
      },
      "nthSession": "1",
      "numberOfUtterances": "18",
      "numberOfTurns": "9",
      "sessionID": "4-00223-1",
      "dialog": [
        {
          "speaker": "speaker1",
          "personaID": "21418",
          "participantID": "2219",
          "utterance": "반갑습니다! 저는 20대 여자입니다~^^",
          "summary": "나는 20대 여자이다.",
          "date": "2022-10-17",
          "time": "20:29:00",
          "terminate": "false"
        },
        {
          "speaker": "speaker2",
          "personaID": "22096",
          "participantID": "2215",
          "utterance": "오 처음뵐게요! 저는 20대 여자랍니다^^",
          "summary": "나는 20대 여자이다.",
          "date": "2022-10-17",
          "time": "20:29:16",
          "terminate": "false"
        },
        {
          "speaker": "speaker1",
          "personaID": "21418",
          "participantID": "2219",
          "utterance": "우와 같은 또래분을 만났네요? 서로 일상 얘기하면서 편하게 대화 나눠봐요~",
          "summary": "",
          "date": "2022-10-17",
          "time": "20:29:30",
          "terminate": "false"
        },
        {
          "speaker": "speaker2",
          "personaID": "22096",
          "participantID": "2215",
          "utterance": "그러게요 같은 연령대를 만나서 다행인거같아요.",
          "summary": "",
          "date": "2022-10-17",
          "time": "20:29:39",
          "terminate": "false"
        },
        {
          "speaker": "speaker1",
          "personaID": "21418",
          "participantID": "2219",
          "utterance": "그러니까요! 근데 존댓말..쓰기도 어색한데 우리 그냥 말 놓는거 어때요?ㅎㅎ.",
          "summary": "나는 존댓말 쓰는 게 어색하다.",
          "date": "2022-10-17",
          "time": "20:29:50",
          "terminate": "false"
        },
        {
          "speaker": "speaker2",
          "personaID": "22096",
          "participantID": "2215",
          "utterance": "좋지~ 안그래도 요즘 친구가 없어서 우울했는데~ 친구생긴거같고 좋네^^",
          "summary": "나는 요즘, 가끔 우울하다.",
          "date": "2022-10-17",
          "time": "20:30:02",
          "terminate": "false"
        },
        {
          "speaker": "speaker1",
          "personaID": "21418",
          "participantID": "2219",
          "utterance": "우울해하지마~ 이제 친구가 생겼잖아^^",
          "summary": "",
          "date": "2022-10-17",
          "time": "20:30:14",
          "terminate": "false"
        },
        {
          "speaker": "speaker2",
          "personaID": "22096",
          "participantID": "2215",
          "utterance": "고마우이~~ 너는 어디에 살아? 나는 전주에살아^^",
          "summary": "나의 거주지는 전주이다.",
          "date": "2022-10-17",
          "time": "20:30:25",
          "terminate": "false"
        },
        {
          "speaker": "speaker1",
          "personaID": "21418",
          "participantID": "2219",
          "utterance": "나는 여수에 사는데 와? 우리 엄청 가깝게 사네?",
          "summary": "나의 거주지는 여수이다.",
          "date": "2022-10-17",
          "time": "20:30:39",
          "terminate": "false"
        },
        {
          "speaker": "speaker2",
          "personaID": "22096",
          "participantID": "2215",
          "utterance": "오 여수 밤바다~~~ 맞지? 우와 나 여수 진짜 자주가는데.",
          "summary": "나는 여수에 자주 간다.",
          "date": "2022-10-17",
          "time": "20:30:49",
          "terminate": "false"
        },
        {
          "speaker": "speaker1",
          "personaID": "21418",
          "participantID": "2219",
          "utterance": "나는 전주 자주 가 ㅋㅋㅋㅋ우리 언제한번 만날까?",
          "summary": "나는 전주에 자주 간다.",
          "date": "2022-10-17",
          "time": "20:31:06",
          "terminate": "false"
        },
        {
          "speaker": "speaker2",
          "personaID": "22096",
          "participantID": "2215",
          "utterance": "진짜로? 거짓말안하고 내 최애 여행지거든^^ 진짜 만나자 친구야.",
          "summary": "나는 최애 여행지가 여수이다.",
          "date": "2022-10-17",
          "time": "20:31:19",
          "terminate": "false"
        },
        {
          "speaker": "speaker1",
          "personaID": "21418",
          "participantID": "2219",
          "utterance": "근데.. 한가지 조건이 있어ㅠㅠ들어줄수있나?",
          "summary": "",
          "date": "2022-10-17",
          "time": "20:31:35",
          "terminate": "false"
        },
        {
          "speaker": "speaker2",
          "personaID": "22096",
          "participantID": "2215",
          "utterance": "뭔데? 만나는거하나가지고 까짓거 들어줄게 말해봐.",
          "summary": "",
          "date": "2022-10-17",
          "time": "20:31:41",
          "terminate": "false"
        },
        {
          "speaker": "speaker1",
          "personaID": "21418",
          "participantID": "2219",
          "utterance": "내가 돈쓰는걸 싫어해서.... 너한테 얻어먹을 예정인데 괜찮아?",
          "summary": "나는 돈을 쓰는 것을 싫어한다.",
          "date": "2022-10-17",
          "time": "20:31:53",
          "terminate": "false"
        },
        {
          "speaker": "speaker2",
          "personaID": "22096",
          "participantID": "2215",
          "utterance": "하.. 하하 나도 지금 취업준비생이라~ 이번에 @브랜드명1@ 스피킹 자격증 볼 시험도 아껴가고있는데.",
          "summary": "나는 @브랜드명2@ 자격증을 준비한다. 나는 취업준비생이다.",
          "date": "2022-10-17",
          "time": "20:32:17",
          "terminate": "false"
        },
        {
          "speaker": "speaker1",
          "personaID": "21418",
          "participantID": "2219",
          "utterance": "농담이야 농담^^그럼 더치페이 하자! 이건 괜찮지?",
          "summary": "",
          "date": "2022-10-17",
          "time": "20:32:29",
          "terminate": "false"
        },
        {
          "speaker": "speaker2",
          "personaID": "22096",
          "participantID": "2215",
          "utterance": "당연하지^^ 좋은 결말이야~ 나 그럼 @브랜드명1@ 공부좀 하고올게.",
          "summary": "",
          "date": "2022-10-17",
          "time": "20:32:45",
          "terminate": "true"
        }
      ],
      "sessionPersonaSummary": {
        "speaker1": [
          "나는 20대 여자이다.",
          "나는 존댓말 쓰는 게 어색하다.",
          "나의 거주지는 여수이다.",
          "나는 전주에 자주 간다.",
          "나는 돈을 쓰는 것을 싫어한다."
        ],
        "speaker2": [
          "나는 20대 여자이다.",
          "나는 요즘, 가끔 우울하다.",
          "나의 거주지는 전주이다.",
          "나는 여수에 자주 간다.",
          "나는 최애 여행지가 여수이다.",
          "나는 @브랜드명2@ 자격증을 준비한다. 나는 취업준비생이다."
        ]
      },
      "prevAggregatedpersonaSummary": {
        "speaker1": [],
        "speaker2": []
      }
    },
    {
      "prevSessionID": "4-00223-1",
      "prevTimeInfo": {
        "timeNum": "4",
        "timeUnit": "일"
      },
      "nthSession": "2",
      "numberOfUtterances": "18",
      "numberOfTurns": "9",
      "sessionID": "4-00223-2",
      "dialog": [
        {
          "speaker": "speaker1",
          "personaID": "21418",
          "participantID": "2219",
          "utterance": "4일만에 연락하는 것같네 친구야 어떻게 지내고 있어?",
          "summary": "",
          "date": "2022-10-17",
          "time": "20:33:00",
          "terminate": "false"
        },
        {
          "speaker": "speaker2",
          "personaID": "22096",
          "participantID": "2215",
          "utterance": "그러게 왜이렇게 오랜만에 연락을 주는거야 무슨일 있어?",
          "summary": "",
          "date": "2022-10-17",
          "time": "20:33:22",
          "terminate": "false"
        },
        {
          "speaker": "speaker1",
          "personaID": "21418",
          "participantID": "2219",
          "utterance": "아.. 내가 운동하다가 좀 다쳐가지고ㅠㅠ입원했어..",
          "summary": "나는 운동을 하다 다쳐서 입원을 했다.",
          "date": "2022-10-17",
          "time": "20:33:45",
          "terminate": "false"
        },
        {
          "speaker": "speaker2",
          "personaID": "22096",
          "participantID": "2215",
          "utterance": "아그래? 어디가? 어쩌다? 어떻게? 많이 다친거야?",
          "summary": "",
          "date": "2022-10-17",
          "time": "20:33:54",
          "terminate": "false"
        },
        {
          "speaker": "speaker1",
          "personaID": "21418",
          "participantID": "2219",
          "utterance": "아 다리가 부러졌어..ㅠㅠ.. 하핫 운동을 너무 열심히 했나봐.",
          "summary": "나는 다리가 부러졌다.",
          "date": "2022-10-17",
          "time": "20:34:14",
          "terminate": "false"
        },
        {
          "speaker": "speaker2",
          "personaID": "22096",
          "participantID": "2215",
          "utterance": "대체 무슨운동을 했길래~ 그래서 병원에서는뭐래.",
          "summary": "",
          "date": "2022-10-17",
          "time": "20:34:30",
          "terminate": "false"
        },
        {
          "speaker": "speaker1",
          "personaID": "21418",
          "participantID": "2219",
          "utterance": "아 내가 요즘 주짓수 배우고있거든..ㅠㅠ승부욕이 생겨서.. 병원에서는 괜찮대^^",
          "summary": "나는 요즘 주짓수를 배우고 있다.",
          "date": "2022-10-17",
          "time": "20:34:41",
          "terminate": "false"
        },
        {
          "speaker": "speaker2",
          "personaID": "22096",
          "participantID": "2215",
          "utterance": "아진짜? 그거 되게 힘들다던데~ 그래서 언제까지 입원해야는거야?",
          "summary": "",
          "date": "2022-10-17",
          "time": "20:35:03",
          "terminate": "false"
        },
        {
          "speaker": "speaker1",
          "personaID": "21418",
          "participantID": "2219",
          "utterance": "일주일정도 입원하고도 2주는 통원치료 하면서 깁스 생활해야해ㅠㅠ.",
          "summary": "나는 일주일 정도 입원하고 2주 정도 통원치료를 해야 한다.",
          "date": "2022-10-17",
          "time": "20:35:21",
          "terminate": "false"
        },
        {
          "speaker": "speaker2",
          "personaID": "22096",
          "participantID": "2215",
          "utterance": "아이고~ 진짜 심하게 다치긴했나보네 조심좀 하지그랬어.",
          "summary": "",
          "date": "2022-10-17",
          "time": "20:35:32",
          "terminate": "false"
        },
        {
          "speaker": "speaker1",
          "personaID": "21418",
          "participantID": "2219",
          "utterance": "근데.. 처음 병원왔을 땐 진짜 아파죽을뻔했는데.. 그래도 지금은 좀 살만하다ㅎㅎ.",
          "summary": "",
          "date": "2022-10-17",
          "time": "20:35:50",
          "terminate": "false"
        },
        {
          "speaker": "speaker2",
          "personaID": "22096",
          "participantID": "2215",
          "utterance": "진짜 조심좀해~ 근데 병원 밥은 맛있어?",
          "summary": "",
          "date": "2022-10-17",
          "time": "20:36:04",
          "terminate": "false"
        },
        {
          "speaker": "speaker1",
          "personaID": "21418",
          "participantID": "2219",
          "utterance": "너도 운동하는거 있으면 조심해서 해.. 밥.. 맛없지ㅠㅠ너무 밍밍해.",
          "summary": "나는 병원 밥이 맛이 없다.",
          "date": "2022-10-17",
          "time": "20:36:13",
          "terminate": "false"
        },
        {
          "speaker": "speaker2",
          "personaID": "22096",
          "participantID": "2215",
          "utterance": "알겠어~ 명심할게^^ 그럼 내가 카톡으로 치킨하나 보내줄게.",
          "summary": "",
          "date": "2022-10-17",
          "time": "20:36:32",
          "terminate": "false"
        },
        {
          "speaker": "speaker1",
          "personaID": "21418",
          "participantID": "2219",
          "utterance": "진짜?에이~ 너도 취준생이라 돈없다며.. 미안하게 왜그래.",
          "summary": "",
          "date": "2022-10-17",
          "time": "20:36:51",
          "terminate": "false"
        },
        {
          "speaker": "speaker2",
          "personaID": "22096",
          "participantID": "2215",
          "utterance": "너 안그래도 돈쓰는거 싫어하니까~ 내가 시험 한번 안보면돼~",
          "summary": "",
          "date": "2022-10-17",
          "time": "20:37:01",
          "terminate": "false"
        },
        {
          "speaker": "speaker1",
          "personaID": "21418",
          "participantID": "2219",
          "utterance": "ㅋㅋㅋㅋㅋㅋ그럴래 그럼? 진짜 농담이고! 그런거 보내지마! 안받아!",
          "summary": "",
          "date": "2022-10-17",
          "time": "20:37:17",
          "terminate": "false"
        },
        {
          "speaker": "speaker2",
          "personaID": "22096",
          "participantID": "2215",
          "utterance": "그러지말고 카톡한번 확인해봐~ 먹고 완쾌해^^",
          "summary": "",
          "date": "2022-10-17",
          "time": "20:37:22",
          "terminate": "true"
        }
      ],
      "sessionPersonaSummary": {
        "speaker1": [
          "나는 운동을 하다 다쳐서 입원을 했다.",
          "나는 다리가 부러졌다.",
          "나는 요즘 주짓수를 배우고 있다.",
          "나는 일주일 정도 입원하고 2주 정도 통원치료를 해야 한다.",
          "나는 병원 밥이 맛이 없다."
        ],
        "speaker2": []
      },
      "prevAggregatedpersonaSummary": {
        "speaker1": [
          "나는 20대 여자이다.",
          "나는 존댓말 쓰는 게 어색하다.",
          "나의 거주지는 여수이다.",
          "나는 전주에 자주 간다.",
          "나는 돈을 쓰는 것을 싫어한다."
        ],
        "speaker2": [
          "나는 20대 여자이다.",
          "나는 요즘, 가끔 우울하다.",
          "나의 거주지는 전주이다.",
          "나는 여수에 자주 간다.",
          "나는 최애 여행지가 여수이다.",
          "나는 @브랜드명2@ 자격증을 준비한다. 나는 취업준비생이다."
        ]
      }
    },
    {
      "prevSessionID": "4-00223-2",
      "prevTimeInfo": {
        "timeNum": "3",
        "timeUnit": "주"
      },
      "nthSession": "3",
      "numberOfUtterances": "18",
      "numberOfTurns": "9",
      "sessionID": "4-00223-3",
      "dialog": [
        {
          "speaker": "speaker1",
          "personaID": "21418",
          "participantID": "2219",
          "utterance": "친구야.. 나 이제 일상 생활 완전 가능~^^오랜만이지?",
          "summary": "",
          "date": "2022-10-17",
          "time": "20:37:33",
          "terminate": "false"
        },
        {
          "speaker": "speaker2",
          "personaID": "22096",
          "participantID": "2215",
          "utterance": "오 그래서 지금은 완전 괜찮아진거야? 다행이네!",
          "summary": "",
          "date": "2022-10-17",
          "time": "20:37:49",
          "terminate": "false"
        },
        {
          "speaker": "speaker1",
          "personaID": "21418",
          "participantID": "2219",
          "utterance": "응응! 오늘부터 다시 주짓수 가려고! 헤헷.",
          "summary": "나는 다시 주짓수를 갈 것이다.",
          "date": "2022-10-17",
          "time": "20:38:00",
          "terminate": "false"
        },
        {
          "speaker": "speaker2",
          "personaID": "22096",
          "participantID": "2215",
          "utterance": "야이~ 나은지 얼마나됐다고 바로 운동을 가니.",
          "summary": "",
          "date": "2022-10-17",
          "time": "20:38:11",
          "terminate": "false"
        },
        {
          "speaker": "speaker1",
          "personaID": "21418",
          "participantID": "2219",
          "utterance": "근데.. 나 진짜 얼마만에 샤워한건지 모르겠어.. 너무 좋다 개운해.",
          "summary": "",
          "date": "2022-10-17",
          "time": "20:38:23",
          "terminate": "false"
        },
        {
          "speaker": "speaker2",
          "personaID": "22096",
          "participantID": "2215",
          "utterance": "으 그건 조금 드러운거같아.. 왠지 냄새날거같아.",
          "summary": "",
          "date": "2022-10-17",
          "time": "20:38:37",
          "terminate": "false"
        },
        {
          "speaker": "speaker1",
          "personaID": "21418",
          "participantID": "2219",
          "utterance": "에이.. 어쩔수없잖아^^.. 지금은 안나~ 다리 깁스 푼 기념으로 전주나갈까?",
          "summary": "",
          "date": "2022-10-17",
          "time": "20:39:04",
          "terminate": "false"
        },
        {
          "speaker": "speaker2",
          "personaID": "22096",
          "participantID": "2215",
          "utterance": "오 좋아^^ 전주놀러와라~ 언니가 가이드해줄게^^",
          "summary": "",
          "date": "2022-10-17",
          "time": "20:39:18",
          "terminate": "false"
        },
        {
          "speaker": "speaker1",
          "personaID": "21418",
          "participantID": "2219",
          "utterance": "가면 뭐하고 놀아줄거야?ㅎㅎ코스 읊어줘~",
          "summary": "",
          "date": "2022-10-17",
          "time": "20:39:30",
          "terminate": "false"
        },
        {
          "speaker": "speaker2",
          "personaID": "22096",
          "participantID": "2215",
          "utterance": "가면 내가 신시가지 데리고 가줄게^^ @브랜드명3@를 맛보게 될거야.",
          "summary": "",
          "date": "2022-10-17",
          "time": "20:39:47",
          "terminate": "false"
        },
        {
          "speaker": "speaker1",
          "personaID": "21418",
          "participantID": "2219",
          "utterance": "신시가지가 번화가야? ㅎㅎ 너 혹시.. 남자친구 있어?",
          "summary": "",
          "date": "2022-10-17",
          "time": "20:40:00",
          "terminate": "false"
        },
        {
          "speaker": "speaker2",
          "personaID": "22096",
          "participantID": "2215",
          "utterance": "나 없어~ 갑자기 왜 뜬금없이 남자친구를 물어봐~",
          "summary": "나는 남자 친구가 없다.",
          "date": "2022-10-17",
          "time": "20:40:08",
          "terminate": "false"
        },
        {
          "speaker": "speaker1",
          "personaID": "21418",
          "participantID": "2219",
          "utterance": "나도 없어!ㅎㅎ 그럼 혹시.. 너맘.. 내맘.. 같은거 맞니?",
          "summary": "나는 남자 친구가 없다.",
          "date": "2022-10-17",
          "time": "20:40:19",
          "terminate": "false"
        },
        {
          "speaker": "speaker2",
          "personaID": "22096",
          "participantID": "2215",
          "utterance": "그렇지^^ 신시가지에 내가 왜 데리고 가겠니.",
          "summary": "",
          "date": "2022-10-17",
          "time": "20:40:33",
          "terminate": "false"
        },
        {
          "speaker": "speaker1",
          "personaID": "21418",
          "participantID": "2219",
          "utterance": "오케이! 그럼 나 오늘 노출증 환자 컨셉해도 괜찮아?",
          "summary": "",
          "date": "2022-10-17",
          "time": "20:40:44",
          "terminate": "false"
        },
        {
          "speaker": "speaker2",
          "personaID": "22096",
          "participantID": "2215",
          "utterance": "그건 조금 그러니까~ 우리 그날은 따로 자야는거 알지?",
          "summary": "",
          "date": "2022-10-17",
          "time": "20:41:01",
          "terminate": "false"
        },
        {
          "speaker": "speaker1",
          "personaID": "21418",
          "participantID": "2219",
          "utterance": "응응..!! 말해 뭐해~^^우선 나 준비하고 연락할게.",
          "summary": "",
          "date": "2022-10-17",
          "time": "20:41:20",
          "terminate": "false"
        },
        {
          "speaker": "speaker2",
          "personaID": "22096",
          "participantID": "2215",
          "utterance": "나랑 이상형 겹치면 안된다~ 그럼 나중에 스케줄보고 연락줘.",
          "summary": "",
          "date": "2022-10-17",
          "time": "20:41:26",
          "terminate": "true"
        }
      ],
      "sessionPersonaSummary": {
        "speaker1": [
          "나는 다시 주짓수를 갈 것이다.",
          "나는 남자 친구가 없다."
        ],
        "speaker2": [
          "나는 남자 친구가 없다."
        ]
      },
      "prevAggregatedpersonaSummary": {
        "speaker1": [
          "나는 20대 여자이다.",
          "나는 존댓말 쓰는 게 어색하다.",
          "나의 거주지는 여수이다.",
          "나는 전주에 자주 간다.",
          "나는 돈을 쓰는 것을 싫어한다.",
          "나는 운동을 하다 다쳐서 입원을 했다.",
          "나는 다리가 부러졌다.",
          "나는 요즘 주짓수를 배우고 있다.",
          "나는 일주일 정도 입원하고 2주 정도 통원치료를 해야 한다.",
          "나는 병원 밥이 맛이 없다."
        ],
        "speaker2": [
          "나는 20대 여자이다.",
          "나는 요즘, 가끔 우울하다.",
          "나의 거주지는 전주이다.",
          "나는 여수에 자주 간다.",
          "나는 최애 여행지가 여수이다.",
          "나는 @브랜드명2@ 자격증을 준비한다. 나는 취업준비생이다."
        ]
      }
    },
    {
      "prevSessionID": "4-00223-3",
      "prevTimeInfo": {
        "timeNum": "1",
        "timeUnit": "일"
      },
      "nthSession": "4",
      "numberOfUtterances": "18",
      "numberOfTurns": "9",
      "sessionID": "4-00223-4",
      "dialog": [
        {
          "speaker": "speaker1",
          "personaID": "21418",
          "participantID": "2219",
          "utterance": "친구야 어디야..?나 여기 도착했는데!!",
          "summary": "",
          "date": "2022-10-17",
          "time": "20:41:35",
          "terminate": "false"
        },
        {
          "speaker": "speaker2",
          "personaID": "22096",
          "participantID": "2215",
          "utterance": "너 진짜 전주 온거야? 진짜로 왔어?",
          "summary": "",
          "date": "2022-10-17",
          "time": "20:41:41",
          "terminate": "false"
        },
        {
          "speaker": "speaker1",
          "personaID": "21418",
          "participantID": "2219",
          "utterance": "어!! 왜 하루 종일 연락이 안돼.. 진짜 너 죽을래?",
          "summary": "",
          "date": "2022-10-17",
          "time": "20:42:01",
          "terminate": "false"
        },
        {
          "speaker": "speaker2",
          "personaID": "22096",
          "participantID": "2215",
          "utterance": "왜 말도 없이 왔어~ 나 오늘 약속있었단 말야~",
          "summary": "",
          "date": "2022-10-17",
          "time": "20:42:08",
          "terminate": "false"
        },
        {
          "speaker": "speaker1",
          "personaID": "21418",
          "participantID": "2219",
          "utterance": "진짜 너 제 정신 아니지?..뭐 이런 애가 다있어ㅠㅠ.",
          "summary": "",
          "date": "2022-10-17",
          "time": "20:42:16",
          "terminate": "false"
        },
        {
          "speaker": "speaker2",
          "personaID": "22096",
          "participantID": "2215",
          "utterance": "미안~ 나오늘 영화보러왔어~ 썸타는 남자랑 기집애야 그러니 용서해줘.",
          "summary": "나는 영화를 썸남이랑 보러 왔다.",
          "date": "2022-10-17",
          "time": "20:42:25",
          "terminate": "false"
        },
        {
          "speaker": "speaker1",
          "personaID": "21418",
          "participantID": "2219",
          "utterance": "진짜.. 어이가 없네? 우선 왔으니까 그럼 나도 껴줘 뭐볼건데?",
          "summary": "",
          "date": "2022-10-17",
          "time": "20:43:01",
          "terminate": "false"
        },
        {
          "speaker": "speaker2",
          "personaID": "22096",
          "participantID": "2215",
          "utterance": "오늘 액션 영화 자주 봐서 이거 볼거야~ 너 액션영화 싫어하잖아~",
          "summary": "나는 액션 영화를 자주 본다.",
          "date": "2022-10-17",
          "time": "20:43:26",
          "terminate": "false"
        },
        {
          "speaker": "speaker1",
          "personaID": "21418",
          "participantID": "2219",
          "utterance": "나 액셩 영화만 봐! 다른 장르는 보지도 않아!",
          "summary": "",
          "date": "2022-10-17",
          "time": "20:43:36",
          "terminate": "false"
        },
        {
          "speaker": "speaker2",
          "personaID": "22096",
          "participantID": "2215",
          "utterance": "조금 가시나야~ 눈치껏 좀! 낄끼빠빠 몰라? 집에나 가 어서.",
          "summary": "",
          "date": "2022-10-17",
          "time": "20:43:43",
          "terminate": "false"
        },
        {
          "speaker": "speaker1",
          "personaID": "21418",
          "participantID": "2219",
          "utterance": "아니.. 너때문에 여기까지 왔는데 이건 아니잖아!!!!!!",
          "summary": "",
          "date": "2022-10-17",
          "time": "20:43:56",
          "terminate": "false"
        },
        {
          "speaker": "speaker2",
          "personaID": "22096",
          "participantID": "2215",
          "utterance": "아니~ 그뭐지? 객사 구경좀 하다가 한바퀴 놀다가 가.",
          "summary": "",
          "date": "2022-10-17",
          "time": "20:44:07",
          "terminate": "false"
        },
        {
          "speaker": "speaker1",
          "personaID": "21418",
          "participantID": "2219",
          "utterance": "아 진짜 짜증나네? 내 눈에 띄지마라ㅠㅠ너.",
          "summary": "",
          "date": "2022-10-17",
          "time": "20:44:16",
          "terminate": "false"
        },
        {
          "speaker": "speaker2",
          "personaID": "22096",
          "participantID": "2215",
          "utterance": "나 문화상품권 있는데 이거 줄게 그럼 됐니?",
          "summary": "",
          "date": "2022-10-17",
          "time": "20:44:28",
          "terminate": "false"
        },
        {
          "speaker": "speaker1",
          "personaID": "21418",
          "participantID": "2219",
          "utterance": "응.. 알겠어 에세이 책 하나 사서 가야겠다^^",
          "summary": "",
          "date": "2022-10-17",
          "time": "20:44:53",
          "terminate": "false"
        },
        {
          "speaker": "speaker2",
          "personaID": "22096",
          "participantID": "2215",
          "utterance": "휴~ 드디어 진정해졌네~ 시내에 @브랜드명4@있으니까 거기서사.",
          "summary": "",
          "date": "2022-10-17",
          "time": "20:45:02",
          "terminate": "false"
        },
        {
          "speaker": "speaker1",
          "personaID": "21418",
          "participantID": "2219",
          "utterance": "내가 에세이를 가끔 읽는걸 다행으로 생각해!!",
          "summary": "나는 에세이를 가끔 읽는다.",
          "date": "2022-10-17",
          "time": "20:45:17",
          "terminate": "false"
        },
        {
          "speaker": "speaker2",
          "personaID": "22096",
          "participantID": "2215",
          "utterance": "그래 고마워 다음에 내가 여수 갈게^^",
          "summary": "",
          "date": "2022-10-17",
          "time": "20:45:27",
          "terminate": "true"
        }
      ],
      "sessionPersonaSummary": {
        "speaker1": [
          "나는 에세이를 가끔 읽는다."
        ],
        "speaker2": [
          "나는 영화를 썸남이랑 보러 왔다.",
          "나는 액션 영화를 자주 본다."
        ]
      },
      "prevAggregatedpersonaSummary": {
        "speaker1": [
          "나는 20대 여자이다.",
          "나는 존댓말 쓰는 게 어색하다.",
          "나의 거주지는 여수이다.",
          "나는 전주에 자주 간다.",
          "나는 돈을 쓰는 것을 싫어한다.",
          "나는 운동을 하다 다쳐서 입원을 했다.",
          "나는 다리가 부러졌다.",
          "나는 요즘 주짓수를 배우고 있다.",
          "나는 일주일 정도 입원하고 2주 정도 통원치료를 해야 한다.",
          "나는 병원 밥이 맛이 없다.",
          "나는 다시 주짓수를 갈 것이다.",
          "나는 남자 친구가 없다."
        ],
        "speaker2": [
          "나는 20대 여자이다.",
          "나는 요즘, 가끔 우울하다.",
          "나의 거주지는 전주이다.",
          "나는 여수에 자주 간다.",
          "나는 최애 여행지가 여수이다.",
          "나는 @브랜드명2@ 자격증을 준비한다. 나는 취업준비생이다.",
          "나는 남자 친구가 없다."
        ]
      }
    }
  ]
}