{
  "FileInfo": {
    "filename": "K4-00240-CL51573-CP31006-19-05-S4.json",
    "sessionLevel": "4"
  },
  "participantsInfo": {
    "numberOfParticipants": "2",
    "speaker1": {
      "participantID": "3816",
      "gender": "여성",
      "age": "40대",
      "occupation": "주부",
      "bPlace": "서울/경기/인천",
      "gPlace": "서울/경기/인천",
      "rPlace": "서울/경기/인천",
      "educationLevel": "대졸"
    },
    "speaker2": {
      "participantID": "3683",
      "gender": "남성",
      "age": "20대",
      "occupation": "학생",
      "bPlace": "대전/세종/충청/강원",
      "gPlace": "대전/세종/충청/강원",
      "rPlace": "대전/세종/충청/강원",
      "educationLevel": "고졸"
    }
  },
  "multisessionInfo": {
    "multisessionID": "4-00240"
  },
  "personaInfo": {
    "clInfo": {
      "personaID": "51573",
      "personaFeatures": [
        "나는 여자이다.",
        "나는 50대이다.",
        "나는 고등학교를 졸업했다",
        "나는 골프를 좋아한다",
        "나는 가야금 연주를 배우고 있다"
      ],
      "speakerType": "speaker1"
    },
    "cpInfo": {
      "personaID": "31006",
      "personaFeatures": [
        "나는 남자이다.",
        "나는 30대이다.",
        "나는 산업디자인학과를 전공했다",
        "나는 운전하는 것을 싫어한다",
        "나는 가을을 좋아한다"
      ],
      "speakerType": "speaker2"
    }
  },
  "topicInfo": {
    "topicID": "19-05",
    "topicType": "예술문화 생활>방송/연예",
    "topicTitle": "방송채널"
  },
  "sessionInfo": [
    {
      "prevSessionID": null,
      "prevTimeInfo": {
        "timeNum": null,
        "timeUnit": null
      },
      "nthSession": "1",
      "numberOfUtterances": "15",
      "numberOfTurns": "7",
      "sessionID": "4-00240-1",
      "dialog": [
        {
          "speaker": "speaker1",
          "personaID": "51573",
          "participantID": "3816",
          "utterance": "안녕하세요. 반가워요. 저는 50대 여성이랍니다.",
          "summary": "나는 50대 여성이다",
          "date": "2022-10-25",
          "time": "12:27:25",
          "terminate": "false"
        },
        {
          "speaker": "speaker2",
          "personaID": "31006",
          "participantID": "3683",
          "utterance": "안녕하세요. 반가워요. 저는 30대 남성이랍니다.",
          "summary": "나는 30대 남성이다",
          "date": "2022-10-25",
          "time": "20:53:03",
          "terminate": "false"
        },
        {
          "speaker": "speaker1",
          "personaID": "51573",
          "participantID": "3816",
          "utterance": "반갑습니다. 요즘 어떤 취미 가지고 계신가요? 저는 가야금 연주를 배우고 있어요",
          "summary": "나는 가야금 연주를 배우고 있다",
          "date": "2022-10-25",
          "time": "20:53:28",
          "terminate": "false"
        },
        {
          "speaker": "speaker2",
          "personaID": "31006",
          "participantID": "3683",
          "utterance": "가야금 멋지네요~ 저는 취미는 없어요! 어느계절 좋아하세요?",
          "summary": "나는 취미가 없다",
          "date": "2022-10-25",
          "time": "20:54:03",
          "terminate": "false"
        },
        {
          "speaker": "speaker1",
          "personaID": "51573",
          "participantID": "3816",
          "utterance": "저는 지금과 같은 가을을 좋아해요. 저는 골프를 좋아하는데 가을에는 골프 치기 더 좋더라고요!",
          "summary": "나는 가을을 좋아한다",
          "date": "2022-10-25",
          "time": "20:54:27",
          "terminate": "false"
        },
        {
          "speaker": "speaker2",
          "personaID": "31006",
          "participantID": "3683",
          "utterance": "골프 좋아하시는구나 저도 가을 좋아해요!",
          "summary": "나는 가을을 좋아한다",
          "date": "2022-10-25",
          "time": "21:10:30",
          "terminate": "false"
        },
        {
          "speaker": "speaker1",
          "personaID": "51573",
          "participantID": "3816",
          "utterance": "네네 가을 너무 좋아요. 저는 고등학교를 졸업한 이후부터 한곳에서 오래 회사 생활을 하고 이는데요. 혹시 어떤 일을 하시나요?",
          "summary": "나는 한 곳에서 오래 회사생활 중이다",
          "date": "2022-10-25",
          "time": "21:13:10",
          "terminate": "false"
        },
        {
          "speaker": "speaker2",
          "personaID": "31006",
          "participantID": "3683",
          "utterance": "저는 산업디자인학과를 전공했어요!",
          "summary": "나는 산업디자인학과를 전공했다",
          "date": "2022-10-25",
          "time": "21:13:36",
          "terminate": "false"
        },
        {
          "speaker": "speaker1",
          "personaID": "51573",
          "participantID": "3816",
          "utterance": "산업디자인학과 멋지네요. 그럼 지금도 디자인 일을 하시겠어요?",
          "summary": "",
          "date": "2022-10-25",
          "time": "21:18:43",
          "terminate": "false"
        },
        {
          "speaker": "speaker2",
          "personaID": "31006",
          "participantID": "3683",
          "utterance": "네 디자인 일을 할 예정이에요!",
          "summary": "나는 디자인 일을 할 예정이다",
          "date": "2022-10-25",
          "time": "21:20:04",
          "terminate": "false"
        },
        {
          "speaker": "speaker1",
          "personaID": "51573",
          "participantID": "3816",
          "utterance": "아 그러시군요. 멋지십니다. 저녁은 드셨나요?",
          "summary": "",
          "date": "2022-10-25",
          "time": "21:20:40",
          "terminate": "false"
        },
        {
          "speaker": "speaker2",
          "personaID": "31006",
          "participantID": "3683",
          "utterance": "저녁은 아직 안먹었습니다! 운전하는거 좋아하세요? 전 운전하는 것을 싫어합니다",
          "summary": "나는 운전하는 것을 싫어한다",
          "date": "2022-10-25",
          "time": "21:21:12",
          "terminate": "false"
        },
        {
          "speaker": "speaker1",
          "personaID": "51573",
          "participantID": "3816",
          "utterance": "저도 운전하는 건 싫어해요. 사고 날까봐 무서워서 운전을 잘 못하겠어요",
          "summary": "나는 운전하는 것을 싫어한다",
          "date": "2022-10-25",
          "time": "21:25:52",
          "terminate": "false"
        },
        {
          "speaker": "speaker2",
          "personaID": "31006",
          "participantID": "3683",
          "utterance": "그러시군요 저랑 같네요! 일이 있어서 이만 가보겠습니다!",
          "summary": "",
          "date": "2022-10-25",
          "time": "21:26:05",
          "terminate": "false"
        },
        {
          "speaker": "speaker1",
          "personaID": "51573",
          "participantID": "3816",
          "utterance": "네 반가웠어요. 다음에 또 만나요 ",
          "summary": "",
          "date": "2022-10-25",
          "time": "21:27:40",
          "terminate": "true"
        }
      ],
      "sessionPersonaSummary": {
        "speaker1": [
          "나는 50대 여성이다",
          "나는 가야금 연주를 배우고 있다",
          "나는 가을을 좋아한다",
          "나는 한 곳에서 오래 회사생활 중이다",
          "나는 운전하는 것을 싫어한다"
        ],
        "speaker2": [
          "나는 30대 남성이다",
          "나는 취미가 없다",
          "나는 가을을 좋아한다",
          "나는 산업디자인학과를 전공했다",
          "나는 디자인 일을 할 예정이다",
          "나는 운전하는 것을 싫어한다"
        ]
      },
      "prevAggregatedpersonaSummary": {
        "speaker1": [],
        "speaker2": []
      }
    },
    {
      "prevSessionID": "4-00240-1",
      "prevTimeInfo": {
        "timeNum": "1",
        "timeUnit": "일"
      },
      "nthSession": "2",
      "numberOfUtterances": "15",
      "numberOfTurns": "7",
      "sessionID": "4-00240-2",
      "dialog": [
        {
          "speaker": "speaker1",
          "personaID": "51573",
          "participantID": "3816",
          "utterance": "어제 하루 잘 보내셨나요? 오늘 날씨가 좋네요",
          "summary": "",
          "date": "2022-10-25",
          "time": "21:28:48",
          "terminate": "false"
        },
        {
          "speaker": "speaker2",
          "personaID": "31006",
          "participantID": "3683",
          "utterance": "안녕하세요~ 전 잘 지냈어요! 잘 지내셨죠?",
          "summary": "",
          "date": "2022-10-25",
          "time": "21:28:57",
          "terminate": "false"
        },
        {
          "speaker": "speaker1",
          "personaID": "51573",
          "participantID": "3816",
          "utterance": "네 그럼요 잘 지냈어요. 가야금 연주도 배우고, 어제는 TV 를 보다보니 하루가 후딱 지나갔어요",
          "summary": "나는 어제 tv를 봤다",
          "date": "2022-10-25",
          "time": "21:29:43",
          "terminate": "false"
        },
        {
          "speaker": "speaker2",
          "personaID": "31006",
          "participantID": "3683",
          "utterance": "tv보는거 좋아하세요? 저는 많이 좋아해요",
          "summary": "나는 TV 보는 것을 좋아한다",
          "date": "2022-10-25",
          "time": "21:30:51",
          "terminate": "false"
        },
        {
          "speaker": "speaker1",
          "personaID": "51573",
          "participantID": "3816",
          "utterance": "저도 많이 좋아해요. 예능 드라마, 다큐멘터리 다 좋아해요. 어떤거 좋아하세요?",
          "summary": "나는 예능, 드라마, 다큐멘터리 등 다 좋아한다",
          "date": "2022-10-25",
          "time": "21:32:12",
          "terminate": "false"
        },
        {
          "speaker": "speaker2",
          "personaID": "31006",
          "participantID": "3683",
          "utterance": "저는 저중에서 예능을 제일 좋아해요!",
          "summary": "나는 예능을 좋아한다",
          "date": "2022-10-25",
          "time": "21:32:25",
          "terminate": "false"
        },
        {
          "speaker": "speaker1",
          "personaID": "51573",
          "participantID": "3816",
          "utterance": "예능도 너무 재밌지요. 저는 드라마 채널을 좋아해요. 한번 보면 헤어나올 수 없더라고요",
          "summary": "나는 드라마 채널을 좋아한다.",
          "date": "2022-10-25",
          "time": "21:33:00",
          "terminate": "false"
        },
        {
          "speaker": "speaker2",
          "personaID": "31006",
          "participantID": "3683",
          "utterance": "드라마 좋아하시는 군요! 저는 로맨스보다는 스릴러 드라마를 좋아하는 편이에요",
          "summary": "나는 릴러 드라마를 좋아하는 편이다",
          "date": "2022-10-25",
          "time": "21:33:35",
          "terminate": "false"
        },
        {
          "speaker": "speaker1",
          "personaID": "51573",
          "participantID": "3816",
          "utterance": "저는 로맨스도 좋아하고요. 스릴러도 좋아요. 추리하는 것도 재밌고요",
          "summary": "나는 로맨스, 스릴러, 추리를 좋아한다",
          "date": "2022-10-25",
          "time": "21:33:55",
          "terminate": "false"
        },
        {
          "speaker": "speaker2",
          "personaID": "31006",
          "participantID": "3683",
          "utterance": "그러시군요~ 다양하게 좋아하시네요",
          "summary": "",
          "date": "2022-10-25",
          "time": "21:35:07",
          "terminate": "false"
        },
        {
          "speaker": "speaker1",
          "personaID": "51573",
          "participantID": "3816",
          "utterance": "네 TV 없이는 못살던 어린 시절이 있었지요. 지금은 물론 그보다는 나아지긴 했지만요 ",
          "summary": "나는 어린 시절 tv 없니 못살았다",
          "date": "2022-10-25",
          "time": "21:35:36",
          "terminate": "false"
        },
        {
          "speaker": "speaker2",
          "personaID": "31006",
          "participantID": "3683",
          "utterance": "그렇죠 지금은 거의 모든집에 tv가 있으니까요",
          "summary": "",
          "date": "2022-10-25",
          "time": "21:36:09",
          "terminate": "false"
        },
        {
          "speaker": "speaker1",
          "personaID": "51573",
          "participantID": "3816",
          "utterance": "맞아요. 요즘에는 채널도 많아서 정말 선택의 폭이 다양해졌어요",
          "summary": "",
          "date": "2022-10-25",
          "time": "21:36:39",
          "terminate": "false"
        },
        {
          "speaker": "speaker2",
          "personaID": "31006",
          "participantID": "3683",
          "utterance": "맞아요! 저 잠깐 일이 있어서 먼저 가보겠습니다!",
          "summary": "",
          "date": "2022-10-25",
          "time": "21:37:50",
          "terminate": "false"
        },
        {
          "speaker": "speaker1",
          "personaID": "51573",
          "participantID": "3816",
          "utterance": "네 반가웠어요. 다음에 또 만나요 ",
          "summary": "",
          "date": "2022-10-25",
          "time": "21:38:33",
          "terminate": "true"
        }
      ],
      "sessionPersonaSummary": {
        "speaker1": [
          "나는 어제 tv를 봤다",
          "나는 예능, 드라마, 다큐멘터리 등 다 좋아한다",
          "나는 드라마 채널을 좋아한다.",
          "나는 로맨스, 스릴러, 추리를 좋아한다",
          "나는 어린 시절 tv 없니 못살았다"
        ],
        "speaker2": [
          "나는 TV 보는 것을 좋아한다",
          "나는 예능을 좋아한다",
          "나는 릴러 드라마를 좋아하는 편이다"
        ]
      },
      "prevAggregatedpersonaSummary": {
        "speaker1": [
          "나는 50대 여성이다",
          "나는 가야금 연주를 배우고 있다",
          "나는 가을을 좋아한다",
          "나는 한 곳에서 오래 회사생활 중이다",
          "나는 운전하는 것을 싫어한다"
        ],
        "speaker2": [
          "나는 30대 남성이다",
          "나는 취미가 없다",
          "나는 가을을 좋아한다",
          "나는 산업디자인학과를 전공했다",
          "나는 디자인 일을 할 예정이다",
          "나는 운전하는 것을 싫어한다"
        ]
      }
    },
    {
      "prevSessionID": "4-00240-2",
      "prevTimeInfo": {
        "timeNum": "3",
        "timeUnit": "주"
      },
      "nthSession": "3",
      "numberOfUtterances": "15",
      "numberOfTurns": "7",
      "sessionID": "4-00240-3",
      "dialog": [
        {
          "speaker": "speaker1",
          "personaID": "51573",
          "participantID": "3816",
          "utterance": "오래간만입니다. 부쩍 날씨가 추워졌네요",
          "summary": "",
          "date": "2022-10-25",
          "time": "21:39:33",
          "terminate": "false"
        },
        {
          "speaker": "speaker2",
          "personaID": "31006",
          "participantID": "3683",
          "utterance": "안녕하세요~ 오랜만이시네요 날이 많이 추워요!",
          "summary": "",
          "date": "2022-10-25",
          "time": "21:40:11",
          "terminate": "false"
        },
        {
          "speaker": "speaker1",
          "personaID": "51573",
          "participantID": "3816",
          "utterance": "네 정말 많이 추워요. 이럴 때는 이불 속에서 재미난 TV 프로그램 보는게 낙이죠",
          "summary": "나는 이불속에서 TV 보는 낙이 있다",
          "date": "2022-10-25",
          "time": "21:40:31",
          "terminate": "false"
        },
        {
          "speaker": "speaker2",
          "personaID": "31006",
          "participantID": "3683",
          "utterance": "맞아요! 지금 혹시 tv보고 계신가요?",
          "summary": "",
          "date": "2022-10-25",
          "time": "21:40:50",
          "terminate": "false"
        },
        {
          "speaker": "speaker1",
          "personaID": "51573",
          "participantID": "3816",
          "utterance": "지금은 남편이 티비를 보고 있고 저는 컴퓨터를 하고 있어요",
          "summary": "나는 컴퓨터를 하는 중이다",
          "date": "2022-10-25",
          "time": "21:41:44",
          "terminate": "false"
        },
        {
          "speaker": "speaker2",
          "personaID": "31006",
          "participantID": "3683",
          "utterance": "아 그러신가요? 저는 tv보고 있어요",
          "summary": "나는 TV를 보고 있다",
          "date": "2022-10-25",
          "time": "21:42:05",
          "terminate": "false"
        },
        {
          "speaker": "speaker1",
          "personaID": "51573",
          "participantID": "3816",
          "utterance": "어떤 프로그램 보시나요? 저희 남편은 스포츠 채널을 보고 있네요",
          "summary": "",
          "date": "2022-10-25",
          "time": "21:42:29",
          "terminate": "false"
        },
        {
          "speaker": "speaker2",
          "personaID": "31006",
          "participantID": "3683",
          "utterance": "저는 지금 예능프로그램 보고있어요",
          "summary": "나는 예능 프로그램을 보고 있다",
          "date": "2022-10-25",
          "time": "21:42:42",
          "terminate": "false"
        },
        {
          "speaker": "speaker1",
          "personaID": "51573",
          "participantID": "3816",
          "utterance": "예능 프로그램 재밌죠. 보면 시간 가는 줄 몰라요",
          "summary": "나는 예능프로그램이 재밌다",
          "date": "2022-10-25",
          "time": "21:44:10",
          "terminate": "false"
        },
        {
          "speaker": "speaker2",
          "personaID": "31006",
          "participantID": "3683",
          "utterance": "맞아요! 벌써 전 2시간째 보고 있습니다",
          "summary": "나는 2시간째 예능 프로그램을 보고 있다",
          "date": "2022-10-25",
          "time": "21:50:58",
          "terminate": "false"
        },
        {
          "speaker": "speaker1",
          "personaID": "51573",
          "participantID": "3816",
          "utterance": "ㅎㅎ 정말 그래요. 저는 남편이 스포츠 채널을 켜놔서 안보고 있어요. 전 스포츠 채널은 재미 없더라고요",
          "summary": "나는 스포츠 채널은 재미없다",
          "date": "2022-10-25",
          "time": "21:51:52",
          "terminate": "false"
        },
        {
          "speaker": "speaker2",
          "personaID": "31006",
          "participantID": "3683",
          "utterance": "그렇죠 사실 저도 스포츠에 큰 관심은 없습니다!",
          "summary": "나는 스포츠에 큰 관심이 없다",
          "date": "2022-10-25",
          "time": "21:58:33",
          "terminate": "false"
        },
        {
          "speaker": "speaker1",
          "personaID": "51573",
          "participantID": "3816",
          "utterance": "아 그러시군요. 저는 남성분이라서 스포츠 좋아하신다고 생각했네요",
          "summary": "",
          "date": "2022-10-25",
          "time": "21:59:02",
          "terminate": "false"
        },
        {
          "speaker": "speaker2",
          "personaID": "31006",
          "participantID": "3683",
          "utterance": "큰 관심이 있지는 않습니다! 일이 있어서 잠시 다녀올게요!",
          "summary": "",
          "date": "2022-10-25",
          "time": "22:04:22",
          "terminate": "false"
        },
        {
          "speaker": "speaker1",
          "personaID": "51573",
          "participantID": "3816",
          "utterance": "네 다음에 또 이야기 나누도록 해요",
          "summary": "",
          "date": "2022-10-25",
          "time": "22:09:21",
          "terminate": "true"
        }
      ],
      "sessionPersonaSummary": {
        "speaker1": [
          "나는 이불속에서 TV 보는 낙이 있다",
          "나는 컴퓨터를 하는 중이다",
          "나는 예능프로그램이 재밌다",
          "나는 스포츠 채널은 재미없다"
        ],
        "speaker2": [
          "나는 TV를 보고 있다",
          "나는 예능 프로그램을 보고 있다",
          "나는 2시간째 예능 프로그램을 보고 있다",
          "나는 스포츠에 큰 관심이 없다"
        ]
      },
      "prevAggregatedpersonaSummary": {
        "speaker1": [
          "나는 50대 여성이다",
          "나는 가야금 연주를 배우고 있다",
          "나는 가을을 좋아한다",
          "나는 한 곳에서 오래 회사생활 중이다",
          "나는 운전하는 것을 싫어한다",
          "나는 어제 tv를 봤다",
          "나는 예능, 드라마, 다큐멘터리 등 다 좋아한다",
          "나는 드라마 채널을 좋아한다.",
          "나는 로맨스, 스릴러, 추리를 좋아한다",
          "나는 어린 시절 tv 없니 못살았다"
        ],
        "speaker2": [
          "나는 30대 남성이다",
          "나는 취미가 없다",
          "나는 가을을 좋아한다",
          "나는 산업디자인학과를 전공했다",
          "나는 디자인 일을 할 예정이다",
          "나는 운전하는 것을 싫어한다",
          "나는 TV 보는 것을 좋아한다",
          "나는 예능을 좋아한다",
          "나는 릴러 드라마를 좋아하는 편이다"
        ]
      }
    },
    {
      "prevSessionID": "4-00240-3",
      "prevTimeInfo": {
        "timeNum": "3",
        "timeUnit": "주"
      },
      "nthSession": "4",
      "numberOfUtterances": "15",
      "numberOfTurns": "7",
      "sessionID": "4-00240-4",
      "dialog": [
        {
          "speaker": "speaker1",
          "personaID": "51573",
          "participantID": "3816",
          "utterance": "안녕하세요 3주만에 뵙네요. 날씨가 더 추워졌어요",
          "summary": "",
          "date": "2022-10-25",
          "time": "22:22:03",
          "terminate": "false"
        },
        {
          "speaker": "speaker2",
          "personaID": "31006",
          "participantID": "3683",
          "utterance": "안녕하세요~ 오랜만이시네요 잘 지내셨어요?",
          "summary": "",
          "date": "2022-10-25",
          "time": "22:25:29",
          "terminate": "false"
        },
        {
          "speaker": "speaker1",
          "personaID": "51573",
          "participantID": "3816",
          "utterance": "네 저는 잘 지내고 있어요. 여전히 저는 TV 보는 걸 좋아하고 있고요 ㅎ",
          "summary": "나는 잘 지내고 있다",
          "date": "2022-10-25",
          "time": "22:26:29",
          "terminate": "false"
        },
        {
          "speaker": "speaker2",
          "personaID": "31006",
          "participantID": "3683",
          "utterance": "저도요~ 지금은 다큐멘터리 보고있어요!",
          "summary": "나는 다큐멘터리를 보고 있다",
          "date": "2022-10-25",
          "time": "22:29:48",
          "terminate": "false"
        },
        {
          "speaker": "speaker1",
          "personaID": "51573",
          "participantID": "3816",
          "utterance": "다큐멘터리도 재밌죠. 한번 보면 시간 가는 줄 모를 정도로 빠져들죠",
          "summary": "나는 다큐멘터리를 재미있어한다",
          "date": "2022-10-25",
          "time": "22:32:12",
          "terminate": "false"
        },
        {
          "speaker": "speaker2",
          "personaID": "31006",
          "participantID": "3683",
          "utterance": "동물나오는 다큐보는데 재밌네요~",
          "summary": "나는 동물 나오는 다큐멘터리가 재밌다",
          "date": "2022-10-25",
          "time": "22:32:44",
          "terminate": "false"
        },
        {
          "speaker": "speaker1",
          "personaID": "51573",
          "participantID": "3816",
          "utterance": "저 동물 좋아해서 동물 나오는 다큐 완전 좋아해요 ㅎㅎ 공통점이네요",
          "summary": "나는 다큐멘터리를 좋아한다",
          "date": "2022-10-25",
          "time": "22:33:35",
          "terminate": "false"
        },
        {
          "speaker": "speaker2",
          "personaID": "31006",
          "participantID": "3683",
          "utterance": "그러시군요~ 지금 판다가 나오는데 재밌네요~",
          "summary": "내가 보는 다큐에는 판다가 나온다",
          "date": "2022-10-25",
          "time": "22:37:51",
          "terminate": "false"
        },
        {
          "speaker": "speaker1",
          "personaID": "51573",
          "participantID": "3816",
          "utterance": "판다 너무 귀엽죠. 판다는 죽순을 먹죠? 직접 보기 어려우니 다큐로 보는 것도 좋아요",
          "summary": "나는 판다가 귀엽다고 생각한다",
          "date": "2022-10-25",
          "time": "22:39:44",
          "terminate": "false"
        },
        {
          "speaker": "speaker2",
          "personaID": "31006",
          "participantID": "3683",
          "utterance": "맞아요~ 직접 못보는 동물들을 보니 재밌네요!",
          "summary": "나는 직접 보지 못하는 동물이 나오는 다큐가 재밌다",
          "date": "2022-10-25",
          "time": "22:41:27",
          "terminate": "false"
        },
        {
          "speaker": "speaker1",
          "personaID": "51573",
          "participantID": "3816",
          "utterance": "맞아요. 직접 볼 수 없는 동물이나 직접 갈 수 없는 자연환경을 TV로 볼 수 있어서 정말 좋죠",
          "summary": "나는 TV로 동물을 볼 수 있어 좋다고 생각한다.",
          "date": "2022-10-25",
          "time": "22:41:52",
          "terminate": "false"
        },
        {
          "speaker": "speaker2",
          "personaID": "31006",
          "participantID": "3683",
          "utterance": "좋아하는 프로그램 있으신가요?",
          "summary": "",
          "date": "2022-10-25",
          "time": "22:42:14",
          "terminate": "false"
        },
        {
          "speaker": "speaker1",
          "personaID": "51573",
          "participantID": "3816",
          "utterance": "저는 다큐멘터리 좋아하고요. 예능이나 드라마를 좋아하는데 딱 특정해서 보지는 않아요",
          "summary": "나는 다큐멘터리를 좋아한다",
          "date": "2022-10-25",
          "time": "22:45:16",
          "terminate": "false"
        },
        {
          "speaker": "speaker2",
          "personaID": "31006",
          "participantID": "3683",
          "utterance": "그러시군요~ 아 저 일이 있어서 먼저 가보겠습니다!",
          "summary": "",
          "date": "2022-10-25",
          "time": "22:45:33",
          "terminate": "false"
        },
        {
          "speaker": "speaker1",
          "personaID": "51573",
          "participantID": "3816",
          "utterance": "네 반가웠습니다. 다음에 또 만나요",
          "summary": "",
          "date": "2022-10-25",
          "time": "22:45:51",
          "terminate": "true"
        }
      ],
      "sessionPersonaSummary": {
        "speaker1": [
          "나는 잘 지내고 있다",
          "나는 다큐멘터리를 재미있어한다",
          "나는 다큐멘터리를 좋아한다",
          "나는 판다가 귀엽다고 생각한다",
          "나는 TV로 동물을 볼 수 있어 좋다고 생각한다.",
          "나는 다큐멘터리를 좋아한다"
        ],
        "speaker2": [
          "나는 다큐멘터리를 보고 있다",
          "나는 동물 나오는 다큐멘터리가 재밌다",
          "내가 보는 다큐에는 판다가 나온다",
          "나는 직접 보지 못하는 동물이 나오는 다큐가 재밌다"
        ]
      },
      "prevAggregatedpersonaSummary": {
        "speaker1": [
          "나는 50대 여성이다",
          "나는 가야금 연주를 배우고 있다",
          "나는 가을을 좋아한다",
          "나는 한 곳에서 오래 회사생활 중이다",
          "나는 운전하는 것을 싫어한다",
          "나는 어제 tv를 봤다",
          "나는 예능, 드라마, 다큐멘터리 등 다 좋아한다",
          "나는 드라마 채널을 좋아한다.",
          "나는 로맨스, 스릴러, 추리를 좋아한다",
          "나는 어린 시절 tv 없니 못살았다",
          "나는 이불속에서 TV 보는 낙이 있다",
          "나는 컴퓨터를 하는 중이다",
          "나는 예능프로그램이 재밌다",
          "나는 스포츠 채널은 재미없다"
        ],
        "speaker2": [
          "나는 30대 남성이다",
          "나는 취미가 없다",
          "나는 가을을 좋아한다",
          "나는 산업디자인학과를 전공했다",
          "나는 디자인 일을 할 예정이다",
          "나는 운전하는 것을 싫어한다",
          "나는 TV 보는 것을 좋아한다",
          "나는 예능을 좋아한다",
          "나는 릴러 드라마를 좋아하는 편이다",
          "나는 TV를 보고 있다",
          "나는 예능 프로그램을 보고 있다",
          "나는 2시간째 예능 프로그램을 보고 있다",
          "나는 스포츠에 큰 관심이 없다"
        ]
      }
    }
  ]
}